date,open,high,low,close,volume,amount
1998-06-01,0.45,0.45,0.45,0.45,0.0,0.0
1998-06-02,0.45,0.45,0.45,0.45,0.0,0.0
1998-06-03,0.52,0.52,0.5,0.54,135000.0,0.0
1998-06-04,0.5,0.62,0.5,0.58,223000.0,0.0
1998-06-05,0.5,0.62,0.5,0.62,495300.0,0.0
1998-06-08,0.65,0.65,0.53,0.54,32000.0,0.0
1998-06-09,0.54,0.54,0.54,0.54,0.0,0.0
1998-06-10,0.54,0.54,0.54,0.54,0.0,0.0
1998-06-11,0.54,0.54,0.54,0.54,0.0,0.0
1998-06-12,0.54,0.54,0.54,0.54,0.0,0.0
1998-06-15,0.55,0.55,0.55,0.55,1000.0,0.0
1998-06-16,0.54,0.54,0.54,0.54,0.0,0.0
1998-06-17,0.5,0.54,0.5,0.54,300000.0,0.0
1998-06-18,0.55,0.58,0.52,0.58,100500.0,0.0
1998-06-19,0.58,0.64,0.58,0.64,305000.0,0.0
1998-06-22,0.54,0.56,0.51,0.56,432000.0,0.0
1998-06-23,0.55,0.55,0.55,0.55,0.0,0.0
1998-06-24,0.54,0.54,0.54,0.54,0.0,0.0
1998-06-25,0.54,0.54,0.54,0.54,0.0,0.0
1998-06-26,0.54,0.54,0.54,0.54,0.0,0.0
1998-06-29,0.52,0.52,0.52,0.52,0.0,0.0
1998-06-30,0.56,0.56,0.472,0.49,149500.0,0.0
1998-07-02,0.51,0.53,0.51,0.53,181400.0,0.0
1998-07-03,0.484,0.59,0.484,0.56,423000.0,0.0
1998-07-06,0.5,0.53,0.5,0.52,98500.0,0.0
1998-07-07,0.52,0.52,0.52,0.52,990.0,0.0
1998-07-08,0.5,0.5,0.5,0.5,0.0,0.0
1998-07-09,0.48,0.48,0.48,0.48,50000.0,0.0
1998-07-10,0.48,0.48,0.48,0.48,0.0,0.0
1998-07-13,0.48,0.48,0.48,0.48,0.0,0.0
1998-07-14,0.48,0.48,0.48,0.48,0.0,0.0
1998-07-15,0.46,0.48,0.46,0.5,11000.0,0.0
1998-07-16,0.5,0.5,0.5,0.5,0.0,0.0
1998-07-17,0.5,0.56,0.5,0.55,61250.0,0.0
1998-07-20,0.55,0.55,0.55,0.55,0.0,0.0
1998-07-21,0.5,0.5,0.5,0.5,0.0,0.0
1998-07-22,0.5,0.5,0.5,0.5,2775.0,0.0
1998-07-23,0.5,0.5,0.5,0.5,0.0,0.0
1998-07-24,0.5,0.5,0.5,0.5,18750.0,0.0
1998-07-27,0.5,0.5,0.5,0.5,0.0,0.0
1998-07-28,0.5,0.5,0.5,0.5,0.0,0.0
1998-07-29,0.5,0.5,0.5,0.5,0.0,0.0
1998-07-30,0.53,0.55,0.53,0.55,5000.0,0.0
1998-07-31,0.54,0.57,0.54,0.57,111500.0,0.0
1998-08-03,0.57,0.57,0.57,0.57,0.0,0.0
1998-08-04,0.56,0.56,0.56,0.56,0.0,0.0
1998-08-05,0.55,0.55,0.55,0.55,0.0,0.0
1998-08-06,0.55,0.55,0.55,0.55,0.0,0.0
1998-08-07,0.55,0.55,0.55,0.55,0.0,0.0
1998-08-10,0.54,0.54,0.54,0.54,0.0,0.0
1998-08-11,0.54,0.54,0.54,0.54,0.0,0.0
1998-08-12,0.52,0.52,0.52,0.52,0.0,0.0
1998-08-13,0.52,0.52,0.52,0.52,0.0,0.0
1998-08-14,0.52,0.54,0.49,0.54,826700.0,0.0
1998-08-17,0.54,0.54,0.54,0.54,0.0,0.0
1998-08-18,0.51,0.51,0.51,0.51,0.0,0.0
1998-08-19,0.51,0.51,0.51,0.51,0.0,0.0
1998-08-20,0.5,0.5,0.5,0.5,0.0,0.0
1998-08-21,0.48,0.48,0.48,0.48,30000.0,0.0
1998-08-24,0.46,0.46,0.44,0.46,90000.0,0.0
1998-08-25,0.46,0.46,0.46,0.46,0.0,0.0
1998-08-26,0.46,0.46,0.46,0.46,0.0,0.0
1998-08-27,0.43,0.43,0.4,0.4,112000.0,0.0
1998-08-28,0.38,0.388,0.36,0.388,182000.0,0.0
1998-08-31,0.364,0.364,0.348,0.368,35000.0,0.0
1998-09-01,0.342,0.342,0.336,0.344,76000.0,0.0
1998-09-02,0.36,0.36,0.36,0.36,0.0,0.0
1998-09-03,0.356,0.356,0.356,0.356,0.0,0.0
1998-09-04,0.362,0.362,0.362,0.362,0.0,0.0
1998-09-07,0.378,0.378,0.378,0.378,15000.0,0.0
1998-09-08,0.38,0.402,0.38,0.402,63000.0,0.0
1998-09-09,0.4,0.4,0.4,0.4,50000.0,0.0
1998-09-10,0.4,0.4,0.4,0.4,0.0,0.0
1998-09-11,0.4,0.4,0.4,0.4,0.0,0.0
1998-09-14,0.4,0.4,0.4,0.4,0.0,0.0
1998-09-15,0.4,0.4,0.4,0.4,0.0,0.0
1998-09-16,0.38,0.4,0.38,0.4,244750.0,0.0
1998-09-17,0.4,0.4,0.4,0.4,0.0,0.0
1998-09-18,0.4,0.4,0.4,0.4,0.0,0.0
1998-09-21,0.4,0.4,0.4,0.4,0.0,0.0
1998-09-22,0.4,0.4,0.4,0.4,0.0,0.0
1998-09-23,0.4,0.4,0.4,0.4,0.0,0.0
1998-09-24,0.4,0.4,0.4,0.4,0.0,0.0
1998-09-25,0.424,0.424,0.424,0.424,5000.0,0.0
1998-09-28,0.4,0.4,0.4,0.4,0.0,0.0
1998-09-29,0.4,0.4,0.4,0.4,0.0,0.0
1998-09-30,0.4,0.4,0.4,0.4,0.0,0.0
1998-10-05,0.4,0.4,0.4,0.4,7500.0,0.0
1998-10-07,0.4,0.4,0.4,0.4,0.0,0.0
1998-10-08,0.4,0.4,0.4,0.4,0.0,0.0
1998-10-09,0.4,0.4,0.4,0.4,0.0,0.0
1998-10-12,0.4,0.4,0.4,0.4,0.0,0.0
1998-10-13,0.38,0.38,0.38,0.38,0.0,0.0
1998-10-14,0.38,0.38,0.38,0.38,0.0,0.0
1998-10-15,0.38,0.38,0.38,0.38,0.0,0.0
1998-10-16,0.38,0.4,0.38,0.4,2000.0,0.0
1998-10-19,0.4,0.4,0.4,0.4,0.0,0.0
1998-10-20,0.4,0.4,0.38,0.38,506403.0,0.0
1998-10-21,0.38,0.38,0.38,0.38,0.0,0.0
1998-10-22,0.376,0.376,0.376,0.376,0.0,0.0
1998-10-23,0.36,0.36,0.36,0.36,0.0,0.0
1998-10-26,0.34,0.36,0.34,0.36,51000.0,0.0
1998-10-27,0.36,0.36,0.36,0.36,0.0,0.0
1998-10-29,0.36,0.36,0.36,0.36,0.0,0.0
1998-10-30,0.38,0.38,0.34,0.34,51000.0,0.0
1998-11-02,0.342,0.38,0.34,0.38,374000.0,0.0
1998-11-03,0.38,0.396,0.38,0.396,313750.0,0.0
1998-11-04,0.39,0.39,0.39,0.39,24500.0,0.0
1998-11-05,0.388,0.398,0.38,0.382,385000.0,0.0
1998-11-06,0.38,0.38,0.38,0.38,16375.0,0.0
1998-11-09,0.38,0.38,0.38,0.38,0.0,0.0
1998-11-10,0.36,0.36,0.36,0.36,28600.0,0.0
1998-11-11,0.368,0.368,0.368,0.368,0.0,0.0
1998-11-12,0.368,0.368,0.368,0.368,0.0,0.0
1998-11-13,0.368,0.368,0.368,0.368,15200.0,0.0
1998-11-16,0.368,0.368,0.368,0.368,0.0,0.0
1998-11-17,0.37,0.37,0.368,0.37,391000.0,0.0
1998-11-18,0.376,0.376,0.37,0.37,42500.0,0.0
1998-11-19,0.37,0.378,0.37,0.378,45000.0,0.0
1998-11-20,0.368,0.368,0.366,0.366,12000.0,0.0
1998-11-23,0.358,0.358,0.358,0.358,37500.0,0.0
1998-11-24,0.358,0.358,0.358,0.358,0.0,0.0
1998-11-25,0.35,0.35,0.35,0.35,40000.0,0.0
1998-11-26,0.346,0.346,0.346,0.346,25000.0,0.0
1998-11-27,0.338,0.338,0.33,0.33,8083000.0,0.0
1998-11-30,0.322,0.322,0.322,0.322,11471.0,0.0
1998-12-01,0.32,0.32,0.32,0.32,0.0,0.0
1998-12-02,0.32,0.32,0.32,0.32,0.0,0.0
1998-12-03,0.312,0.312,0.312,0.312,2000.0,0.0
1998-12-04,0.312,0.312,0.312,0.312,0.0,0.0
1998-12-07,0.3,0.3,0.28,0.28,110000.0,0.0
1998-12-08,0.28,0.28,0.28,0.28,0.0,0.0
1998-12-09,0.28,0.28,0.28,0.28,0.0,0.0
1998-12-10,0.26,0.26,0.26,0.262,9000.0,0.0
1998-12-11,0.262,0.262,0.262,0.262,0.0,0.0
1998-12-14,0.262,0.262,0.262,0.262,0.0,0.0
1998-12-15,0.262,0.262,0.262,0.262,0.0,0.0
1998-12-16,0.262,0.262,0.262,0.262,51000.0,0.0
1998-12-17,0.262,0.262,0.262,0.262,591.0,0.0
1998-12-18,0.27,0.27,0.27,0.27,0.0,0.0
1998-12-21,0.26,0.26,0.26,0.26,77500.0,0.0
1998-12-22,0.26,0.26,0.26,0.26,23300.0,0.0
1998-12-23,0.26,0.26,0.26,0.26,100000.0,0.0
1998-12-24,0.26,0.26,0.26,0.26,0.0,0.0
1998-12-28,0.26,0.26,0.26,0.26,401000.0,0.0
1998-12-29,0.26,0.26,0.248,0.252,1278000.0,0.0
1998-12-30,0.256,0.256,0.248,0.248,782500.0,0.0
1998-12-31,0.252,0.252,0.252,0.252,50000.0,0.0
1999-01-04,0.252,0.252,0.252,0.252,0.0,0.0
1999-01-05,0.252,0.252,0.252,0.252,0.0,0.0
1999-01-06,0.252,0.252,0.252,0.252,0.0,0.0
1999-01-07,0.252,0.252,0.252,0.252,0.0,0.0
1999-01-08,0.252,0.252,0.252,0.252,0.0,0.0
1999-01-11,0.252,0.252,0.252,0.252,0.0,0.0
1999-01-12,0.252,0.252,0.252,0.252,5456.0,0.0
1999-01-13,0.252,0.252,0.252,0.252,0.0,0.0
1999-01-14,0.252,0.252,0.252,0.252,0.0,0.0
1999-01-15,0.252,0.252,0.252,0.252,0.0,0.0
1999-01-18,0.252,0.252,0.252,0.252,0.0,0.0
1999-01-19,0.252,0.252,0.252,0.252,0.0,0.0
1999-01-20,0.252,0.252,0.252,0.252,0.0,0.0
1999-01-21,0.208,0.208,0.208,0.208,50000.0,0.0
1999-01-22,0.208,0.208,0.208,0.208,0.0,0.0
1999-01-25,0.2,0.2,0.18,0.2,220000.0,0.0
1999-01-26,0.2,0.2,0.2,0.2,0.0,0.0
1999-01-27,0.2,0.2,0.2,0.2,0.0,0.0
1999-01-28,0.2,0.2,0.2,0.2,0.0,0.0
1999-01-29,0.2,0.2,0.2,0.2,0.0,0.0
1999-02-01,0.2,0.2,0.2,0.2,0.0,0.0
1999-02-02,0.2,0.2,0.2,0.2,0.0,0.0
1999-02-03,0.2,0.2,0.2,0.2,0.0,0.0
1999-02-04,0.2,0.2,0.2,0.2,0.0,0.0
1999-02-05,0.17,0.18,0.16,0.17,852000.0,0.0
1999-02-08,0.152,0.152,0.15,0.152,40000.0,0.0
1999-02-09,0.16,0.16,0.16,0.16,50000.0,0.0
1999-02-10,0.16,0.16,0.16,0.16,88000.0,0.0
1999-02-11,0.16,0.16,0.16,0.16,0.0,0.0
1999-02-12,0.16,0.16,0.14,0.144,426000.0,0.0
1999-02-15,0.144,0.144,0.144,0.144,40000.0,0.0
1999-02-19,0.144,0.144,0.144,0.144,0.0,0.0
1999-02-22,0.136,0.136,0.136,0.136,11500.0,0.0
1999-02-23,0.144,0.144,0.144,0.144,84000.0,0.0
1999-02-24,0.136,0.136,0.136,0.136,50000.0,0.0
1999-02-25,0.136,0.136,0.136,0.136,0.0,0.0
1999-02-26,0.13,0.13,0.13,0.13,2500.0,0.0
1999-03-01,0.122,0.124,0.122,0.126,49500.0,0.0
1999-03-02,0.128,0.128,0.128,0.128,7500.0,0.0
1999-03-03,0.128,0.128,0.128,0.128,0.0,0.0
1999-03-04,0.128,0.128,0.128,0.128,0.0,0.0
1999-03-05,0.122,0.122,0.122,0.132,2500.0,0.0
1999-03-08,0.136,0.136,0.124,0.124,724000.0,0.0
1999-03-09,0.12,0.128,0.12,0.126,271000.0,0.0
1999-03-10,0.12,0.132,0.12,0.132,985000.0,0.0
1999-03-11,0.122,0.128,0.122,0.122,816500.0,0.0
1999-03-12,0.12,0.126,0.12,0.122,196000.0,0.0
1999-03-15,0.12,0.14,0.12,0.13,219000.0,0.0
1999-03-16,0.13,0.142,0.13,0.13,427500.0,0.0
1999-03-17,0.124,0.14,0.124,0.13,73500.0,0.0
1999-03-18,0.13,0.132,0.13,0.132,43200.0,0.0
1999-03-19,0.132,0.134,0.132,0.134,340000.0,0.0
1999-03-22,0.14,0.146,0.138,0.146,809400.0,0.0
1999-03-23,0.16,0.186,0.16,0.186,30000.0,0.0
1999-03-24,0.186,0.19,0.174,0.19,63000.0,0.0
1999-03-25,0.182,0.182,0.182,0.182,3750.0,0.0
1999-03-26,0.176,0.18,0.176,0.18,44000.0,0.0
1999-03-29,0.18,0.18,0.18,0.16,13000.0,0.0
1999-03-30,0.16,0.16,0.16,0.162,22722.0,0.0
1999-03-31,0.162,0.162,0.162,0.162,0.0,0.0
1999-04-01,0.178,0.18,0.178,0.18,70500.0,0.0
1999-04-07,0.18,0.18,0.18,0.18,0.0,0.0
1999-04-08,0.18,0.18,0.18,0.18,0.0,0.0
1999-04-09,0.18,0.18,0.18,0.18,106000.0,0.0
1999-04-12,0.18,0.18,0.18,0.18,110400.0,0.0
1999-04-13,0.18,0.18,0.18,0.18,0.0,0.0
1999-04-14,0.18,0.18,0.18,0.18,0.0,0.0
1999-04-15,0.18,0.18,0.18,0.18,4000.0,0.0
1999-04-16,0.18,0.18,0.18,0.18,0.0,0.0
1999-04-19,0.18,0.18,0.18,0.18,0.0,0.0
1999-04-20,0.17,0.17,0.17,0.17,25000.0,0.0
1999-04-21,0.162,0.162,0.162,0.162,20000.0,0.0
1999-04-22,0.156,0.162,0.156,0.162,31500.0,0.0
1999-04-23,0.162,0.162,0.162,0.172,821400.0,0.0
1999-04-26,0.176,0.176,0.174,0.174,8105600.0,0.0
1999-04-27,0.174,0.2,0.174,0.194,11550000.0,0.0
1999-04-28,0.196,0.224,0.184,0.224,5435000.0,0.0
1999-04-29,0.23,0.392,0.23,0.35,1420000.0,0.0
1999-04-30,0.35,0.41,0.35,0.36,708200.0,0.0
1999-05-03,0.368,0.416,0.368,0.416,1173500.0,0.0
1999-05-04,0.42,0.54,0.408,0.52,1735000.0,0.0
1999-05-05,0.5,0.57,0.49,0.54,1010887.0,0.0
1999-05-06,0.54,0.54,0.484,0.51,698500.0,0.0
1999-05-07,0.5,0.5,0.486,0.486,365500.0,0.0
1999-05-10,0.466,0.466,0.46,0.46,145000.0,0.0
1999-05-11,0.45,0.464,0.45,0.464,275000.0,0.0
1999-05-12,0.46,0.46,0.46,0.46,10000.0,0.0
1999-05-13,0.46,0.46,0.46,0.46,100000.0,0.0
1999-05-14,0.46,0.46,0.46,0.46,1922500.0,0.0
1999-05-17,0.412,0.412,0.412,0.412,20000.0,0.0
1999-05-18,0.39,0.39,0.39,0.39,0.0,0.0
1999-05-19,0.344,0.38,0.344,0.38,119000.0,0.0
1999-05-20,0.396,0.458,0.396,0.458,205000.0,0.0
1999-05-21,0.5,0.55,0.5,0.5,656300.0,0.0
1999-05-24,0.5,0.5,0.47,0.47,100000.0,0.0
1999-05-25,0.422,0.46,0.41,0.41,210000.0,0.0
1999-05-26,0.414,0.414,0.414,0.414,37703000.0,0.0
1999-05-27,0.414,0.414,0.414,0.414,0.0,0.0
1999-05-28,0.414,0.414,0.414,0.414,0.0,0.0
1999-05-31,0.414,0.414,0.414,0.414,0.0,0.0
1999-06-01,0.414,0.414,0.414,0.414,0.0,0.0
1999-06-02,0.414,0.414,0.414,0.414,0.0,0.0
1999-06-03,0.44,0.476,0.44,0.446,146000.0,0.0
1999-06-04,0.496,0.61,0.496,0.6,1543375.0,0.0
1999-06-07,0.62,0.76,0.62,0.72,1466500.0,0.0
1999-06-08,0.78,0.89,0.78,0.83,3296753.0,0.0
1999-06-09,0.79,0.84,0.75,0.77,918500.0,0.0
1999-06-10,0.76,0.88,0.76,0.83,1423325.0,0.0
1999-06-11,0.8,0.83,0.79,0.8,524000.0,0.0
1999-06-14,0.84,1.04,0.84,1.0,4419000.0,0.0
1999-06-15,1.04,1.04,0.98,1.0,813950.0,0.0
1999-06-16,1.0,1.0,0.97,0.98,740500.0,0.0
1999-06-17,1.0,1.0,0.95,0.96,329600.0,0.0
1999-06-21,1.0,1.22,1.0,1.2,3169800.0,0.0
1999-06-22,1.24,1.28,1.12,1.12,1962000.0,0.0
1999-06-23,1.1,1.18,1.04,1.16,1339000.0,0.0
1999-06-24,1.14,1.24,1.1,1.2,937513.0,0.0
1999-06-25,1.2,1.2,1.04,1.04,669250.0,0.0
1999-06-28,1.04,1.16,1.04,1.04,711500.0,0.0
1999-06-29,1.08,1.08,1.02,1.02,339000.0,0.0
1999-06-30,1.02,1.02,0.95,0.95,280500.0,0.0
1999-07-02,0.97,1.0,0.89,0.92,341000.0,0.0
1999-07-05,0.96,1.0,0.96,0.98,105000.0,0.0
1999-07-06,0.93,0.93,0.93,0.93,40500.0,0.0
1999-07-07,0.92,0.92,0.92,0.92,91100.0,0.0
1999-07-08,0.9,0.9,0.82,0.82,160000.0,0.0
1999-07-09,0.92,0.96,0.92,0.96,168000.0,0.0
1999-07-12,0.96,0.96,0.88,0.88,174500.0,0.0
1999-07-13,0.88,0.92,0.88,0.92,38500.0,0.0
1999-07-14,0.9,0.94,0.86,0.94,113000.0,0.0
1999-07-15,0.9,0.9,0.86,0.9,192500.0,0.0
1999-07-16,0.86,0.86,0.79,0.79,646000.0,0.0
1999-07-19,0.74,0.74,0.72,0.72,239500.0,0.0
1999-07-20,0.71,0.73,0.68,0.72,816007.0,0.0
1999-07-21,0.68,0.7,0.66,0.7,120700.0,0.0
1999-07-22,0.7,0.74,0.7,0.7,145500.0,0.0
1999-07-23,0.7,0.7,0.66,0.7,225100.0,0.0
1999-07-26,0.64,0.7,0.61,0.68,307500.0,0.0
1999-07-27,0.64,0.69,0.64,0.69,130500.0,0.0
1999-07-28,0.7,0.7,0.66,0.69,152628.0,0.0
1999-07-29,0.69,0.7,0.69,0.7,43740.0,0.0
1999-07-30,0.7,0.7,0.7,0.7,8000.0,0.0
1999-08-02,0.74,0.78,0.74,0.78,129500.0,0.0
1999-08-03,0.78,0.84,0.78,0.84,102700.0,0.0
1999-08-04,0.83,0.9,0.83,0.9,131800.0,0.0
1999-08-05,0.88,0.9,0.82,0.82,240000.0,0.0
1999-08-06,0.82,0.85,0.76,0.83,460000.0,0.0
1999-08-09,0.76,0.76,0.76,0.76,59000.0,0.0
1999-08-10,0.76,0.76,0.68,0.72,261000.0,0.0
1999-08-11,0.72,0.72,0.72,0.72,2000.0,0.0
1999-08-12,0.68,0.76,0.68,0.76,2585000.0,0.0
1999-08-13,0.76,0.76,0.76,0.76,2500000.0,0.0
1999-08-16,0.73,0.73,0.73,0.73,3020000.0,0.0
1999-08-17,0.73,0.82,0.73,0.76,6415500.0,0.0
1999-08-18,0.76,0.8,0.76,0.8,4650000.0,0.0
1999-08-19,0.8,0.85,0.8,0.85,356500.0,0.0
1999-08-20,0.84,0.89,0.84,0.89,241000.0,0.0
1999-08-23,0.89,0.89,0.89,0.89,0.0,0.0
1999-08-24,0.8,0.93,0.8,0.93,130000.0,0.0
1999-08-25,0.87,0.92,0.86,0.92,112500.0,0.0
1999-08-26,0.96,0.96,0.96,0.91,42500.0,0.0
1999-08-27,0.86,0.86,0.84,0.86,111100.0,0.0
1999-08-30,0.88,0.9,0.86,0.86,120000.0,0.0
1999-08-31,0.86,0.97,0.86,0.97,549000.0,0.0
1999-09-01,0.97,0.97,0.93,0.94,569500.0,0.0
1999-09-02,0.96,1.08,0.94,1.08,339000.0,0.0
1999-09-03,1.04,1.04,1.0,1.04,551779.0,0.0
1999-09-06,1.04,1.2,1.04,1.2,1172500.0,0.0
1999-09-07,1.26,1.28,1.2,1.22,8157758.0,0.0
1999-09-08,1.22,1.22,1.16,1.18,926500.0,0.0
1999-09-09,1.18,1.32,1.16,1.32,1543700.0,0.0
1999-09-10,1.4,1.86,1.4,1.8,13933410.0,0.0
1999-09-13,1.82,1.98,1.7,1.8,12953000.0,0.0
1999-09-14,1.8,1.8,1.62,1.72,1847703.0,0.0
1999-09-15,1.7,1.8,1.62,1.64,2294500.0,0.0
1999-09-17,1.64,1.78,1.64,1.74,2979500.0,0.0
1999-09-20,1.78,1.92,1.74,1.78,4808500.0,0.0
1999-09-21,1.86,1.88,1.72,1.74,2416100.0,0.0
1999-09-22,1.68,1.68,1.6,1.6,411200.0,0.0
1999-09-23,1.68,1.86,1.68,1.78,2655300.0,0.0
1999-09-24,1.78,1.92,1.72,1.84,8791900.0,0.0
1999-09-27,1.92,2.1,1.88,2.02,16349550.0,0.0
1999-09-28,2.08,2.08,1.9,1.92,3985750.0,0.0
1999-09-29,1.86,1.92,1.78,1.86,2617800.0,0.0
1999-09-30,1.82,1.82,1.66,1.68,1715250.0,0.0
1999-10-04,1.72,1.72,1.52,1.54,1737900.0,0.0
1999-10-05,1.56,1.56,1.46,1.54,1176300.0,0.0
1999-10-06,1.6,1.68,1.6,1.66,901000.0,0.0
1999-10-07,1.66,1.66,1.52,1.54,590000.0,0.0
1999-10-08,1.54,1.68,1.54,1.6,470000.0,0.0
1999-10-11,1.6,1.7,1.6,1.68,827000.0,0.0
1999-10-12,1.68,1.68,1.6,1.6,730000.0,0.0
1999-10-13,1.56,1.62,1.48,1.52,293200.0,0.0
1999-10-14,1.52,1.56,1.44,1.44,1261100.0,0.0
1999-10-15,1.44,1.44,1.36,1.36,550000.0,0.0
1999-10-19,1.28,1.4,1.06,1.34,1364000.0,0.0
1999-10-20,1.34,1.46,1.34,1.44,250500.0,0.0
1999-10-21,1.42,1.52,1.42,1.48,749000.0,0.0
1999-10-22,1.54,1.54,1.46,1.46,310000.0,0.0
1999-10-25,1.44,1.44,1.38,1.4,410000.0,0.0
1999-10-26,1.44,1.44,1.36,1.36,300000.0,0.0
1999-10-27,1.38,1.4,1.36,1.38,220000.0,0.0
1999-10-28,1.38,1.38,1.34,1.36,131500.0,0.0
1999-10-29,1.44,1.58,1.38,1.56,1329000.0,0.0
1999-11-01,1.58,1.78,1.58,1.72,3929500.0,0.0
1999-11-02,1.76,1.94,1.76,1.82,8200800.0,0.0
1999-11-03,1.86,1.92,1.84,1.86,4087900.0,0.0
1999-11-04,1.9,1.92,1.8,1.8,1951500.0,0.0
1999-11-05,1.76,1.78,1.7,1.76,1211200.0,0.0
1999-11-08,1.76,1.76,1.7,1.68,517700.0,0.0
1999-11-09,1.7,1.76,1.62,1.76,747700.0,0.0
1999-11-10,1.74,1.74,1.7,1.7,727500.0,0.0
1999-11-11,1.66,1.66,1.6,1.6,234200.0,0.0
1999-11-12,1.6,1.6,1.56,1.6,260000.0,0.0
1999-11-15,1.6,1.8,1.6,1.74,1962500.0,0.0
1999-11-16,1.76,1.84,1.74,1.82,1579000.0,0.0
1999-11-17,1.84,1.84,1.72,1.74,1031200.0,0.0
1999-11-18,1.82,1.82,1.7,1.7,407500.0,0.0
1999-11-19,1.7,1.7,1.66,1.68,120000.0,0.0
1999-11-22,1.72,1.72,1.6,1.6,532500.0,0.0
1999-11-23,1.68,1.68,1.62,1.62,417100.0,0.0
1999-11-24,1.6,1.66,1.6,1.62,548875.0,0.0
1999-11-25,1.62,1.68,1.6,1.6,432250.0,0.0
1999-11-26,1.62,1.62,1.6,1.6,105000.0,0.0
1999-11-29,1.6,1.6,1.54,1.56,195000.0,0.0
1999-11-30,1.54,1.54,1.48,1.54,390000.0,0.0
1999-12-01,1.56,1.68,1.56,1.64,506800.0,0.0
1999-12-02,1.6,1.62,1.56,1.6,290000.0,0.0
1999-12-03,1.54,1.6,1.54,1.58,102500.0,0.0
1999-12-06,1.58,1.72,1.58,1.66,410000.0,0.0
1999-12-07,1.68,1.68,1.6,1.6,529000.0,0.0
1999-12-08,1.56,1.6,1.56,1.58,171500.0,0.0
1999-12-09,1.58,1.58,1.56,1.58,377500.0,0.0
1999-12-10,1.54,1.54,1.5,1.54,370000.0,0.0
1999-12-13,1.54,1.6,1.5,1.6,742800.0,1153076.0
1999-12-14,1.58,1.6,1.52,1.56,607000.0,952300.0
1999-12-15,1.6,1.6,1.46,1.46,392500.0,608350.0
1999-12-16,1.46,1.48,1.46,1.46,100000.0,147200.0
1999-12-17,1.46,1.48,1.42,1.44,664750.0,970660.0
1999-12-20,1.5,1.5,1.44,1.46,475800.0,692688.0
1999-12-21,1.44,1.44,1.42,1.44,462100.0,661274.0
1999-12-22,1.42,1.46,1.42,1.44,149500.0,213730.0
1999-12-23,1.46,1.5,1.46,1.48,930000.0,1308800.0
1999-12-24,1.46,1.46,1.46,1.46,30000.0,43800.0
1999-12-28,1.54,1.76,1.5,1.64,3455500.0,5332230.0
1999-12-29,1.64,1.64,1.48,1.5,2276000.0,3463240.0
1999-12-30,1.5,1.56,1.5,1.52,80000.0,123600.0
2000-01-03,1.6,1.62,1.52,1.52,2230250.0,3486810.0
2000-01-04,1.48,1.7,1.48,1.58,748000.0,1174610.0
2000-01-05,1.58,1.58,1.46,1.5,377000.0,563000.0
2000-01-06,1.44,1.48,1.36,1.4,352750.0,503665.0
2000-01-07,1.38,1.68,1.38,1.68,1700500.0,2592460.0
2000-01-10,1.72,1.76,1.58,1.58,978000.0,1648720.0
2000-01-11,1.58,1.6,1.56,1.6,384700.0,605222.0
2000-01-12,1.56,1.56,1.48,1.52,303500.0,462100.0
2000-01-13,1.52,1.62,1.52,1.62,502500.0,778000.0
2000-01-14,1.68,1.72,1.64,1.66,3279600.0,5553148.0
2000-01-17,1.72,1.98,1.64,1.92,5089500.0,0.0
2000-01-18,1.96,2.0,1.86,1.86,2989500.0,0.0
2000-01-19,1.86,1.9,1.78,1.84,809000.0,0.0
2000-01-20,1.92,2.68,1.9,2.48,13982300.0,30922940.0
2000-01-21,2.48,2.98,2.48,2.86,5761170.0,16295230.0
2000-01-24,2.96,2.98,2.62,2.74,3611000.0,10330840.0
2000-01-25,2.74,2.74,2.28,2.46,1415417.0,3499283.0
2000-01-26,2.32,2.44,2.1,2.36,1352300.0,3097892.0
2000-01-27,2.36,2.78,2.36,2.52,1427500.0,3634400.0
2000-01-28,2.6,2.6,2.4,2.4,812500.0,2027300.0
2000-01-31,2.36,2.4,2.26,2.3,570200.0,1342348.0
2000-02-01,2.3,2.4,2.24,2.26,547500.0,1262520.0
2000-02-02,2.3,2.34,2.28,2.34,630000.0,1456200.0
2000-02-03,2.32,2.42,2.28,2.28,712500.0,1646900.0
2000-02-08,2.36,2.38,2.24,2.36,564500.0,1307700.0
2000-02-09,2.3,2.42,2.28,2.36,845800.0,1981612.0
2000-02-10,2.42,2.96,2.42,2.74,3858750.0,10348320.0
2000-02-11,2.8,3.12,2.74,2.92,3776100.0,11049410.0
2000-02-14,2.96,3.08,2.64,2.64,4155050.0,12109190.0
2000-02-15,2.64,2.88,2.48,2.52,802500.0,2065380.0
2000-02-16,2.58,2.72,2.52,2.68,840000.0,2211000.0
2000-02-17,2.64,2.64,2.48,2.54,392500.0,1006800.0
2000-02-18,2.54,2.56,2.34,2.34,943750.0,2305875.0
2000-02-21,2.32,2.32,2.18,2.2,4854000.0,10908900.0
2000-02-22,2.18,2.24,2.0,2.24,750000.0,1544000.0
2000-02-23,2.28,2.28,2.08,2.12,603000.0,0.0
2000-02-24,2.14,2.26,2.12,2.18,432500.0,0.0
2000-02-25,2.2,2.2,1.8,1.8,810000.0,1623150.0
2000-02-28,1.8,2.0,1.6,1.98,820000.0,1420000.0
2000-02-29,2.04,2.04,1.84,2.04,890000.0,1714000.0
2000-03-01,2.08,2.2,2.0,2.12,838500.0,1776400.0
2000-03-02,2.16,2.2,1.96,2.12,578345.0,1207730.0
2000-03-03,2.06,2.06,1.96,2.0,268500.0,539550.0
2000-03-06,1.96,1.96,1.74,1.84,145000.0,273600.0
2000-03-07,1.8,2.42,1.8,2.42,6939700.0,13522360.0
2000-03-08,2.34,2.56,2.22,2.24,1255400.0,0.0
2000-03-09,2.52,2.52,2.24,2.3,695500.0,0.0
2000-03-10,2.4,2.44,2.26,2.34,676000.0,0.0
2000-04-06,1.7,1.7,1.62,1.62,129000.0,213680.0
2000-04-07,1.64,1.78,1.62,1.78,240000.0,408400.0
2000-04-10,1.7,1.78,1.7,1.76,71500.0,123260.0
2000-04-11,1.68,1.68,1.68,1.68,14000.0,23200.0
2000-04-12,1.62,1.72,1.58,1.72,145400.0,241208.0
2000-04-13,1.6,1.6,1.6,1.6,35000.0,55500.0
2000-04-14,1.96,1.96,1.96,1.96,0.0,0.0
2000-04-17,1.7,1.7,1.52,1.52,85000.0,132600.0
2000-04-18,1.6,1.64,1.56,1.56,198000.0,315380.0
2000-04-19,1.56,1.56,1.4,1.4,170000.0,252200.0
2000-04-20,1.4,1.4,1.38,1.44,20000.0,27800.0
2000-04-25,1.4,1.4,1.4,1.4,20000.0,28000.0
2000-04-26,1.4,1.4,1.32,1.32,286000.0,390240.0
2000-04-27,1.28,1.28,1.22,1.26,321500.0,398600.0
2000-04-28,1.22,1.28,1.22,1.28,45250.0,56080.0
2000-05-02,1.32,1.36,1.32,1.32,290000.0,369200.0
2000-05-04,1.32,1.38,1.32,1.38,0.0,0.0
2000-05-05,1.44,1.44,1.44,1.44,67500.0,95850.0
2000-05-08,1.32,1.4,1.38,1.38,58500.0,80540.0
2000-05-09,1.34,1.34,1.3,1.3,125000.0,163900.0
2000-05-10,1.24,1.24,1.24,1.24,20000.0,24800.0
2000-05-12,1.24,1.24,1.24,1.24,0.0,0.0
2000-05-15,1.16,1.32,1.16,1.32,165000.0,200200.0
2000-05-16,1.48,1.48,1.36,1.48,30000.0,42400.0
2000-05-17,1.48,1.48,1.34,1.34,130000.0,179600.0
2000-05-18,1.28,1.28,1.28,1.28,21000.0,26760.0
2000-05-19,1.28,1.28,1.28,1.28,0.0,0.0
2000-05-22,1.1,1.18,1.18,1.22,44000.0,51600.0
2000-05-23,1.14,1.22,1.12,1.2,240000.0,281400.0
2000-05-24,1.12,1.18,1.12,1.2,30000.0,34200.0
2000-05-25,1.28,1.32,1.24,1.32,122500.0,154350.0
2000-05-26,1.12,1.22,1.22,1.22,51000.0,62120.0
2000-05-29,1.2,1.28,1.2,1.28,60000.0,72800.0
2000-05-30,1.28,1.28,1.28,1.28,0.0,0.0
2000-05-31,1.28,1.28,1.18,1.18,500000.0,613800.0
2000-06-01,1.16,1.24,1.1,1.24,160000.0,181000.0
2000-06-02,1.28,1.4,1.34,1.4,70000.0,92200.0
2000-06-05,1.48,1.48,1.48,1.42,10000.0,14800.0
2000-06-08,1.4,1.4,1.34,1.38,170000.0,234400.0
2000-06-09,1.2,1.4,1.28,1.38,314500.0,433800.0
2000-06-12,1.3,1.3,1.22,1.3,290000.0,362600.0
2000-06-13,1.28,1.3,1.18,1.2,251000.0,307500.0
2000-06-14,1.24,1.26,1.22,1.26,50000.0,62000.0
2000-06-15,1.28,1.28,1.24,1.28,120000.0,150000.0
2000-06-16,1.3,1.3,1.28,1.28,25000.0,31600.0
2000-06-19,1.32,1.32,1.24,1.26,30000.0,38800.0
2000-06-20,1.34,1.34,1.22,1.26,200000.0,250400.0
2000-06-21,1.22,1.26,1.22,1.26,40000.0,49600.0
2000-06-22,1.1,1.22,1.18,1.22,102700.0,121770.0
2000-06-23,1.08,1.24,1.24,1.24,12000.0,14560.0
2000-06-26,1.08,1.24,1.24,1.22,12000.0,14560.0
2000-06-27,1.16,1.16,1.16,1.16,20000.0,23200.0
2000-06-28,1.24,1.24,1.2,1.2,30000.0,36800.0
2000-06-29,1.24,1.24,1.2,1.18,30000.0,36800.0
2000-06-30,1.2,1.2,1.2,1.2,3040000.0,3648000.0
2000-07-03,1.2,1.2,1.2,1.2,0.0,0.0
2000-07-04,1.2,1.2,1.2,1.2,0.0,0.0
2000-07-05,1.2,1.2,1.2,1.18,3010000.0,3612000.0
2000-07-06,1.0,1.2,1.2,1.16,3010000.0,3612000.0
2000-07-07,0.94,1.1,1.1,1.1,15000.0,15700.0
2000-07-10,0.94,1.14,1.02,1.16,120000.0,127800.0
2000-07-11,1.04,1.14,1.02,1.16,120000.0,127800.0
2000-07-12,1.16,1.16,1.16,1.16,0.0,0.0
2000-07-13,1.2,1.3,1.2,1.26,80000.0,99600.0
2000-07-14,1.16,1.16,1.16,1.16,20000.0,23200.0
2000-07-17,1.12,1.12,1.12,1.12,25000.0,27500.0
2000-07-18,1.08,1.08,1.08,1.08,10000.0,10800.0
2000-07-19,1.12,1.12,1.08,1.12,61000.0,66800.0
2000-07-20,1.2,1.2,1.08,1.18,110000.0,125000.0
2000-07-21,1.2,1.2,1.18,1.2,100000.0,119800.0
2000-07-24,1.12,1.18,1.08,1.18,160000.0,178600.0
2000-07-25,1.04,1.18,1.18,1.18,0.0,0.0
2000-07-26,1.18,1.18,1.18,1.18,0.0,0.0
2000-07-27,1.14,1.2,1.14,1.2,100500.0,118730.0
2000-07-28,1.14,1.14,1.14,1.14,50000.0,57000.0
2000-07-31,1.2,1.2,1.12,1.2,120000.0,137200.0
2000-08-01,1.12,1.2,1.1,1.14,240000.0,270600.0
2000-08-02,1.2,1.2,1.16,1.16,7453000.0,8942660.0
2000-08-03,1.16,1.16,1.16,1.16,10000.0,11600.0
2000-08-04,1.16,1.16,1.16,1.16,0.0,0.0
2000-08-07,1.08,1.2,1.2,1.18,35000.0,41400.0
2000-08-08,1.14,1.14,1.14,1.14,0.0,0.0
2000-08-09,0.96,1.1,1.1,1.1,0.0,0.0
2000-08-10,1.1,1.12,1.1,1.12,117000.0,130280.0
2000-08-11,1.12,1.12,1.12,1.12,0.0,0.0
2000-08-14,1.0,1.14,1.12,1.14,331000.0,376600.0
2000-08-15,1.16,1.54,1.14,1.38,590000.0,764600.0
2000-08-16,1.3,1.54,1.3,1.54,245250.0,357825.0
2000-08-17,1.5,1.72,1.5,1.68,550000.0,913500.0
2000-08-18,1.74,1.8,1.68,1.8,208500.0,353800.0
2000-08-21,1.6,1.7,1.68,1.68,111500.0,186600.0
2000-08-22,1.68,1.68,1.64,1.64,217500.0,358700.0
2000-08-23,1.56,1.68,1.64,1.54,217500.0,358700.0
2000-08-24,1.6,1.6,1.52,1.56,101500.0,157270.0
2000-08-25,1.52,1.52,1.48,1.5,70000.0,105000.0
2000-08-28,1.5,1.56,1.5,1.56,100000.0,153200.0
2000-08-29,1.4,1.8,1.6,1.8,408500.0,713100.0
2000-08-30,1.64,1.72,1.68,1.72,115500.0,194620.0
2000-08-31,1.6,1.68,1.68,1.68,12500.0,20800.0
2000-09-01,1.66,1.66,1.66,1.66,26500.0,43340.0
2000-09-04,1.56,1.7,1.66,1.7,33500.0,55000.0
2000-09-05,1.74,1.86,1.74,1.84,919000.0,1664160.0
2000-09-06,1.66,1.76,1.76,1.76,0.0,0.0
2000-09-07,1.74,1.74,1.62,1.62,90000.0,150400.0
2000-09-08,1.62,1.62,1.6,1.6,60000.0,96400.0
2000-09-11,1.54,1.72,1.54,1.72,40000.0,65400.0
2000-09-12,1.72,1.72,1.72,1.72,0.0,0.0
2000-09-14,1.68,1.72,1.6,1.72,100000.0,162000.0
2000-09-15,1.6,1.6,1.6,1.64,20000.0,32000.0
2000-09-18,1.64,1.64,1.64,1.64,0.0,0.0
2000-09-19,1.66,1.88,1.66,1.88,100000.0,176400.0
2000-09-20,1.76,1.68,1.68,1.68,0.0,0.0
2000-09-21,1.6,1.66,1.56,1.66,53500.0,84780.0
2000-09-22,1.66,1.66,1.66,1.66,0.0,0.0
2000-09-25,1.68,1.68,1.68,1.68,10000.0,16800.0
2000-09-26,1.68,1.68,1.68,1.66,10000.0,16800.0
2000-09-27,1.76,1.76,1.76,1.76,0.0,0.0
2000-09-29,1.66,1.66,1.66,1.66,0.0,0.0
2000-10-05,1.6,1.78,1.6,1.76,30000.0,50600.0
2000-10-10,1.76,1.78,1.6,1.76,30000.0,50600.0
2000-10-11,1.3,1.6,1.6,1.6,12500.0,19250.0
2000-10-12,1.6,1.6,1.6,1.6,12500.0,19250.0
2000-10-13,1.44,1.58,1.58,1.58,12500.0,19250.0
2000-10-16,1.66,1.66,1.66,1.66,10000.0,16600.0
2000-10-17,1.6,1.6,1.6,1.6,10000.0,16600.0
2000-10-18,1.58,1.58,1.58,1.58,10000.0,16600.0
2000-10-19,1.58,1.58,1.58,1.58,10000.0,16600.0
2000-10-20,1.56,1.56,1.56,1.56,10000.0,16600.0
2000-10-23,1.56,1.56,1.56,1.56,0.0,0.0
2000-10-24,1.56,1.56,1.56,1.56,0.0,0.0
2000-10-25,1.36,1.56,1.56,1.56,0.0,0.0
2000-10-26,1.56,1.56,1.56,1.56,0.0,0.0
2000-10-27,1.56,1.56,1.56,1.56,0.0,0.0
2000-10-30,1.56,1.56,1.56,1.56,0.0,0.0
2000-10-31,1.56,1.56,1.56,1.56,0.0,0.0
2000-11-01,1.52,1.52,1.52,1.52,0.0,0.0
2000-11-02,1.52,1.52,1.52,1.52,0.0,0.0
2000-11-03,1.5,1.5,1.5,1.5,0.0,0.0
2000-11-06,1.42,1.42,1.42,1.5,30000.0,42600.0
2000-11-07,1.58,1.58,1.58,1.58,20000.0,31600.0
2000-11-08,1.58,1.58,1.58,1.44,55500.0,86920.0
2000-11-09,1.28,1.44,1.44,1.44,55500.0,86920.0
2000-11-10,1.42,1.42,1.42,1.42,55500.0,86920.0
2000-11-13,1.42,1.42,1.42,1.42,55500.0,86920.0
2000-11-14,1.22,1.46,1.46,1.46,27500.0,38350.0
2000-11-15,1.54,1.54,1.54,1.54,20000.0,30800.0
2000-11-16,1.46,1.52,1.46,1.52,30000.0,45000.0
2000-11-17,1.28,1.36,1.32,1.32,31000.0,41680.0
2000-11-20,1.44,1.48,1.28,1.46,55000.0,75400.0
2000-11-21,1.3,1.44,1.44,1.44,55000.0,75400.0
2000-11-22,1.3,1.4,1.3,1.4,60000.0,79000.0
2000-11-23,1.4,1.4,1.4,1.4,60000.0,79000.0
2000-11-24,1.4,1.4,1.4,1.4,60000.0,79000.0
2000-11-27,1.4,1.5,1.4,1.46,40000.0,58800.0
2000-11-28,1.46,1.46,1.46,1.46,40000.0,58800.0
2000-11-29,1.46,1.46,1.46,1.46,40000.0,58800.0
2000-11-30,1.44,1.44,1.44,1.44,40000.0,58800.0
2000-12-01,1.4,1.4,1.4,1.4,0.0,0.0
2000-12-04,1.36,1.4,1.4,1.36,0.0,0.0
2000-12-05,1.24,1.32,1.24,1.32,67500.0,85300.0
2000-12-06,1.3,1.3,1.24,1.3,93000.0,117880.0
2000-12-07,1.28,1.3,1.24,1.28,93000.0,117880.0
2000-12-08,1.2,1.38,1.2,1.38,100029.0,128832.0
2000-12-11,1.34,1.34,1.34,1.34,100029.0,128832.0
2000-12-12,1.26,1.26,1.22,1.3,60000.0,74400.0
2000-12-13,1.22,1.38,1.22,1.38,40000.0,53200.0
2000-12-14,1.24,1.38,1.38,1.38,40000.0,53200.0
2000-12-15,1.3,1.36,1.3,1.36,40000.0,53000.0
2000-12-18,1.3,1.6,1.5,1.6,221000.0,336600.0
2000-12-19,1.54,1.62,1.48,1.52,70000.0,105600.0
2000-12-20,1.32,1.48,1.34,1.48,189000.0,258280.0
2000-12-21,1.42,1.42,1.42,1.42,189000.0,258280.0
2000-12-22,1.42,1.42,1.42,1.42,189000.0,258280.0
2000-12-27,1.42,1.42,1.42,1.42,189000.0,258280.0
2000-12-28,1.42,1.42,1.42,1.42,189000.0,258280.0
2000-12-29,1.46,1.46,1.46,1.46,12500.0,17850.0
2001-01-02,1.46,1.46,1.46,1.46,12500.0,17850.0
2001-01-03,1.46,1.46,1.46,1.46,12500.0,17850.0
2001-01-04,1.46,1.46,1.46,1.46,12500.0,17850.0
2001-01-05,1.44,1.44,1.44,1.44,12500.0,17850.0
2001-01-08,1.44,1.44,1.44,1.44,12500.0,17850.0
2001-01-09,1.3,1.44,1.44,1.44,12500.0,17850.0
2001-01-10,1.44,1.44,1.44,1.44,12500.0,17850.0
2001-01-11,1.44,1.44,1.44,1.44,0.0,0.0
2001-01-12,1.44,1.52,1.44,1.52,20000.0,29600.0
2001-01-15,1.6,1.6,1.6,1.58,10000.0,16000.0
2001-01-16,1.56,1.56,1.56,1.56,10000.0,16000.0
2001-01-17,1.46,1.46,1.46,1.46,10000.0,16000.0
2001-01-18,1.46,1.46,1.46,1.46,10000.0,16000.0
2001-01-19,1.46,1.46,1.46,1.46,10000.0,16000.0
2001-01-22,1.52,1.52,1.52,1.5,25000.0,37400.0
2001-01-23,1.5,1.5,1.5,1.5,25000.0,37400.0
2001-01-29,1.42,1.42,1.42,1.5,10000.0,14200.0
2001-01-30,1.46,1.46,1.46,1.46,10000.0,14200.0
2001-01-31,1.46,1.46,1.46,1.46,0.0,0.0
2001-02-01,1.46,1.46,1.46,1.46,0.0,0.0
2001-02-02,1.46,1.46,1.46,1.46,0.0,0.0
2001-02-05,1.46,1.46,1.46,1.46,0.0,0.0
2001-02-06,1.4,1.48,1.4,1.48,30000.0,42800.0
2001-02-07,1.5,1.5,1.34,1.48,50000.0,71600.0
2001-02-08,1.44,1.44,1.44,1.44,50000.0,71600.0
2001-02-09,1.44,1.44,1.44,1.44,50000.0,71600.0
2001-02-12,1.44,1.44,1.44,1.44,50000.0,71600.0
2001-02-13,1.44,1.44,1.44,1.44,50000.0,71600.0
2001-02-14,1.52,1.52,1.52,1.5,20000.0,30400.0
2001-02-15,1.5,1.5,1.5,1.5,20000.0,30400.0
2001-02-16,1.5,1.5,1.5,1.5,20000.0,30400.0
2001-02-19,1.5,1.5,1.5,1.5,20000.0,30400.0
2001-02-20,1.5,1.5,1.5,1.5,20000.0,30400.0
2001-02-21,1.2,1.48,1.48,1.48,20000.0,30400.0
2001-02-22,1.48,1.48,1.48,1.48,20000.0,30400.0
2001-02-23,1.48,1.48,1.48,1.48,0.0,0.0
2001-02-26,1.48,1.48,1.48,1.48,0.0,0.0
2001-02-27,1.48,1.48,1.48,1.48,0.0,0.0
2001-02-28,1.48,1.48,1.48,1.48,0.0,0.0
2001-03-01,1.48,1.48,1.48,1.48,0.0,0.0
2001-03-02,1.48,1.48,1.48,1.48,0.0,0.0
2001-03-05,1.48,1.48,1.48,1.48,0.0,0.0
2001-03-06,1.44,1.44,1.44,1.44,0.0,0.0
2001-03-07,1.44,1.44,1.44,1.44,0.0,0.0
2001-03-08,1.44,1.44,1.44,1.44,0.0,0.0
2001-03-09,1.44,1.44,1.44,1.44,0.0,0.0
2001-03-12,1.44,1.44,1.44,1.44,0.0,0.0
2001-03-13,1.44,1.44,1.44,1.44,0.0,0.0
2001-03-14,1.44,1.44,1.44,1.44,0.0,0.0
2001-03-15,1.44,1.44,1.44,1.44,0.0,0.0
2001-03-16,1.44,1.44,1.44,1.44,0.0,0.0
2001-03-19,1.44,1.44,1.44,1.44,0.0,0.0
2001-03-20,1.2,1.44,1.36,1.34,28500.0,38200.0
2001-03-21,1.28,1.28,1.28,1.28,28500.0,38200.0
2001-03-22,1.12,1.12,1.12,1.12,28500.0,38200.0
2001-03-23,1.0,1.12,1.0,1.12,250000.0,251600.0
2001-03-26,1.0,1.22,1.04,1.16,120000.0,131600.0
2001-03-27,1.16,1.16,1.16,1.16,0.0,0.0
2001-03-28,0.98,1.16,1.16,1.16,0.0,0.0
2001-03-29,1.16,1.16,1.16,1.16,0.0,0.0
2001-03-30,1.16,1.16,1.16,1.16,0.0,0.0
2001-04-02,1.0,1.12,1.12,1.12,0.0,0.0
2001-04-03,1.12,1.32,1.12,1.32,40000.0,49600.0
2001-04-04,1.32,1.32,1.32,1.32,40000.0,49600.0
2001-04-06,1.32,1.32,1.32,1.32,40000.0,49600.0
2001-04-09,1.24,1.24,1.24,1.24,40000.0,49600.0
2001-04-10,1.1,1.24,1.24,1.24,40000.0,49600.0
2001-04-11,1.2,1.2,1.2,1.2,40000.0,49600.0
2001-04-12,1.2,1.2,1.2,1.2,40000.0,49600.0
2001-04-17,1.2,1.2,1.2,1.2,40000.0,49600.0
2001-04-18,1.2,1.2,1.2,1.2,40000.0,49600.0
2001-04-19,1.32,1.4,1.08,1.16,152000.0,176680.0
2001-04-20,1.16,1.16,1.16,1.16,152000.0,176680.0
2001-04-23,1.16,1.16,1.16,1.16,152000.0,176680.0
2001-04-24,1.16,1.16,1.16,1.16,152000.0,176680.0
2001-04-25,1.0,1.16,1.16,1.16,152000.0,176680.0
2001-04-26,1.16,1.16,1.16,1.16,152000.0,176680.0
2001-04-27,1.16,1.16,1.16,1.16,152000.0,176680.0
2001-05-02,1.0,1.16,1.16,1.16,152000.0,176680.0
2001-05-03,1.18,1.18,1.16,1.16,25000.0,28600.0
2001-05-04,1.04,1.04,0.91,1.04,253222.0,239835.0
2001-05-07,1.04,1.04,1.04,1.04,253222.0,239835.0
2001-05-08,0.92,0.99,0.9,0.99,140000.0,128800.0
2001-05-09,0.94,1.02,0.94,1.06,60000.0,60200.0
2001-05-10,1.08,1.08,1.08,1.08,60000.0,60200.0
2001-05-11,0.92,1.14,1.14,1.14,60000.0,60200.0
2001-05-14,1.0,1.14,1.14,1.14,60000.0,60200.0
2001-05-15,1.0,1.14,1.14,1.14,60000.0,60200.0
2001-05-16,1.04,1.14,1.14,1.14,60000.0,60200.0
2001-05-17,1.14,1.14,1.14,1.14,60000.0,60200.0
2001-05-18,1.14,1.14,1.14,1.14,60000.0,60200.0
2001-05-21,1.14,1.14,1.14,1.14,60000.0,60200.0
2001-05-22,0.98,1.1,1.1,1.1,60000.0,60200.0
2001-05-23,0.94,1.0,0.98,1.04,61500.0,60610.0
2001-05-24,1.04,1.18,1.0,1.1,85000.0,91900.0
2001-05-25,1.14,1.14,1.1,1.16,40000.0,44600.0
2001-05-28,1.16,1.24,1.16,1.16,137500.0,159900.0
2001-05-29,1.12,1.12,1.12,1.12,10000.0,11200.0
2001-05-30,1.1,1.12,1.1,1.12,81000.0,89970.0
2001-05-31,0.96,1.12,1.12,1.12,81000.0,89970.0
2001-06-01,1.04,1.04,1.04,1.04,10000.0,10400.0
2001-06-04,1.04,1.06,1.04,1.06,25000.0,25800.0
2001-06-05,1.06,1.12,1.12,1.12,64500.0,71820.0
2001-06-06,1.0,1.1,1.1,1.1,31000.0,32800.0
2001-06-07,1.12,1.12,1.12,1.12,20000.0,22400.0
2001-06-08,1.04,1.16,1.1,1.16,61000.0,67040.0
2001-06-11,1.16,1.26,1.16,1.26,160000.0,194000.0
2001-06-12,1.28,1.38,1.28,1.38,110000.0,147600.0
2001-06-13,1.2,1.42,1.34,1.42,355500.0,496800.0
2001-06-14,1.3,1.42,1.28,1.42,755000.0,1066100.0
2001-06-15,1.38,1.38,1.38,1.38,755000.0,1066100.0
2001-06-18,1.38,1.38,1.38,1.38,755000.0,1066100.0
2001-06-19,1.38,1.38,1.38,1.38,755000.0,1066100.0
2001-06-20,1.38,1.38,1.38,1.38,755000.0,1066100.0
2001-06-21,1.38,1.38,1.38,1.38,755000.0,1066100.0
2001-06-22,1.38,1.38,1.38,1.38,755000.0,1066100.0
2001-06-26,1.38,1.38,1.38,1.38,755000.0,1066100.0
2001-06-27,1.26,1.38,1.38,1.38,755000.0,1066100.0
2001-06-28,1.38,1.38,1.38,1.38,755000.0,1066100.0
2001-06-29,1.38,1.38,1.38,1.38,755000.0,1066100.0
2001-07-03,1.38,1.38,1.38,1.38,755000.0,1066100.0
2001-07-04,1.38,1.38,1.38,1.38,755000.0,1066100.0
2001-07-05,1.36,1.36,1.36,1.36,755000.0,1066100.0
2001-07-09,1.36,1.36,1.36,1.36,755000.0,1066100.0
2001-07-10,1.36,1.36,1.36,1.36,755000.0,1066100.0
2001-07-11,1.36,1.36,1.36,1.36,755000.0,1066100.0
2001-07-12,1.28,1.36,1.28,1.36,50000.0,65000.0
2001-07-13,1.2,1.38,1.2,1.38,40000.0,51400.0
2001-07-16,1.26,1.36,1.26,1.36,37922.0,47990.0
2001-07-17,1.36,1.36,1.36,1.36,37922.0,47990.0
2001-07-18,1.36,1.36,1.36,1.36,37922.0,47990.0
2001-07-19,1.36,1.36,1.36,1.36,37922.0,47990.0
2001-07-20,1.34,1.34,1.34,1.34,37922.0,47990.0
2001-07-23,1.34,1.34,1.34,1.34,37922.0,47990.0
2001-07-24,1.26,1.32,1.18,1.32,153750.0,188450.0
2001-07-26,1.26,1.26,1.26,1.26,153750.0,188450.0
2001-07-27,1.26,1.4,1.26,1.4,20000.0,26600.0
2001-07-30,1.08,1.12,1.12,1.24,15000.0,16600.0
2001-07-31,1.24,1.24,1.24,1.24,15000.0,16600.0
2001-08-01,1.24,1.24,1.24,1.24,15000.0,16600.0
2001-08-02,1.24,1.24,1.24,1.24,15000.0,16600.0
2001-08-03,1.24,1.24,1.24,1.24,15000.0,16600.0
2001-08-06,1.24,1.24,1.24,1.24,15000.0,16600.0
2001-08-07,1.24,1.24,1.24,1.24,15000.0,16600.0
2001-08-08,1.26,1.32,1.26,1.32,20000.0,25800.0
2001-08-09,1.08,1.32,1.32,1.32,20000.0,25800.0
2001-08-10,1.2,1.3,1.3,1.3,20000.0,25800.0
2001-08-13,1.14,1.26,1.14,1.26,30000.0,35400.0
2001-08-14,1.26,1.26,1.26,1.26,30000.0,35400.0
2001-08-15,1.26,1.26,1.26,1.26,30000.0,35400.0
2001-08-16,1.14,1.26,1.26,1.26,30000.0,35400.0
2001-08-17,1.26,1.26,1.26,1.26,30000.0,35400.0
2001-08-20,1.14,1.24,1.14,1.24,20000.0,23800.0
2001-08-21,1.28,1.28,1.28,1.26,10000.0,12800.0
2001-08-22,1.12,1.22,1.12,1.22,50000.0,57000.0
2001-08-23,1.22,1.22,1.22,1.22,50000.0,57000.0
2001-08-24,1.04,1.22,1.22,1.22,50000.0,57000.0
2001-08-27,1.2,1.2,1.2,1.2,50000.0,57000.0
2001-08-28,1.2,1.2,1.2,1.2,50000.0,57000.0
2001-08-29,1.04,1.18,1.18,1.18,50000.0,57000.0
2001-08-30,1.16,1.16,1.14,1.14,30000.0,34600.0
2001-08-31,1.18,1.18,1.18,1.18,10000.0,11800.0
2001-09-03,1.18,1.16,1.16,1.16,10000.0,11800.0
2001-09-04,1.0,1.16,1.16,1.16,10000.0,11800.0
2001-09-05,1.1,1.1,1.1,1.1,150000.0,165000.0
2001-09-06,1.06,1.06,1.06,1.06,10000.0,10600.0
2001-09-07,1.06,1.06,1.06,1.06,10000.0,10600.0
2001-09-10,1.06,1.06,1.06,1.06,10000.0,10600.0
2001-09-11,1.14,1.14,1.08,1.04,110000.0,119400.0
2001-09-12,1.04,1.04,1.04,1.04,110000.0,119400.0
2001-09-13,1.1,1.1,1.1,1.1,70000.0,77000.0
2001-09-14,1.1,1.1,1.1,1.1,70000.0,77000.0
2001-09-17,1.1,1.1,1.1,1.1,70000.0,77000.0
2001-09-18,1.16,1.16,1.16,1.1,14000.0,15440.0
2001-09-19,1.08,1.08,1.08,1.08,14000.0,15440.0
2001-09-20,1.06,1.06,1.06,1.06,14000.0,15440.0
2001-09-21,0.92,1.0,0.92,1.0,20000.0,19200.0
2001-09-24,0.99,0.99,0.99,0.99,20000.0,19200.0
2001-09-25,1.02,1.02,1.02,1.02,20000.0,19200.0
2001-09-26,1.06,1.06,1.06,1.04,10000.0,10600.0
2001-09-27,1.12,1.12,1.12,1.12,10000.0,11200.0
2001-09-28,0.96,1.12,1.12,1.12,10000.0,11200.0
2001-10-03,1.2,1.2,1.2,1.18,50000.0,60000.0
2001-10-04,1.24,1.24,1.24,1.16,50000.0,62000.0
2001-10-05,1.2,1.2,1.2,1.16,80000.0,96000.0
2001-10-08,1.16,1.16,1.16,1.16,80000.0,96000.0
2001-10-09,1.16,1.16,1.16,1.16,80000.0,96000.0
2001-10-10,1.18,1.18,1.18,1.16,20000.0,23600.0
2001-10-11,1.14,1.14,1.14,1.14,20000.0,23600.0
2001-10-12,1.14,1.14,1.14,1.14,20000.0,23600.0
2001-10-15,1.14,1.14,1.14,1.14,20000.0,23600.0
2001-10-16,1.0,1.1,1.1,1.1,20000.0,23600.0
2001-10-17,1.18,1.18,1.18,1.16,23200.0,26928.0
2001-10-18,1.14,1.14,1.14,1.14,23200.0,26928.0
2001-10-19,0.98,1.06,1.06,1.06,23200.0,26928.0
2001-10-22,1.04,1.04,1.04,1.04,23200.0,26928.0
2001-10-23,1.04,1.04,1.04,1.04,23200.0,26928.0
2001-10-24,1.1,1.1,1.1,1.04,10000.0,11000.0
2001-10-26,1.02,1.02,1.02,1.02,10000.0,11000.0
2001-10-29,0.98,1.06,0.98,1.06,20000.0,20400.0
2001-10-30,1.06,1.06,1.06,1.06,20000.0,20400.0
2001-10-31,1.0,1.0,1.0,1.0,10000.0,10000.0
2001-11-01,1.0,1.0,1.0,1.0,10000.0,10000.0
2001-11-02,1.0,1.0,1.0,1.0,10000.0,10000.0
2001-11-05,1.0,1.0,1.0,1.0,0.0,0.0
2001-11-06,1.0,1.0,1.0,1.0,0.0,0.0
2001-11-07,1.0,1.0,1.0,1.0,0.0,0.0
2001-11-08,0.9,0.9,0.88,0.88,135000.0,119500.0
2001-11-09,0.88,0.88,0.84,0.84,215000.0,181500.0
2001-11-12,0.88,0.92,0.88,0.92,30000.0,27200.0
2001-11-13,0.82,0.92,0.92,0.92,30000.0,27200.0
2001-11-14,0.8,0.9,0.9,0.9,30000.0,27200.0
2001-11-15,0.88,0.88,0.88,0.88,30000.0,27200.0
2001-11-16,0.8,0.8,0.8,0.8,25000.0,19800.0
2001-11-19,0.8,0.8,0.8,0.82,10000.0,8000.0
2001-11-20,0.87,0.97,0.87,0.88,74000.0,66960.0
2001-11-21,0.88,0.88,0.88,0.88,74000.0,66960.0
2001-11-22,0.92,0.92,0.8,0.87,99900.0,84024.0
2001-11-23,0.91,0.91,0.81,0.86,83000.0,73080.0
2001-11-26,0.91,0.91,0.82,0.88,82500.0,70100.0
2001-11-27,0.76,0.82,0.8,0.82,105500.0,84780.0
2001-11-28,0.79,0.84,0.79,0.84,40000.0,32600.0
2001-11-29,0.87,0.87,0.87,0.85,10000.0,8700.0
2001-11-30,0.82,0.82,0.82,0.82,10000.0,8700.0
2001-12-03,0.84,0.84,0.78,0.78,40000.0,32200.0
2001-12-04,0.78,0.79,0.78,0.8,70000.0,54800.0
2001-12-05,0.83,0.83,0.83,0.83,70000.0,54800.0
2001-12-06,0.84,0.92,0.84,0.92,110000.0,95600.0
2001-12-07,0.8,0.92,0.92,0.92,110000.0,95600.0
2001-12-10,0.92,0.92,0.92,0.92,110000.0,95600.0
2001-12-11,0.92,0.92,0.92,0.92,110000.0,95600.0
2001-12-12,0.94,0.92,0.92,0.92,110000.0,95600.0
2001-12-13,0.8,0.92,0.92,0.92,110000.0,95600.0
2001-12-14,0.9,0.9,0.9,0.9,110000.0,95600.0
2001-12-17,0.9,0.9,0.9,0.9,110000.0,95600.0
2001-12-18,0.88,0.88,0.88,0.88,110000.0,95600.0
2001-12-19,0.81,0.82,0.81,0.82,30000.0,24400.0
2001-12-20,0.82,0.92,0.82,0.94,40000.0,35200.0
2001-12-21,0.94,0.94,0.94,0.94,40000.0,37600.0
2001-12-24,0.94,0.94,0.94,0.94,40000.0,37600.0
2001-12-27,0.9,0.9,0.9,0.9,40000.0,36000.0
2001-12-28,0.94,0.94,0.84,0.88,50000.0,45000.0
2001-12-31,0.81,0.94,0.81,0.94,70000.0,61300.0
2002-01-02,0.94,0.94,0.94,0.94,70000.0,61300.0
2002-01-03,0.94,0.94,0.94,0.94,70000.0,61300.0
2002-01-04,0.94,0.94,0.94,0.94,70000.0,61300.0
2002-01-07,0.86,1.08,0.96,1.08,46969.0,46593.0
2002-01-08,1.14,1.14,1.14,1.12,20000.0,22800.0
2002-01-09,1.08,1.08,1.08,1.08,20000.0,22800.0
2002-01-10,1.08,1.08,1.08,1.08,20000.0,22800.0
2002-01-11,1.08,1.08,1.08,1.08,20000.0,22800.0
2002-01-14,1.06,1.06,1.06,1.06,20000.0,22800.0
2002-01-15,1.06,1.06,1.06,1.06,20000.0,22800.0
2002-01-16,1.06,1.06,1.06,1.06,20000.0,22800.0
2002-01-17,1.06,1.06,1.06,1.06,20000.0,22800.0
2002-01-18,1.06,1.06,1.06,1.06,20000.0,22800.0
2002-01-21,1.1,1.12,1.1,1.12,52500.0,58300.0
2002-01-22,1.12,1.12,1.12,1.12,52500.0,58300.0
2002-01-23,1.1,1.08,1.08,1.08,52500.0,58300.0
2002-01-24,1.0,1.0,1.0,1.0,52500.0,58300.0
2002-01-25,1.06,1.06,1.06,1.04,30000.0,31800.0
2002-01-28,1.0,1.0,1.0,1.0,30000.0,31800.0
2002-01-29,1.0,1.0,1.0,1.0,30000.0,31800.0
2002-01-30,1.06,1.08,1.0,1.0,50000.0,52800.0
2002-01-31,1.06,1.06,1.06,1.0,20000.0,21200.0
2002-02-01,0.94,1.0,1.0,1.0,20000.0,21200.0
2002-02-04,0.96,1.0,1.0,1.0,20000.0,21200.0
2002-02-05,1.0,1.0,1.0,1.0,20000.0,21200.0
2002-02-06,0.9,1.0,1.0,1.0,20000.0,21200.0
2002-02-07,0.94,1.0,1.0,1.0,20000.0,21200.0
2002-02-08,1.0,1.0,1.0,1.0,20000.0,21200.0
2002-02-11,1.0,1.08,1.0,1.08,100000.0,106000.0
2002-02-15,1.08,1.08,1.08,1.08,100000.0,106000.0
2002-02-18,1.08,1.08,1.08,1.08,100000.0,106000.0
2002-02-19,1.0,1.04,1.04,1.04,100000.0,106000.0
2002-02-20,0.9,1.0,1.0,1.0,100000.0,106000.0
2002-02-21,0.93,0.93,0.93,0.97,10000.0,9300.0
2002-02-22,0.84,0.99,0.99,0.99,10000.0,9300.0
2002-02-25,0.86,0.99,0.99,0.99,10000.0,9300.0
2002-02-26,0.94,0.94,0.94,0.94,60000.0,56400.0
2002-02-27,0.93,0.94,0.88,0.94,110000.0,100200.0
2002-02-28,0.94,0.94,0.94,0.94,110000.0,100200.0
2002-03-01,0.86,0.93,0.86,0.93,30000.0,26500.0
2002-03-04,0.92,0.92,0.92,0.92,30000.0,26500.0
2002-03-05,0.86,0.92,0.92,0.92,30000.0,26500.0
2002-03-06,0.8,0.92,0.92,0.92,30000.0,26500.0
2002-03-07,0.85,0.85,0.85,0.85,10000.0,8500.0
2002-03-08,0.85,0.97,0.84,0.84,62500.0,55625.0
2002-03-11,0.78,0.84,0.84,0.84,0.0,0.0
2002-03-12,0.84,0.84,0.84,0.84,0.0,0.0
2002-03-13,0.84,0.84,0.84,0.84,0.0,0.0
2002-03-14,0.76,0.84,0.84,0.84,0.0,0.0
2002-03-15,0.84,0.84,0.84,0.84,0.0,0.0
2002-03-18,0.91,0.91,0.91,0.9,100000.0,91000.0
2002-03-19,0.8,0.88,0.88,0.88,0.0,0.0
2002-03-20,0.74,0.84,0.84,0.84,0.0,0.0
2002-03-21,0.84,0.84,0.8,0.84,90500.0,74080.0
2002-03-22,0.9,0.9,0.9,0.84,35000.0,31000.0
2002-03-25,0.76,0.84,0.84,0.84,0.0,0.0
2002-03-26,0.85,0.85,0.85,0.85,50000.0,42500.0
2002-03-27,0.81,0.81,0.79,0.82,91000.0,72750.0
2002-03-28,0.82,0.82,0.82,0.82,0.0,0.0
2002-04-02,0.82,0.82,0.82,0.82,0.0,0.0
2002-04-03,0.82,0.82,0.82,0.82,0.0,0.0
2002-04-04,0.82,0.82,0.82,0.82,0.0,0.0
2002-04-08,0.82,0.82,0.82,0.82,0.0,0.0
2002-04-09,0.75,0.79,0.74,0.79,100000.0,75000.0
2002-04-10,0.72,0.78,0.72,0.78,32500.0,23900.0
2002-04-11,0.72,0.72,0.72,0.72,20000.0,14400.0
2002-04-12,0.72,0.72,0.72,0.72,0.0,0.0
2002-04-15,0.72,0.72,0.72,0.72,0.0,0.0
2002-04-16,0.74,0.74,0.74,0.74,10000.0,7400.0
2002-04-17,0.74,0.74,0.74,0.74,80000.0,59200.0
2002-04-18,0.8,1.04,0.8,1.0,313000.0,286800.0
2002-04-19,1.0,1.0,1.0,1.0,0.0,0.0
2002-04-22,1.0,1.0,1.0,1.0,0.0,0.0
2002-04-23,1.0,1.0,1.0,1.0,0.0,0.0
2002-04-24,1.0,1.0,1.0,1.0,0.0,0.0
2002-04-25,1.0,1.0,1.0,1.0,0.0,0.0
2002-04-26,1.0,1.0,1.0,1.0,0.0,0.0
2002-04-29,1.0,1.0,1.0,1.0,0.0,0.0
2002-04-30,1.0,1.0,1.0,1.0,0.0,0.0
2002-05-02,1.0,1.0,1.0,1.0,0.0,0.0
2002-05-03,1.1,1.1,0.92,0.9,115000.0,113500.0
2002-05-06,0.84,0.84,0.57,0.7,658000.0,430650.0
2002-05-07,0.7,0.78,0.67,0.78,140000.0,99700.0
2002-05-08,0.77,0.77,0.63,0.67,120000.0,82400.0
2002-05-09,0.6,0.66,0.64,0.68,57500.0,37100.0
2002-05-10,0.6,0.68,0.68,0.68,0.0,0.0
2002-05-13,0.62,0.74,0.62,0.74,260000.0,181800.0
2002-05-14,0.62,0.9,0.8,0.8,213500.0,178500.0
2002-05-15,0.8,0.8,0.8,0.8,66500.0,52290.0
2002-05-16,0.8,0.84,0.8,0.84,85000.0,68200.0
2002-05-17,0.82,0.82,0.82,0.82,97000.0,78634.0
2002-05-21,0.82,0.82,0.82,0.82,0.0,0.0
2002-05-22,0.78,0.78,0.78,0.78,0.0,0.0
2002-05-23,0.68,0.76,0.76,0.76,0.0,0.0
2002-05-24,0.68,0.83,0.68,0.78,450000.0,340800.0
2002-05-27,0.77,0.77,0.77,0.77,0.0,0.0
2002-05-28,0.64,0.77,0.77,0.77,0.0,0.0
2002-05-29,0.77,0.77,0.77,0.77,0.0,0.0
2002-05-30,0.77,0.77,0.77,0.77,0.0,0.0
2002-05-31,0.77,0.77,0.77,0.77,0.0,0.0
2002-06-03,0.77,0.77,0.77,0.77,0.0,0.0
2002-06-04,0.69,0.77,0.77,0.77,0.0,0.0
2002-06-05,0.77,0.77,0.77,0.77,0.0,0.0
2002-06-06,0.77,0.77,0.77,0.77,0.0,0.0
2002-06-07,0.77,0.77,0.77,0.77,0.0,0.0
2002-06-10,0.76,0.76,0.76,0.76,0.0,0.0
2002-06-11,0.76,0.76,0.76,0.76,0.0,0.0
2002-06-12,0.76,0.76,0.76,0.76,0.0,0.0
2002-06-13,0.74,0.74,0.74,0.74,0.0,0.0
2002-06-14,0.74,0.74,0.74,0.74,0.0,0.0
2002-06-17,0.64,0.74,0.74,0.74,0.0,0.0
2002-06-18,0.74,0.74,0.74,0.74,0.0,0.0
2002-06-19,0.74,0.74,0.74,0.74,0.0,0.0
2002-06-20,0.74,0.74,0.74,0.74,0.0,0.0
2002-06-21,0.6,0.74,0.74,0.74,0.0,0.0
2002-06-24,0.79,0.79,0.73,0.74,45000.0,33700.0
2002-06-25,0.74,0.74,0.74,0.74,0.0,0.0
2002-06-26,0.74,0.74,0.74,0.74,0.0,0.0
2002-06-27,0.74,0.74,0.74,0.74,3000.0,0.0
2002-06-28,0.74,0.74,0.74,0.74,0.0,0.0
2002-07-02,0.74,0.74,0.74,0.74,0.0,0.0
2002-07-03,0.74,0.74,0.74,0.74,0.0,0.0
2002-07-04,0.74,0.74,0.74,0.74,0.0,0.0
2002-07-05,0.74,0.74,0.74,0.74,0.0,0.0
2002-07-08,0.74,0.74,0.74,0.74,0.0,0.0
2002-07-09,0.74,0.74,0.74,0.74,0.0,0.0
2002-07-10,0.1,0.65,0.41,0.465,502453000.0,51269380.0
2002-07-11,0.445,0.445,0.3,0.31,6657000.0,2135750.0
2002-07-12,0.31,0.325,0.3,0.315,31197500.0,9724238.0
2002-07-15,0.325,0.33,0.3,0.32,11186500.0,3460715.0
2002-07-16,0.32,0.33,0.3,0.325,16552500.0,5223175.0
2002-07-17,0.31,0.325,0.31,0.325,3750000.0,1212700.0
2002-07-18,0.325,0.345,0.325,0.345,9848000.0,3309960.0
2002-07-19,0.3,0.35,0.33,0.35,15366300.0,5309240.0
2002-07-22,0.355,0.365,0.35,0.36,11360000.0,4066100.0
2002-07-23,0.36,0.38,0.36,0.375,9485000.0,3508925.0
2002-07-24,0.38,0.38,0.36,0.37,3315000.0,1228600.0
2002-07-25,0.37,0.39,0.365,0.38,15268280.0,5826045.0
2002-07-26,0.38,0.385,0.345,0.38,5476500.0,2027360.0
2002-07-29,0.38,0.41,0.38,0.41,13252400.0,5264735.0
2002-07-30,0.41,0.43,0.41,0.425,17744250.0,7440771.0
2002-07-31,0.425,0.435,0.35,0.405,14346500.0,5873285.0
2002-08-01,0.4,0.4,0.38,0.4,9366000.0,3670300.0
2002-08-02,0.35,0.4,0.38,0.395,5716500.0,2240315.0
2002-08-05,0.385,0.385,0.37,0.375,3065000.0,1165650.0
2002-08-06,0.36,0.375,0.335,0.36,11884000.0,4173285.0
2002-08-07,0.36,0.39,0.355,0.39,30570500.0,11443630.0
2002-08-08,0.4,0.415,0.39,0.41,20624000.0,8356785.0
2002-08-09,0.41,0.45,0.41,0.45,30543000.0,13425990.0
2002-08-12,0.45,0.46,0.445,0.45,13845000.0,6312600.0
2002-08-13,0.445,0.465,0.425,0.455,31680000.0,14066780.0
2002-08-14,0.45,0.455,0.45,0.45,1402800.0,632026.0
2002-08-15,0.45,0.465,0.445,0.45,18835000.0,8546950.0
2002-08-16,0.45,0.46,0.445,0.455,4406800.0,2003349.0
2002-08-19,0.45,0.45,0.425,0.435,13360000.0,5840000.0
2002-08-20,0.435,0.47,0.43,0.47,34025000.0,15343220.0
2002-08-21,0.47,0.48,0.465,0.475,21795000.0,10274180.0
2002-08-22,0.47,0.51,0.47,0.485,26645000.0,13007450.0
2002-08-23,0.485,0.485,0.46,0.46,3330000.0,1572150.0
2002-08-26,0.455,0.465,0.455,0.46,5620000.0,2592100.0
2002-08-27,0.455,0.465,0.455,0.465,6188000.0,2846270.0
2002-08-28,0.455,0.465,0.45,0.455,12790500.0,5834143.0
2002-08-29,0.42,0.455,0.445,0.45,5717000.0,2571115.0
2002-08-30,0.45,0.455,0.445,0.445,4220000.0,1906600.0
2002-09-02,0.45,0.45,0.415,0.43,10910000.0,4663600.0
2002-09-03,0.43,0.44,0.425,0.435,10470000.0,4534975.0
2002-09-04,0.415,0.44,0.425,0.44,65000.0,27725.0
2002-09-05,0.43,0.44,0.425,0.44,1520000.0,657650.0
2002-09-06,0.4,0.44,0.43,0.435,153550.0,66670.0
2002-09-09,0.43,0.44,0.425,0.43,3503500.0,1517953.0
2002-09-10,0.42,0.445,0.42,0.43,5673000.0,2429745.0
2002-09-11,0.385,0.43,0.43,0.43,0.0,0.0
2002-09-12,0.44,0.44,0.42,0.425,2255000.0,957100.0
2002-09-13,0.42,0.42,0.41,0.42,1105000.0,459100.0
2002-09-16,0.415,0.43,0.415,0.43,542000.0,225120.0
2002-09-17,0.425,0.43,0.41,0.425,905000.0,380375.0
2002-09-18,0.41,0.415,0.405,0.415,635000.0,259900.0
2002-09-19,0.42,0.42,0.405,0.41,340000.0,138800.0
2002-09-20,0.405,0.405,0.395,0.4,1510000.0,604550.0
2002-09-23,0.405,0.41,0.4,0.41,603000.0,244540.0
2002-09-24,0.405,0.41,0.4,0.41,14981000.0,6081865.0
2002-09-25,0.405,0.41,0.4,0.41,14885500.0,6041618.0
2002-09-26,0.4,0.43,0.4,0.425,12855000.0,5226200.0
2002-09-27,0.435,0.435,0.42,0.435,160000.0,67500.0
2002-09-30,0.435,0.435,0.435,0.435,20000.0,8700.0
2002-10-02,0.415,0.435,0.415,0.435,380000.0,160350.0
2002-10-03,0.43,0.425,0.415,0.425,630000.0,269250.0
2002-10-04,0.385,0.43,0.43,0.43,201500.0,86578.0
2002-10-07,0.43,0.43,0.43,0.43,0.0,0.0
2002-10-08,0.415,0.425,0.415,0.425,1909700.0,801457.0
2002-10-09,0.395,0.42,0.42,0.42,102500.0,42988.0
2002-10-10,0.38,0.415,0.4,0.4,162000.0,66010.0
2002-10-11,0.425,0.425,0.4,0.415,270000.0,110000.0
2002-10-15,0.41,0.425,0.41,0.42,320000.0,133000.0
2002-10-16,0.415,0.425,0.415,0.425,270000.0,113550.0
2002-10-17,0.38,0.44,0.415,0.415,130800.0,56154.0
2002-10-18,0.415,0.46,0.415,0.455,24325000.0,10714200.0
2002-10-21,0.45,0.475,0.45,0.47,25162500.0,11706520.0
2002-10-22,0.47,0.475,0.445,0.45,30985000.0,14336780.0
2002-10-23,0.41,0.45,0.45,0.45,0.0,0.0
2002-10-24,0.41,0.45,0.425,0.445,230750.0,98358.0
2002-10-25,0.42,0.435,0.42,0.435,300000.0,127750.0
2002-10-28,0.405,0.405,0.405,0.405,5000.0,2025.0
2002-10-29,0.405,0.405,0.405,0.405,150000.0,60750.0
2002-10-30,0.4,0.425,0.4,0.425,105000.0,42175.0
2002-10-31,0.425,0.44,0.425,0.435,100000.0,43550.0
2002-11-01,0.405,0.43,0.405,0.425,250000.0,102500.0
2002-11-04,0.405,0.42,0.405,0.42,55000.0,23025.0
2002-11-05,0.39,0.42,0.42,0.42,0.0,0.0
2002-11-06,0.385,0.435,0.405,0.435,195250.0,79296.0
2002-11-07,0.415,0.415,0.415,0.415,140000.0,58100.0
2002-11-08,0.41,0.415,0.41,0.415,5337000.0,2188530.0
2002-11-11,0.4,0.4,0.4,0.4,3207700.0,1283013.0
2002-11-12,0.4,0.405,0.32,0.405,6928500.0,2758725.0
2002-11-13,0.4,0.4,0.395,0.4,6360000.0,2543475.0
2002-11-14,0.4,0.43,0.4,0.41,9045000.0,3667500.0
2002-11-15,0.4,0.4,0.4,0.4,200000.0,80000.0
2002-11-18,0.395,0.42,0.395,0.42,50000.0,20000.0
2002-11-19,0.395,0.415,0.395,0.415,350500.0,139988.0
2002-11-20,0.39,0.41,0.39,0.41,406000.0,160320.0
2002-11-21,0.375,0.41,0.41,0.41,0.0,0.0
2002-11-22,0.39,0.4,0.39,0.4,545000.0,214525.0
2002-11-25,0.39,0.4,0.38,0.4,428700.0,167832.0
2002-11-26,0.4,0.4,0.4,0.4,0.0,0.0
2002-11-27,0.39,0.4,0.385,0.4,305000.0,118000.0
2002-11-28,0.395,0.405,0.385,0.405,531000.0,208910.0
2002-11-29,0.395,0.4,0.39,0.4,221500.0,87055.0
2002-12-02,0.38,0.42,0.38,0.42,500000.0,193650.0
2002-12-03,0.41,0.41,0.41,0.41,121000.0,49580.0
2002-12-04,0.385,0.4,0.385,0.4,41000.0,16135.0
2002-12-05,0.36,0.41,0.385,0.41,74750.0,29360.0
2002-12-06,0.39,0.395,0.38,0.395,530000.0,206050.0
2002-12-09,0.36,0.4,0.39,0.4,108600.0,42546.0
2002-12-10,0.395,0.4,0.395,0.4,65000.0,25700.0
2002-12-11,0.36,0.4,0.385,0.4,46000.0,17985.0
2002-12-12,0.36,0.4,0.4,0.4,0.0,0.0
2002-12-13,0.38,0.38,0.38,0.38,50000.0,19000.0
2002-12-16,0.385,0.405,0.38,0.405,9065000.0,3571125.0
2002-12-17,0.4,0.41,0.39,0.41,10845000.0,4353525.0
2002-12-18,0.42,0.42,0.4,0.4,2210424.0,896818.0
2002-12-19,0.37,0.4,0.39,0.4,4082000.0,1632590.0
2002-12-20,0.39,0.4,0.39,0.4,151000.0,59870.0
2002-12-23,0.39,0.4,0.39,0.4,106000.0,41620.0
2002-12-24,0.375,0.4,0.375,0.385,90000.0,34525.0
2002-12-27,0.42,0.42,0.42,0.4,5000.0,2100.0
2002-12-30,0.35,0.405,0.38,0.405,311000.0,121050.0
2002-12-31,0.38,0.39,0.37,0.385,420000.0,158800.0
2003-01-02,0.4,0.4,0.38,0.4,112500.0,44100.0
2003-01-03,0.375,0.375,0.375,0.375,50000.0,18750.0
2003-01-06,0.34,0.385,0.38,0.385,102500.0,39100.0
2003-01-07,0.385,0.385,0.375,0.38,165000.0,62875.0
2003-01-08,0.38,0.4,0.38,0.4,55000.0,21700.0
2003-01-09,0.38,0.38,0.38,0.39,85000.0,32300.0
2003-01-10,0.375,0.375,0.375,0.38,20500.0,7680.0
2003-01-13,0.4,0.4,0.4,0.4,41000.0,16350.0
2003-01-14,0.4,0.4,0.4,0.4,0.0,0.0
2003-01-15,0.375,0.4,0.375,0.37,317500.0,119125.0
2003-01-16,0.345,0.39,0.39,0.39,7500.0,2813.0
2003-01-17,0.38,0.39,0.38,0.39,10000.0,3850.0
2003-01-20,0.39,0.39,0.39,0.39,0.0,0.0
2003-01-21,0.34,0.39,0.39,0.39,0.0,0.0
2003-01-22,0.39,0.39,0.39,0.39,0.0,0.0
2003-01-23,0.35,0.405,0.365,0.405,111500.0,43575.0
2003-01-24,0.35,0.395,0.395,0.395,0.0,0.0
2003-01-27,0.365,0.39,0.365,0.39,295000.0,110800.0
2003-01-28,0.395,0.395,0.36,0.395,110000.0,43100.0
2003-01-29,0.39,0.39,0.38,0.39,300000.0,115500.0
2003-01-30,0.39,0.405,0.39,0.4,210000.0,84350.0
2003-02-04,0.4,0.405,0.38,0.405,605000.0,239900.0
2003-02-05,0.405,0.42,0.39,0.43,1180000.0,465400.0
2003-02-06,0.4,0.4,0.4,0.4,11500.0,4570.0
2003-02-07,0.4,0.41,0.4,0.4,315000.0,127050.0
2003-02-10,0.41,0.45,0.41,0.45,490000.0,208600.0
2003-02-11,0.45,0.45,0.45,0.45,0.0,0.0
2003-02-12,0.455,0.53,0.455,0.53,187282300.0,93785750.0
2003-02-13,0.54,0.57,0.53,0.55,85096000.0,46787540.0
2003-02-14,0.55,0.57,0.53,0.55,45850000.0,25181700.0
2003-02-17,0.55,0.6,0.54,0.59,51346500.0,29539760.0
2003-02-18,0.58,0.61,0.58,0.6,27170000.0,16360600.0
2003-02-19,0.61,0.61,0.57,0.58,28650500.0,16670420.0
2003-02-20,0.58,0.59,0.57,0.58,40923500.0,23893190.0
2003-02-21,0.59,0.59,0.58,0.59,30075000.0,17551500.0
2003-02-24,0.58,0.62,0.58,0.62,34850000.0,21225450.0
2003-02-25,0.61,0.62,0.59,0.59,22500000.0,13561300.0
2003-02-26,0.59,0.61,0.59,0.6,18520000.0,11047100.0
2003-02-27,0.59,0.63,0.58,0.63,27064500.0,16379460.0
2003-02-28,0.64,0.65,0.61,0.62,19573000.0,12250410.0
2003-03-03,0.62,0.63,0.6,0.62,24200000.0,14813000.0
2003-03-04,0.6,0.61,0.59,0.6,10895200.0,6538870.0
2003-03-05,0.6,0.61,0.59,0.59,11957500.0,7154825.0
2003-03-06,0.59,0.61,0.59,0.59,15566000.0,9318650.0
2003-03-07,0.59,0.61,0.59,0.59,10624500.0,6302630.0
2003-03-10,0.58,0.59,0.56,0.58,12083990.0,6938480.0
2003-03-11,0.57,0.58,0.54,0.55,18386000.0,10285760.0
2003-03-12,0.55,0.59,0.54,0.58,20005000.0,11311200.0
2003-03-13,0.57,0.59,0.55,0.56,10990500.0,6215865.0
2003-03-14,0.56,0.59,0.56,0.57,11871000.0,6834130.0
2003-03-17,0.57,0.57,0.55,0.56,3130000.0,1750300.0
2003-03-18,0.56,0.56,0.56,0.56,0.0,0.0
2003-03-19,0.56,0.59,0.56,0.58,134055000.0,74408100.0
2003-03-20,0.58,0.59,0.56,0.58,19705000.0,11344700.0
2003-03-21,0.57,0.59,0.56,0.57,11653500.0,6694755.0
2003-03-24,0.57,0.58,0.56,0.57,4975000.0,2801400.0
2003-03-25,0.56,0.57,0.56,0.57,640000.0,360400.0
2003-03-26,0.57,0.58,0.57,0.58,700000.0,400000.0
2003-03-27,0.57,0.57,0.56,0.56,3300000.0,1854000.0
2003-03-28,0.57,0.63,0.57,0.61,44222000.0,26893480.0
2003-03-31,0.61,0.61,0.61,0.61,0.0,0.0
2003-04-01,0.61,0.61,0.61,0.61,0.0,0.0
2003-04-02,0.61,0.61,0.61,0.61,0.0,0.0
2003-04-03,0.61,0.61,0.61,0.61,0.0,0.0
2003-04-04,0.61,0.61,0.61,0.61,0.0,0.0
2003-04-07,0.64,0.67,0.63,0.65,66091000.0,42997050.0
2003-04-08,0.64,0.65,0.63,0.63,18125000.0,11523950.0
2003-04-09,0.63,0.63,0.6,0.62,28252500.0,17377900.0
2003-04-10,0.62,0.62,0.6,0.61,21016000.0,12770710.0
2003-04-11,0.6,0.62,0.6,0.61,21450000.0,13029800.0
2003-04-14,0.6,0.61,0.58,0.59,11085000.0,6643200.0
2003-04-15,0.59,0.62,0.59,0.62,23735000.0,14332600.0
2003-04-16,0.62,0.63,0.61,0.63,13844000.0,8655430.0
2003-04-17,0.62,0.64,0.61,0.62,15020000.0,9349000.0
2003-04-22,0.62,0.62,0.6,0.61,3595000.0,2172300.0
2003-04-23,0.61,0.61,0.57,0.59,10350000.0,6114100.0
2003-04-24,0.59,0.59,0.57,0.58,4505500.0,2599615.0
2003-04-25,0.57,0.58,0.56,0.56,6960000.0,3961450.0
2003-04-28,0.56,0.58,0.56,0.58,5616500.0,3203430.0
2003-04-29,0.58,0.6,0.58,0.6,11205000.0,6638250.0
2003-04-30,0.59,0.6,0.58,0.58,2800000.0,1640700.0
2003-05-02,0.58,0.58,0.58,0.58,650000.0,377000.0
2003-05-05,0.58,0.58,0.57,0.58,232500.0,133250.0
2003-05-06,0.56,0.58,0.56,0.57,932000.0,524665.0
2003-05-07,0.56,0.57,0.56,0.57,285000.0,160200.0
2003-05-09,0.57,0.58,0.56,0.57,1795000.0,1015150.0
2003-05-12,0.52,0.58,0.58,0.58,515400.0,298653.0
2003-05-13,0.57,0.57,0.56,0.56,1710000.0,962000.0
2003-05-14,0.56,0.56,0.56,0.56,940000.0,526400.0
2003-05-15,0.52,0.57,0.56,0.57,750400.0,422008.0
2003-05-16,0.57,0.58,0.57,0.58,1230000.0,701500.0
2003-05-19,0.58,0.58,0.57,0.58,586500.0,337110.0
2003-05-20,0.57,0.58,0.57,0.58,510000.0,292200.0
2003-05-21,0.57,0.58,0.57,0.58,1217500.0,704025.0
2003-05-22,0.58,0.6,0.58,0.6,18930000.0,11229050.0
2003-05-23,0.6,0.61,0.6,0.61,14008300.0,8447640.0
2003-05-26,0.6,0.6,0.58,0.58,4860550.0,2868953.0
2003-05-27,0.58,0.59,0.57,0.58,4865000.0,2801700.0
2003-05-28,0.6,0.62,0.58,0.62,11004700.0,6622058.0
2003-05-29,0.61,0.62,0.6,0.62,14896500.0,9095840.0
2003-05-30,0.61,0.61,0.6,0.6,8890000.0,5391900.0
2003-06-02,0.6,0.61,0.6,0.61,3952500.0,2374875.0
2003-06-03,0.6,0.61,0.59,0.61,7515000.0,4508900.0
2003-06-05,0.61,0.62,0.6,0.61,6135500.0,3719465.0
2003-06-06,0.6,0.6,0.59,0.6,2655000.0,1577200.0
2003-06-09,0.6,0.61,0.58,0.61,3565000.0,2124550.0
2003-06-10,0.61,0.61,0.59,0.6,3265000.0,1950100.0
2003-06-11,0.6,0.61,0.6,0.61,3805000.0,2288500.0
2003-06-12,0.6,0.64,0.6,0.63,15010000.0,9297000.0
2003-06-13,0.63,0.65,0.61,0.65,31865000.0,20095350.0
2003-06-16,0.64,0.65,0.63,0.64,7170000.0,4562300.0
2003-06-17,0.64,0.65,0.64,0.65,7593500.0,4892600.0
2003-06-18,0.64,0.64,0.62,0.64,5250000.0,3290800.0
2003-06-19,0.63,0.64,0.63,0.64,1120000.0,707100.0
2003-06-20,0.64,0.65,0.63,0.65,2327500.0,1485750.0
2003-06-23,0.63,0.63,0.62,0.62,1901500.0,1191570.0
2003-06-24,0.61,0.64,0.61,0.63,5790000.0,3628250.0
2003-06-25,0.63,0.63,0.61,0.63,2830000.0,1755450.0
2003-06-26,0.63,0.63,0.62,0.63,2372500.0,1485850.0
2003-06-27,0.62,0.64,0.62,0.64,2555000.0,1622650.0
2003-06-30,0.64,0.65,0.62,0.64,2760000.0,1744400.0
2003-07-02,0.63,0.64,0.63,0.64,5069500.0,3222855.0
2003-07-03,0.64,0.66,0.64,0.66,12276000.0,7913310.0
2003-07-04,0.66,0.67,0.64,0.65,13024800.0,8497328.0
2003-07-07,0.66,0.68,0.65,0.66,17490000.0,11500400.0
2003-07-08,0.66,0.68,0.65,0.67,12127500.0,8016650.0
2003-07-09,0.67,0.67,0.65,0.66,10783000.0,7098860.0
2003-07-10,0.65,0.66,0.64,0.65,10520000.0,6792950.0
2003-07-11,0.64,0.66,0.64,0.66,10425000.0,6850000.0
2003-07-14,0.66,0.68,0.65,0.68,20480000.0,13617800.0
2003-07-15,0.67,0.7,0.65,0.67,29142000.0,19292940.0
2003-07-16,0.66,0.68,0.65,0.67,15781120.0,10482490.0
2003-07-17,0.66,0.67,0.65,0.67,10505000.0,6974950.0
2003-07-18,0.67,0.68,0.66,0.68,9845000.0,6540050.0
2003-07-21,0.68,0.68,0.66,0.66,5775000.0,3813600.0
2003-07-22,0.67,0.67,0.64,0.66,14030000.0,9064700.0
2003-07-23,0.65,0.66,0.64,0.65,8280000.0,5378400.0
2003-07-24,0.65,0.66,0.64,0.65,10450000.0,6771300.0
2003-07-25,0.64,0.65,0.64,0.65,6885000.0,4466500.0
2003-07-28,0.65,0.67,0.65,0.67,10964000.0,7170840.0
2003-07-29,0.67,0.7,0.67,0.68,17860000.0,12143000.0
2003-07-30,0.68,0.69,0.67,0.68,7530000.0,5116500.0
2003-07-31,0.68,0.69,0.67,0.68,14300000.0,9633300.0
2003-08-01,0.68,0.69,0.67,0.69,24375000.0,16564900.0
2003-08-04,0.7,0.7,0.68,0.69,12810000.0,8732600.0
2003-08-05,0.69,0.71,0.69,0.7,11902000.0,8302900.0
2003-08-06,0.7,0.7,0.69,0.7,8545000.0,5928800.0
2003-08-07,0.7,0.7,0.69,0.68,8034000.0,5545560.0
2003-08-08,0.69,0.71,0.68,0.7,9415589.0,6557244.0
2003-08-11,0.7,0.71,0.69,0.7,6530000.0,4558500.0
2003-08-12,0.7,0.72,0.69,0.72,18681500.0,13190810.0
2003-08-13,0.71,0.75,0.71,0.74,28841500.0,20911520.0
2003-08-14,0.74,0.75,0.72,0.74,15168410.0,11072140.0
2003-08-15,0.73,0.74,0.72,0.73,9122623.0,6607696.0
2003-08-18,0.74,0.76,0.73,0.75,41605000.0,30909550.0
2003-08-19,0.75,0.76,0.73,0.74,25630000.0,19154650.0
2003-08-20,0.74,0.75,0.72,0.75,20577500.0,15145850.0
2003-08-21,0.74,0.75,0.69,0.73,31760000.0,22680850.0
2003-08-22,0.71,0.73,0.7,0.72,17337000.0,12411870.0
2003-08-25,0.71,0.73,0.7,0.7,13430000.0,9563700.0
2003-08-26,0.7,0.71,0.68,0.7,16205000.0,11258050.0
2003-08-27,0.7,0.72,0.69,0.71,10941500.0,7727190.0
2003-08-28,0.71,0.72,0.7,0.72,11762900.0,8298949.0
2003-08-29,0.71,0.73,0.71,0.72,12026000.0,8671020.0
2003-09-01,0.72,0.75,0.72,0.74,11260000.0,8265500.0
2003-09-02,0.74,0.75,0.72,0.74,14345000.0,10543700.0
2003-09-03,0.74,0.76,0.73,0.74,38725000.0,28608000.0
2003-09-04,0.74,0.78,0.7,0.72,40158500.0,28993740.0
2003-09-05,0.7,0.73,0.7,0.71,15471500.0,10977960.0
2003-09-08,0.71,0.73,0.68,0.73,30503750.0,21459420.0
2003-09-09,0.72,0.73,0.7,0.72,21665000.0,15515500.0
2003-09-10,0.72,0.76,0.72,0.75,22270000.0,16354100.0
2003-09-11,0.75,0.8,0.75,0.8,51298800.0,40185870.0
2003-09-15,0.8,0.81,0.79,0.81,31750500.0,25395680.0
2003-09-16,0.8,0.8,0.77,0.78,20248750.0,15845920.0
2003-09-17,0.78,0.78,0.78,0.78,0.0,0.0
2003-09-18,0.78,0.78,0.78,0.78,0.0,0.0
2003-09-19,0.76,0.77,0.7,0.73,804872000.0,566797200.0
2003-09-22,0.72,0.74,0.7,0.71,66025500.0,48328640.0
2003-09-23,0.71,0.73,0.71,0.71,38000000.0,27348250.0
2003-09-24,0.72,0.72,0.69,0.72,43340000.0,30638950.0
2003-09-25,0.71,0.73,0.68,0.7,56155000.0,40293850.0
2003-09-26,0.7,0.72,0.65,0.71,28825370.0,19797240.0
2003-09-29,0.71,0.72,0.69,0.7,12766000.0,8974090.0
2003-09-30,0.68,0.7,0.65,0.67,27800000.0,18804350.0
2003-10-02,0.68,0.71,0.68,0.69,47619000.0,33189300.0
2003-10-03,0.69,0.69,0.67,0.68,24820000.0,16905080.0
2003-10-06,0.68,0.68,0.6,0.61,28873750.0,18362910.0
2003-10-07,0.61,0.66,0.54,0.65,50040700.0,30020280.0
2003-10-08,0.66,0.73,0.66,0.72,44668580.0,30775100.0
2003-10-09,0.73,0.77,0.72,0.77,64276500.0,47823650.0
2003-10-10,0.77,0.77,0.77,0.77,0.0,0.0
2003-10-13,0.77,0.77,0.77,0.77,0.0,0.0
2003-10-14,0.77,0.77,0.77,0.77,0.0,0.0
2003-10-15,0.77,0.77,0.77,0.77,0.0,0.0
2003-10-16,0.8,0.84,0.77,0.8,111047000.0,89254870.0
2003-10-17,0.79,0.81,0.77,0.8,20841290.0,16455890.0
2003-10-20,0.8,0.81,0.76,0.78,43315600.0,33903220.0
2003-10-21,0.78,0.84,0.77,0.83,32890040.0,26339410.0
2003-10-22,0.83,0.91,0.83,0.9,119425000.0,104752400.0
2003-10-23,0.88,0.92,0.85,0.87,89433500.0,78873040.0
2003-10-24,0.88,0.88,0.81,0.85,34177500.0,28634380.0
2003-10-27,0.86,0.86,0.79,0.81,25942000.0,21254500.0
2003-10-28,0.83,0.83,0.77,0.82,26127100.0,20862980.0
2003-10-29,0.82,0.82,0.8,0.82,17730000.0,14328000.0
2003-10-30,0.8,0.82,0.79,0.82,21035000.0,16932850.0
2003-10-31,0.81,0.82,0.8,0.8,16712300.0,13461000.0
2003-11-03,0.8,0.83,0.8,0.82,39467000.0,31995740.0
2003-11-04,0.82,0.82,0.79,0.8,18835000.0,15119200.0
2003-11-05,0.8,0.81,0.76,0.77,32610460.0,25603780.0
2003-11-06,0.76,0.78,0.75,0.76,15262500.0,11613980.0
2003-11-07,0.75,0.79,0.75,0.78,23757000.0,18325940.0
2003-11-10,0.78,0.79,0.76,0.76,17376500.0,13380060.0
2003-11-11,0.76,0.78,0.75,0.76,30027500.0,22722080.0
2003-11-12,0.76,0.77,0.75,0.77,6606000.0,5024510.0
2003-11-13,0.77,0.79,0.76,0.79,19320000.0,15029750.0
2003-11-14,0.79,0.82,0.79,0.81,53755500.0,43011630.0
2003-11-17,0.8,0.82,0.79,0.82,29455000.0,23755050.0
2003-11-18,0.82,0.85,0.82,0.85,37127000.0,30878060.0
2003-11-19,0.84,0.86,0.82,0.85,25060000.0,21027050.0
2003-11-20,0.86,0.86,0.78,0.8,47855000.0,39048700.0
2003-11-21,0.79,0.8,0.78,0.8,14797500.0,11731680.0
2003-11-24,0.8,0.81,0.76,0.78,17848500.0,13872540.0
2003-11-25,0.78,0.8,0.77,0.77,8344196.0,6520947.0
2003-11-26,0.77,0.81,0.77,0.8,31800000.0,25176950.0
2003-11-27,0.8,0.81,0.79,0.8,14599000.0,11601720.0
2003-11-28,0.8,0.83,0.79,0.82,27870930.0,22735200.0
2003-12-01,0.82,0.85,0.82,0.85,25474500.0,21204900.0
2003-12-02,0.85,0.87,0.81,0.82,38293000.0,32196200.0
2003-12-03,0.83,0.83,0.82,0.83,19282500.0,15877700.0
2003-12-04,0.83,0.83,0.81,0.82,5102550.0,4157309.0
2003-12-05,0.82,0.82,0.79,0.81,13833350.0,11042780.0
2003-12-08,0.81,0.81,0.79,0.79,6555253.0,5221140.0
2003-12-09,0.78,0.83,0.79,0.83,39530000.0,31977350.0
2003-12-10,0.82,0.83,0.8,0.81,15335000.0,12446400.0
2003-12-11,0.81,0.83,0.81,0.82,12164500.0,9978270.0
2003-12-12,0.83,0.84,0.82,0.84,25842500.0,21413650.0
2003-12-15,0.85,0.85,0.81,0.82,21830000.0,18102700.0
2003-12-16,0.82,0.82,0.78,0.8,21960000.0,17447240.0
2003-12-17,0.8,0.8,0.76,0.78,22045000.0,17066120.0
2003-12-18,0.78,0.79,0.77,0.78,12398600.0,9682728.0
2003-12-19,0.78,0.8,0.78,0.79,5392500.0,4249450.0
2003-12-22,0.79,0.8,0.78,0.79,23020500.0,18275180.0
2003-12-23,0.79,0.8,0.77,0.78,11510000.0,9065900.0
2003-12-24,0.78,0.79,0.77,0.79,3005000.0,2332350.0
2003-12-29,0.78,0.79,0.77,0.79,10665000.0,8305400.0
2003-12-30,0.79,0.82,0.78,0.81,17320000.0,13816750.0
2003-12-31,0.8,0.81,0.79,0.8,6515000.0,5169900.0
2004-01-02,0.8,0.81,0.79,0.81,12625300.0,10077520.0
2004-01-05,0.81,0.84,0.81,0.84,39641000.0,32712920.0
2004-01-06,0.87,0.9,0.85,0.89,123047400.0,107512500.0
2004-01-07,0.89,0.94,0.89,0.94,85819100.0,78578190.0
2004-01-08,0.94,0.94,0.89,0.91,53407500.0,48628120.0
2004-01-09,0.9,0.92,0.88,0.91,25180000.0,22614450.0
2004-01-12,0.9,0.91,0.84,0.87,37025000.0,31993250.0
2004-01-13,0.87,0.89,0.85,0.87,39555000.0,34249560.0
2004-01-14,0.86,0.88,0.86,0.87,30941500.0,25186080.0
2004-01-15,0.87,0.88,0.84,0.86,26107000.0,22418550.0
2004-01-16,0.86,0.86,0.81,0.83,9543500.0,7852590.0
2004-01-19,0.83,0.83,0.79,0.83,4880000.0,3973700.0
2004-01-20,0.84,0.86,0.84,0.86,18260000.0,15461300.0
2004-01-21,0.86,0.88,0.85,0.87,35530140.0,30498860.0
2004-01-26,0.88,0.88,0.85,0.85,21490000.0,18480700.0
2004-01-27,0.86,0.89,0.85,0.88,21535000.0,18810050.0
2004-01-28,0.88,0.89,0.86,0.87,14575000.0,12721250.0
2004-01-29,0.87,0.87,0.84,0.86,7149000.0,6083190.0
2004-01-30,0.85,0.87,0.85,0.86,5680000.0,4847150.0
2004-02-02,0.86,0.86,0.83,0.84,2695000.0,2268150.0
2004-02-03,0.84,0.86,0.84,0.86,9545000.0,8069350.0
2004-02-04,0.86,0.87,0.84,0.86,4305000.0,3682050.0
2004-02-05,0.86,0.86,0.81,0.84,7170000.0,5958000.0
2004-02-06,0.84,0.86,0.83,0.85,3550000.0,3003200.0
2004-02-09,0.85,0.86,0.84,0.86,7975000.0,6803200.0
2004-02-10,0.86,0.86,0.84,0.85,12980000.0,11010400.0
2004-02-11,0.85,0.85,0.83,0.84,3965000.0,3313800.0
2004-02-12,0.83,0.84,0.83,0.84,3310000.0,2760300.0
2004-02-13,0.83,0.85,0.82,0.85,4916000.0,4109430.0
2004-02-16,0.85,0.87,0.84,0.86,40315000.0,34594450.0
2004-02-17,0.86,0.88,0.86,0.87,19517500.0,16920200.0
2004-02-18,0.88,0.88,0.85,0.86,10015000.0,8655200.0
2004-02-19,0.86,0.86,0.84,0.85,2420000.0,2059950.0
2004-02-20,0.85,0.85,0.82,0.83,5910000.0,4924100.0
2004-02-23,0.82,0.84,0.8,0.82,11460000.0,9314250.0
2004-02-24,0.82,0.86,0.82,0.86,68712500.0,57978550.0
2004-02-25,0.86,0.88,0.85,0.87,88965000.0,76320550.0
2004-02-26,0.87,0.9,0.85,0.9,105537800.0,92932890.0
2004-02-27,0.9,0.91,0.89,0.91,112719000.0,101034600.0
2004-03-01,0.93,0.95,0.91,0.93,121185000.0,112283200.0
2004-03-02,0.93,0.94,0.89,0.9,60605000.0,54842400.0
2004-03-03,0.89,0.91,0.87,0.89,14445000.0,12790300.0
2004-03-04,0.89,0.9,0.88,0.9,15044000.0,13433860.0
2004-03-05,0.9,0.92,0.89,0.91,18497000.0,16704600.0
2004-03-08,0.92,0.92,0.9,0.91,29684800.0,27031180.0
2004-03-09,0.91,0.93,0.9,0.93,86667000.0,79280660.0
2004-03-10,0.92,0.93,0.9,0.92,79455000.0,72821850.0
2004-03-11,0.91,0.92,0.89,0.9,15040000.0,13624000.0
2004-03-12,0.88,0.91,0.87,0.91,24835000.0,22056250.0
2004-03-15,0.91,0.97,0.91,0.96,45739000.0,43093240.0
2004-03-16,0.96,0.96,0.93,0.95,33523510.0,31613660.0
2004-03-17,0.96,0.98,0.94,0.98,31500000.0,30282900.0
2004-03-18,0.99,1.01,0.97,1.0,50631000.0,49937340.0
2004-03-19,1.0,1.01,0.98,0.99,13559000.0,13438730.0
2004-03-22,0.99,0.99,0.96,0.98,15790000.0,15352600.0
2004-03-23,0.97,0.99,0.97,0.99,14540000.0,14255150.0
2004-03-24,0.99,1.01,0.98,1.01,23425000.0,23320750.0
2004-03-25,1.01,1.01,0.99,1.0,15953000.0,15826950.0
2004-03-26,1.01,1.01,0.99,1.0,21095450.0,21031680.0
2004-03-29,1.0,1.01,0.98,1.0,6395000.0,6388200.0
2004-03-30,1.0,1.04,1.0,1.04,29970500.0,30608010.0
2004-03-31,1.04,1.05,1.02,1.04,18111500.0,18701180.0
2004-04-01,1.03,1.06,1.03,1.06,31405000.0,32686200.0
2004-04-02,1.06,1.09,1.05,1.08,35033500.0,37422100.0
2004-04-06,1.09,1.11,1.07,1.08,34135000.0,37312850.0
2004-04-07,1.08,1.09,0.98,1.03,36250000.0,37201700.0
2004-04-08,1.02,1.07,1.02,1.07,10631000.0,11040900.0
2004-04-13,1.07,1.07,1.04,1.07,7778500.0,8188500.0
2004-04-14,1.06,1.08,1.02,1.03,17666500.0,18544280.0
2004-04-15,1.03,1.05,0.98,1.02,13890000.0,13992000.0
2004-04-16,1.03,1.03,1.0,1.02,5150000.0,5208250.0
2004-04-19,1.02,1.03,0.98,1.0,6978500.0,6939775.0
2004-04-20,1.0,1.02,0.9,0.95,16015620.0,15648260.0
2004-04-21,0.9,0.93,0.86,0.93,27650250.0,24953660.0
2004-04-22,0.93,0.95,0.86,0.9,23285000.0,21032700.0
2004-04-23,0.93,0.93,0.9,0.91,5370000.0,4874800.0
2004-04-26,0.91,0.91,0.83,0.86,19890000.0,16958150.0
2004-04-27,0.87,0.9,0.81,0.84,17415000.0,14817150.0
2004-04-28,0.83,0.84,0.8,0.82,11045000.0,9025750.0
2004-04-29,0.78,0.78,0.73,0.74,12198000.0,9119390.0
2004-04-30,0.74,0.74,0.66,0.7,18160000.0,12609600.0
2004-05-03,0.69,0.74,0.69,0.74,22573000.0,16321390.0
2004-05-04,0.74,0.76,0.73,0.75,32557000.0,24122160.0
2004-05-05,0.75,0.77,0.75,0.76,14270000.0,10798500.0
2004-05-06,0.77,0.82,0.76,0.79,29205000.0,23040800.0
2004-05-07,0.78,0.79,0.77,0.77,6240000.0,4812500.0
2004-05-10,0.76,0.76,0.71,0.73,7808000.0,5666160.0
2004-05-11,0.72,0.74,0.71,0.73,5495000.0,3980200.0
2004-05-12,0.74,0.76,0.74,0.75,11631500.0,8646535.0
2004-05-13,0.75,0.76,0.73,0.74,8460000.0,6313600.0
2004-05-14,0.73,0.76,0.7,0.73,13620000.0,9831100.0
2004-05-17,0.73,0.73,0.67,0.71,5270000.0,3666450.0
2004-05-18,0.68,0.72,0.68,0.7,17140000.0,11919850.0
2004-05-19,0.72,0.76,0.72,0.74,26520000.0,19511000.0
2004-05-20,0.73,0.74,0.71,0.73,7672500.0,5584525.0
2004-05-21,0.73,0.75,0.68,0.75,36270000.0,26088500.0
2004-05-24,0.74,0.76,0.7,0.72,31525000.0,22784150.0
2004-05-25,0.71,0.72,0.68,0.7,20295000.0,14147400.0
2004-05-27,0.7,0.72,0.7,0.7,6030000.0,4256800.0
2004-05-28,0.7,0.7,0.7,0.7,0.0,0.0
2004-05-31,0.74,0.75,0.68,0.7,75460000.0,53210500.0
2004-06-01,0.7,0.76,0.7,0.76,57352000.0,42540210.0
2004-06-02,0.77,0.82,0.76,0.81,73445000.0,57708750.0
2004-06-03,0.82,0.84,0.78,0.8,81905000.0,65988850.0
2004-06-04,0.81,0.82,0.8,0.82,30645000.0,24639450.0
2004-06-07,0.82,0.84,0.81,0.84,44360000.0,36432550.0
2004-06-08,0.84,0.84,0.81,0.83,39089000.0,32086970.0
2004-06-09,0.81,0.82,0.77,0.8,35131750.0,27851050.0
2004-06-10,0.79,0.81,0.78,0.81,30055000.0,23973250.0
2004-06-11,0.81,0.81,0.79,0.81,27850000.0,22158400.0
2004-06-14,0.8,0.82,0.74,0.75,34640000.0,27258500.0
2004-06-15,0.75,0.75,0.69,0.72,35640000.0,25711050.0
2004-06-16,0.72,0.73,0.65,0.7,38555000.0,26632450.0
2004-06-17,0.69,0.69,0.61,0.62,69000000.0,43776150.0
2004-06-18,0.62,0.64,0.54,0.63,57719000.0,34231510.0
2004-06-21,0.65,0.66,0.6,0.65,26405000.0,16816650.0
2004-06-23,0.65,0.68,0.65,0.67,23560000.0,15610550.0
2004-06-24,0.67,0.68,0.64,0.67,35275000.0,23410350.0
2004-06-25,0.67,0.67,0.64,0.65,20200000.0,13156300.0
2004-06-28,0.64,0.65,0.62,0.63,6505000.0,4103450.0
2004-06-29,0.62,0.62,0.6,0.61,15570000.0,9502750.0
2004-06-30,0.61,0.63,0.6,0.62,32195000.0,19743300.0
2004-07-02,0.61,0.63,0.6,0.63,20145000.0,12474750.0
2004-07-05,0.62,0.64,0.61,0.63,27281000.0,16862830.0
2004-07-06,0.63,0.64,0.61,0.63,27980000.0,17492850.0
2004-07-07,0.63,0.65,0.62,0.65,44496500.0,28452040.0
2004-07-08,0.65,0.65,0.61,0.62,35650000.0,22275100.0
2004-07-09,0.61,0.62,0.56,0.59,26585000.0,15738100.0
2004-07-12,0.59,0.61,0.58,0.59,10972000.0,6507980.0
2004-07-13,0.59,0.59,0.56,0.58,10515000.0,5998200.0
2004-07-14,0.58,0.58,0.54,0.55,11025000.0,6125050.0
2004-07-15,0.54,0.56,0.53,0.54,9370000.0,5086800.0
2004-07-16,0.54,0.55,0.52,0.55,4110000.0,2204500.0
2004-07-19,0.55,0.55,0.51,0.54,21095000.0,11266700.0
2004-07-20,0.53,0.54,0.52,0.54,4912000.0,2619830.0
2004-07-21,0.54,0.54,0.52,0.54,19122000.0,10165810.0
2004-07-22,0.53,0.53,0.51,0.53,7030000.0,3654550.0
2004-07-23,0.52,0.53,0.51,0.52,11985000.0,6204700.0
2004-07-26,0.51,0.52,0.49,0.5,19635000.0,9769425.0
2004-07-27,0.5,0.5,0.475,0.485,10050000.0,4856050.0
2004-07-28,0.485,0.49,0.465,0.485,36585000.0,17423200.0
2004-07-29,0.48,0.49,0.475,0.49,10205000.0,4916775.0
2004-07-30,0.495,0.5,0.47,0.48,31315000.0,15132150.0
2004-08-02,0.48,0.48,0.435,0.465,20355000.0,9258450.0
2004-08-03,0.465,0.47,0.45,0.465,5955000.0,2742775.0
2004-08-04,0.455,0.46,0.45,0.46,6299000.0,2854370.0
2004-08-05,0.46,0.465,0.45,0.46,17246000.0,7885240.0
2004-08-06,0.455,0.46,0.45,0.455,6650000.0,3010350.0
2004-08-09,0.45,0.455,0.445,0.45,1870000.0,841850.0
2004-08-10,0.45,0.455,0.43,0.44,4593000.0,1998645.0
2004-08-11,0.44,0.44,0.405,0.415,21610750.0,9012821.0
2004-08-12,0.415,0.415,0.405,0.415,5755000.0,2359375.0
2004-08-13,0.405,0.405,0.39,0.4,3435000.0,1364100.0
2004-08-16,0.4,0.4,0.39,0.4,6200000.0,2446000.0
2004-08-17,0.4,0.415,0.4,0.405,15360000.0,6232625.0
2004-08-18,0.41,0.425,0.405,0.405,20300000.0,8389475.0
2004-08-19,0.415,0.42,0.41,0.415,9789000.0,4028765.0
2004-08-20,0.415,0.415,0.395,0.4,3900000.0,1570325.0
2004-08-23,0.4,0.4,0.37,0.375,6313000.0,2399615.0
2004-08-24,0.375,0.39,0.37,0.38,5545000.0,2122650.0
2004-08-25,0.39,0.395,0.38,0.39,7350000.0,2847500.0
2004-08-26,0.395,0.405,0.39,0.405,36786750.0,14770800.0
2004-08-27,0.405,0.405,0.38,0.39,11395000.0,4453275.0
2004-08-30,0.39,0.43,0.39,0.425,60645000.0,25029500.0
2004-08-31,0.425,0.43,0.405,0.41,26565000.0,11005900.0
2004-09-01,0.41,0.41,0.395,0.4,18988200.0,7584834.0
2004-09-02,0.405,0.405,0.39,0.4,10670000.0,4256550.0
2004-09-03,0.4,0.4,0.385,0.395,12625000.0,4923925.0
2004-09-06,0.39,0.39,0.385,0.39,4087500.0,1577350.0
2004-09-07,0.39,0.39,0.38,0.39,5115000.0,1972600.0
2004-09-08,0.39,0.39,0.37,0.38,23785000.0,8999700.0
2004-09-09,0.38,0.38,0.37,0.37,7820000.0,2900625.0
2004-09-10,0.365,0.37,0.345,0.37,9460000.0,3392050.0
2004-09-13,0.37,0.375,0.36,0.37,3705000.0,1352425.0
2004-09-14,0.37,0.37,0.36,0.37,4630000.0,1693775.0
2004-09-15,0.37,0.38,0.365,0.38,7554500.0,2817530.0
2004-09-16,0.38,0.395,0.38,0.395,15005000.0,5832250.0
2004-09-17,0.395,0.4,0.38,0.395,23661000.0,9195010.0
2004-09-20,0.395,0.395,0.37,0.38,17926500.0,6802933.0
2004-09-21,0.38,0.38,0.355,0.365,38632500.0,14126020.0
2004-09-22,0.365,0.375,0.365,0.37,36510000.0,13490780.0
2004-09-23,0.375,0.38,0.365,0.375,13600000.0,5091625.0
2004-09-24,0.39,0.39,0.37,0.375,32131000.0,12246200.0
2004-09-27,0.375,0.375,0.345,0.355,11195000.0,3977850.0
2004-09-28,0.345,0.355,0.345,0.345,7920000.0,2752200.0
2004-09-30,0.355,0.36,0.35,0.36,5105000.0,1816175.0
2004-10-04,0.355,0.37,0.355,0.37,5720000.0,2079975.0
2004-10-05,0.37,0.39,0.365,0.385,32732250.0,12374590.0
2004-10-06,0.385,0.385,0.365,0.37,11260030.0,4219961.0
2004-10-07,0.37,0.375,0.36,0.375,23620000.0,8639600.0
2004-10-08,0.38,0.43,0.38,0.425,152900000.0,62269600.0
2004-10-11,0.425,0.455,0.42,0.45,92684030.0,40927890.0
2004-10-12,0.45,0.455,0.435,0.45,46172500.0,20407940.0
2004-10-13,0.45,0.46,0.43,0.44,16414500.0,7234618.0
2004-10-14,0.44,0.44,0.415,0.425,11840000.0,5001125.0
2004-10-15,0.415,0.435,0.415,0.43,20881000.0,8878215.0
2004-10-18,0.43,0.43,0.405,0.42,8155000.0,3394175.0
2004-10-19,0.42,0.42,0.405,0.415,15178000.0,6253245.0
2004-10-20,0.41,0.415,0.39,0.395,19162000.0,7639690.0
2004-10-21,0.4,0.41,0.39,0.405,11636500.0,4666230.0
2004-10-25,0.4,0.4,0.385,0.395,4295700.0,1674552.0
2004-10-26,0.39,0.41,0.39,0.41,6725000.0,2700750.0
2004-10-27,0.41,0.415,0.4,0.41,4990000.0,2037375.0
2004-10-28,0.41,0.425,0.41,0.42,22155000.0,9275120.0
2004-10-29,0.4,0.41,0.39,0.405,7010000.0,2801075.0
2004-11-01,0.395,0.405,0.39,0.4,5480500.0,2165485.0
2004-11-02,0.4,0.41,0.375,0.4,33670000.0,13167080.0
2004-11-03,0.395,0.405,0.39,0.4,18485000.0,7340375.0
2004-11-04,0.4,0.41,0.39,0.405,46608000.0,18592280.0
2004-11-05,0.405,0.415,0.395,0.41,78925000.0,31371250.0
2004-11-08,0.41,0.41,0.395,0.4,8810000.0,3519000.0
2004-11-09,0.4,0.405,0.395,0.4,5262500.0,2104400.0
2004-11-10,0.395,0.405,0.39,0.405,31865000.0,12602300.0
2004-11-11,0.395,0.42,0.395,0.42,67037500.0,27443020.0
2004-11-12,0.425,0.425,0.41,0.415,25285000.0,10559520.0
2004-11-15,0.42,0.425,0.41,0.42,26530000.0,11073950.0
2004-11-16,0.42,0.44,0.42,0.42,46326000.0,19802460.0
2004-11-17,0.42,0.43,0.42,0.43,42070000.0,17518380.0
2004-11-18,0.43,0.435,0.425,0.43,30510000.0,12870300.0
2004-11-19,0.43,0.44,0.42,0.43,15218000.0,6500205.0
2004-11-22,0.42,0.425,0.41,0.425,11521000.0,4798145.0
2004-11-23,0.415,0.43,0.41,0.425,14723300.0,6145120.0
2004-11-24,0.425,0.425,0.41,0.42,9000000.0,3727400.0
2004-11-25,0.41,0.415,0.405,0.41,5982000.0,2446230.0
2004-11-26,0.41,0.415,0.395,0.4,10765000.0,4357950.0
2004-11-29,0.395,0.405,0.395,0.405,4817500.0,1922400.0
2004-11-30,0.405,0.41,0.4,0.405,4020500.0,1617390.0
2004-12-01,0.4,0.405,0.395,0.405,2286500.0,913488.0
2004-12-02,0.4,0.405,0.385,0.39,13272000.0,5188758.0
2004-12-03,0.39,0.39,0.375,0.385,8710000.0,3323825.0
2004-12-06,0.385,0.39,0.385,0.39,2165000.0,835225.0
2004-12-07,0.39,0.395,0.385,0.39,11767300.0,4589561.0
2004-12-08,0.39,0.39,0.375,0.385,3350167.0,1276985.0
2004-12-09,0.375,0.39,0.375,0.385,4110000.0,1562075.0
2004-12-10,0.385,0.385,0.375,0.38,513000.0,194480.0
2004-12-13,0.38,0.38,0.365,0.375,5710000.0,2103325.0
2004-12-14,0.37,0.38,0.37,0.38,2085000.0,785700.0
2004-12-15,0.38,0.385,0.38,0.38,2970000.0,1137100.0
2004-12-16,0.375,0.38,0.37,0.375,3775000.0,1400375.0
2004-12-17,0.375,0.375,0.365,0.365,3750000.0,1393225.0
2004-12-20,0.375,0.375,0.365,0.375,3845000.0,1420725.0
2004-12-21,0.375,0.375,0.365,0.365,1660000.0,613700.0
2004-12-22,0.365,0.365,0.365,0.365,1825000.0,666125.0
2004-12-23,0.36,0.375,0.36,0.375,2245000.0,824125.0
2004-12-24,0.37,0.375,0.37,0.375,281500.0,104425.0
2004-12-28,0.37,0.375,0.37,0.375,1805000.0,668500.0
2004-12-29,0.37,0.375,0.365,0.375,900000.0,330775.0
2004-12-30,0.37,0.37,0.355,0.36,6050000.0,2185600.0
2004-12-31,0.36,0.37,0.36,0.365,4093500.0,1494865.0
2005-01-03,0.365,0.37,0.36,0.37,2110000.0,776475.0
2005-01-04,0.375,0.375,0.36,0.37,3855000.0,1414125.0
2005-01-05,0.36,0.365,0.355,0.36,3665000.0,1314825.0
2005-01-06,0.355,0.365,0.355,0.36,1940500.0,694390.0
2005-01-07,0.36,0.365,0.345,0.365,5657050.0,1998787.0
2005-01-10,0.355,0.365,0.355,0.365,726500.0,260403.0
2005-01-11,0.365,0.365,0.365,0.365,0.0,0.0
2005-01-12,0.36,0.38,0.35,0.38,1860000.0,667125.0
2005-01-13,0.375,0.375,0.365,0.37,1950000.0,717700.0
2005-01-14,0.37,0.37,0.36,0.37,1657500.0,603400.0
2005-01-17,0.37,0.37,0.36,0.37,3130000.0,1131850.0
2005-01-18,0.37,0.37,0.355,0.37,2075000.0,751200.0
2005-01-19,0.36,0.37,0.36,0.37,2770000.0,1014250.0
2005-01-20,0.37,0.385,0.37,0.38,8090000.0,3043725.0
2005-01-21,0.38,0.38,0.375,0.38,2695000.0,1020850.0
2005-01-24,0.38,0.38,0.37,0.38,1859000.0,698150.0
2005-01-25,0.38,0.38,0.37,0.38,5445000.0,2045225.0
2005-01-26,0.38,0.4,0.375,0.4,12250000.0,4721950.0
2005-01-27,0.41,0.415,0.395,0.405,37395000.0,15053020.0
2005-01-28,0.4,0.41,0.395,0.41,21025000.0,8406550.0
2005-01-31,0.41,0.41,0.4,0.41,14310000.0,5747600.0
2005-02-01,0.41,0.42,0.4,0.42,26265000.0,10746700.0
2005-02-02,0.42,0.42,0.41,0.42,14690000.0,6053725.0
2005-02-03,0.42,0.42,0.405,0.415,10065000.0,4129525.0
2005-02-04,0.415,0.42,0.405,0.42,12885000.0,5304250.0
2005-02-07,0.42,0.43,0.415,0.43,9865000.0,4163525.0
2005-02-08,0.43,0.435,0.42,0.425,4745000.0,2013675.0
2005-02-14,0.43,0.44,0.43,0.44,19678000.0,8553130.0
2005-02-15,0.44,0.44,0.425,0.435,12760000.0,5495250.0
2005-02-16,0.43,0.45,0.43,0.45,20434000.0,8986430.0
2005-02-17,0.45,0.45,0.44,0.45,6775500.0,3028285.0
2005-02-18,0.45,0.455,0.445,0.455,7756687.0,3485367.0
2005-02-21,0.455,0.46,0.445,0.46,8145000.0,3702475.0
2005-02-22,0.46,0.47,0.435,0.47,75637000.0,32737120.0
2005-02-23,0.475,0.53,0.465,0.53,86750000.0,42607420.0
2005-02-24,0.54,0.55,0.51,0.53,91166000.0,46896700.0
2005-02-25,0.52,0.53,0.5,0.52,24880000.0,12758500.0
2005-02-28,0.52,0.53,0.48,0.51,17677700.0,8955021.0
2005-03-01,0.5,0.51,0.485,0.51,13645000.0,6763675.0
2005-03-02,0.5,0.51,0.49,0.5,7461000.0,3681680.0
2005-03-03,0.495,0.51,0.49,0.51,8512500.0,4233850.0
2005-03-04,0.5,0.51,0.49,0.5,6565000.0,3259900.0
2005-03-07,0.495,0.52,0.495,0.51,8005000.0,4022550.0
2005-03-08,0.51,0.52,0.495,0.52,10430000.0,5273675.0
2005-03-09,0.52,0.53,0.51,0.52,8250000.0,4241100.0
2005-03-10,0.51,0.51,0.495,0.51,3865000.0,1937325.0
2005-03-11,0.495,0.51,0.495,0.51,2055000.0,1033150.0
2005-03-14,0.5,0.51,0.49,0.51,5877500.0,2938613.0
2005-03-15,0.51,0.51,0.5,0.51,1550000.0,782850.0
2005-03-16,0.51,0.51,0.495,0.51,18491800.0,9307879.0
2005-03-17,0.5,0.51,0.5,0.51,1385000.0,697750.0
2005-03-18,0.51,0.52,0.5,0.51,13070620.0,6612000.0
2005-03-21,0.51,0.51,0.495,0.51,6759000.0,3370800.0
2005-03-22,0.495,0.5,0.485,0.495,9170000.0,4498050.0
2005-03-23,0.49,0.49,0.475,0.49,8525000.0,4098625.0
2005-03-24,0.49,0.5,0.48,0.49,5595000.0,2719325.0
2005-03-29,0.49,0.49,0.485,0.49,1150000.0,562500.0
2005-03-30,0.49,0.49,0.48,0.49,1875000.0,910050.0
2005-03-31,0.49,0.49,0.48,0.485,3170000.0,1541750.0
2005-04-01,0.48,0.485,0.475,0.48,1260000.0,605525.0
2005-04-04,0.48,0.48,0.45,0.47,9450000.0,4367275.0
2005-04-06,0.465,0.48,0.465,0.48,5495000.0,2602775.0
2005-04-07,0.475,0.48,0.47,0.475,2855000.0,1353275.0
2005-04-08,0.475,0.48,0.465,0.475,6531000.0,3079390.0
2005-04-11,0.465,0.465,0.455,0.46,7055000.0,3239375.0
2005-04-12,0.465,0.47,0.455,0.47,1765000.0,812675.0
2005-04-13,0.47,0.475,0.46,0.47,2035000.0,955400.0
2005-04-14,0.47,0.475,0.46,0.465,1052000.0,489605.0
2005-04-15,0.46,0.46,0.45,0.455,1015000.0,462500.0
2005-04-18,0.45,0.45,0.44,0.445,1460000.0,650625.0
2005-04-19,0.435,0.445,0.435,0.44,4330000.0,1895600.0
2005-04-20,0.435,0.44,0.42,0.44,5505000.0,2369675.0
2005-04-21,0.43,0.45,0.425,0.45,2835000.0,1230575.0
2005-04-22,0.45,0.455,0.44,0.455,1436000.0,643955.0
2005-04-25,0.45,0.455,0.44,0.455,2055000.0,916750.0
2005-04-26,0.445,0.455,0.445,0.455,1550000.0,699450.0
2005-04-27,0.45,0.455,0.445,0.45,825000.0,372425.0
2005-04-28,0.445,0.46,0.445,0.455,2165000.0,980925.0
2005-04-29,0.46,0.47,0.455,0.46,5090000.0,2349975.0
2005-05-03,0.46,0.465,0.455,0.465,9170000.0,4229400.0
2005-05-04,0.465,0.47,0.455,0.465,5524000.0,2544760.0
2005-05-05,0.46,0.465,0.455,0.465,4765000.0,2196825.0
2005-05-06,0.46,0.46,0.45,0.46,1266000.0,575285.0
2005-05-09,0.46,0.46,0.46,0.46,0.0,0.0
2005-05-10,0.46,0.46,0.46,0.46,0.0,0.0
2005-05-11,0.45,0.455,0.365,0.41,39932200.0,16195360.0
2005-05-12,0.4,0.415,0.4,0.415,3935000.0,1597800.0
2005-05-13,0.405,0.415,0.405,0.415,3266000.0,1336005.0
2005-05-17,0.415,0.415,0.4,0.41,1685000.0,678950.0
2005-05-18,0.41,0.41,0.405,0.41,820000.0,332600.0
2005-05-19,0.4,0.405,0.375,0.4,2730000.0,1069550.0
2005-05-20,0.39,0.405,0.385,0.405,1940000.0,770150.0
2005-05-23,0.395,0.41,0.395,0.41,970000.0,388925.0
2005-05-24,0.4,0.41,0.4,0.41,1035000.0,419050.0
2005-05-25,0.4,0.405,0.39,0.405,4067500.0,1622425.0
2005-05-26,0.405,0.425,0.4,0.425,34010000.0,13983920.0
2005-05-27,0.43,0.44,0.425,0.44,45110000.0,19469520.0
2005-05-30,0.44,0.44,0.425,0.44,3080000.0,1331350.0
2005-05-31,0.44,0.465,0.435,0.465,15995000.0,7149975.0
2005-06-01,0.46,0.465,0.45,0.465,11325000.0,5167825.0
2005-06-02,0.465,0.465,0.455,0.465,8770000.0,4037525.0
2005-06-03,0.46,0.485,0.46,0.48,5720500.0,2712928.0
2005-06-06,0.48,0.49,0.475,0.48,4625000.0,2226025.0
2005-06-07,0.48,0.5,0.475,0.5,7737500.0,3764883.0
2005-06-08,0.5,0.51,0.49,0.5,23827820.0,11764360.0
2005-06-09,0.5,0.52,0.49,0.5,25381000.0,12712740.0
2005-06-10,0.5,0.52,0.5,0.51,10375000.0,5244150.0
2005-06-13,0.51,0.51,0.5,0.51,3542000.0,1792975.0
2005-06-14,0.51,0.51,0.49,0.5,5891000.0,2942670.0
2005-06-15,0.495,0.51,0.49,0.5,5181000.0,2575738.0
2005-06-16,0.495,0.51,0.48,0.49,6538000.0,3205505.0
2005-06-17,0.485,0.52,0.485,0.51,12302000.0,6171690.0
2005-06-20,0.51,0.51,0.5,0.51,3925250.0,1970683.0
2005-06-21,0.5,0.51,0.49,0.5,4375000.0,2166825.0
2005-06-22,0.5,0.51,0.495,0.51,68960000.0,33127370.0
2005-06-23,0.51,0.51,0.5,0.51,1920000.0,967600.0
2005-06-24,0.5,0.51,0.495,0.51,1655000.0,827250.0
2005-06-27,0.5,0.51,0.49,0.51,2665000.0,1325475.0
2005-06-28,0.5,0.5,0.495,0.5,1460000.0,725950.0
2005-06-29,0.5,0.5,0.49,0.5,2010000.0,997975.0
2005-06-30,0.5,0.5,0.49,0.5,1060000.0,525775.0
2005-07-04,0.495,0.495,0.485,0.49,2980000.0,1454075.0
2005-07-05,0.485,0.485,0.465,0.475,2760000.0,1308975.0
2005-07-06,0.47,0.475,0.445,0.455,10003800.0,4558140.0
2005-07-07,0.45,0.465,0.45,0.46,8150000.0,3727800.0
2005-07-08,0.46,0.47,0.455,0.455,3930000.0,1813800.0
2005-07-11,0.455,0.47,0.455,0.465,4147500.0,1923000.0
2005-07-12,0.465,0.475,0.46,0.475,5301500.0,2468203.0
2005-07-13,0.47,0.475,0.465,0.475,5125000.0,2409075.0
2005-07-14,0.475,0.48,0.465,0.48,5725000.0,2704475.0
2005-07-15,0.48,0.485,0.47,0.475,1765000.0,843000.0
2005-07-18,0.475,0.475,0.46,0.47,2265000.0,1057975.0
2005-07-19,0.465,0.475,0.465,0.475,3273600.0,1542802.0
2005-07-20,0.475,0.485,0.47,0.48,3465000.0,1657775.0
2005-07-21,0.485,0.485,0.475,0.48,5150000.0,2467300.0
2005-07-22,0.48,0.49,0.47,0.485,7645000.0,3669625.0
2005-07-25,0.48,0.485,0.475,0.48,1335000.0,635675.0
2005-07-26,0.48,0.485,0.475,0.485,8715000.0,4184675.0
2005-07-27,0.485,0.5,0.475,0.5,6055000.0,2934025.0
2005-07-28,0.495,0.495,0.48,0.49,7255000.0,3526200.0
2005-07-29,0.485,0.51,0.485,0.51,16595000.0,8241948.0
2005-08-01,0.51,0.53,0.51,0.53,30537000.0,15731870.0
2005-08-02,0.53,0.55,0.52,0.53,37835000.0,20185300.0
2005-08-03,0.54,0.55,0.53,0.53,37596000.0,20117340.0
2005-08-04,0.53,0.53,0.51,0.53,7336767.0,3774995.0
2005-08-05,0.51,0.52,0.5,0.52,2510000.0,1279950.0
2005-08-08,0.51,0.54,0.51,0.54,6790000.0,3564100.0
2005-08-09,0.53,0.53,0.52,0.53,2855000.0,1492650.0
2005-08-10,0.52,0.53,0.51,0.53,7094000.0,3696270.0
2005-08-11,0.52,0.52,0.495,0.52,10735000.0,5451200.0
2005-08-12,0.51,0.51,0.49,0.49,5528500.0,2747863.0
2005-08-15,0.49,0.5,0.49,0.49,1258500.0,622195.0
2005-08-16,0.495,0.5,0.485,0.49,6897000.0,3414720.0
2005-08-17,0.485,0.49,0.48,0.49,1930000.0,936100.0
2005-08-18,0.485,0.485,0.465,0.475,4042500.0,1912500.0
2005-08-19,0.465,0.47,0.46,0.47,2795000.0,1299800.0
2005-08-22,0.47,0.48,0.455,0.48,2600000.0,1209625.0
2005-08-23,0.465,0.465,0.46,0.465,300000.0,138500.0
2005-08-24,0.465,0.465,0.455,0.46,637000.0,290910.0
2005-08-25,0.46,0.46,0.455,0.46,655000.0,300100.0
2005-08-26,0.46,0.46,0.455,0.46,445000.0,203675.0
2005-08-29,0.46,0.465,0.455,0.46,1670000.0,768100.0
2005-08-30,0.46,0.46,0.45,0.455,1052250.0,478926.0
2005-08-31,0.45,0.46,0.44,0.46,925000.0,417000.0
2005-09-01,0.455,0.465,0.45,0.455,1610000.0,733950.0
2005-09-02,0.45,0.455,0.45,0.455,148600.0,66848.0
2005-09-05,0.455,0.455,0.445,0.445,310000.0,139750.0
2005-09-06,0.445,0.445,0.42,0.43,3230000.0,1404600.0
2005-09-07,0.43,0.435,0.425,0.43,5395000.0,2318140.0
2005-09-08,0.43,0.43,0.42,0.425,680000.0,289400.0
2005-09-09,0.425,0.44,0.425,0.44,2694650.0,1167310.0
2005-09-12,0.44,0.445,0.44,0.445,500000.0,221300.0
2005-09-13,0.45,0.45,0.435,0.44,2070000.0,913200.0
2005-09-14,0.43,0.435,0.425,0.435,1730000.0,744700.0
2005-09-15,0.425,0.43,0.425,0.425,695000.0,295775.0
2005-09-16,0.42,0.425,0.415,0.425,1580000.0,669275.0
2005-09-20,0.425,0.43,0.42,0.42,1870000.0,788850.0
2005-09-21,0.42,0.425,0.42,0.425,721000.0,304505.0
2005-09-22,0.425,0.425,0.42,0.425,550000.0,231250.0
2005-09-23,0.425,0.425,0.42,0.42,850000.0,360500.0
2005-09-26,0.42,0.425,0.41,0.415,1685000.0,703000.0
2005-09-27,0.42,0.42,0.41,0.415,837500.0,348375.0
2005-09-28,0.415,0.415,0.41,0.415,275000.0,113525.0
2005-09-29,0.41,0.43,0.41,0.43,3840000.0,1625175.0
2005-09-30,0.43,0.44,0.43,0.435,2235000.0,974825.0
2005-10-03,0.435,0.435,0.425,0.43,690000.0,298050.0
2005-10-04,0.435,0.435,0.435,0.435,130000.0,56550.0
2005-10-05,0.43,0.43,0.42,0.425,890000.0,378150.0
2005-10-06,0.425,0.425,0.4,0.41,2560000.0,1047125.0
2005-10-07,0.41,0.425,0.41,0.415,210000.0,87025.0
2005-10-10,0.415,0.43,0.415,0.425,1105000.0,469800.0
2005-10-12,0.435,0.435,0.41,0.415,3240000.0,1381800.0
2005-10-13,0.415,0.42,0.415,0.415,2050000.0,851000.0
2005-10-14,0.415,0.415,0.4,0.4,2890000.0,1168375.0
2005-10-17,0.39,0.4,0.39,0.4,844000.0,332150.0
2005-10-18,0.405,0.41,0.405,0.405,185000.0,75225.0
2005-10-19,0.405,0.405,0.395,0.395,675000.0,268600.0
2005-10-20,0.405,0.405,0.395,0.4,550000.0,219850.0
2005-10-21,0.4,0.4,0.39,0.395,570000.0,224600.0
2005-10-24,0.385,0.395,0.385,0.395,2095000.0,820725.0
2005-10-25,0.395,0.4,0.395,0.4,8679000.0,3428755.0
2005-10-26,0.4,0.4,0.39,0.395,1405000.0,550750.0
2005-10-27,0.39,0.39,0.375,0.385,165000.0,63775.0
2005-10-28,0.37,0.38,0.37,0.37,1325000.0,490300.0
2005-10-31,0.38,0.38,0.375,0.38,530000.0,201250.0
2005-11-01,0.385,0.405,0.385,0.405,3340000.0,1334500.0
2005-11-02,0.415,0.415,0.4,0.41,1210000.0,494000.0
2005-11-03,0.41,0.43,0.41,0.42,6655000.0,2818825.0
2005-11-04,0.43,0.43,0.42,0.425,4941300.0,2101270.0
2005-11-07,0.425,0.425,0.415,0.415,5345000.0,2233200.0
2005-11-08,0.415,0.415,0.41,0.415,2743182.0,1130291.0
2005-11-09,0.41,0.42,0.41,0.42,4945000.0,2055050.0
2005-11-10,0.425,0.425,0.41,0.415,1745000.0,723550.0
2005-11-11,0.425,0.425,0.405,0.415,685000.0,284650.0
2005-11-14,0.415,0.415,0.39,0.4,392250.0,157130.0
2005-11-15,0.4,0.41,0.4,0.405,4235000.0,1712000.0
2005-11-16,0.405,0.405,0.4,0.4,1037000.0,416695.0
2005-11-17,0.4,0.405,0.4,0.405,1335000.0,539400.0
2005-11-18,0.405,0.41,0.4,0.405,2145000.0,870150.0
2005-11-21,0.405,0.405,0.4,0.405,681500.0,273453.0
2005-11-22,0.405,0.405,0.4,0.405,260000.0,105100.0
2005-11-23,0.4,0.415,0.4,0.415,440000.0,177375.0
2005-11-24,0.415,0.415,0.405,0.405,1335000.0,541950.0
2005-11-25,0.405,0.41,0.405,0.41,250000.0,101900.0
2005-11-28,0.4,0.405,0.39,0.4,3420000.0,1348925.0
2005-11-29,0.395,0.395,0.39,0.395,1240000.0,484100.0
2005-11-30,0.39,0.39,0.38,0.39,725000.0,279150.0
2005-12-01,0.39,0.385,0.38,0.385,1415000.0,544600.0
2005-12-02,0.39,0.4,0.38,0.395,7480000.0,2935500.0
2005-12-05,0.4,0.41,0.39,0.395,8514000.0,3382230.0
2005-12-06,0.4,0.405,0.38,0.38,13290000.0,5209370.0
2005-12-07,0.395,0.395,0.38,0.39,5938750.0,2299350.0
2005-12-08,0.39,0.39,0.375,0.38,11345000.0,4328075.0
2005-12-09,0.38,0.38,0.375,0.38,4777500.0,1803640.0
2005-12-12,0.385,0.385,0.38,0.385,3525000.0,1336500.0
2005-12-13,0.385,0.39,0.38,0.38,6831000.0,2645135.0
2005-12-14,0.38,0.38,0.37,0.37,4995000.0,1878750.0
2005-12-15,0.37,0.375,0.36,0.36,7635000.0,2788900.0
2005-12-16,0.36,0.36,0.345,0.355,7850000.0,2765100.0
2005-12-19,0.345,0.36,0.345,0.355,1760000.0,624725.0
2005-12-20,0.355,0.355,0.345,0.345,6166000.0,2152530.0
2005-12-21,0.35,0.36,0.325,0.335,21375000.0,7362025.0
2005-12-22,0.335,0.345,0.335,0.34,2415000.0,824050.0
2005-12-23,0.35,0.35,0.335,0.345,1870750.0,640344.0
2005-12-28,0.345,0.35,0.335,0.34,940000.0,323200.0
2005-12-29,0.345,0.345,0.335,0.335,2013000.0,679045.0
2005-12-30,0.33,0.335,0.32,0.325,4575000.0,1485625.0
2006-01-03,0.33,0.33,0.315,0.33,2440000.0,788175.0
2006-01-04,0.33,0.34,0.33,0.34,3480000.0,1174150.0
2006-01-05,0.35,0.375,0.345,0.37,8995000.0,3258600.0
2006-01-06,0.38,0.38,0.37,0.37,10945000.0,4109800.0
2006-01-09,0.385,0.415,0.38,0.405,27575000.0,11105420.0
2006-01-10,0.42,0.425,0.4,0.42,53252000.0,22060560.0
2006-01-11,0.43,0.46,0.425,0.455,60726000.0,27125200.0
2006-01-12,0.47,0.495,0.46,0.465,50081000.0,23703400.0
2006-01-13,0.475,0.48,0.46,0.48,19646750.0,9231663.0
2006-01-16,0.48,0.485,0.47,0.48,21681680.0,10416040.0
2006-01-17,0.485,0.485,0.455,0.46,13980250.0,6512902.0
2006-01-18,0.46,0.475,0.45,0.475,32430000.0,15192980.0
2006-01-19,0.475,0.48,0.455,0.46,8981000.0,4211345.0
2006-01-20,0.47,0.475,0.43,0.44,20560000.0,9096425.0
2006-01-23,0.435,0.445,0.43,0.445,5028600.0,2212024.0
2006-01-24,0.445,0.46,0.445,0.46,32407000.0,14653030.0
2006-01-25,0.47,0.58,0.47,0.58,189819400.0,101784000.0
2006-01-26,0.56,0.59,0.54,0.59,59950000.0,33927150.0
2006-01-27,0.62,0.64,0.6,0.62,75440000.0,46729550.0
2006-02-01,0.6,0.62,0.59,0.61,44149800.0,26743200.0
2006-02-02,0.61,0.62,0.59,0.62,16005000.0,9711200.0
2006-02-03,0.6,0.61,0.59,0.59,12385000.0,7412800.0
2006-02-06,0.59,0.67,0.59,0.66,60010000.0,37925100.0
2006-02-07,0.66,0.72,0.63,0.7,76864000.0,52331850.0
2006-02-08,0.71,0.74,0.69,0.7,67903500.0,48685300.0
2006-02-09,0.73,0.74,0.71,0.72,30542500.0,22201280.0
2006-02-10,0.72,0.73,0.68,0.69,43217000.0,30373930.0
2006-02-13,0.7,0.7,0.63,0.65,41960000.0,27329400.0
2006-02-14,0.66,0.66,0.59,0.63,35525000.0,22157450.0
2006-02-15,0.66,0.66,0.63,0.65,20065000.0,13002850.0
2006-02-16,0.66,0.67,0.64,0.66,10766000.0,7086110.0
2006-02-17,0.68,0.68,0.66,0.67,19155000.0,12894300.0
2006-02-20,0.67,0.69,0.65,0.67,9159500.0,6092945.0
2006-02-21,0.67,0.69,0.66,0.68,11875000.0,8028700.0
2006-02-22,0.68,0.69,0.67,0.68,5542100.0,3773049.0
2006-02-23,0.69,0.75,0.69,0.73,51411050.0,37460980.0
2006-02-24,0.74,0.74,0.71,0.73,6622000.0,4800270.0
2006-02-27,0.73,0.74,0.71,0.74,8656800.0,6281742.0
2006-02-28,0.74,0.77,0.72,0.75,35550000.0,26629950.0
2006-03-01,0.75,0.77,0.74,0.77,22817000.0,17274390.0
2006-03-02,0.77,0.82,0.77,0.82,38394000.0,30906420.0
2006-03-03,0.81,0.81,0.79,0.79,21009000.0,16806540.0
2006-03-06,0.81,0.84,0.8,0.82,25760000.0,21102350.0
2006-03-07,0.83,0.83,0.78,0.79,20876700.0,16624890.0
2006-03-08,0.78,0.79,0.7,0.72,30635000.0,22499200.0
2006-03-09,0.72,0.72,0.72,0.72,0.0,0.0
2006-03-10,0.78,0.79,0.72,0.74,39250000.0,29657850.0
2006-03-13,0.76,0.78,0.74,0.78,14252900.0,10892080.0
2006-03-14,0.78,0.78,0.68,0.72,24596700.0,17805800.0
2006-03-15,0.73,0.75,0.73,0.74,12900000.0,9488900.0
2006-03-16,0.75,0.76,0.73,0.75,11887500.0,8955975.0
2006-03-17,0.76,0.83,0.76,0.82,34039000.0,27074210.0
2006-03-20,0.83,0.84,0.77,0.78,22845000.0,18022300.0
2006-03-21,0.79,0.79,0.77,0.78,8410000.0,6549700.0
2006-03-22,0.77,0.78,0.75,0.76,13180000.0,10036500.0
2006-03-23,0.78,0.79,0.76,0.78,8473500.0,6602740.0
2006-03-24,0.79,0.8,0.78,0.79,16688000.0,13140770.0
2006-03-27,0.8,0.82,0.79,0.82,16882580.0,13591870.0
2006-03-28,0.82,0.82,0.79,0.8,3780500.0,3053385.0
2006-03-29,0.8,0.8,0.78,0.79,5831250.0,4645570.0
2006-03-30,0.8,0.8,0.77,0.79,6830000.0,5357800.0
2006-03-31,0.8,0.8,0.74,0.77,8971500.0,6887280.0
2006-04-03,0.78,0.78,0.74,0.75,14205000.0,10662600.0
2006-04-04,0.76,0.77,0.76,0.77,8944600.0,6837062.0
2006-04-06,0.77,0.87,0.77,0.84,67990000.0,56503200.0
2006-04-07,0.85,0.86,0.82,0.83,17692600.0,14815340.0
2006-04-10,0.85,0.85,0.8,0.82,12306000.0,10107130.0
2006-04-11,0.84,0.89,0.82,0.88,51803200.0,44811150.0
2006-04-12,0.87,0.89,0.86,0.88,21970500.0,19115080.0
2006-04-13,0.89,1.01,0.88,0.98,62558920.0,59895220.0
2006-04-18,1.0,1.05,0.96,1.01,23583210.0,23978950.0
2006-04-19,1.04,1.04,0.98,1.01,18385000.0,18604050.0
2006-04-20,1.06,1.07,1.0,1.01,12797250.0,13105180.0
2006-04-21,1.02,1.02,0.91,0.96,24947500.0,24108100.0
2006-04-24,0.96,0.97,0.91,0.97,27145000.0,25506450.0
2006-04-25,0.97,0.99,0.93,0.96,20594800.0,19729920.0
2006-04-26,0.97,0.97,0.91,0.94,16519000.0,15464720.0
2006-04-27,0.95,0.95,0.94,0.95,1460000.0,1375360.0
2006-04-28,0.9,0.94,0.89,0.93,13210000.0,12143750.0
2006-05-02,0.93,0.98,0.93,0.98,8100000.0,7734000.0
2006-05-03,0.98,1.0,0.96,0.97,5727000.0,5610830.0
2006-05-04,0.98,0.99,0.96,0.99,6650000.0,6488000.0
2006-05-08,1.0,1.01,0.97,0.98,5580000.0,5473150.0
2006-05-09,1.0,1.0,0.96,0.97,2150000.0,2093250.0
2006-05-10,1.0,1.02,0.97,0.99,30309000.0,29525600.0
2006-05-11,0.99,0.99,0.97,0.97,3047000.0,2989300.0
2006-05-12,0.97,0.97,0.94,0.95,4867000.0,4644570.0
2006-05-15,0.95,0.95,0.86,0.91,8481000.0,7667040.0
2006-05-16,0.94,0.94,0.89,0.91,4805000.0,4328800.0
2006-05-17,0.93,0.93,0.9,0.92,2506500.0,2277240.0
2006-05-18,0.92,0.92,0.87,0.88,2800000.0,2502300.0
2006-05-19,0.88,0.91,0.88,0.88,2922300.0,2616755.0
2006-05-22,0.91,0.91,0.79,0.8,5290000.0,4387000.0
2006-05-23,0.8,0.83,0.78,0.79,4345000.0,3461400.0
2006-05-24,0.8,0.81,0.79,0.8,3331000.0,2659990.0
2006-05-25,0.83,0.83,0.78,0.79,2294815.0,1842508.0
2006-05-26,0.79,0.8,0.79,0.79,1485000.0,1185200.0
2006-05-29,0.79,0.82,0.79,0.8,1890000.0,1520650.0
2006-05-30,0.8,0.8,0.77,0.77,2360000.0,1858750.0
2006-06-01,0.75,0.76,0.73,0.74,3755000.0,2779100.0
2006-06-02,0.74,0.79,0.74,0.76,4590000.0,3512600.0
2006-06-05,0.76,0.76,0.73,0.74,2684400.0,2012624.0
2006-06-06,0.74,0.78,0.72,0.77,7820000.0,5923450.0
2006-06-07,0.79,0.79,0.77,0.79,2990000.0,2337000.0
2006-06-08,0.78,0.78,0.76,0.76,1370000.0,1056900.0
2006-06-09,0.73,0.76,0.73,0.76,2430000.0,1804950.0
2006-06-12,0.79,0.79,0.75,0.78,2290000.0,1747800.0
2006-06-13,0.78,0.78,0.78,0.78,0.0,0.0
2006-06-14,0.75,0.78,0.74,0.78,4250000.0,3239950.0
2006-06-15,0.79,0.8,0.78,0.79,5420000.0,4279050.0
2006-06-16,0.82,0.95,0.8,0.95,16125000.0,14054050.0
2006-06-19,0.9,0.94,0.89,0.94,5785000.0,5353450.0
2006-06-20,0.93,0.93,0.9,0.92,3946500.0,3591765.0
2006-06-21,0.9,0.91,0.89,0.9,4035000.0,3617950.0
2006-06-22,0.92,0.94,0.91,0.92,6380000.0,5913950.0
2006-06-23,0.92,0.93,0.91,0.92,950000.0,873950.0
2006-06-26,0.92,0.94,0.91,0.91,3705000.0,3435600.0
2006-06-27,0.92,0.93,0.92,0.93,820000.0,755000.0
2006-06-28,0.93,0.95,0.9,0.94,2215000.0,2058250.0
2006-06-29,0.93,0.95,0.93,0.94,2465000.0,2316850.0
2006-06-30,0.95,0.97,0.95,0.97,6610000.0,6342200.0
2006-07-03,0.98,0.98,0.95,0.96,1750000.0,1688800.0
2006-07-04,0.96,1.02,0.94,1.01,9065000.0,8928350.0
2006-07-05,1.0,1.01,0.99,1.0,2960000.0,2964150.0
2006-07-06,0.99,1.0,0.99,1.0,2799000.0,2790920.0
2006-07-07,1.0,1.01,0.97,0.99,5134000.0,5110260.0
2006-07-10,0.98,1.02,0.98,1.02,4092500.0,4136950.0
2006-07-11,1.02,1.03,1.0,1.03,3552250.0,3611508.0
2006-07-12,1.02,1.02,0.97,1.0,8765500.0,8713380.0
2006-07-13,1.0,1.01,0.94,0.97,9030000.0,8757750.0
2006-07-14,0.95,0.97,0.93,0.95,2300000.0,2179250.0
2006-07-17,0.93,0.95,0.93,0.94,1245000.0,1168500.0
2006-07-18,0.94,0.97,0.94,0.95,792500.0,753325.0
2006-07-19,0.97,0.97,0.94,0.94,1467000.0,1397420.0
2006-07-20,0.97,0.98,0.93,0.96,5543000.0,5253920.0
2006-07-21,0.95,0.95,0.94,0.95,840000.0,795350.0
2006-07-24,0.95,0.97,0.94,0.94,2690000.0,2557450.0
2006-07-25,0.95,0.96,0.95,0.95,1150500.0,1099605.0
2006-07-26,0.93,0.97,0.92,0.96,3595000.0,3432100.0
2006-07-27,0.96,0.96,0.93,0.94,3220000.0,3041450.0
2006-07-28,0.95,0.95,0.93,0.94,1640500.0,1535275.0
2006-07-31,0.96,0.96,0.91,0.93,1875000.0,1752900.0
2006-08-01,0.92,0.94,0.91,0.92,1023000.0,942920.0
2006-08-02,0.92,0.92,0.89,0.9,6125393.0,5524892.0
2006-08-03,0.9,0.9,0.82,0.84,12670000.0,10693750.0
2006-08-04,0.85,0.86,0.83,0.84,2455000.0,2077850.0
2006-08-07,0.83,0.86,0.83,0.84,4075000.0,3437100.0
2006-08-08,0.84,0.85,0.82,0.83,2310000.0,1920000.0
2006-08-09,0.82,0.84,0.81,0.83,1135000.0,933750.0
2006-08-10,0.83,0.83,0.77,0.8,10755000.0,8546000.0
2006-08-11,0.81,0.81,0.78,0.78,3150000.0,2497750.0
2006-08-14,0.79,0.8,0.77,0.78,3850000.0,3023100.0
2006-08-15,0.8,0.8,0.78,0.79,1871600.0,1479164.0
2006-08-16,0.8,0.8,0.76,0.79,5835000.0,4562400.0
2006-08-17,0.79,0.8,0.79,0.79,1940000.0,1538450.0
2006-08-18,0.81,0.84,0.81,0.84,11221000.0,9332430.0
2006-08-21,0.83,0.83,0.79,0.81,3570000.0,2890650.0
2006-08-22,0.82,0.82,0.8,0.81,2255000.0,1822100.0
2006-08-23,0.82,0.82,0.81,0.82,2020000.0,1642200.0
2006-08-24,0.82,0.82,0.77,0.78,4155000.0,3282000.0
2006-08-25,0.79,0.8,0.78,0.79,2790000.0,2192250.0
2006-08-28,0.78,0.8,0.78,0.79,1737000.0,1370370.0
2006-08-29,0.79,0.79,0.78,0.79,1845000.0,1456900.0
2006-08-30,0.78,0.79,0.76,0.77,3858000.0,2993410.0
2006-08-31,0.76,0.79,0.76,0.79,3896500.0,3036560.0
2006-09-01,0.79,0.8,0.79,0.8,4100000.0,3257000.0
2006-09-04,0.8,0.83,0.79,0.82,7320500.0,5943080.0
2006-09-05,0.83,0.86,0.83,0.84,9690000.0,8169350.0
2006-09-06,0.84,0.87,0.84,0.85,10970000.0,9348200.0
2006-09-07,0.86,0.86,0.85,0.86,6820000.0,5833000.0
2006-09-08,0.87,0.87,0.85,0.86,3107500.0,2673750.0
2006-09-11,0.86,0.86,0.82,0.82,4660000.0,3904600.0
2006-09-12,0.83,0.88,0.82,0.87,11045000.0,9495350.0
2006-09-13,0.89,0.91,0.88,0.91,15366100.0,13765640.0
2006-09-14,0.92,0.93,0.86,0.87,8690000.0,7710450.0
2006-09-15,0.88,0.9,0.86,0.87,7300000.0,6399650.0
2006-09-18,0.93,0.94,0.88,0.88,15929000.0,14412160.0
2006-09-19,0.89,0.9,0.89,0.9,3895000.0,3473000.0
2006-09-20,0.89,0.9,0.88,0.89,6382000.0,5705850.0
2006-09-21,0.89,0.95,0.88,0.93,18952500.0,17517420.0
2006-09-22,0.94,0.97,0.92,0.96,14926720.0,14092350.0
2006-09-25,0.96,0.98,0.95,0.96,15099800.0,14520060.0
2006-09-26,0.97,0.97,0.91,0.92,9902500.0,9222325.0
2006-09-27,0.92,0.94,0.91,0.92,10830000.0,9986600.0
2006-09-28,0.92,0.94,0.91,0.93,6070000.0,5603050.0
2006-09-29,0.94,0.94,0.9,0.92,5780000.0,5303250.0
2006-10-03,0.93,0.93,0.91,0.93,1565250.0,1444250.0
2006-10-04,0.93,0.93,0.91,0.92,3652000.0,3363010.0
2006-10-05,0.95,1.0,0.95,0.99,51021500.0,49944610.0
2006-10-06,1.0,1.0,0.96,0.97,21468760.0,20874730.0
2006-10-09,0.96,0.97,0.93,0.95,6930000.0,6596800.0
2006-10-10,0.95,0.98,0.95,0.97,10016770.0,9710395.0
2006-10-11,0.98,0.99,0.96,0.97,15779500.0,15455180.0
2006-10-12,0.98,0.98,0.95,0.96,7537700.0,7245384.0
2006-10-13,0.98,0.99,0.96,0.97,16305000.0,15894240.0
2006-10-16,0.97,0.97,0.95,0.97,9433000.0,9098700.0
2006-10-17,0.96,0.96,0.94,0.95,4495000.0,4265500.0
2006-10-18,0.94,0.95,0.92,0.93,5195000.0,4891700.0
2006-10-19,0.94,0.95,0.93,0.95,5822191.0,5504966.0
2006-10-20,0.94,0.95,0.93,0.94,8835000.0,8319250.0
2006-10-23,0.94,0.95,0.92,0.95,5077500.0,4745750.0
2006-10-24,0.95,0.96,0.93,0.95,5740000.0,5403650.0
2006-10-25,0.95,0.95,0.92,0.92,6541000.0,6076850.0
2006-10-26,0.93,0.95,0.93,0.94,10955000.0,10340550.0
2006-10-27,0.95,0.95,0.92,0.93,8134000.0,7596875.0
2006-10-31,0.91,0.91,0.87,0.88,12225000.0,10835700.0
2006-11-01,0.89,0.9,0.88,0.9,9950000.0,8853450.0
2006-11-02,0.9,0.92,0.89,0.9,16594300.0,15018790.0
2006-11-03,0.91,0.91,0.88,0.88,8228000.0,7355630.0
2006-11-06,0.87,0.87,0.86,0.87,9155000.0,7895500.0
2006-11-07,0.86,0.87,0.83,0.85,11820000.0,10085000.0
2006-11-08,0.85,0.9,0.84,0.89,35685500.0,31402020.0
2006-11-09,0.91,0.91,0.89,0.89,3310000.0,2956550.0
2006-11-10,0.89,0.89,0.89,0.89,0.0,0.0
2006-11-13,0.89,0.89,0.89,0.89,0.0,0.0
2006-11-14,0.91,0.96,0.89,0.9,33863000.0,31389980.0
2006-11-15,0.9,0.96,0.9,0.95,29533000.0,27654550.0
2006-11-16,0.95,0.96,0.92,0.92,7414750.0,6944675.0
2006-11-17,0.93,0.93,0.9,0.91,6187682.0,5653127.0
2006-11-20,0.92,0.92,0.89,0.9,5330000.0,4823450.0
2006-11-21,0.91,0.92,0.88,0.89,6515000.0,5834950.0
2006-11-22,0.9,0.9,0.88,0.9,6935000.0,6194300.0
2006-11-23,0.91,0.91,0.89,0.89,4365000.0,3911800.0
2006-11-24,0.9,0.92,0.89,0.9,10352000.0,9363810.0
2006-11-27,0.9,0.91,0.88,0.89,2725000.0,2434250.0
2006-11-28,0.87,0.89,0.85,0.86,4020000.0,3465500.0
2006-11-29,0.87,0.88,0.86,0.87,3845000.0,3340050.0
2006-11-30,0.87,0.89,0.86,0.87,5940000.0,5211500.0
2006-12-01,0.89,0.89,0.86,0.87,5040000.0,4399450.0
2006-12-04,0.87,0.87,0.85,0.86,6971000.0,6002370.0
2006-12-05,0.88,0.88,0.83,0.84,12150000.0,10386700.0
2006-12-06,0.84,0.85,0.77,0.8,11520000.0,9492550.0
2006-12-07,0.81,0.84,0.8,0.81,18895000.0,15440600.0
2006-12-08,0.82,0.86,0.81,0.84,26970000.0,22488350.0
2006-12-11,0.86,0.86,0.83,0.84,15194000.0,12879350.0
2006-12-12,0.84,0.85,0.82,0.83,7405000.0,6145000.0
2006-12-13,0.84,0.84,0.79,0.8,9425000.0,7608300.0
2006-12-14,0.81,0.84,0.81,0.82,7485000.0,6185050.0
2006-12-15,0.82,0.84,0.81,0.83,6010000.0,4947400.0
2006-12-18,0.83,0.84,0.81,0.82,6032716.0,4961968.0
2006-12-19,0.83,0.83,0.8,0.8,5338400.0,4348518.0
2006-12-20,0.82,0.82,0.8,0.81,7420000.0,6000500.0
2006-12-21,0.83,0.83,0.78,0.8,15665500.0,12444880.0
2006-12-22,0.8,0.8,0.78,0.79,4451000.0,3525900.0
2006-12-27,0.8,0.81,0.78,0.78,3760000.0,2959800.0
2006-12-28,0.81,0.81,0.77,0.78,8418700.0,6630303.0
2006-12-29,0.8,0.8,0.76,0.77,6696750.0,5176145.0
2007-01-02,0.77,0.83,0.76,0.81,23798500.0,19167560.0
2007-01-03,0.82,0.89,0.82,0.85,38060000.0,32431650.0
2007-01-04,0.88,0.91,0.87,0.89,46896360.0,41774800.0
2007-01-05,0.9,0.91,0.87,0.88,18714880.0,16706300.0
2007-01-08,0.89,0.9,0.86,0.88,7665000.0,6679750.0
2007-01-09,0.89,0.9,0.86,0.86,7566000.0,6608690.0
2007-01-10,0.86,0.87,0.82,0.83,6749500.0,5659035.0
2007-01-11,0.84,0.86,0.84,0.85,7667000.0,6507450.0
2007-01-12,0.86,0.87,0.84,0.85,8453836.0,7249823.0
2007-01-15,0.88,0.88,0.82,0.83,13299630.0,11151470.0
2007-01-16,0.84,0.87,0.82,0.85,23000000.0,19457950.0
2007-01-17,0.87,0.88,0.86,0.87,15969500.0,13880730.0
2007-01-18,0.88,0.88,0.84,0.85,6625000.0,5677900.0
2007-01-19,0.85,0.85,0.83,0.84,5166500.0,4350750.0
2007-01-22,0.85,0.9,0.85,0.88,35205000.0,31002600.0
2007-01-23,0.89,0.89,0.87,0.87,23416300.0,20605180.0
2007-01-24,0.86,0.91,0.85,0.86,51415000.0,45316800.0
2007-01-25,0.88,0.89,0.86,0.87,20403000.0,17826390.0
2007-01-26,0.87,0.87,0.81,0.83,35580640.0,29682710.0
2007-01-29,0.84,0.85,0.82,0.83,8231500.0,6863710.0
2007-01-30,0.84,0.85,0.8,0.81,28962000.0,23667450.0
2007-01-31,0.82,0.84,0.82,0.83,18298250.0,15095620.0
2007-02-01,0.83,0.86,0.82,0.85,21663400.0,18279650.0
2007-02-02,0.87,0.88,0.85,0.87,24026500.0,20846140.0
2007-02-05,0.88,0.88,0.84,0.84,21735000.0,18446000.0
2007-02-06,0.86,0.9,0.85,0.89,33802000.0,29743420.0
2007-02-07,0.91,0.96,0.9,0.94,62070500.0,58122660.0
2007-02-08,0.96,1.0,0.91,0.98,71530600.0,69007690.0
2007-02-09,1.0,1.01,0.96,0.99,43408000.0,42895000.0
2007-02-12,1.01,1.03,0.97,0.99,33773040.0,34015500.0
2007-02-13,1.0,1.0,0.92,0.95,37025000.0,35328950.0
2007-02-14,0.95,0.98,0.94,0.96,15632000.0,14918450.0
2007-02-15,0.97,1.18,0.97,1.13,172057700.0,188555300.0
2007-02-16,1.05,1.09,1.02,1.06,717361200.0,759000800.0
2007-02-21,1.07,1.12,1.04,1.11,79678500.0,86497520.0
2007-02-22,1.11,1.13,1.07,1.1,35929000.0,39447980.0
2007-02-23,1.11,1.11,1.06,1.06,20438620.0,22004100.0
2007-02-26,1.08,1.1,1.06,1.07,39317500.0,42452050.0
2007-02-27,1.08,1.08,0.98,1.0,51278500.0,51824080.0
2007-02-28,0.93,1.0,0.93,0.99,50962500.0,49097620.0
2007-03-01,1.01,1.02,0.98,0.99,59415000.0,58657880.0
2007-03-02,1.0,1.01,0.9,0.94,37964000.0,35776920.0
2007-03-05,0.93,0.93,0.82,0.85,80888000.0,69385850.0
2007-03-06,0.88,0.93,0.88,0.92,31166500.0,28092350.0
2007-03-07,0.95,0.95,0.89,0.92,30605000.0,27999450.0
2007-03-08,0.92,0.93,0.9,0.91,18080600.0,16686520.0
2007-03-09,0.93,0.93,0.9,0.92,14713000.0,13505110.0
2007-03-12,0.92,0.95,0.92,0.95,9426000.0,8808990.0
2007-03-13,0.95,0.95,0.92,0.92,4100000.0,3813050.0
2007-03-14,0.89,0.9,0.87,0.89,25514460.0,22549890.0
2007-03-15,0.91,0.96,0.9,0.95,35151570.0,32604540.0
2007-03-16,0.96,0.97,0.93,0.96,29013090.0,27494640.0
2007-03-19,0.93,0.95,0.92,0.94,27070000.0,25369750.0
2007-03-20,0.95,0.96,0.9,0.93,23835000.0,22126750.0
2007-03-21,0.96,0.96,0.94,0.95,12090000.0,11470250.0
2007-03-22,0.95,0.98,0.95,0.95,20520000.0,19761670.0
2007-03-23,0.95,0.97,0.95,0.96,11850000.0,11403650.0
2007-03-26,0.95,0.97,0.95,0.95,5397400.0,5174718.0
2007-03-27,0.97,1.02,0.96,1.02,26616000.0,26736570.0
2007-03-28,1.03,1.03,0.98,1.01,22999000.0,23179680.0
2007-03-29,1.0,1.02,0.98,1.02,13295700.0,13366250.0
2007-03-30,1.02,1.04,1.0,1.04,15526500.0,15742960.0
2007-04-02,1.04,1.04,1.0,1.01,18630000.0,18943100.0
2007-04-03,1.03,1.04,1.01,1.03,16267050.0,16689260.0
2007-04-04,1.03,1.04,1.02,1.02,15428700.0,15832230.0
2007-04-10,1.04,1.07,1.02,1.04,21584000.0,22544340.0
2007-04-11,1.04,1.06,1.02,1.05,20614250.0,21620990.0
2007-04-12,1.03,1.04,1.0,1.02,235760500.0,248066400.0
2007-04-13,1.03,1.06,1.01,1.02,43264000.0,44763510.0
2007-04-16,1.04,1.05,1.01,1.04,14249000.0,14863790.0
2007-04-17,1.04,1.04,1.02,1.02,9587000.0,9883330.0
2007-04-18,1.03,1.03,1.0,1.0,15561000.0,15710290.0
2007-04-19,1.0,1.02,1.0,1.01,12468500.0,12561060.0
2007-04-20,1.03,1.07,1.03,1.05,15760000.0,16539700.0
2007-04-23,1.09,1.1,1.06,1.07,23291500.0,25101730.0
2007-04-24,1.08,1.14,1.08,1.13,49168000.0,54615160.0
2007-04-25,1.13,1.13,1.05,1.07,27399400.0,29514270.0
2007-04-26,1.09,1.1,1.05,1.06,31683320.0,34111670.0
2007-04-27,1.06,1.06,1.04,1.05,9509250.0,9983068.0
2007-04-30,1.06,1.07,1.0,1.03,29985000.0,31424900.0
2007-05-02,1.03,1.05,1.0,1.05,38879100.0,40141360.0
2007-05-03,1.06,1.06,1.04,1.04,11737500.0,12270400.0
2007-05-04,1.04,1.06,1.03,1.04,25127400.0,26122500.0
2007-05-07,1.04,1.07,1.03,1.06,14275920.0,15056490.0
2007-05-08,1.06,1.09,1.06,1.08,13991000.0,15030630.0
2007-05-09,1.08,1.08,1.06,1.07,4745000.0,5072100.0
2007-05-10,1.07,1.07,1.03,1.06,13653000.0,14397610.0
2007-05-11,1.05,1.07,1.04,1.06,13985500.0,14774920.0
2007-05-14,1.08,1.18,1.07,1.17,45789500.0,50507400.0
2007-05-15,1.18,1.24,1.13,1.22,57244620.0,66979290.0
2007-05-16,1.28,1.4,1.26,1.36,74004000.0,97190690.0
2007-05-17,1.31,1.44,1.31,1.34,43659300.0,59233600.0
2007-05-18,1.31,1.33,1.27,1.32,20786060.0,27131480.0
2007-05-21,1.36,1.41,1.31,1.33,54984140.0,74880950.0
2007-05-22,1.31,1.36,1.3,1.34,15419620.0,20516590.0
2007-05-23,1.38,1.38,1.31,1.35,19269770.0,25774500.0
2007-05-25,1.34,1.36,1.27,1.36,42627570.0,56408300.0
2007-05-28,1.36,1.37,1.33,1.33,35412200.0,47491120.0
2007-05-29,1.34,1.34,1.29,1.32,22571700.0,29644380.0
2007-05-30,1.32,1.32,1.2,1.24,33614540.0,42536660.0
2007-05-31,1.3,1.34,1.27,1.31,21913000.0,28124100.0
2007-06-01,1.33,1.34,1.3,1.32,12205500.0,16058140.0
2007-06-04,1.32,1.32,1.25,1.29,41405000.0,53327800.0
2007-06-05,1.3,1.31,1.26,1.31,27370000.0,35417600.0
2007-06-06,1.31,1.32,1.3,1.31,8260000.0,10841000.0
2007-06-07,1.29,1.31,1.27,1.3,12794950.0,16592040.0
2007-06-08,1.3,1.31,1.29,1.3,21671300.0,28097590.0
2007-06-11,1.31,1.31,1.29,1.3,13277880.0,17256700.0
2007-06-12,1.31,1.31,1.26,1.28,20590420.0,26282010.0
2007-06-13,1.28,1.28,1.24,1.24,20471640.0,25609770.0
2007-06-14,1.25,1.29,1.24,1.24,26274100.0,32987920.0
2007-06-15,1.25,1.27,1.24,1.26,27225000.0,34260350.0
2007-06-18,1.26,1.28,1.26,1.27,14930820.0,18955660.0
2007-06-20,1.28,1.29,1.19,1.23,59207550.0,72130680.0
2007-06-21,1.21,1.28,1.21,1.25,29495000.0,37016050.0
2007-06-22,1.26,1.26,1.21,1.22,11868380.0,14627920.0
2007-06-25,1.22,1.23,1.1,1.15,66706750.0,77227970.0
2007-06-26,1.17,1.18,1.12,1.15,68029390.0,78241090.0
2007-06-27,1.16,1.26,1.13,1.24,33218000.0,40134040.0
2007-06-28,1.25,1.27,1.2,1.21,23806810.0,28993310.0
2007-06-29,1.22,1.23,1.2,1.22,12830000.0,15520150.0
2007-07-03,1.24,1.27,1.24,1.25,35331000.0,44313950.0
2007-07-04,1.26,1.27,1.18,1.24,53020000.0,64993900.0
2007-07-05,1.24,1.26,1.21,1.22,16958000.0,20900540.0
2007-07-06,1.22,1.25,1.21,1.23,19856000.0,24492070.0
2007-07-09,1.26,1.35,1.25,1.34,78763400.0,101949000.0
2007-07-10,1.34,1.36,1.31,1.34,78960000.0,105224400.0
2007-07-11,1.3,1.46,1.3,1.46,115900000.0,158945200.0
2007-07-12,1.46,1.46,1.46,1.46,0.0,0.0
2007-07-13,1.46,1.46,1.46,1.46,0.0,0.0
2007-07-16,1.3,1.39,1.3,1.36,140695000.0,190014900.0
2007-07-17,1.37,1.38,1.28,1.3,56003000.0,75258890.0
2007-07-18,1.31,1.35,1.3,1.31,32400040.0,42770050.0
2007-07-19,1.3,1.35,1.3,1.33,38372100.0,50866280.0
2007-07-20,1.33,1.34,1.29,1.3,35670000.0,46783400.0
2007-07-23,1.3,1.31,1.26,1.28,31065000.0,39599300.0
2007-07-24,1.29,1.4,1.27,1.34,71341090.0,96222050.0
2007-07-25,1.34,1.41,1.34,1.36,69416000.0,96231580.0
2007-07-26,1.39,1.44,1.37,1.39,92161550.0,129621300.0
2007-07-27,1.32,1.38,1.31,1.34,38947000.0,52398670.0
2007-07-30,1.32,1.35,1.32,1.34,21008000.0,28134640.0
2007-07-31,1.37,1.38,1.34,1.35,28960000.0,39256100.0
2007-08-01,1.35,1.36,1.25,1.32,52615000.0,68586600.0
2007-08-02,1.31,1.33,1.22,1.24,47351000.0,59740050.0
2007-08-03,1.26,1.29,1.25,1.28,17887340.0,22802260.0
2007-08-06,1.23,1.26,1.21,1.24,20800000.0,25659500.0
2007-08-07,1.25,1.28,1.2,1.2,16726810.0,20646360.0
2007-08-08,1.24,1.25,1.21,1.25,6671364.0,8216228.0
2007-08-09,1.27,1.27,1.23,1.25,8422000.0,10589040.0
2007-08-10,1.22,1.22,1.17,1.2,10195000.0,12151750.0
2007-08-13,1.19,1.22,1.18,1.19,10691000.0,12741070.0
2007-08-14,1.19,1.19,1.16,1.19,8211000.0,9662030.0
2007-08-15,1.17,1.18,1.13,1.14,9110000.0,10502000.0
2007-08-16,1.11,1.13,1.06,1.12,28362000.0,30931310.0
2007-08-17,1.08,1.1,0.93,1.07,35562000.0,36320670.0
2007-08-20,1.09,1.13,1.09,1.1,10313000.0,11488900.0
2007-08-21,1.12,1.18,1.08,1.08,14004040.0,15547460.0
2007-08-22,1.12,1.13,1.05,1.12,12780000.0,14130550.0
2007-08-23,1.14,1.17,1.14,1.16,20408000.0,23450110.0
2007-08-24,1.14,1.16,1.1,1.14,7885000.0,8891650.0
2007-08-27,1.14,1.22,1.14,1.21,66920000.0,78745550.0
2007-08-28,1.21,1.22,1.14,1.16,51560000.0,60258050.0
2007-08-29,1.1,1.12,1.09,1.11,19340050.0,21273050.0
2007-08-30,1.14,1.16,1.13,1.14,17710000.0,20261750.0
2007-08-31,1.14,1.19,1.13,1.18,23625000.0,27623220.0
2007-09-03,1.18,1.2,1.16,1.17,17835000.0,21021150.0
2007-09-04,1.19,1.22,1.15,1.17,27170000.0,32219550.0
2007-09-05,1.2,1.2,1.15,1.16,19560600.0,23089270.0
2007-09-06,1.16,1.18,1.14,1.15,20640000.0,23866850.0
2007-09-07,1.16,1.17,1.12,1.14,17588000.0,20212940.0
2007-09-10,1.02,1.05,0.99,1.02,63380700.0,64707870.0
2007-09-11,1.02,1.04,1.01,1.02,20735000.0,21280450.0
2007-09-12,1.03,1.06,1.02,1.05,27200740.0,28255100.0
2007-09-13,1.05,1.06,1.03,1.05,11585000.0,12156620.0
2007-09-14,1.06,1.08,1.04,1.05,12321500.0,12994680.0
2007-09-17,1.06,1.07,1.05,1.05,15187800.0,16041100.0
2007-09-18,1.06,1.06,1.03,1.05,9045000.0,9470150.0
2007-09-19,1.07,1.07,0.99,1.04,37039880.0,38399280.0
2007-09-20,1.02,1.03,1.0,1.02,16903100.0,17153190.0
2007-09-21,1.01,1.03,1.0,1.02,28517500.0,28785830.0
2007-09-24,1.02,1.03,1.0,1.0,31202500.0,31407000.0
2007-09-25,1.0,1.0,0.93,0.93,29225000.0,28102800.0
2007-09-27,0.94,0.99,0.9,0.95,45970000.0,43326250.0
2007-09-28,0.96,0.96,0.91,0.93,21000500.0,19493940.0
2007-10-02,0.95,0.96,0.92,0.93,25103680.0,23368860.0
2007-10-03,0.93,0.93,0.9,0.91,21011500.0,19165400.0
2007-10-04,0.91,0.91,0.88,0.89,29545000.0,26297450.0
2007-10-05,0.9,0.96,0.9,0.95,26426500.0,24597850.0
2007-10-08,1.0,1.06,0.96,1.03,24415000.0,24680800.0
2007-10-09,1.03,1.03,0.99,1.02,10055000.0,10220500.0
2007-10-10,1.02,1.05,1.02,1.03,23825000.0,24733350.0
2007-10-11,1.05,1.06,1.02,1.03,10225000.0,10605600.0
2007-10-12,1.01,1.02,0.97,1.0,13962000.0,13922990.0
2007-10-15,1.01,1.01,0.95,0.98,15126500.0,14651060.0
2007-10-16,0.99,0.99,0.95,0.96,15526050.0,14881160.0
2007-10-17,0.96,0.96,0.93,0.95,12485000.0,11753400.0
2007-10-18,0.95,0.96,0.93,0.93,11792200.0,11086710.0
2007-10-22,0.91,0.92,0.9,0.9,8545000.0,7780100.0
2007-10-23,0.92,0.94,0.91,0.92,13508000.0,12529740.0
2007-10-24,0.93,0.94,0.91,0.94,7990000.0,7412100.0
2007-10-25,0.94,0.95,0.91,0.92,6967000.0,6400840.0
2007-10-26,0.93,0.93,0.91,0.92,5215500.0,4791905.0
2007-10-29,0.93,0.93,0.9,0.92,11490500.0,10489020.0
2007-10-30,0.91,0.93,0.9,0.92,6305000.0,5782050.0
2007-10-31,0.91,0.92,0.9,0.91,9576735.0,8731559.0
2007-11-01,0.92,0.92,0.9,0.92,10137500.0,9257900.0
2007-11-02,0.9,0.92,0.9,0.92,12630000.0,11516100.0
2007-11-05,0.91,0.96,0.91,0.95,34552270.0,32508140.0
2007-11-06,0.96,1.05,0.96,1.03,46476120.0,47074240.0
2007-11-07,1.06,1.08,1.03,1.03,28101750.0,29603150.0
2007-11-08,1.0,1.02,0.98,1.0,13950000.0,13958550.0
2007-11-09,1.0,1.04,1.0,1.03,8890000.0,9120900.0
2007-11-12,1.02,1.04,1.0,1.0,20855000.0,21176250.0
2007-11-13,0.98,1.01,0.97,1.01,10560000.0,10524350.0
2007-11-14,1.04,1.04,1.01,1.01,8545000.0,8792550.0
2007-11-15,1.01,1.02,1.0,1.01,11131500.0,11236700.0
2007-11-16,1.0,1.06,0.99,1.01,21555000.0,22241050.0
2007-11-19,1.01,1.06,1.01,1.05,9857500.0,10259400.0
2007-11-20,1.06,1.1,1.02,1.09,16833000.0,17851350.0
2007-11-21,1.1,1.1,1.06,1.08,14039360.0,15120490.0
2007-11-22,1.05,1.07,1.0,1.01,19755000.0,20525150.0
2007-11-23,1.03,1.05,1.03,1.03,4890000.0,5073350.0
2007-11-26,1.12,1.12,1.06,1.07,7698000.0,8348610.0
2007-11-27,1.04,1.07,1.04,1.05,5204400.0,5478344.0
2007-11-28,1.07,1.07,1.02,1.02,5769000.0,5965470.0
2007-11-29,1.05,1.06,1.03,1.06,6921000.0,7260050.0
2007-11-30,1.04,1.06,1.02,1.02,6275000.0,6486000.0
2007-12-03,1.02,1.04,0.98,1.0,11350000.0,11514650.0
2007-12-04,1.0,1.0,0.97,0.98,7905000.0,7787293.0
2007-12-05,0.99,0.99,0.93,0.97,10570000.0,10137250.0
2007-12-06,0.98,0.98,0.95,0.96,6655600.0,6393852.0
2007-12-07,0.96,0.97,0.93,0.94,10595000.0,9967300.0
2007-12-10,0.95,0.98,0.94,0.97,6080000.0,5850850.0
2007-12-11,0.97,1.0,0.96,1.0,9455000.0,9356850.0
2007-12-12,0.98,0.99,0.97,0.98,2230234.0,2182468.0
2007-12-13,0.99,0.99,0.95,0.96,4350000.0,4235350.0
2007-12-14,0.98,0.98,0.91,0.94,6445000.0,6016700.0
2007-12-17,0.93,0.93,0.9,0.91,7007000.0,6402140.0
2007-12-18,0.9,0.91,0.87,0.88,12846000.0,11377650.0
2007-12-19,0.88,0.9,0.86,0.86,9995000.0,8787600.0
2007-12-20,0.89,0.91,0.85,0.86,21484090.0,18655860.0
2007-12-21,0.86,0.87,0.82,0.85,22477700.0,19117400.0
2007-12-27,0.89,0.9,0.86,0.87,11146000.0,9745540.0
2007-12-28,0.88,0.9,0.86,0.89,10310000.0,9072700.0
2008-01-02,0.88,0.89,0.86,0.89,10180000.0,8892250.0
2008-01-03,0.89,0.89,0.88,0.89,4354000.0,3861510.0
2008-01-04,0.9,0.94,0.9,0.92,12184000.0,11203210.0
2008-01-07,0.92,0.93,0.9,0.92,4775000.0,4374900.0
2008-01-08,0.92,1.04,0.92,1.02,48944000.0,48654340.0
2008-01-09,1.01,1.02,0.98,1.02,28025000.0,28030100.0
2008-01-10,1.02,1.03,0.97,0.98,8682050.0,8547861.0
2008-01-11,1.0,1.0,0.96,0.97,5647500.0,5493200.0
2008-01-14,0.97,0.98,0.93,0.94,3055000.0,2911200.0
2008-01-15,0.95,0.95,0.9,0.92,11450000.0,10430800.0
2008-01-16,0.91,0.91,0.84,0.85,8365000.0,7213000.0
2008-01-17,0.87,0.87,0.83,0.85,4805000.0,4067600.0
2008-01-18,0.85,0.86,0.82,0.86,3990000.0,3359250.0
2008-01-21,0.87,0.87,0.83,0.83,3110000.0,2611050.0
2008-01-22,0.8,0.8,0.68,0.71,15997000.0,11658970.0
2008-01-23,0.72,0.78,0.67,0.72,12741500.0,9163850.0
2008-01-24,0.74,0.76,0.73,0.74,4286000.0,3182740.0
2008-01-25,0.78,0.81,0.76,0.79,8355000.0,6550900.0
2008-01-28,0.78,0.78,0.76,0.78,5915000.0,4545000.0
2008-01-29,0.76,0.8,0.75,0.77,3310000.0,2566250.0
2008-01-30,0.78,0.78,0.75,0.77,6825000.0,5219700.0
2008-01-31,0.79,0.79,0.74,0.78,3985000.0,3043700.0
2008-02-01,0.78,0.82,0.76,0.82,9220000.0,7321750.0
2008-02-04,0.85,0.85,0.81,0.84,3495000.0,2913400.0
2008-02-05,0.84,0.85,0.83,0.85,6131700.0,5153793.0
2008-02-06,0.8,0.83,0.8,0.83,1930704.0,1581428.0
2008-02-11,0.82,0.84,0.82,0.83,855000.0,704500.0
2008-02-12,0.84,0.84,0.82,0.84,745000.0,616450.0
2008-02-13,0.84,0.84,0.81,0.81,4635000.0,3800650.0
2008-02-14,0.81,0.84,0.81,0.84,7635000.0,6288800.0
2008-02-15,0.84,0.85,0.82,0.84,6485000.0,5433700.0
2008-02-18,0.84,0.86,0.84,0.86,3115000.0,2651600.0
2008-02-19,0.86,0.86,0.83,0.85,5785000.0,4888950.0
2008-02-20,0.85,0.86,0.83,0.84,8435000.0,7107100.0
2008-02-21,0.84,0.84,0.83,0.83,1175000.0,977750.0
2008-02-22,0.82,0.83,0.8,0.82,1990000.0,1637100.0
2008-02-25,0.82,0.84,0.82,0.82,8140000.0,6703050.0
2008-02-26,0.81,0.83,0.81,0.82,3805000.0,3117700.0
2008-02-27,0.83,0.84,0.81,0.82,2165000.0,1778700.0
2008-02-28,0.82,0.82,0.81,0.82,1780000.0,1448900.0
2008-02-29,0.8,0.81,0.8,0.81,1790000.0,1439100.0
2008-03-03,0.8,0.81,0.76,0.8,2580000.0,2033250.0
2008-03-04,0.8,0.84,0.76,0.78,6800000.0,5336550.0
2008-03-05,0.78,0.83,0.77,0.83,14750000.0,11951350.0
2008-03-06,0.84,0.93,0.84,0.9,32355000.0,28820050.0
2008-03-07,0.86,0.92,0.86,0.91,7858000.0,7087810.0
2008-03-10,0.91,0.92,0.88,0.92,9203550.0,8295968.0
2008-03-11,0.92,0.95,0.9,0.95,11225000.0,10535350.0
2008-03-12,0.97,0.97,0.94,0.95,10099840.0,9614540.0
2008-03-13,0.94,0.95,0.9,0.91,8405000.0,7748350.0
2008-03-14,0.91,0.93,0.89,0.9,6005000.0,5465100.0
2008-03-17,0.87,0.89,0.85,0.87,8050000.0,7004450.0
2008-03-18,0.86,0.87,0.84,0.87,9485000.0,8135500.0
2008-03-19,0.86,0.92,0.86,0.91,9556363.0,8611777.0
2008-03-20,0.88,0.9,0.88,0.89,3845000.0,3422950.0
2008-03-25,0.89,0.94,0.88,0.93,11956250.0,10902290.0
2008-03-26,0.92,0.93,0.91,0.93,3260000.0,2997550.0
2008-03-27,0.92,0.92,0.9,0.91,2665000.0,2430600.0
2008-03-28,0.9,0.95,0.9,0.93,29830000.0,28069050.0
2008-03-31,0.94,0.95,0.9,0.93,9055000.0,8419900.0
2008-04-01,0.91,0.93,0.89,0.9,7300000.0,6619200.0
2008-04-02,0.94,0.95,0.91,0.92,9800000.0,9148900.0
2008-04-03,0.94,0.94,0.91,0.92,7310000.0,6753000.0
2008-04-07,0.92,0.95,0.91,0.94,11660000.0,10864850.0
2008-04-08,0.94,0.94,0.88,0.9,19140000.0,17202750.0
2008-04-09,0.9,0.91,0.87,0.89,11880000.0,10562000.0
2008-04-10,0.89,0.9,0.88,0.9,9899545.0,8841468.0
2008-04-11,0.91,0.92,0.89,0.9,8655000.0,7835900.0
2008-04-14,0.89,0.9,0.87,0.88,8741000.0,7690050.0
2008-04-15,0.88,0.9,0.88,0.88,9400000.0,8306700.0
2008-04-16,0.89,0.94,0.88,0.9,79060000.0,71466400.0
2008-04-17,0.93,0.93,0.89,0.9,45815000.0,41646150.0
2008-04-18,0.89,0.91,0.88,0.9,5415000.0,4846750.0
2008-04-21,0.91,0.91,0.88,0.88,6375000.0,5643750.0
2008-04-22,0.88,0.89,0.87,0.88,2145000.0,1891900.0
2008-04-23,0.88,0.9,0.88,0.89,4945000.0,4394500.0
2008-04-28,0.88,0.89,0.87,0.89,1525000.0,1344350.0
2008-04-29,0.89,0.91,0.88,0.89,7491000.0,6709600.0
2008-04-30,0.88,0.9,0.88,0.89,1991622.0,1757962.0
2008-05-02,0.88,0.88,0.86,0.86,6040000.0,5253350.0
2008-05-05,0.87,0.87,0.86,0.87,8000000.0,6914400.0
2008-05-06,0.86,0.97,0.86,0.89,12685200.0,11350220.0
2008-05-07,0.9,0.91,0.86,0.88,19932500.0,17610700.0
2008-05-08,0.89,0.95,0.88,0.92,57481000.0,52717990.0
2008-05-09,0.94,1.01,0.93,1.01,85681800.0,82965930.0
2008-05-13,1.0,1.05,0.97,1.04,66694000.0,66895400.0
2008-05-14,1.01,1.03,0.99,1.0,24370000.0,24764780.0
2008-05-15,1.0,1.0,0.95,0.95,14000000.0,13669350.0
2008-05-16,0.95,0.99,0.94,0.94,7845000.0,7543200.0
2008-05-19,0.95,0.96,0.93,0.94,6960000.0,6584150.0
2008-05-20,0.94,0.95,0.89,0.9,7622000.0,6905790.0
2008-05-21,0.88,0.91,0.88,0.91,2575000.0,2314600.0
2008-05-22,0.9,0.91,0.89,0.9,2275000.0,2057000.0
2008-05-23,0.9,0.92,0.9,0.9,2435000.0,2201500.0
2008-05-26,0.88,0.9,0.88,0.89,2335000.0,2078600.0
2008-05-27,0.9,0.9,0.88,0.89,23065000.0,20537900.0
2008-05-28,0.9,0.94,0.89,0.94,8840000.0,8112450.0
2008-05-29,0.95,0.95,0.92,0.93,3279000.0,3067350.0
2008-05-30,0.94,0.96,0.92,0.94,6545000.0,6156750.0
2008-06-02,0.95,0.96,0.93,0.95,5735000.0,5464490.0
2008-06-03,0.95,1.0,0.94,0.98,25354000.0,24672950.0
2008-06-04,0.99,1.02,0.97,0.99,10985000.0,10828600.0
2008-06-05,0.99,0.99,0.97,0.98,13890000.0,13595400.0
2008-06-06,0.99,1.01,0.98,1.0,15005500.0,14987020.0
2008-06-10,0.99,1.0,0.95,0.95,17071500.0,16586120.0
2008-06-11,0.97,0.97,0.92,0.93,12630000.0,11852900.0
2008-06-12,0.93,0.93,0.9,0.91,7257726.0,6601976.0
2008-06-13,0.91,0.91,0.89,0.9,4610000.0,4141250.0
2008-06-16,0.91,0.92,0.89,0.89,9820000.0,8822550.0
2008-06-17,0.89,0.9,0.87,0.88,14775000.0,13020500.0
2008-06-18,0.89,0.95,0.89,0.92,17653450.0,16227730.0
2008-06-19,0.93,0.96,0.91,0.93,15310800.0,14150970.0
2008-06-20,0.95,0.95,0.89,0.9,9618750.0,8818253.0
2008-06-23,0.9,0.9,0.88,0.88,1970000.0,1747900.0
2008-06-24,0.88,0.88,0.87,0.87,1930000.0,1696050.0
2008-06-25,0.87,0.89,0.86,0.89,2445000.0,2152850.0
2008-06-26,0.89,0.93,0.89,0.92,17075000.0,15605350.0
2008-06-27,0.9,0.91,0.89,0.89,6784433.0,6089734.0
2008-06-30,0.88,0.91,0.88,0.89,8016000.0,7151450.0
2008-07-02,0.89,0.9,0.87,0.87,3181074.0,2811363.0
2008-07-03,0.87,0.89,0.86,0.88,5740004.0,5006453.0
2008-07-04,0.89,0.89,0.87,0.88,4365000.0,3826500.0
2008-07-07,0.87,0.88,0.87,0.87,1570000.0,1367350.0
2008-07-08,0.87,0.88,0.86,0.86,2675000.0,2307950.0
2008-07-09,0.88,0.91,0.88,0.89,5612000.0,5040720.0
2008-07-10,0.89,0.9,0.87,0.89,915000.0,813400.0
2008-07-11,0.89,0.91,0.89,0.9,900000.0,806650.0
2008-07-14,0.89,0.92,0.87,0.88,4500000.0,3978650.0
2008-07-15,0.88,0.88,0.87,0.88,23670000.0,20820000.0
2008-07-16,0.88,0.88,0.87,0.88,1355000.0,1186450.0
2008-07-17,0.89,0.89,0.87,0.87,3707000.0,3259720.0
2008-07-18,0.88,0.89,0.87,0.87,5455000.0,4782800.0
2008-07-21,0.88,0.89,0.87,0.89,2630000.0,2326450.0
2008-07-22,0.89,0.89,0.87,0.88,2825000.0,2485350.0
2008-07-23,0.88,0.89,0.87,0.88,13540000.0,11894300.0
2008-07-24,0.86,0.87,0.85,0.86,7065000.0,6047450.0
2008-07-25,0.84,0.86,0.83,0.86,3420000.0,2910550.0
2008-07-28,0.86,0.86,0.83,0.86,3427500.0,2893750.0
2008-07-29,0.85,0.85,0.82,0.84,3750000.0,3122700.0
2008-08-04,0.82,0.82,0.77,0.8,3220000.0,2550550.0
2008-08-05,0.77,0.79,0.77,0.78,1575000.0,1227200.0
2008-08-07,0.77,0.78,0.7,0.76,5830000.0,4378900.0
2008-08-08,0.74,0.77,0.7,0.72,2975000.0,2143400.0
2008-08-11,0.73,0.73,0.68,0.72,5185000.0,3655400.0
2008-08-12,0.72,0.73,0.71,0.72,10785000.0,7738900.0
2008-08-13,0.72,0.73,0.7,0.7,2502400.0,1798032.0
2008-08-14,0.7,0.73,0.7,0.72,1330000.0,958650.0
2008-08-15,0.71,0.71,0.7,0.71,1083300.0,759862.0
2008-08-18,0.7,0.71,0.67,0.68,2096230.0,1426625.0
2008-08-19,0.67,0.69,0.65,0.68,1780000.0,1191550.0
2008-08-20,0.68,0.68,0.6,0.67,2900922.0,1882027.0
2008-08-21,0.7,0.7,0.62,0.68,1974600.0,1309420.0
2008-08-22,0.68,0.68,0.68,0.68,0.0,0.0
2008-08-25,0.68,0.7,0.68,0.7,465500.0,319835.0
2008-08-26,0.69,0.7,0.66,0.68,875000.0,598000.0
2008-08-27,0.68,0.68,0.66,0.67,850000.0,575800.0
2008-08-28,0.67,0.68,0.65,0.67,1440000.0,960050.0
2008-08-29,0.67,0.69,0.67,0.69,855000.0,579100.0
2008-09-01,0.69,0.69,0.66,0.67,105000.0,70200.0
2008-09-02,0.67,0.67,0.66,0.67,635000.0,424800.0
2008-09-03,0.68,0.69,0.67,0.68,520000.0,350700.0
2008-09-04,0.67,0.67,0.65,0.67,1345000.0,894280.0
2008-09-05,0.65,0.66,0.61,0.65,1055000.0,677500.0
2008-09-08,0.65,0.7,0.63,0.65,1589318.0,1028712.0
2008-09-09,0.64,0.65,0.62,0.63,2485818.0,1587232.0
2008-09-10,0.62,0.66,0.62,0.65,3930000.0,2531250.0
2008-09-11,0.64,0.71,0.64,0.68,19394090.0,13258610.0
2008-09-12,0.69,0.74,0.68,0.73,13346600.0,9546636.0
2008-09-16,0.67,0.67,0.64,0.65,4615000.0,3012150.0
2008-09-17,0.65,0.67,0.62,0.66,5625000.0,3673150.0
2008-09-18,0.63,0.65,0.58,0.62,7341000.0,4474530.0
2008-09-19,0.6,0.63,0.6,0.63,10680000.0,6529500.0
2008-09-22,0.65,0.66,0.62,0.65,3610000.0,2288900.0
2008-09-23,0.62,0.64,0.61,0.61,1093000.0,679840.0
2008-09-24,0.62,0.65,0.61,0.65,5987300.0,3756561.0
2008-09-25,0.63,0.65,0.62,0.64,965000.0,611150.0
2008-09-26,0.62,0.64,0.61,0.62,905000.0,559700.0
2008-09-29,0.63,0.64,0.62,0.63,2465000.0,1568300.0
2008-09-30,0.6,0.61,0.56,0.59,3050000.0,1814700.0
2008-10-02,0.6,0.63,0.58,0.63,2110000.0,1306600.0
2008-10-03,0.61,0.62,0.6,0.62,1405000.0,856100.0
2008-10-06,0.59,0.6,0.58,0.6,2360000.0,1401050.0
2008-10-08,0.58,0.59,0.55,0.56,2220000.0,1256550.0
2008-10-09,0.54,0.58,0.46,0.5,3026000.0,1597225.0
2008-10-10,0.425,0.45,0.405,0.45,3355000.0,1445500.0
2008-10-13,0.44,0.45,0.395,0.41,57400460.0,25642920.0
2008-10-14,0.46,0.47,0.405,0.425,4965000.0,2147975.0
2008-10-15,0.425,0.43,0.405,0.405,1447517.0,601206.0
2008-10-16,0.395,0.4,0.365,0.395,1570000.0,594175.0
2008-10-17,0.39,0.4,0.38,0.4,3380000.0,1312600.0
2008-10-20,0.38,0.41,0.365,0.395,2095000.0,791100.0
2008-10-21,0.395,0.395,0.375,0.395,1365000.0,519550.0
2008-10-22,0.375,0.38,0.36,0.38,515000.0,191475.0
2008-10-23,0.36,0.37,0.34,0.36,1050000.0,366850.0
2008-10-24,0.36,0.36,0.3,0.3,1560000.0,487500.0
2008-10-27,0.3,0.31,0.26,0.265,3240000.0,911775.0
2008-10-28,0.26,0.26,0.225,0.235,2245000.0,542850.0
2008-10-29,0.24,0.243,0.231,0.232,2815000.0,668120.0
2008-10-30,0.23,0.25,0.15,0.242,4665000.0,1101035.0
2008-10-31,0.255,0.29,0.255,0.29,2885000.0,787175.0
2008-11-03,0.28,0.32,0.275,0.31,4865000.0,1423125.0
2008-11-04,0.3,0.34,0.29,0.335,2930000.0,927925.0
2008-11-05,0.35,0.36,0.345,0.36,5787000.0,2086495.0
2008-11-06,0.39,0.39,0.33,0.34,2565000.0,922375.0
2008-11-07,0.35,0.43,0.35,0.415,5923000.0,2306000.0
2008-11-10,0.42,0.44,0.385,0.41,4175000.0,1709850.0
2008-11-11,0.38,0.42,0.38,0.41,3380000.0,1392375.0
2008-11-12,0.42,0.45,0.4,0.445,3340000.0,1443875.0
2008-11-13,0.44,0.44,0.41,0.42,2565000.0,1089475.0
2008-11-14,0.42,0.44,0.42,0.44,1745000.0,753450.0
2008-11-17,0.39,0.435,0.39,0.43,1485000.0,636700.0
2008-11-18,0.42,0.53,0.42,0.45,8103000.0,3823625.0
2008-11-19,0.45,0.46,0.42,0.44,1690000.0,738700.0
2008-11-20,0.41,0.42,0.39,0.41,3196000.0,1286555.0
2008-11-21,0.405,0.435,0.385,0.4,4438800.0,1773788.0
2008-11-24,0.4,0.42,0.4,0.41,2155000.0,880875.0
2008-11-25,0.41,0.415,0.405,0.415,2265000.0,929500.0
2008-11-26,0.4,0.42,0.4,0.41,1170000.0,475450.0
2008-11-27,0.415,0.435,0.41,0.42,2260000.0,953600.0
2008-11-28,0.42,0.49,0.415,0.485,19310000.0,8755150.0
2008-12-01,0.485,0.52,0.48,0.5,5965000.0,2990425.0
2008-12-02,0.45,0.485,0.45,0.47,2740000.0,1285175.0
2008-12-03,0.475,0.49,0.47,0.49,990000.0,481725.0
2008-12-04,0.49,0.53,0.48,0.5,16085000.0,7980900.0
2008-12-05,0.53,0.53,0.49,0.51,1510000.0,754750.0
2008-12-08,0.52,0.53,0.5,0.53,3190000.0,1659650.0
2008-12-09,0.53,0.56,0.53,0.55,6425599.0,3514394.0
2008-12-10,0.55,0.6,0.54,0.58,16855000.0,9693550.0
2008-12-11,0.58,0.61,0.56,0.59,5550000.0,3250550.0
2008-12-12,0.56,0.6,0.55,0.58,8140600.0,4631468.0
2008-12-15,0.59,0.6,0.58,0.6,6925000.0,4122750.0
2008-12-16,0.6,0.61,0.59,0.59,3572000.0,2144100.0
2008-12-17,0.6,0.66,0.58,0.63,17605000.0,10848600.0
2008-12-18,0.61,0.64,0.61,0.63,6535000.0,4064300.0
2008-12-19,0.63,0.65,0.62,0.62,7445000.0,4697200.0
2008-12-22,0.62,0.65,0.61,0.62,7690000.0,4867300.0
2008-12-23,0.61,0.67,0.61,0.62,7301000.0,4614010.0
2008-12-24,0.62,0.63,0.6,0.63,4035000.0,2504000.0
2008-12-29,0.63,0.64,0.61,0.62,2825000.0,1764350.0
2008-12-30,0.62,0.62,0.6,0.62,1252000.0,765040.0
2008-12-31,0.63,0.63,0.62,0.63,740000.0,460550.0
2009-01-01,0.63,0.62,0.62,0.63,0.0,0.0
2009-01-02,0.62,0.63,0.61,0.62,475000.0,295600.0
2009-01-05,0.64,0.7,0.64,0.68,15645000.0,10504050.0
2009-01-06,0.69,0.69,0.66,0.68,12307000.0,8310580.0
2009-01-07,0.68,0.73,0.68,0.69,14407590.0,10127250.0
2009-01-08,0.67,0.68,0.63,0.64,12155000.0,8265500.0
2009-01-09,0.64,0.64,0.6,0.61,2105000.0,1298200.0
2009-01-12,0.6,0.63,0.59,0.61,12865000.0,7853200.0
2009-01-13,0.61,0.62,0.6,0.61,1947000.0,1184870.0
2009-01-15,0.6,0.62,0.57,0.59,7085000.0,4215750.0
2009-01-16,0.6,0.61,0.59,0.59,4035000.0,2414300.0
2009-01-19,0.59,0.61,0.59,0.6,2480000.0,1488200.0
2009-01-20,0.6,0.64,0.59,0.59,4655000.0,2823050.0
2009-01-21,0.58,0.61,0.58,0.6,2307000.0,1373630.0
2009-01-22,0.61,0.61,0.59,0.6,395000.0,234600.0
2009-01-23,0.56,0.58,0.55,0.57,1290000.0,722950.0
2009-01-29,0.57,0.59,0.57,0.58,1400000.0,807900.0
2009-01-30,0.59,0.6,0.58,0.58,1725000.0,1014700.0
2009-02-02,0.59,0.59,0.57,0.58,825000.0,478900.0
2009-02-03,0.58,0.59,0.58,0.58,1209750.0,705390.0
2009-02-04,0.58,0.61,0.58,0.59,7671000.0,4612090.0
2009-02-05,0.59,0.62,0.58,0.6,9250000.0,5602850.0
2009-02-06,0.68,0.74,0.67,0.7,37185820.0,26005310.0
2009-02-09,0.71,0.72,0.67,0.68,13596820.0,9356274.0
2009-02-10,0.69,0.69,0.64,0.65,15785000.0,10385100.0
2009-02-11,0.63,0.66,0.62,0.65,6335263.0,4087118.0
2009-02-12,0.65,0.69,0.65,0.68,14030000.0,9446900.0
2009-02-13,0.7,0.71,0.67,0.68,14400000.0,9923150.0
2009-02-16,0.68,0.7,0.68,0.69,7040000.0,4843550.0
2009-02-17,0.69,0.7,0.66,0.66,8270000.0,5614550.0
2009-02-18,0.67,0.67,0.65,0.67,3051820.0,2016201.0
2009-02-19,0.67,0.68,0.66,0.68,4170000.0,2791400.0
2009-02-20,0.68,0.68,0.65,0.67,6540000.0,4367650.0
2009-02-23,0.66,0.67,0.65,0.66,2285000.0,1508000.0
2009-02-24,0.65,0.66,0.64,0.64,2665000.0,1720300.0
2009-02-25,0.65,0.66,0.64,0.65,7215000.0,4683550.0
2009-02-26,0.65,0.66,0.63,0.64,3440421.0,2202803.0
2009-02-27,0.62,0.63,0.61,0.63,2248055.0,1398172.0
2009-03-02,0.62,0.62,0.59,0.6,5455000.0,3281100.0
2009-03-03,0.57,0.63,0.57,0.61,4585000.0,2784750.0
2009-03-04,0.63,0.66,0.62,0.65,6405000.0,4076750.0
2009-03-05,0.66,0.67,0.62,0.64,2790000.0,1787800.0
2009-03-06,0.62,0.64,0.62,0.62,5793000.0,3620640.0
2009-03-09,0.62,0.64,0.62,0.63,6135000.0,3826650.0
2009-03-10,0.64,0.65,0.63,0.65,2405000.0,1534050.0
2009-03-11,0.67,0.68,0.65,0.66,10490000.0,6930150.0
2009-03-12,0.65,0.66,0.62,0.63,3287000.0,2090800.0
2009-03-13,0.64,0.65,0.63,0.64,7250000.0,4634150.0
2009-03-16,0.65,0.68,0.64,0.68,26525000.0,17713550.0
2009-03-17,0.68,0.68,0.66,0.66,14630000.0,9772450.0
2009-03-18,0.68,0.68,0.66,0.68,9630000.0,6476600.0
2009-03-19,0.67,0.68,0.66,0.67,8525000.0,5692000.0
2009-03-20,0.66,0.66,0.65,0.65,6805000.0,4460100.0
2009-03-23,0.66,0.68,0.66,0.68,15720000.0,10551350.0
2009-03-24,0.69,0.72,0.69,0.69,24798500.0,17269910.0
2009-03-25,0.67,0.68,0.66,0.68,5842000.0,3929410.0
2009-03-26,0.68,0.69,0.67,0.68,7565000.0,5113750.0
2009-03-27,0.68,0.68,0.68,0.68,0.0,0.0
2009-03-30,0.68,0.71,0.63,0.67,20085000.0,13507850.0
2009-03-31,0.67,0.69,0.66,0.68,6610000.0,4486550.0
2009-04-01,0.69,0.73,0.69,0.72,28545000.0,20378800.0
2009-04-02,0.74,0.78,0.73,0.77,32595000.0,24492200.0
2009-04-03,0.78,0.78,0.74,0.75,14535000.0,10907550.0
2009-04-06,0.75,0.76,0.72,0.73,16340000.0,12087250.0
2009-04-07,0.75,0.77,0.74,0.77,11999390.0,9068529.0
2009-04-08,0.75,0.76,0.75,0.75,6140000.0,4632900.0
2009-04-09,0.76,0.84,0.75,0.84,22945000.0,18374500.0
2009-04-14,0.86,0.87,0.83,0.86,28737000.0,24530460.0
2009-04-15,0.87,0.88,0.84,0.88,13820000.0,11895750.0
2009-04-16,0.89,0.99,0.87,0.98,49023000.0,45851540.0
2009-04-17,1.02,1.04,0.99,1.01,66395920.0,67051700.0
2009-04-20,1.08,1.08,1.0,1.01,48545000.0,49841300.0
2009-04-21,0.97,0.98,0.94,0.98,27694000.0,26624530.0
2009-04-22,0.99,1.02,0.94,0.95,28436500.0,27991080.0
2009-04-23,0.95,0.98,0.95,0.98,14546000.0,14086060.0
2009-04-24,0.99,0.99,0.95,0.96,15485000.0,15041850.0
2009-04-27,0.96,0.96,0.89,0.91,23810000.0,21725450.0
2009-04-28,0.91,0.94,0.89,0.9,18510000.0,16930550.0
2009-04-29,0.92,0.95,0.91,0.94,60705000.0,56218200.0
2009-04-30,0.97,1.1,0.95,1.05,112881000.0,116328000.0
2009-05-04,1.1,1.16,1.08,1.15,55916700.0,63337160.0
2009-05-05,1.15,1.23,1.14,1.14,53102400.0,62643510.0
2009-05-06,1.15,1.23,1.15,1.18,49970000.0,59854630.0
2009-05-07,1.22,1.43,1.21,1.34,124496000.0,163122100.0
2009-05-08,1.28,1.32,1.25,1.28,49994170.0,64536560.0
2009-05-11,1.3,1.31,1.19,1.2,53501500.0,66149970.0
2009-05-12,1.22,1.26,1.19,1.25,31534250.0,38702550.0
2009-05-13,1.27,1.43,1.26,1.3,69377000.0,94019510.0
2009-05-14,1.26,1.33,1.23,1.31,33402000.0,43090710.0
2009-05-15,1.36,1.4,1.35,1.37,35808000.0,49202020.0
2009-05-18,1.38,1.39,1.3,1.39,15575000.0,21276900.0
2009-05-19,1.4,1.5,1.39,1.45,69105000.0,100167400.0
2009-05-20,1.4,1.44,1.35,1.38,1022541000.0,1388964000.0
2009-05-21,1.38,1.4,1.3,1.34,126490000.0,170254700.0
2009-05-22,1.33,1.37,1.25,1.29,75436500.0,99120060.0
2009-05-25,1.3,1.46,1.29,1.44,131045200.0,182144100.0
2009-05-26,1.47,1.5,1.41,1.46,83100000.0,120864400.0
2009-05-27,1.45,1.51,1.44,1.46,88222610.0,129923600.0
2009-05-29,1.49,1.51,1.45,1.5,78358100.0,116714500.0
2009-06-01,1.55,1.57,1.5,1.56,53946010.0,83780370.0
2009-06-02,1.57,1.58,1.46,1.49,32075770.0,48660630.0
2009-06-03,1.51,1.55,1.46,1.49,44650700.0,67080850.0
2009-06-04,1.49,1.5,1.41,1.44,41795770.0,60519950.0
2009-06-05,1.46,1.48,1.39,1.42,25281000.0,36035780.0
2009-06-08,1.43,1.46,1.39,1.4,26805280.0,38316540.0
2009-06-09,1.43,1.46,1.37,1.46,29311000.0,41636600.0
2009-06-10,1.5,1.52,1.45,1.46,20060000.0,29881850.0
2009-06-11,1.48,1.48,1.42,1.44,11322000.0,16333970.0
2009-06-12,1.46,1.5,1.45,1.48,34953690.0,51740680.0
2009-06-15,1.49,1.53,1.45,1.49,46230200.0,68764340.0
2009-06-16,1.45,1.47,1.42,1.43,19395500.0,27909850.0
2009-06-17,1.44,1.45,1.38,1.39,56000000.0,78599460.0
2009-06-18,1.39,1.45,1.37,1.42,46009100.0,65106470.0
2009-06-19,1.45,1.45,1.35,1.36,24790000.0,34285450.0
2009-06-22,1.38,1.43,1.37,1.43,35863370.0,50336180.0
2009-06-23,1.35,1.4,1.35,1.39,19740000.0,27142400.0
2009-06-24,1.37,1.44,1.37,1.41,11087500.0,15655480.0
2009-06-25,1.45,1.45,1.39,1.4,12098290.0,17062740.0
2009-06-26,1.43,1.44,1.39,1.41,12662800.0,17821230.0
2009-06-29,1.42,1.43,1.4,1.42,16316000.0,22978610.0
2009-06-30,1.42,1.43,1.39,1.4,11997300.0,16919880.0
2009-07-02,1.4,1.42,1.36,1.38,25131500.0,34897380.0
2009-07-03,1.34,1.39,1.34,1.37,13370000.0,18351080.0
2009-07-06,1.35,1.41,1.35,1.38,12499250.0,17253040.0
2009-07-07,1.39,1.41,1.37,1.4,8940000.0,12423300.0
2009-07-08,1.38,1.4,1.36,1.37,13764000.0,18948670.0
2009-07-09,1.38,1.6,1.36,1.52,71007200.0,105062000.0
2009-07-10,1.54,1.62,1.52,1.55,108236500.0,171221700.0
2009-07-13,1.55,1.7,1.5,1.57,72474540.0,116659800.0
2009-07-14,1.59,1.65,1.58,1.61,50979840.0,82209540.0
2009-07-15,1.55,1.8,1.54,1.77,699389000.0,1033326000.0
2009-07-16,1.8,1.96,1.75,1.79,98582680.0,180569700.0
2009-07-17,1.83,1.91,1.81,1.88,77345660.0,144942400.0
2009-07-20,1.94,2.07,1.9,1.98,97106500.0,194986800.0
2009-07-21,2.0,2.03,1.91,1.94,48583980.0,94851950.0
2009-07-22,1.96,2.01,1.93,1.97,34845300.0,68980580.0
2009-07-23,2.0,2.01,1.94,1.97,39070200.0,77274920.0
2009-07-24,2.0,2.05,1.97,1.98,23989000.0,47890390.0
2009-07-27,1.99,2.0,1.94,1.97,19854000.0,39041680.0
2009-07-28,1.98,2.01,1.93,1.98,52519500.0,103656800.0
2009-07-29,1.98,1.99,1.83,1.9,42764090.0,81473790.0
2009-07-30,1.88,1.9,1.83,1.86,33960000.0,63364800.0
2009-07-31,1.9,1.93,1.86,1.89,37455500.0,71119150.0
2009-08-03,1.93,2.06,1.93,1.99,64376250.0,129206800.0
2009-08-04,2.02,2.04,1.91,1.94,37531000.0,73993830.0
2009-08-05,1.94,1.96,1.83,1.84,33202500.0,62632280.0
2009-08-06,1.86,1.86,1.78,1.83,49689200.0,90109020.0
2009-08-07,1.85,1.94,1.84,1.87,59611000.0,112631100.0
2009-08-10,1.92,1.97,1.87,1.89,59122520.0,112947800.0
2009-08-11,1.86,1.92,1.86,1.91,41792030.0,78929830.0
2009-08-12,1.85,1.9,1.84,1.86,23339000.0,43433930.0
2009-08-13,1.92,2.03,1.92,1.97,59050000.0,116901400.0
2009-08-14,2.0,2.01,1.91,1.98,48760000.0,95765900.0
2009-08-17,1.94,1.94,1.81,1.84,46958660.0,88159780.0
2009-08-18,1.82,1.89,1.78,1.88,50432400.0,92210840.0
2009-08-19,1.88,1.96,1.85,1.93,58845000.0,111807800.0
2009-08-20,1.95,1.98,1.87,1.91,44342000.0,84925950.0
2009-08-21,1.92,1.93,1.83,1.87,27003500.0,50710060.0
2009-08-24,1.92,1.92,1.85,1.9,49883000.0,94006120.0
2009-08-25,1.89,1.89,1.84,1.85,45659090.0,85058940.0
2009-08-26,1.85,1.94,1.83,1.93,41127000.0,78187130.0
2009-08-27,1.9,1.93,1.87,1.88,40747340.0,77465650.0
2009-08-28,1.9,1.91,1.75,1.81,61967240.0,112820200.0
2009-08-31,1.81,1.9,1.78,1.87,137797700.0,256351300.0
2009-09-01,1.87,1.91,1.81,1.84,73979890.0,138747000.0
2009-09-02,1.81,1.86,1.8,1.81,26549900.0,48435490.0
2009-09-03,1.79,1.89,1.79,1.87,27703000.0,51258090.0
2009-09-04,1.9,1.91,1.87,1.9,40293860.0,76271220.0
2009-09-07,1.91,2.02,1.91,2.01,87608520.0,172656500.0
2009-09-08,2.01,2.19,2.0,2.07,163429000.0,343080800.0
2009-09-09,2.15,2.15,2.07,2.11,49486000.0,104399900.0
2009-09-10,2.14,2.15,2.05,2.07,46772200.0,98092970.0
2009-09-11,2.09,2.09,1.92,1.93,92537000.0,183557600.0
2009-09-14,1.94,1.96,1.83,1.84,97777000.0,182979500.0
2009-09-15,1.84,1.86,1.78,1.79,60661000.0,109885400.0
2009-09-16,1.79,1.79,1.79,1.79,0.0,0.0
2009-09-17,1.79,1.79,1.79,1.79,0.0,0.0
2009-09-18,1.79,1.79,1.79,1.79,0.0,0.0
2009-09-21,1.79,1.79,1.79,1.79,0.0,0.0
2009-09-22,1.79,1.79,1.79,1.79,0.0,0.0
2009-09-23,2.25,2.25,2.07,2.13,279081800.0,598066900.0
2009-09-24,2.16,2.48,2.15,2.42,498201200.0,1169721000.0
2009-09-25,2.42,2.51,2.28,2.29,241049700.0,569803800.0
2009-09-28,2.28,2.3,2.01,2.05,218198200.0,461466100.0
2009-09-29,2.1,2.2,2.06,2.12,170390500.0,362644600.0
2009-09-30,2.14,2.16,2.07,2.11,60725440.0,128317600.0
2009-10-02,2.04,2.13,2.02,2.11,45694800.0,95760850.0
2009-10-05,2.1,2.16,2.06,2.12,39492080.0,83057340.0
2009-10-06,2.15,2.34,2.13,2.33,156600500.0,349726500.0
2009-10-07,2.37,2.42,2.31,2.38,125527200.0,297914100.0
2009-10-08,2.4,2.4,2.28,2.31,61156500.0,142413300.0
2009-10-09,2.33,2.41,2.29,2.35,89271000.0,210907700.0
2009-10-10,2.33,2.41,2.29,2.35,89271000.0,210907700.0
2009-10-12,2.37,2.38,2.31,2.36,38702460.0,91091830.0
2009-10-13,2.4,2.57,2.38,2.48,183642600.0,459683000.0
2009-10-14,2.5,2.54,2.45,2.53,99541200.0,249390000.0
2009-10-15,2.54,2.77,2.53,2.67,310755600.0,826394600.0
2009-10-16,2.7,2.7,2.57,2.68,104575000.0,276688100.0
2009-10-19,2.66,2.9,2.66,2.85,207940000.0,586993700.0
2009-10-20,2.87,2.95,2.85,2.86,168313900.0,486620900.0
2009-10-21,2.88,2.89,2.77,2.78,128984500.0,362515500.0
2009-10-22,2.72,2.78,2.65,2.66,152342000.0,409890800.0
2009-10-23,2.7,2.82,2.7,2.77,129702500.0,359548500.0
2009-10-27,2.68,2.91,2.67,2.84,194435000.0,550322000.0
2009-10-28,2.88,2.97,2.81,2.87,179956600.0,520002300.0
2009-10-29,2.89,3.0,2.82,2.93,200686400.0,585135200.0
2009-10-30,3.03,3.04,2.83,2.84,165970400.0,484206900.0
2009-11-02,2.74,2.87,2.72,2.79,155267200.0,435261600.0
2009-11-03,2.82,2.83,2.68,2.7,82240000.0,224490300.0
2009-11-04,2.73,2.88,2.72,2.83,138133000.0,389607400.0
2009-11-05,2.85,3.01,2.8,2.93,212478500.0,624160000.0
2009-11-06,2.99,3.02,2.87,2.9,96274000.0,282262100.0
2009-11-09,2.93,2.94,2.85,2.91,80382000.0,232817600.0
2009-11-10,2.94,3.2,2.9,3.13,378379400.0,1158793000.0
2009-11-11,3.13,3.29,3.08,3.23,227700000.0,726710700.0
2009-11-12,3.27,3.59,3.26,3.54,304423500.0,1056078000.0
2009-11-13,3.59,3.6,3.37,3.49,126253200.0,439465800.0
2009-11-16,3.5,3.62,3.39,3.44,91278340.0,319373200.0
2009-11-17,3.46,3.7,3.32,3.69,166585600.0,592168500.0
2009-11-18,3.72,3.94,3.68,3.86,212454100.0,816078300.0
2009-11-19,3.86,3.88,3.53,3.57,150942800.0,554544800.0
2009-11-20,3.55,3.77,3.45,3.69,139576400.0,509877400.0
2009-11-23,3.73,3.9,3.7,3.84,104280000.0,397589600.0
2009-11-24,3.84,3.89,3.7,3.74,86802820.0,328706500.0
2009-11-25,3.78,3.82,3.63,3.73,70126550.0,260931800.0
2009-11-26,3.76,3.76,3.54,3.62,77168400.0,280220400.0
2009-11-27,3.4,3.72,3.4,3.51,146551100.0,518442000.0
2009-11-30,3.66,3.93,3.64,3.92,216113400.0,818999700.0
2009-12-01,3.92,3.97,3.82,3.88,124741000.0,486922000.0
2009-12-02,3.95,4.24,3.9,4.11,217187600.0,896401900.0
2009-12-03,4.19,4.24,4.11,4.15,90535060.0,377370700.0
2009-12-04,4.07,4.13,3.95,4.08,138885800.0,564441600.0
2009-12-07,4.1,4.38,4.09,4.33,175305100.0,747124700.0
2009-12-08,4.36,4.67,4.3,4.59,147849900.0,670730800.0
2009-12-09,4.55,4.84,4.53,4.61,205324000.0,964307800.0
2009-12-10,4.71,4.78,4.2,4.23,290568500.0,1276944000.0
2009-12-11,4.15,4.36,4.02,4.2,199080600.0,838434700.0
2009-12-14,4.09,4.4,4.08,4.34,99259610.0,427218100.0
2009-12-15,4.35,4.49,4.28,4.4,100079500.0,440575400.0
2009-12-16,4.45,4.51,4.24,4.37,98312700.0,429634200.0
2009-12-17,4.46,4.46,4.16,4.22,86957500.0,370808400.0
2009-12-18,4.12,4.15,3.75,3.95,160054900.0,627037600.0
2009-12-21,3.85,3.92,3.55,3.56,215338400.0,787632800.0
2009-12-22,3.64,3.82,3.63,3.71,136435600.0,509978600.0
2009-12-23,3.8,3.99,3.75,3.98,106386000.0,411676200.0
2009-12-24,4.2,4.3,4.13,4.26,136095100.0,574674200.0
2009-12-28,4.37,4.42,4.22,4.24,100272000.0,434257700.0
2009-12-29,4.28,4.28,4.03,4.14,82394000.0,339105200.0
2009-12-30,4.1,4.27,4.04,4.24,57483340.0,238531300.0
2009-12-31,4.27,4.28,4.2,4.27,29096000.0,123072800.0
2010-01-04,4.27,4.39,4.21,4.37,95526870.0,411687800.0
2010-01-05,4.44,4.5,4.37,4.41,111663800.0,496237700.0
2010-01-06,4.44,4.46,4.16,4.22,133592600.0,572289900.0
2010-01-07,4.26,4.27,4.08,4.13,96756260.0,400861300.0
2010-01-08,4.13,4.2,4.05,4.12,82763100.0,341008300.0
2010-01-11,4.16,4.19,4.06,4.09,63579360.0,260940700.0
2010-01-12,4.11,4.26,4.02,4.16,115940000.0,481507700.0
2010-01-13,4.07,4.13,4.05,4.06,64376500.0,262694200.0
2010-01-14,4.12,4.18,4.02,4.04,65381500.0,267602400.0
2010-01-15,4.05,4.08,3.9,4.0,55275090.0,221416100.0
2010-01-18,3.91,4.03,3.91,3.96,39042250.0,154595400.0
2010-01-19,4.05,4.15,4.05,4.15,96990000.0,398950600.0
2010-01-20,4.15,4.15,3.97,4.02,70323540.0,284198700.0
2010-01-21,4.0,4.0,3.83,3.85,84154000.0,329656100.0
2010-01-22,3.67,3.8,3.52,3.8,157033200.0,573082200.0
2010-01-25,3.7,3.85,3.68,3.74,58416940.0,218680400.0
2010-01-26,3.71,3.74,3.5,3.51,81907000.0,292329200.0
2010-01-27,3.51,3.58,3.27,3.29,154909500.0,524210500.0
2010-01-28,3.35,3.57,3.3,3.56,89666660.0,308188500.0
2010-01-29,3.49,3.54,3.37,3.45,81477000.0,280950200.0
2010-02-01,3.41,3.49,3.35,3.47,58409590.0,199595800.0
2010-02-02,3.52,3.59,3.49,3.53,51895180.0,183709400.0
2010-02-03,3.6,3.66,3.53,3.65,44427000.0,160648500.0
2010-02-04,3.63,3.64,3.53,3.53,32585000.0,116787500.0
2010-02-05,3.33,3.44,3.33,3.36,78485250.0,265065500.0
2010-02-08,3.36,3.4,3.2,3.22,52286850.0,171811300.0
2010-02-09,3.2,3.25,2.98,3.09,94864800.0,293547800.0
2010-02-10,3.18,3.54,3.17,3.53,124439300.0,417140900.0
2010-02-11,3.53,3.61,3.44,3.59,79075500.0,279810300.0
2010-02-12,3.6,3.68,3.52,3.64,49339330.0,178780600.0
2010-02-17,3.74,3.74,3.55,3.58,42820600.0,155433200.0
2010-02-18,3.59,3.73,3.55,3.62,35465000.0,129824200.0
2010-02-19,3.6,3.6,3.46,3.47,35751370.0,124954900.0
2010-02-22,3.59,3.6,3.51,3.53,27980000.0,99095250.0
2010-02-23,3.48,3.63,3.46,3.58,38565000.0,137658200.0
2010-02-24,3.5,3.65,3.5,3.63,36174010.0,130380100.0
2010-02-25,3.68,3.69,3.6,3.6,26765000.0,97533240.0
2010-02-26,3.64,3.92,3.63,3.9,159226800.0,609802400.0
2010-03-01,3.88,3.9,3.8,3.84,43291500.0,166524000.0
2010-03-02,3.85,4.08,3.84,3.96,98514580.0,393379700.0
2010-03-03,4.019,4.07,3.98,4.019,68466110.0,276243800.0
2010-03-04,4.05,4.059,3.85,3.88,44806000.0,176347700.0
2010-03-05,3.95,3.98,3.9,3.98,29931970.0,118157300.0
2010-03-08,4.04,4.05,4.0,4.019,36380000.0,146393400.0
2010-03-09,4.03,4.04,3.93,4.01,35626000.0,142154100.0
2010-03-10,4.05,4.059,3.99,4.01,32792000.0,132191200.0
2010-03-11,4.08,4.17,4.019,4.16,109073400.0,448086000.0
2010-03-12,4.19,4.19,4.05,4.09,31622560.0,129900700.0
2010-03-15,4.08,4.14,4.04,4.07,27039500.0,110188600.0
2010-03-16,4.07,4.1,3.98,4.019,33778000.0,135676100.0
2010-03-17,4.08,4.09,4.01,4.019,42601400.0,172551900.0
2010-03-18,4.019,4.18,4.019,4.16,125264200.0,517798200.0
2010-03-19,4.18,4.2,4.059,4.19,99656500.0,412462200.0
2010-03-22,4.15,4.15,4.1,4.11,27734590.0,114302500.0
2010-03-23,4.13,4.15,4.01,4.059,38068000.0,155285000.0
2010-03-24,4.11,4.13,4.05,4.08,28358000.0,115798400.0
2010-03-25,4.09,4.09,4.0,4.03,24724750.0,99632950.0
2010-03-26,4.05,4.15,4.01,4.1,46661730.0,191457200.0
2010-03-29,4.25,4.3,4.14,4.16,137832000.0,581556700.0
2010-03-30,4.2,4.21,4.08,4.15,61838140.0,255512100.0
2010-03-31,4.16,4.16,4.08,4.11,24620350.0,100948400.0
2010-04-01,4.12,4.17,4.1,4.14,33379370.0,138354100.0
2010-04-07,4.23,4.29,4.17,4.24,78041000.0,331342900.0
2010-04-08,4.18,4.24,4.12,4.16,40869000.0,170704300.0
2010-04-09,4.16,4.19,4.15,4.17,24603000.0,102569700.0
2010-04-12,4.2,4.23,3.92,3.95,126661000.0,508430200.0
2010-04-13,3.9,3.91,3.75,3.82,158112300.0,603247200.0
2010-04-14,3.77,3.78,3.7,3.71,127138400.0,472404300.0
2010-04-15,3.7,3.8,3.62,3.64,106122000.0,391456100.0
2010-04-16,3.61,3.64,3.52,3.63,91546460.0,327295800.0
2010-04-19,3.58,3.61,3.53,3.61,51355300.0,183038200.0
2010-04-20,3.6,3.78,3.55,3.7,117539100.0,433696200.0
2010-04-21,3.77,3.78,3.62,3.62,74240460.0,272135700.0
2010-04-22,3.6,3.65,3.52,3.54,85761520.0,305828400.0
2010-04-23,3.56,3.6,3.5,3.58,73102940.0,258340800.0
2010-04-26,3.61,3.65,3.56,3.58,40969410.0,147467600.0
2010-04-27,3.6,3.66,3.55,3.59,50270100.0,181275200.0
2010-04-28,3.51,3.55,3.45,3.54,57065770.0,200254100.0
2010-04-29,3.57,3.57,3.36,3.37,69408000.0,239102700.0
2010-04-30,3.42,3.44,3.33,3.38,80033504.0,270669312.0
2010-05-03,3.35,3.42,3.33,3.36,24615000.0,82853272.0
2010-05-04,3.41,3.41,3.27,3.29,39790030.0,132235000.0
2010-05-05,3.18,3.3,3.09,3.22,100180400.0,317061100.0
2010-05-06,3.16,3.25,3.15,3.24,42383160.0,135339100.0
2010-05-07,3.06,3.36,3.06,3.3,68726620.0,224157900.0
2010-05-10,3.35,3.47,3.35,3.4,50973110.0,174512400.0
2010-05-11,3.41,3.43,3.23,3.28,42066300.0,139908400.0
2010-05-12,3.33,3.34,3.14,3.19,72519300.0,230637000.0
2010-05-13,3.17,3.25,3.17,3.19,70318000.0,224771200.0
2010-05-14,3.14,3.17,3.09,3.11,59367000.0,185080700.0
2010-05-17,3.04,3.08,2.93,2.98,52707500.0,156790900.0
2010-05-18,3.0,3.01,2.86,2.96,77686790.0,227774100.0
2010-05-19,2.9,2.9,2.8,2.81,48303000.0,136976500.0
2010-05-20,2.8,2.86,2.54,2.7,95143190.0,256809200.0
2010-05-24,2.71,2.86,2.64,2.81,68805730.0,191833500.0
2010-05-25,2.77,2.77,2.61,2.7,52403170.0,140782300.0
2010-05-26,2.73,2.78,2.58,2.65,75067630.0,198805300.0
2010-05-27,2.63,2.83,2.55,2.75,88420190.0,239685800.0
2010-05-28,2.84,2.87,2.6,2.62,78931570.0,216216800.0
2010-05-31,2.62,2.77,2.61,2.73,77975690.0,211510300.0
2010-06-01,2.71,2.84,2.69,2.7,65127000.0,180133100.0
2010-06-02,2.75,2.81,2.72,2.79,58297240.0,161818500.0
2010-06-03,2.88,2.88,2.73,2.75,50021200.0,140525200.0
2010-06-04,2.74,2.8,2.73,2.77,29939000.0,83012630.0
2010-06-07,2.62,2.69,2.61,2.68,28592380.0,76052550.0
2010-06-08,2.68,2.72,2.62,2.65,25740000.0,68459050.0
2010-06-09,2.64,2.67,2.58,2.59,24683440.0,64505970.0
2010-06-10,2.6,2.61,2.38,2.39,98752770.0,240725200.0
2010-06-11,2.46,2.46,2.43,2.45,72147270.0,176091200.0
2010-06-14,2.57,2.66,2.55,2.58,109918700.0,287492800.0
2010-06-15,2.58,2.66,2.56,2.63,38209000.0,100158600.0
2010-06-17,2.68,2.77,2.62,2.7,52647510.0,141360000.0
2010-06-18,2.74,2.74,2.65,2.66,27181880.0,72968830.0
2010-06-21,2.72,2.74,2.68,2.74,32178000.0,87451810.0
2010-06-22,2.71,2.72,2.65,2.66,38775200.0,103989000.0
2010-06-23,2.63,2.65,2.6,2.65,27935000.0,73188440.0
2010-06-24,2.65,2.71,2.62,2.64,28660000.0,76584590.0
2010-06-25,2.63,2.65,2.6,2.62,22235000.0,58175860.0
2010-06-28,2.62,2.63,2.52,2.54,27288200.0,69954440.0
2010-06-29,2.53,2.54,2.35,2.38,82632530.0,199458900.0
2010-06-30,2.34,2.42,2.33,2.4,42589090.0,101782900.0
2010-07-02,2.39,2.47,2.3,2.31,52268060.0,123283600.0
2010-07-05,2.31,2.36,2.3,2.33,14979170.0,34934420.0
2010-07-06,2.32,2.41,2.29,2.41,29417170.0,69262730.0
2010-07-07,2.39,2.41,2.33,2.4,26397000.0,62536100.0
2010-07-08,2.45,2.54,2.44,2.5,71955000.0,179492000.0
2010-07-09,2.53,2.55,2.5,2.52,28435000.0,71782500.0
2010-07-12,2.54,2.6,2.52,2.57,39486500.0,101840400.0
2010-07-13,2.59,2.63,2.55,2.6,33992000.0,88080780.0
2010-07-14,2.65,2.68,2.54,2.58,44140000.0,115351900.0
2010-07-15,2.55,2.58,2.5,2.55,19564500.0,49708800.0
2010-07-16,2.54,2.55,2.5,2.53,18790000.0,47195140.0
2010-07-19,2.46,2.52,2.46,2.5,19712000.0,49167890.0
2010-07-20,2.49,2.64,2.49,2.63,27890970.0,72000860.0
2010-07-21,2.64,2.68,2.57,2.58,39951940.0,104488800.0
2010-07-22,2.57,2.61,2.56,2.59,25200000.0,65129250.0
2010-07-23,2.61,2.64,2.57,2.6,32778400.0,85567140.0
2010-07-26,2.6,2.64,2.58,2.59,23690000.0,61767900.0
2010-07-27,2.6,2.62,2.56,2.57,21408000.0,55309050.0
2010-07-28,2.59,2.67,2.56,2.65,54130000.0,142502000.0
2010-07-29,2.67,2.96,2.66,2.95,222207400.0,631406300.0
2010-07-30,2.92,2.97,2.87,2.9,104442000.0,304034700.0
2010-08-02,2.94,3.09,2.9,3.07,101144500.0,301514600.0
2010-08-03,3.1,3.14,2.91,2.94,106154700.0,322111800.0
2010-08-04,2.97,3.03,2.91,2.95,63911000.0,189518700.0
2010-08-05,2.98,2.99,2.92,2.93,32038860.0,94736080.0
2010-08-06,2.92,2.95,2.84,2.84,52235000.0,149673600.0
2010-08-09,2.85,2.85,2.78,2.79,39191000.0,109906000.0
2010-08-10,2.8,2.83,2.75,2.76,44415000.0,122897900.0
2010-08-11,2.75,2.75,2.6,2.61,96493150.0,257242900.0
2010-08-12,2.54,2.7,2.52,2.68,72933780.0,190396600.0
2010-08-13,2.7,2.7,2.63,2.66,42275000.0,112469300.0
2010-08-16,2.65,2.7,2.61,2.67,30956000.0,82367560.0
2010-08-17,2.68,2.68,2.64,2.67,16012540.0,42623970.0
2010-08-18,2.67,2.81,2.66,2.77,93990000.0,256823300.0
2010-08-19,2.79,2.83,2.74,2.78,47754000.0,133211500.0
2010-08-20,2.78,2.78,2.72,2.74,31057750.0,85175280.0
2010-08-23,2.72,2.73,2.66,2.66,23015000.0,61655350.0
2010-08-24,2.66,2.71,2.61,2.61,25802520.0,68285770.0
2010-08-25,2.59,2.62,2.58,2.61,24420000.0,63426550.0
2010-08-26,2.63,2.68,2.6,2.6,35694910.0,94493670.0
2010-08-27,2.6,2.61,2.53,2.58,30260000.0,77527600.0
2010-08-30,2.6,2.63,2.59,2.61,20077910.0,52373390.0
2010-08-31,2.6,2.6,2.51,2.55,28210000.0,71649580.0
2010-09-01,2.58,2.6,2.52,2.56,21576240.0,55150700.0
2010-09-02,2.62,2.68,2.58,2.67,53076900.0,139621600.0
2010-09-03,2.71,2.84,2.71,2.81,128611200.0,358474700.0
2010-09-06,2.85,2.88,2.81,2.87,64928580.0,185102800.0
2010-09-07,2.88,2.88,2.77,2.81,50107880.0,140679200.0
2010-09-08,2.75,2.92,2.73,2.85,56855000.0,161006700.0
2010-09-09,2.88,2.9,2.79,2.81,37312380.0,106449100.0
2010-09-10,2.86,3.06,2.85,2.97,250997300.0,749889600.0
2010-09-13,3.04,3.13,3.03,3.08,127484800.0,394791100.0
2010-09-14,3.14,3.14,3.04,3.06,79793790.0,245671700.0
2010-09-15,3.09,3.09,2.97,3.02,41430420.0,124550700.0
2010-09-16,3.02,3.03,2.9,2.94,43260000.0,127423800.0
2010-09-17,2.97,3.1,2.96,3.1,64570100.0,197173100.0
2010-09-20,3.12,3.27,3.09,3.21,107643900.0,344763300.0
2010-09-21,3.26,3.38,3.23,3.34,125544500.0,416443000.0
2010-09-22,3.38,3.38,3.23,3.25,46609630.0,153543800.0
2010-09-23,3.38,3.38,3.23,3.25,46609630.0,153543800.0
2010-09-24,3.28,3.33,3.2,3.29,52450030.0,172119300.0
2010-09-27,3.55,3.63,3.42,3.59,212052200.0,749307300.0
2010-09-28,3.55,3.68,3.53,3.56,121583900.0,438278000.0
2010-09-29,3.64,3.85,3.6,3.83,226836000.0,853577700.0
2010-09-30,3.81,3.95,3.76,3.85,199213200.0,769941200.0
2010-10-04,3.96,4.019,3.87,3.88,122302800.0,481579700.0
2010-10-05,3.75,3.85,3.71,3.75,95407490.0,359816500.0
2010-10-06,3.84,3.85,3.63,3.71,151481700.0,561419800.0
2010-10-07,3.73,3.74,3.6,3.65,97500480.0,355701700.0
2010-10-08,3.63,3.76,3.62,3.7,82770060.0,306943600.0
2010-10-11,3.75,3.79,3.65,3.66,58959800.0,219013400.0
2010-10-12,3.65,3.76,3.63,3.67,90980440.0,336268400.0
2010-10-13,3.71,3.73,3.66,3.72,39457000.0,146021600.0
2010-10-14,3.75,3.83,3.7,3.79,102667000.0,386619100.0
2010-10-15,3.8,3.97,3.77,3.9,185732700.0,723812200.0
2010-10-18,3.92,4.019,3.86,3.91,128142000.0,506774700.0
2010-10-19,3.95,3.99,3.85,3.92,77232030.0,302714600.0
2010-10-20,3.81,3.87,3.66,3.77,87332780.0,330408000.0
2010-10-21,3.83,4.019,3.8,3.98,162846000.0,643184400.0
2010-10-22,4.03,4.37,3.96,4.22,425596700.0,1790338000.0
2010-10-25,4.29,4.64,4.29,4.62,394823600.0,1781890000.0
2010-10-26,4.65,4.82,4.61,4.72,267571000.0,1265394000.0
2010-10-27,4.66,4.7,4.47,4.53,200128100.0,912467300.0
2010-10-28,4.48,4.49,4.23,4.25,123229200.0,529865600.0
2010-10-29,4.28,4.38,4.13,4.37,185627000.0,795324800.0
2010-11-01,4.48,4.52,4.32,4.44,85738470.0,379057900.0
2010-11-02,4.47,4.5,4.4,4.44,46492740.0,207139800.0
2010-11-03,4.53,4.73,4.46,4.64,133345400.0,614597700.0
2010-11-04,4.71,4.76,4.51,4.53,84698380.0,389730000.0
2010-11-05,4.6,4.76,4.53,4.68,112515100.0,525259100.0
2010-11-08,4.7,4.86,4.62,4.77,133952200.0,639664500.0
2010-11-09,4.75,4.97,4.68,4.95,144586400.0,704568300.0
2010-11-10,4.99,5.16,4.94,4.99,146189000.0,738435300.0
2010-11-11,5.05,5.09,4.86,4.88,64930070.0,321528300.0
2010-11-12,4.79,4.88,4.58,4.64,96441910.0,451212600.0
2010-11-15,4.63,4.63,4.39,4.4,112863300.0,504962700.0
2010-11-16,4.44,4.63,4.33,4.51,103253200.0,461931800.0
2010-11-17,4.39,4.46,4.23,4.29,84184950.0,362951100.0
2010-11-18,4.37,4.49,4.3,4.48,63196760.0,279229400.0
2010-11-19,4.57,4.57,4.33,4.38,60752440.0,269870500.0
2010-11-22,4.36,4.43,4.33,4.37,24979880.0,109243200.0
2010-11-23,4.34,4.34,4.18,4.19,42886010.0,182036700.0
2010-11-24,4.25,4.35,4.22,4.25,33267860.0,142434800.0
2010-11-25,4.36,4.49,4.3,4.4,45129540.0,198992900.0
2010-11-26,4.44,4.44,4.28,4.29,34354230.0,148931700.0
2010-11-29,4.22,4.26,4.1,4.24,33431890.0,139993800.0
2010-11-30,4.2,4.36,4.15,4.27,53950000.0,228893200.0
2010-12-01,4.26,4.33,4.14,4.29,52266880.0,221200600.0
2010-12-02,4.35,4.43,4.23,4.25,42833750.0,185027200.0
2010-12-03,4.24,4.33,4.14,4.18,50935370.0,214516400.0
2010-12-06,4.16,4.17,3.96,3.97,74784530.0,301129700.0
2010-12-07,3.97,3.97,3.77,3.79,110469600.0,424301000.0
2010-12-08,3.82,3.83,3.63,3.7,95143690.0,351796300.0
2010-12-09,3.71,3.77,3.61,3.7,66937240.0,247426400.0
2010-12-10,3.71,3.82,3.63,3.81,55761490.0,207157600.0
2010-12-13,3.85,3.89,3.76,3.78,56347370.0,214173500.0
2010-12-14,3.8,3.81,3.71,3.75,37744630.0,141227200.0
2010-12-15,3.7,3.73,3.6,3.65,48815502.0,178235642.0
2010-12-16,3.62,3.65,3.5,3.6,67613556.0,240592493.0
2010-12-17,3.62,3.72,3.6,3.67,49274142.0,180470601.0
2010-12-20,3.68,3.68,3.52,3.57,41919151.0,149882563.0
2010-12-21,3.55,3.67,3.55,3.65,28288194.0,102684757.0
2010-12-22,3.72,3.75,3.65,3.66,50860819.0,188743581.0
2010-12-23,3.72,3.74,3.62,3.65,19237334.0,70276271.0
2010-12-24,3.63,3.63,3.4,3.43,60220573.0,207856592.0
2010-12-28,3.32,3.47,3.26,3.32,86092570.0,288651605.0
2010-12-29,3.31,3.45,3.25,3.44,114124765.0,380946186.0
2010-12-30,3.48,3.53,3.39,3.49,36658170.0,127019322.0
2010-12-31,3.51,3.51,3.38,3.4,21956599.0,75257362.0
2011-01-03,3.4,3.44,3.35,3.43,26748244.0,90639077.0
2011-01-04,3.47,3.51,3.42,3.49,35061386.0,121928284.0
2011-01-05,3.55,3.64,3.51,3.61,46123030.0,165897513.0
2011-01-06,3.7,3.79,3.64,3.79,80986374.0,303116474.0
2011-01-07,3.9,3.9,3.76,3.85,60671955.0,232446315.0
2011-01-10,3.83,3.85,3.7,3.72,35699186.0,133027544.0
2011-01-11,3.7,3.73,3.6,3.69,37324384.0,137007564.0
2011-01-12,3.75,3.82,3.73,3.8,63722124.0,238057516.0
2011-01-13,3.86,3.86,3.74,3.77,42314770.0,160087231.0
2011-01-14,3.78,3.8,3.69,3.74,22411693.0,83517637.0
2011-01-17,3.74,3.76,3.6,3.63,32778344.0,119968553.0
2011-01-18,3.62,3.68,3.58,3.62,28293302.0,102859514.0
2011-01-19,3.63,3.65,3.56,3.59,25306839.0,90772467.0
2011-01-20,3.58,3.62,3.52,3.61,14698200.0,52360192.0
2011-01-21,3.54,3.67,3.54,3.54,17272050.0,62086830.0
2011-01-24,3.54,3.63,3.52,3.6,24677572.0,88426639.0
2011-01-25,3.6,3.71,3.6,3.7,36316803.0,133345430.0
2011-01-26,3.71,3.81,3.68,3.79,45415594.0,170579817.0
2011-01-27,3.8,3.88,3.77,3.84,40217176.0,154375414.0
2011-01-28,3.87,3.87,3.62,3.63,41569222.0,154900809.0
2011-01-31,3.62,3.7,3.56,3.66,25703564.0,93773149.0
2011-02-01,3.68,3.7,3.65,3.66,15959830.0,58666823.0
2011-02-02,3.69,3.81,3.69,3.79,15129530.0,57036977.0
2011-02-07,3.74,3.77,3.7,3.71,25661505.0,95728544.0
2011-02-08,3.71,3.73,3.65,3.67,20553435.0,75519649.0
2011-02-09,3.67,3.69,3.53,3.54,33194945.0,118787595.0
2011-02-10,3.48,3.57,3.45,3.46,30444693.0,106719528.0
2011-02-11,3.51,3.68,3.48,3.66,34571895.0,123992633.0
2011-02-14,3.69,3.8,3.67,3.79,41047600.0,154003258.0
2011-02-15,3.74,3.78,3.64,3.76,32095829.0,119221646.0
2011-02-16,3.74,3.75,3.64,3.65,25531960.0,93729830.0
2011-02-17,3.65,3.69,3.6,3.67,32436762.0,117887109.0
2011-02-18,3.67,3.67,3.56,3.59,36237305.0,130401039.0
2011-02-21,3.6,3.6,3.54,3.55,32226915.0,114727912.0
2011-02-22,3.49,3.52,3.43,3.44,26877000.0,92929280.0
2011-02-23,3.4,3.45,3.35,3.39,35288735.0,120022876.0
2011-02-24,3.38,3.44,3.29,3.3,31339139.0,105025974.0
2011-02-25,3.28,3.35,3.26,3.29,43086860.0,142017944.0
2011-02-28,3.29,3.39,3.28,3.34,15141195.0,50692142.0
2011-03-01,3.37,3.43,3.36,3.37,17725765.0,60157278.0
2011-03-02,3.36,3.37,3.33,3.34,18582735.0,62228565.0
2011-03-03,3.37,3.45,3.37,3.43,22363399.0,76325140.0
2011-03-04,3.5,3.52,3.39,3.4,25284090.0,87328754.0
2011-03-07,3.38,3.43,3.27,3.29,96796505.0,320847917.0
2011-03-08,3.32,3.37,3.29,3.35,33382036.0,111330825.0
2011-03-09,3.36,3.38,3.29,3.31,37249725.0,123816316.0
2011-03-10,3.31,3.31,3.2,3.22,52172225.0,169403700.0
2011-03-11,3.2,3.22,3.14,3.16,38758959.0,123180899.0
2011-03-14,3.14,3.15,3.04,3.09,44006020.0,135861203.0
2011-03-15,3.02,3.04,2.9,3.0,71073716.0,209918298.0
2011-03-16,2.98,3.06,2.98,3.01,31292285.0,94482109.0
2011-03-17,2.9,2.95,2.78,2.79,67014435.0,191283496.0
2011-03-18,2.89,3.0,2.85,2.97,56353329.0,165999517.0
2011-03-21,3.02,3.14,3.01,3.13,36637188.0,113739466.0
2011-03-22,3.06,3.2,3.04,3.18,51404215.0,161058491.0
2011-03-23,3.21,3.21,2.99,3.0,65192015.0,198326053.0
2011-03-24,3.0,3.0,2.88,2.89,92999045.0,270725710.0
2011-03-25,2.9,2.98,2.9,2.91,63906277.0,187295889.0
2011-03-28,2.95,2.97,2.9,2.91,15603400.0,45700477.0
2011-03-29,2.92,2.93,2.85,2.87,37363610.0,107578877.0
2011-03-30,2.88,2.91,2.83,2.86,55947750.0,160023879.0
2011-03-31,2.87,2.92,2.85,2.89,56122585.0,162392190.0
2011-04-01,2.9,2.92,2.83,2.86,45716176.0,130575075.0
2011-04-04,2.89,3.07,2.88,3.04,82613985.0,246087341.0
2011-04-06,3.07,3.09,3.0,3.05,71272721.0,216054738.0
2011-04-07,3.07,3.07,2.95,3.01,47574705.0,142390033.0
2011-04-08,3.01,3.03,2.97,3.02,30130550.0,90190408.0
2011-04-11,3.03,3.12,3.02,3.09,41595795.0,128449681.0
2011-04-12,3.07,3.07,3.01,3.04,34756260.0,105474100.0
2011-04-13,3.1,3.27,3.08,3.26,140938669.0,450982975.0
2011-04-14,3.3,3.34,3.23,3.29,66857860.0,219504806.0
2011-04-15,3.32,3.33,3.25,3.31,45120000.0,148790300.0
2011-04-18,3.31,3.37,3.31,3.32,42641448.0,142251156.0
2011-04-19,3.29,3.29,3.17,3.19,53529604.0,170646616.0
2011-04-20,3.23,3.27,3.18,3.2,42725550.0,137426091.0
2011-04-21,3.28,3.28,3.23,3.26,31839116.0,103781695.0
2011-04-26,3.2,3.24,3.12,3.13,29630320.0,93675580.0
2011-04-27,3.16,3.19,3.13,3.19,23662683.0,74756522.0
2011-04-28,3.2,3.23,3.11,3.13,12356810.0,38944107.0
2011-04-29,3.15,3.16,3.1,3.11,13649940.0,42384295.0
2011-05-03,3.14,3.14,2.95,3.03,36093188.0,109479303.0
2011-05-04,3.07,3.1,3.06,3.06,27348751.0,83860344.0
2011-05-05,3.0,3.05,3.0,3.02,27009142.0,81441610.0
2011-05-06,2.97,3.08,2.97,3.07,26414596.0,80264620.0
2011-05-09,3.08,3.08,3.01,3.04,25352060.0,76782773.0
2011-05-11,3.06,3.06,2.96,2.99,46052550.0,137830339.0
2011-05-12,2.96,3.04,2.96,3.03,30844548.0,92995744.0
2011-05-13,3.12,3.13,3.06,3.12,50725607.0,156867476.0
2011-05-16,3.1,3.11,3.05,3.06,29021235.0,89176761.0
2011-05-17,3.05,3.05,3.01,3.04,23028408.0,69751098.0
2011-05-18,3.08,3.24,3.03,3.2,62217255.0,197015823.0
2011-05-19,3.23,3.29,3.15,3.19,36565385.0,117538580.0
2011-05-20,3.2,3.23,3.1,3.13,17573315.0,55101342.0
2011-05-23,3.1,3.1,3.03,3.04,17847309.0,54459110.0
2011-05-24,3.02,3.03,2.98,3.03,36556275.0,109621311.0
2011-05-25,3.02,3.04,2.98,3.03,19390591.0,58231493.0
2011-05-26,3.06,3.08,3.01,3.03,18361793.0,55899865.0
2011-05-27,3.05,3.05,3.0,3.01,16371970.0,49379359.0
2011-05-30,3.0,3.02,2.99,3.0,20614145.0,62042771.0
2011-05-31,3.0,3.02,2.97,3.0,36615000.0,109265700.0
2011-06-01,3.0,3.04,2.98,2.99,29628357.0,88879033.0
2011-06-02,2.95,2.96,2.93,2.93,23933799.0,70461277.0
2011-06-03,2.95,2.95,2.88,2.9,24169482.0,70430789.0
2011-06-07,2.88,2.92,2.85,2.88,26986616.0,77444100.0
2011-06-08,2.89,2.95,2.87,2.92,25923210.0,75157746.0
2011-06-09,2.94,3.0,2.86,2.91,36704025.0,107517549.0
2011-06-10,2.91,2.93,2.81,2.81,24834620.0,70966344.0
2011-06-13,2.8,2.85,2.78,2.84,21347095.0,60060908.0
2011-06-14,2.82,2.93,2.8,2.86,20532454.0,59042924.0
2011-06-15,2.86,2.92,2.82,2.84,16765220.0,48035514.0
2011-06-16,2.81,2.83,2.77,2.8,20494000.0,57252390.0
2011-06-17,2.77,2.85,2.75,2.76,16382520.0,45742105.0
2011-06-20,2.77,2.88,2.77,2.86,36940763.0,105278203.0
2011-06-21,2.87,2.88,2.83,2.86,15041775.0,42811301.0
2011-06-22,2.9,2.9,2.85,2.86,14690466.0,42229150.0
2011-06-23,2.86,2.87,2.81,2.86,10363780.0,29490178.0
2011-06-24,2.88,3.11,2.86,3.07,98976611.0,300870648.0
2011-06-27,3.03,3.08,3.01,3.06,25234989.0,77007772.0
2011-06-28,3.02,3.07,3.02,3.02,24787131.0,75526430.0
2011-06-29,3.07,3.07,2.97,2.98,22221276.0,67168062.0
2011-06-30,3.03,3.13,3.02,3.04,46383158.0,142711520.0
2011-07-04,3.14,3.3,3.12,3.28,119300344.0,388351272.0
2011-07-05,3.3,3.37,3.26,3.37,74240642.0,245791444.0
2011-07-06,3.33,3.35,3.23,3.27,59866769.0,196249203.0
2011-07-07,3.32,3.43,3.29,3.33,78376899.0,264179140.0
2011-07-08,3.38,3.4,3.25,3.3,36654009.0,120941310.0
2011-07-11,3.28,3.33,3.24,3.26,25611130.0,83994431.0
2011-07-12,3.25,3.25,3.07,3.1,43293186.0,135174533.0
2011-07-13,3.08,3.26,3.08,3.25,38095525.0,121560874.0
2011-07-14,3.21,3.23,3.12,3.18,39766952.0,126051368.0
2011-07-15,3.15,3.23,3.12,3.16,18718166.0,59482123.0
2011-07-18,3.12,3.19,3.08,3.08,13852679.0,43251267.0
2011-07-19,3.11,3.11,2.95,3.06,39090481.0,117801106.0
2011-07-20,3.1,3.14,3.07,3.09,20019075.0,61998881.0
2011-07-21,3.12,3.12,3.01,3.02,25313885.0,76850871.0
2011-07-22,3.06,3.13,3.06,3.11,29281880.0,90757823.0
2011-07-25,3.06,3.07,3.01,3.05,15022451.0,45769161.0
2011-07-26,3.03,3.12,3.03,3.06,15684474.0,48205717.0
2011-07-27,3.03,3.1,3.03,3.05,19080255.0,58624763.0
2011-07-28,3.02,3.09,3.0,3.09,19620590.0,60117267.0
2011-07-29,3.07,3.11,3.05,3.09,23064755.0,70968132.0
2011-08-01,3.12,3.2,3.1,3.17,39988700.0,125840464.0
2011-08-02,3.14,3.19,3.08,3.14,31708915.0,98881573.0
2011-08-03,3.06,3.07,2.95,2.97,48175030.0,144270640.0
2011-08-04,2.96,2.98,2.84,2.87,56967285.0,163947508.0
2011-08-05,2.66,2.8,2.64,2.77,77001790.0,211182906.0
2011-08-08,2.65,2.71,2.56,2.67,43777635.0,114838671.0
2011-08-09,2.49,2.64,2.43,2.54,41068830.0,103929179.0
2011-08-10,2.61,2.68,2.5,2.52,40191619.0,104419369.0
2011-08-11,2.42,2.56,2.41,2.46,21365000.0,53131805.0
2011-08-12,2.54,2.55,2.4,2.43,35914070.0,88829823.0
2011-08-15,2.49,2.51,2.47,2.48,27927600.0,69504970.0
2011-08-16,2.52,2.59,2.51,2.55,36810150.0,93962744.0
2011-08-17,2.58,2.61,2.49,2.5,27472920.0,69685354.0
2011-08-18,2.53,2.56,2.46,2.47,22412605.0,56038016.0
2011-08-19,2.38,2.41,2.29,2.29,40045320.0,93622681.0
2011-08-22,2.28,2.34,2.05,2.15,42140138.0,90615884.0
2011-08-23,2.23,2.23,2.16,2.22,44171952.0,97274460.0
2011-08-24,2.2,2.23,2.11,2.12,23905555.0,51493812.0
2011-08-25,2.17,2.18,2.13,2.16,28706545.0,61815439.0
2011-08-26,2.16,2.18,2.1,2.11,11973020.0,25561933.0
2011-08-29,2.14,2.17,2.1,2.14,22735280.0,48483030.0
2011-08-30,2.16,2.22,2.15,2.18,25686004.0,56224683.0
2011-08-31,2.19,2.26,2.11,2.24,19526557.0,42831136.0
2011-09-01,2.27,2.43,2.26,2.37,46611616.0,110348048.0
2011-09-02,2.38,2.39,2.25,2.28,17849500.0,40914745.0
2011-09-05,2.22,2.25,2.18,2.19,11033885.0,24391478.0
2011-09-06,2.13,2.19,2.11,2.15,13945000.0,29927450.0
2011-09-07,2.17,2.22,2.14,2.21,20048201.0,43570036.0
2011-09-08,2.24,2.28,2.14,2.14,26317745.0,57609858.0
2011-09-09,2.16,2.2,2.14,2.15,8614245.0,18625992.0
2011-09-12,2.1,2.16,2.0,2.02,22723075.0,46764482.0
2011-09-14,2.05,2.07,1.88,1.95,34704380.0,67446123.0
2011-09-15,1.98,2.04,1.94,1.95,30102486.0,59683596.0
2011-09-16,2.009,2.11,2.0,2.09,24472525.0,50064937.0
2011-09-19,2.05,2.07,1.96,1.96,31747587.0,63999634.0
2011-09-20,1.97,2.009,1.92,1.95,24192691.0,47139190.0
2011-09-21,1.95,1.97,1.9,1.94,10403980.0,20249611.0
2011-09-22,1.88,1.93,1.76,1.78,33938371.0,61571871.0
2011-09-23,1.76,1.81,1.66,1.72,51574499.0,89483812.0
2011-09-26,1.71,1.76,1.54,1.56,29266332.0,48018394.0
2011-09-27,1.6,1.73,1.6,1.69,25851722.0,43416930.0
2011-09-28,1.74,1.81,1.7,1.81,25015500.0,44413670.0
2011-09-29,1.81,1.81,1.81,1.81,0.0,0.0
2011-09-30,1.84,1.85,1.7,1.75,22948088.0,40296484.0
2011-10-03,1.68,1.68,1.51,1.56,28136210.0,43513606.0
2011-10-04,1.55,1.58,1.42,1.44,34006952.0,51254078.0
2011-10-06,1.53,1.62,1.48,1.58,42123803.0,64651151.0
2011-10-07,1.65,1.85,1.62,1.83,47758685.0,82609200.0
2011-10-10,1.8,1.83,1.72,1.81,34347520.0,60374905.0
2011-10-11,1.9,1.95,1.84,1.87,36139100.0,68653766.0
2011-10-12,1.83,2.04,1.83,2.009,24690000.0,48435325.0
2011-10-13,2.04,2.19,2.02,2.18,29979000.0,63974260.0
2011-10-14,2.1,2.14,2.009,2.009,39320000.0,81184575.0
2011-10-17,2.09,2.16,2.08,2.11,26561000.0,56047125.0
2011-10-18,2.04,2.05,1.86,1.87,29054409.0,56348142.0
2011-10-19,1.95,2.009,1.9,1.91,21227000.0,41345075.0
2011-10-20,1.86,1.88,1.76,1.81,43979538.0,78939530.0
2011-10-21,1.84,1.89,1.81,1.87,22759961.0,42410678.0
2011-10-24,1.94,2.02,1.91,1.98,30983200.0,61208002.0
2011-10-25,2.029,2.029,1.88,1.94,30164016.0,58622007.0
2011-10-26,1.86,2.0,1.85,1.95,17015069.0,32783585.0
2011-10-27,1.98,2.15,1.97,2.14,58420000.0,121129900.0
2011-10-28,2.26,2.3,2.04,2.09,53317060.0,116172490.0
2011-10-31,2.13,2.14,2.0,2.029,24331750.0,49858670.0
2011-11-01,2.0,2.05,1.93,1.96,39960000.0,79086795.0
2011-11-02,1.89,1.99,1.87,1.97,75312500.0,145286915.0
2011-11-03,1.9,2.029,1.9,1.96,49367475.0,96907163.0
2011-11-04,2.05,2.06,2.0,2.02,45130000.0,91702850.0
2011-11-07,2.029,2.11,1.99,2.08,51490000.0,106630250.0
2011-11-08,2.11,2.14,2.029,2.05,50452703.0,105353565.0
2011-11-09,2.1,2.13,2.06,2.09,33434160.0,69891678.0
2011-11-10,1.95,2.0,1.95,1.98,28175000.0,55788800.0
2011-11-11,1.99,2.029,1.95,1.95,31810000.0,62923175.0
2011-11-14,2.009,2.12,2.0,2.08,49163786.0,101178721.0
2011-11-15,2.02,2.08,2.0,2.029,23382220.0,47505540.0
2011-11-16,2.009,2.029,1.95,1.95,27043038.0,53281293.0
2011-11-17,1.91,1.98,1.91,1.94,18634000.0,36271940.0
2011-11-18,1.91,1.92,1.88,1.9,22818000.0,43311300.0
2011-11-21,1.85,1.88,1.85,1.85,18906395.0,35224514.0
2011-11-22,1.83,1.87,1.81,1.84,13615000.0,24994800.0
2011-11-23,1.81,1.83,1.78,1.81,14405000.0,26028750.0
2011-11-24,1.76,1.8,1.76,1.78,33990000.0,60601400.0
2011-11-25,1.75,1.78,1.73,1.76,23347000.0,40855115.0
2011-11-28,1.77,1.83,1.76,1.78,21703000.0,38716540.0
2011-11-29,1.81,1.84,1.78,1.8,25735000.0,46669800.0
2011-11-30,1.8,1.82,1.76,1.8,18000000.0,32217405.0
2011-12-01,1.91,1.94,1.87,1.91,68646389.0,130984187.0
2011-12-02,1.89,1.91,1.84,1.9,21848200.0,40967952.0
2011-12-05,1.91,1.95,1.89,1.93,23530000.0,45148320.0
2011-12-06,1.9,1.91,1.84,1.86,16834447.0,31500064.0
2011-12-07,1.87,1.9,1.87,1.89,32433743.0,61190303.0
2011-12-08,1.88,1.89,1.84,1.86,19801581.0,36733268.0
2011-12-09,1.8,1.83,1.8,1.81,13726696.0,24812727.0
2011-12-12,1.84,1.86,1.79,1.81,15182000.0,27623350.0
2011-12-13,1.76,1.79,1.76,1.79,13734427.0,24474328.0
2011-12-14,1.75,1.83,1.75,1.78,17308200.0,30813670.0
2011-12-15,1.74,1.78,1.67,1.71,28708540.0,48939335.0
2011-12-16,1.71,1.74,1.69,1.73,15783734.0,27089843.0
2011-12-19,1.68,1.7,1.66,1.67,28775510.0,48341562.0
2011-12-20,1.68,1.69,1.65,1.65,26289500.0,43949410.0
2011-12-21,1.7,1.71,1.68,1.69,30733344.0,51834970.0
2011-12-22,1.67,1.71,1.66,1.7,16525135.0,27972463.0
2011-12-23,1.68,1.73,1.68,1.71,27257500.0,46485475.0
2011-12-28,1.7,1.71,1.66,1.68,8852841.0,14875451.0
2011-12-29,1.66,1.72,1.66,1.7,11755000.0,19958725.0
2011-12-30,1.68,1.72,1.68,1.7,11056161.0,18769627.0
2012-01-03,1.72,1.75,1.7,1.73,19141259.0,33083370.0
2012-01-04,1.76,1.77,1.73,1.74,18289107.0,31956591.0
2012-01-05,1.75,1.79,1.74,1.75,19666229.0,34641388.0
2012-01-06,1.76,1.77,1.71,1.74,16870111.0,29241071.0
2012-01-09,1.76,1.79,1.72,1.79,18575043.0,32671528.0
2012-01-10,1.81,1.9,1.8,1.89,56810800.0,105080929.0
2012-01-11,1.91,2.07,1.91,2.009,157093202.0,316694056.0
2012-01-12,2.009,2.08,1.99,2.02,74479892.0,151811668.0
2012-01-13,2.06,2.06,2.009,2.029,39745000.0,80749195.0
2012-01-16,2.02,2.029,1.97,1.98,29171204.0,58097334.0
2012-01-17,2.009,2.07,2.0,2.06,56685000.0,116117870.0
2012-01-18,2.05,2.1,2.02,2.029,35981755.0,73503747.0
2012-01-19,2.06,2.07,2.02,2.07,43625000.0,89462195.0
2012-01-20,2.09,2.29,2.07,2.29,147214751.0,323545894.0
2012-01-26,2.3,2.38,2.23,2.34,85526236.0,197376965.0
2012-01-27,2.34,2.35,2.28,2.34,43262400.0,100097345.0
2012-01-30,2.31,2.35,2.26,2.3,49710792.0,114953586.0
2012-01-31,2.3,2.33,2.27,2.29,33910000.0,77822585.0
2012-02-01,2.29,2.3,2.16,2.19,43720600.0,97610819.0
2012-02-02,2.22,2.38,2.22,2.36,100827000.0,234751670.0
2012-02-03,2.36,2.44,2.31,2.41,48138983.0,114816857.0
2012-02-06,2.5,2.56,2.46,2.5,96469198.0,242975803.0
2012-02-07,2.53,2.56,2.47,2.5,31886983.0,80057886.0
2012-02-08,2.52,2.74,2.49,2.72,108990697.0,289225986.0
2012-02-09,2.72,2.85,2.66,2.81,97948500.0,273284851.0
2012-02-10,2.85,2.85,2.77,2.8,106409576.0,298601020.0
2012-02-13,2.79,2.94,2.74,2.92,102937108.0,296801237.0
2012-02-14,2.92,2.94,2.89,2.9,62630936.0,182960999.0
2012-02-15,2.92,3.09,2.9,3.01,85565774.0,255712421.0
2012-02-16,2.96,3.16,2.96,3.1,131531117.0,404825863.0
2012-02-17,3.12,3.19,3.09,3.1,74404668.0,233137848.0
2012-02-20,3.13,3.24,3.13,3.21,122325119.0,390792351.0
2012-02-21,3.24,3.25,2.96,3.05,161822700.0,498042266.0
2012-02-22,2.98,3.3,2.86,3.29,312275076.0,949655437.0
2012-02-23,3.2,3.26,3.16,3.18,74833450.0,239486087.0
2012-02-24,3.2,3.23,3.06,3.19,49011000.0,154231300.0
2012-02-27,3.25,3.4,3.21,3.31,172494487.0,570900752.0
2012-02-28,3.26,3.45,3.26,3.41,114480027.0,388297751.0
2012-02-29,3.44,3.46,3.37,3.45,68067000.0,232960638.0
2012-03-01,3.43,3.54,3.38,3.4,119046302.0,413910069.0
2012-03-02,3.44,3.56,3.44,3.54,81599700.0,287202183.0
2012-03-05,3.55,3.56,3.47,3.51,49516000.0,174420490.0
2012-03-06,3.49,3.5,3.2,3.25,158692980.0,517542854.0
2012-03-07,3.18,3.4,3.1,3.38,154868031.0,506920408.0
2012-03-08,3.4,3.48,3.27,3.36,93659000.0,315391430.0
2012-03-09,3.4,3.41,3.32,3.37,93862000.0,315654535.0
2012-03-12,3.43,3.45,3.23,3.29,74170515.0,246090388.0
2012-03-13,3.3,3.36,3.26,3.34,46525000.0,154605600.0
2012-03-14,3.39,3.39,3.18,3.21,73256100.0,239835199.0
2012-03-15,3.14,3.24,3.1,3.12,65962900.0,209093576.0
2012-03-16,3.14,3.25,3.1,3.13,38366675.0,122424192.0
2012-03-19,3.15,3.18,3.08,3.08,35372650.0,110292825.0
2012-03-20,3.1,3.1,2.95,2.97,83349300.0,249485496.0
2012-03-21,2.96,2.98,2.78,2.88,167238000.0,477372870.0
2012-03-22,2.85,3.05,2.82,2.99,136145680.0,401635248.0
2012-03-23,3.05,3.27,3.02,3.25,213124586.0,678908254.0
2012-03-26,3.22,3.23,3.08,3.09,111073000.0,351724445.0
2012-03-27,3.17,3.17,3.06,3.1,74106000.0,228975730.0
2012-03-28,3.07,3.13,3.02,3.12,41922000.0,128865750.0
2012-03-29,3.08,3.16,3.03,3.06,46957544.0,145084478.0
2012-03-30,3.01,3.06,2.97,3.04,61194955.0,184817761.0
2012-04-02,3.06,3.13,2.98,3.12,53387942.0,163841927.0
2012-04-03,3.14,3.26,3.09,3.26,67683120.0,217278419.0
2012-04-05,3.19,3.28,3.16,3.28,45521400.0,147344603.0
2012-04-10,3.24,3.27,3.12,3.16,33787800.0,107576854.0
2012-04-11,3.07,3.11,2.96,3.04,67386845.0,204962419.0
2012-04-12,3.04,3.18,3.04,3.17,31847400.0,99378458.0
2012-04-13,3.2,3.31,3.2,3.24,53588063.0,174451705.0
2012-04-16,3.18,3.21,3.15,3.18,24719832.0,78810295.0
2012-04-17,3.17,3.21,3.1,3.13,26577113.0,83499008.0
2012-04-18,3.2,3.22,3.11,3.13,69355600.0,219309221.0
2012-04-19,3.14,3.17,3.08,3.15,29430000.0,92182550.0
2012-04-20,3.14,3.15,3.09,3.13,27763471.0,86590962.0
2012-04-23,3.11,3.15,3.02,3.03,31098000.0,95386725.0
2012-04-24,3.01,3.08,2.96,2.98,70466000.0,211404775.0
2012-04-25,3.01,3.04,3.0,3.02,23940585.0,72318173.0
2012-04-26,3.05,3.05,2.99,3.01,17160000.0,51842425.0
2012-04-27,3.01,3.01,2.92,2.93,27933300.0,82713722.0
2012-04-30,2.94,2.96,2.84,2.89,47742950.0,138161066.0
2012-05-02,2.91,2.96,2.88,2.91,48961453.0,143072522.0
2012-05-03,2.88,2.94,2.88,2.9,34330000.0,99642700.0
2012-05-04,2.9,2.92,2.87,2.89,21793200.0,62962798.0
2012-05-07,2.84,2.86,2.81,2.83,27946700.0,78986599.0
2012-05-08,2.84,2.88,2.81,2.82,14283040.0,40613224.0
2012-05-09,2.8,2.82,2.72,2.74,57000000.0,157095950.0
2012-05-10,2.71,2.95,2.7,2.93,52220000.0,147895900.0
2012-05-11,2.86,2.86,2.78,2.81,44425000.0,124569650.0
2012-05-14,2.8,2.82,2.67,2.69,34020000.0,92976190.0
2012-05-15,2.65,2.75,2.6,2.74,31981073.0,86057643.0
2012-05-16,2.67,2.69,2.55,2.56,53240750.0,138084448.0
2012-05-17,2.6,2.69,2.58,2.62,34556000.0,90863130.0
2012-05-18,2.55,2.57,2.51,2.54,41797000.0,106151080.0
2012-05-21,2.54,2.58,2.5,2.5,30019200.0,76075128.0
2012-05-22,2.57,2.65,2.45,2.62,55760000.0,143122550.0
2012-05-23,2.57,2.59,2.5,2.53,17914233.0,45447879.0
2012-05-24,2.55,2.6,2.51,2.59,16929000.0,43476525.0
2012-05-25,2.58,2.61,2.55,2.56,11505000.0,29577775.0
2012-05-28,2.55,2.79,2.52,2.78,53760000.0,144767100.0
2012-05-29,2.8,2.96,2.8,2.92,99032240.0,287634474.0
2012-05-30,2.87,2.9,2.81,2.89,44200200.0,126625994.0
2012-05-31,2.83,2.84,2.76,2.81,52522190.0,147197588.0
2012-06-01,2.75,2.9,2.75,2.77,33136038.0,93828762.0
2012-06-04,2.68,2.69,2.59,2.61,40306200.0,106006732.0
2012-06-05,2.64,2.68,2.58,2.59,24295145.0,64128343.0
2012-06-06,2.64,2.71,2.62,2.67,23592015.0,62895748.0
2012-06-07,2.76,2.79,2.64,2.65,35025000.0,95862520.0
2012-06-08,2.69,2.74,2.62,2.69,25046259.0,67497718.0
2012-06-11,2.76,2.84,2.75,2.8,33344012.0,93196554.0
2012-06-12,2.75,2.81,2.74,2.77,22679987.0,62856024.0
2012-06-13,2.78,2.87,2.75,2.84,35437480.0,100366488.0
2012-06-14,2.8,2.87,2.74,2.75,29500670.0,82370383.0
2012-06-15,2.78,2.82,2.76,2.79,29060000.0,80934710.0
2012-06-18,2.84,2.87,2.81,2.81,31474000.0,89462875.0
2012-06-19,2.8,2.83,2.76,2.81,18182734.0,50798686.0
2012-06-20,2.85,2.89,2.83,2.84,29847132.0,85533641.0
2012-06-21,2.88,2.88,2.76,2.77,22938059.0,64003258.0
2012-06-22,2.7,2.79,2.7,2.74,15003000.0,41253140.0
2012-06-25,2.75,2.77,2.68,2.7,14717776.0,40108101.0
2012-06-26,2.68,2.77,2.66,2.75,19235000.0,52229050.0
2012-06-27,2.73,2.8,2.72,2.73,22453840.0,61976183.0
2012-06-28,2.75,2.75,2.66,2.68,14087067.0,37980864.0
2012-06-29,2.69,2.73,2.67,2.7,21213000.0,57332085.0
2012-07-03,2.64,2.64,2.55,2.62,39713656.0,103395493.0
2012-07-04,2.65,2.74,2.61,2.73,24788000.0,66713600.0
2012-07-05,2.71,2.78,2.7,2.77,23495500.0,64855285.0
2012-07-06,2.74,2.84,2.74,2.84,22895500.0,64364020.0
2012-07-09,2.79,2.84,2.76,2.8,14185000.0,39745550.0
2012-07-10,2.79,2.8,2.72,2.75,11550000.0,31827750.0
2012-07-11,2.75,2.77,2.72,2.73,18790000.0,51515380.0
2012-07-12,2.71,2.71,2.62,2.63,47848824.0,127065670.0
2012-07-13,2.61,2.67,2.6,2.65,16517895.0,43676855.0
2012-07-16,2.7,2.75,2.63,2.65,23104182.0,61612251.0
2012-07-17,2.65,2.69,2.61,2.64,18388692.0,48532241.0
2012-07-18,2.66,2.66,2.58,2.61,10702295.0,27994264.0
2012-07-19,2.63,2.69,2.6,2.64,17387500.0,46044125.0
2012-07-20,2.64,2.67,2.62,2.66,13608352.0,35913490.0
2012-07-23,2.61,2.62,2.57,2.57,13765493.0,35599287.0
2012-07-24,2.57,2.62,2.56,2.57,6045782.0,15555877.0
2012-07-25,2.54,2.57,2.5,2.54,9389294.0,23822183.0
2012-07-26,2.54,2.58,2.49,2.49,17425406.0,44163733.0
2012-07-27,2.53,2.63,2.52,2.62,27315000.0,70559975.0
2012-07-30,2.65,2.66,2.55,2.62,24843500.0,64385165.0
2012-07-31,2.62,2.65,2.55,2.58,31717000.0,81911655.0
2012-08-01,2.58,2.61,2.55,2.56,36114000.0,92926715.0
2012-08-02,2.55,2.56,2.47,2.48,41256460.0,103946545.0
2012-08-03,2.46,2.48,2.35,2.41,64483540.0,154386635.0
2012-08-06,2.45,2.52,2.43,2.51,37338300.0,92811505.0
2012-08-07,2.52,2.61,2.52,2.55,33820297.0,86718805.0
2012-08-08,2.57,2.57,2.48,2.51,22245200.0,56043902.0
2012-08-09,2.53,2.59,2.5,2.55,23939518.0,61305723.0
2012-08-10,2.55,2.58,2.53,2.57,14705000.0,37600750.0
2012-08-13,2.56,2.57,2.51,2.51,16859900.0,42855220.0
2012-08-14,2.51,2.54,2.48,2.52,10394900.0,26064038.0
2012-08-15,2.51,2.56,2.49,2.53,19486900.0,49318236.0
2012-08-16,2.53,2.57,2.49,2.55,14831000.0,37461180.0
2012-08-17,2.55,2.69,2.55,2.69,57135500.0,150625425.0
2012-08-20,2.7,2.77,2.68,2.73,48778000.0,133259165.0
2012-08-21,2.75,2.76,2.69,2.72,20048000.0,54607305.0
2012-08-22,2.7,2.8,2.54,2.56,80762200.0,213099817.0
2012-08-23,2.57,2.66,2.57,2.65,70073000.0,183559175.0
2012-08-24,2.61,2.65,2.6,2.64,16188054.0,42609963.0
2012-08-27,2.66,2.66,2.55,2.57,18558800.0,48000416.0
2012-08-28,2.54,2.62,2.54,2.6,21650900.0,56286418.0
2012-08-29,2.58,2.63,2.57,2.58,11423000.0,29568155.0
2012-08-30,2.58,2.58,2.53,2.54,19218840.0,49042282.0
2012-08-31,2.51,2.54,2.47,2.49,17237342.0,42967749.0
2012-09-03,2.49,2.54,2.49,2.53,19435000.0,48829300.0
2012-09-04,2.53,2.53,2.47,2.51,9595836.0,23947998.0
2012-09-05,2.45,2.47,2.36,2.42,33329341.0,80949161.0
2012-09-06,2.44,2.49,2.4,2.47,14487608.0,35449262.0
2012-09-07,2.53,2.59,2.51,2.58,29440000.0,75354655.0
2012-09-10,2.55,2.62,2.52,2.53,11526914.0,29446183.0
2012-09-11,2.54,2.56,2.46,2.51,26830000.0,67272855.0
2012-09-12,2.55,2.57,2.49,2.57,39350000.0,99776405.0
2012-09-13,2.58,2.59,2.53,2.55,37535000.0,96178450.0
2012-09-14,2.6,2.74,2.6,2.73,91880000.0,245801875.0
2012-09-17,2.75,2.76,2.65,2.68,58692768.0,157776963.0
2012-09-18,2.64,2.74,2.63,2.72,36611266.0,98866470.0
2012-09-19,2.72,2.74,2.69,2.7,21595249.0,58613168.0
2012-09-20,2.71,2.74,2.63,2.63,22165200.0,59417850.0
2012-09-21,2.65,2.78,2.65,2.77,48545812.0,132683469.0
2012-09-24,2.78,2.84,2.73,2.82,52610892.0,147075209.0
2012-09-25,2.8,2.83,2.78,2.81,16740406.0,46972899.0
2012-09-26,2.76,2.8,2.75,2.77,13264334.0,36619955.0
2012-09-27,2.73,2.9,2.73,2.89,62865197.0,179150937.0
2012-09-28,2.87,2.97,2.85,2.94,77382157.0,227748808.0
2012-10-03,2.95,2.99,2.89,2.95,37128810.0,109492623.0
2012-10-04,2.93,2.96,2.89,2.95,18185000.0,53524110.0
2012-10-05,2.95,3.03,2.94,3.02,62351665.0,187054883.0
2012-10-08,3.07,3.08,3.0,3.0,42582100.0,129733758.0
2012-10-09,3.0,3.1,3.0,3.07,45330346.0,139271971.0
2012-10-10,3.07,3.2,3.05,3.19,99447874.0,312969486.0
2012-10-11,3.18,3.21,3.07,3.09,88252348.0,277218288.0
2012-10-12,3.11,3.18,3.11,3.16,45650500.0,144066155.0
2012-10-15,3.2,3.27,3.18,3.25,57162135.0,185078595.0
2012-10-16,3.28,3.29,3.17,3.21,41507000.0,134565820.0
2012-10-17,3.26,3.33,3.25,3.31,56212999.0,185236317.0
2012-10-18,3.31,3.36,3.3,3.34,42664500.0,142133435.0
2012-10-19,3.36,3.36,3.23,3.24,44054000.0,143949040.0
2012-10-22,3.2,3.32,3.18,3.3,40073200.0,131269325.0
2012-10-24,3.22,3.28,3.19,3.27,37805000.0,122502375.0
2012-10-25,3.27,3.35,3.25,3.28,23054000.0,76054060.0
2012-10-26,3.28,3.29,3.14,3.23,20918200.0,67193104.0
2012-10-29,3.2,3.26,3.19,3.23,19795000.0,63771725.0
2012-10-30,3.2,3.23,3.18,3.21,12796699.0,41065222.0
2012-10-31,3.24,3.34,3.22,3.33,28492132.0,93497558.0
2012-11-01,3.31,3.42,3.29,3.38,49756476.0,168369700.0
2012-11-02,3.4,3.45,3.4,3.43,47722000.0,163674590.0
2012-11-05,3.42,3.5,3.42,3.5,44646200.0,155116954.0
2012-11-06,3.47,3.5,3.39,3.48,25166114.0,86937078.0
2012-11-07,3.48,3.51,3.4,3.49,37820625.0,131414706.0
2012-11-08,3.42,3.5,3.4,3.5,27308436.0,94325323.0
2012-11-09,3.52,3.6,3.47,3.6,74929960.0,266359013.0
2012-11-12,3.62,3.75,3.61,3.72,82602909.0,306220588.0
2012-11-13,3.75,3.75,3.58,3.59,57968812.0,210637589.0
2012-11-14,3.57,3.69,3.57,3.65,25081244.0,91506145.0
2012-11-15,3.6,3.72,3.57,3.65,30461981.0,111374242.0
2012-11-16,3.66,3.7,3.6,3.62,17035986.0,61976773.0
2012-11-19,3.62,3.71,3.59,3.69,23628570.0,86603588.0
2012-11-20,3.71,3.79,3.68,3.73,32148687.0,120358503.0
2012-11-21,3.77,3.77,3.68,3.73,16692326.0,62032924.0
2012-11-22,3.77,3.82,3.73,3.81,55978180.0,211942128.0
2012-11-23,3.82,3.88,3.79,3.85,36081816.0,138779901.0
2012-11-26,3.84,3.85,3.78,3.79,32472981.0,123790452.0
2012-11-27,3.8,3.83,3.66,3.66,33135221.0,123743942.0
2012-11-28,3.64,3.64,3.56,3.58,48721999.0,175113451.0
2012-11-29,3.44,3.6,3.42,3.54,951157978.0,3186533234.0
2012-11-30,3.56,3.73,3.55,3.66,134590878.0,489513564.0
2012-12-03,3.67,3.72,3.6,3.6,73068948.0,266780447.0
2012-12-04,3.57,3.64,3.52,3.55,63682015.0,226342859.0
2012-12-05,3.55,3.84,3.55,3.82,121743324.0,456191795.0
2012-12-06,3.85,3.85,3.58,3.67,159889801.0,589803613.0
2012-12-07,3.7,3.76,3.61,3.69,65893401.0,244172745.0
2012-12-10,3.74,3.82,3.67,3.8,67271506.0,252472008.0
2012-12-11,3.82,3.85,3.73,3.76,71636539.0,270802587.0
2012-12-12,3.8,3.83,3.72,3.78,77202700.0,290339930.0
2012-12-13,3.83,3.83,3.59,3.64,125622443.0,460464212.0
2012-12-14,3.62,3.68,3.59,3.64,115463355.0,419433005.0
2012-12-17,3.61,3.63,3.48,3.5,109596878.0,386300973.0
2012-12-18,3.54,3.6,3.5,3.58,83185236.0,295791153.0
2012-12-19,3.55,3.72,3.55,3.72,122485959.0,449115604.0
2012-12-20,3.7,3.73,3.67,3.73,52855930.0,195621955.0
2012-12-21,3.7,3.75,3.67,3.71,41977620.0,155566095.0
2012-12-24,3.69,3.7,3.64,3.66,15976702.0,58523491.0
2012-12-27,3.69,3.74,3.69,3.72,40195728.0,149727057.0
2012-12-28,3.75,3.75,3.66,3.7,18458159.0,68285248.0
2012-12-31,3.69,3.7,3.65,3.67,12170282.0,44675672.0
2013-01-02,3.7,3.86,3.69,3.83,85494687.0,324880465.0
2013-01-03,3.89,4.019,3.86,3.98,134091601.0,529132235.0
2013-01-04,3.98,4.15,3.97,4.08,101935713.0,414306663.0
2013-01-07,4.13,4.24,4.12,4.18,69125824.0,289996171.0
2013-01-08,4.2,4.2,4.059,4.07,38865807.0,160060141.0
2013-01-09,4.15,4.15,4.08,4.15,42900110.0,176382794.0
2013-01-10,4.18,4.18,4.08,4.11,44919825.0,184929686.0
2013-01-11,4.25,4.26,4.09,4.14,65408997.0,272029639.0
2013-01-14,4.16,4.16,4.09,4.11,25286081.0,104219005.0
2013-01-15,4.14,4.14,4.01,4.05,31557606.0,128004543.0
2013-01-16,4.07,4.12,4.05,4.1,27749884.0,113389879.0
2013-01-17,4.15,4.17,4.04,4.11,36707865.0,150424647.0
2013-01-18,4.16,4.16,4.1,4.12,44088547.0,181307631.0
2013-01-21,4.09,4.32,4.08,4.31,76001046.0,322428171.0
2013-01-22,4.31,4.39,4.22,4.3,69669459.0,301031107.0
2013-01-23,4.27,4.35,4.23,4.3,35294550.0,151818807.0
2013-01-24,4.3,4.3,4.15,4.2,34254894.0,144693589.0
2013-01-25,4.25,4.25,4.03,4.04,52025025.0,212189772.0
2013-01-28,4.04,4.2,3.88,4.2,89500788.0,362439249.0
2013-01-29,4.15,4.29,4.15,4.25,45133046.0,190200041.0
2013-01-30,4.28,4.28,4.17,4.18,27831031.0,117588388.0
2013-01-31,4.23,4.23,4.03,4.05,35046091.0,143565476.0
2013-02-01,4.04,4.15,4.03,4.15,34360966.0,141255834.0
2013-02-04,4.17,4.24,4.08,4.09,20569901.0,84802663.0
2013-02-05,4.0,4.12,4.0,4.08,22664693.0,92337990.0
2013-02-06,4.08,4.13,4.05,4.08,25540268.0,104234552.0
2013-02-07,4.1,4.14,4.03,4.059,44524370.0,181457568.0
2013-02-08,4.04,4.22,4.04,4.2,33393373.0,138005036.0
2013-02-14,4.21,4.33,4.16,4.31,56869177.0,242176801.0
2013-02-15,4.35,4.67,4.34,4.64,145258018.0,659601064.0
2013-02-18,4.66,4.75,4.63,4.67,67310704.0,314819384.0
2013-02-19,4.69,4.72,4.54,4.65,53435912.0,246171718.0
2013-02-20,4.72,4.72,4.52,4.56,57592868.0,263826756.0
2013-02-21,4.45,4.47,4.29,4.38,82077523.0,359644552.0
2013-02-22,4.35,4.35,4.22,4.24,99001888.0,424346458.0
2013-02-25,4.28,4.32,4.15,4.18,86159990.0,362535550.0
2013-02-26,4.09,4.15,3.92,3.96,143007937.0,574157670.0
2013-02-27,4.01,4.07,3.93,4.059,81051217.0,325439460.0
2013-02-28,4.16,4.3,4.15,4.27,102950916.0,435033879.0
2013-03-01,4.22,4.34,4.2,4.23,59481364.0,252736079.0
2013-03-04,4.27,4.28,4.08,4.12,58888983.0,242832122.0
2013-03-05,4.18,4.25,4.16,4.23,47646846.0,200786628.0
2013-03-06,4.29,4.32,4.24,4.26,41072818.0,175460004.0
2013-03-07,4.27,4.28,4.15,4.18,29595504.0,124267664.0
2013-03-08,4.21,4.26,4.18,4.2,33615837.0,141618672.0
2013-03-11,4.23,4.24,4.08,4.09,37880614.0,156749696.0
2013-03-12,4.13,4.15,3.98,3.99,85477070.0,344495227.0
2013-03-13,3.98,4.01,3.67,3.78,184170911.0,695570793.0
2013-03-14,3.72,3.9,3.67,3.88,88464240.0,338724799.0
2013-03-15,3.9,3.92,3.71,3.73,110345737.0,420116316.0
2013-03-18,3.63,3.7,3.62,3.66,78085730.0,286332377.0
2013-03-19,3.66,3.77,3.64,3.71,85918643.0,317884288.0
2013-03-20,3.68,3.9,3.64,3.9,203525205.0,776407503.0
2013-03-21,4.019,4.07,3.94,3.98,209456412.0,834934266.0
2013-03-22,3.95,3.97,3.88,3.96,66978631.0,263422639.0
2013-03-25,3.97,4.03,3.88,3.93,64383201.0,253710852.0
2013-03-26,3.9,3.92,3.77,3.85,71694053.0,274195140.0
2013-03-27,3.88,3.96,3.86,3.92,69031587.0,269801628.0
2013-03-28,3.89,3.91,3.75,3.77,71614420.0,271127222.0
2013-04-02,3.77,3.84,3.73,3.76,29837665.0,112582740.0
2013-04-03,3.8,3.81,3.64,3.68,51691000.0,190379290.0
2013-04-04,3.8,3.81,3.64,3.68,51691000.0,190379290.0
2013-04-05,3.6,3.63,3.48,3.52,86422635.0,303917613.0
2013-04-08,3.51,3.58,3.48,3.49,47806940.0,168347621.0
2013-04-09,3.5,3.69,3.49,3.61,64045625.0,230475622.0
2013-04-10,3.65,3.7,3.57,3.69,36079953.0,131330770.0
2013-04-11,3.74,3.75,3.63,3.64,37205031.0,138175858.0
2013-04-12,3.69,3.74,3.61,3.62,34770000.0,127150560.0
2013-04-15,3.58,3.61,3.56,3.58,29665900.0,106144086.0
2013-04-16,3.51,3.73,3.51,3.73,43764757.0,160217438.0
2013-04-17,3.74,3.81,3.71,3.74,45738917.0,172326683.0
2013-04-18,3.7,3.77,3.6,3.64,63012500.0,229865020.0
2013-04-19,3.64,3.75,3.63,3.73,82588201.0,304986368.0
2013-04-22,3.75,4.0,3.72,3.99,196380552.0,763783159.0
2013-04-23,4.0,4.01,3.83,3.86,104043452.0,404616760.0
2013-04-24,3.92,3.95,3.83,3.84,52351382.0,203383237.0
2013-04-25,3.89,3.96,3.84,3.91,66895001.0,261514519.0
2013-04-26,3.9,3.99,3.83,3.83,60611499.0,236467971.0
2013-04-29,3.84,3.88,3.82,3.84,18198775.0,70051841.0
2013-04-30,3.87,3.91,3.85,3.9,26016920.0,100780035.0
2013-05-02,3.86,3.94,3.86,3.9,54876900.0,213923235.0
2013-05-03,3.93,3.97,3.87,3.89,46816739.0,184112863.0
2013-05-06,3.91,3.97,3.88,3.89,39235000.0,153955585.0
2013-05-07,3.91,4.1,3.88,4.09,110505000.0,444052900.0
2013-05-08,4.11,4.18,4.05,4.17,102529310.0,423874858.0
2013-05-09,4.16,4.16,4.059,4.059,51899864.0,212823586.0
2013-05-10,4.08,4.16,4.07,4.15,39419500.0,162660470.0
2013-05-13,4.11,4.13,4.05,4.09,34400500.0,140589160.0
2013-05-14,4.12,4.13,3.92,3.94,71212367.0,283166247.0
2013-05-15,3.95,4.09,3.95,4.07,44210039.0,178835103.0
2013-05-16,4.1,4.13,4.04,4.09,38492532.0,157320431.0
2013-05-20,4.13,4.13,3.99,4.059,46622825.0,188025049.0
2013-05-21,4.05,4.08,3.96,4.0,33512930.0,134640629.0
2013-05-22,4.059,4.07,3.95,3.99,23268450.0,93004973.0
2013-05-23,3.99,4.0,3.81,3.83,75465800.0,292201304.0
2013-05-24,3.86,3.88,3.79,3.86,37584270.0,144461957.0
2013-05-27,3.82,3.82,3.75,3.82,34119998.0,128878561.0
2013-05-28,3.79,3.86,3.78,3.84,40463300.0,154391517.0
2013-05-29,3.84,3.97,3.83,3.89,66196684.0,258435047.0
2013-05-30,3.86,3.95,3.79,3.85,31417174.0,120795032.0
2013-05-31,3.87,3.87,3.75,3.85,47724246.0,181854311.0
2013-06-03,3.77,3.82,3.7,3.72,32619324.0,122585502.0
2013-06-04,3.74,3.78,3.72,3.77,27493164.0,103037978.0
2013-06-05,3.76,3.76,3.68,3.71,33369000.0,123807645.0
2013-06-06,3.7,3.71,3.66,3.66,23866000.0,87887630.0
2013-06-07,3.7,3.73,3.65,3.71,30954234.0,114229071.0
2013-06-10,3.73,3.82,3.71,3.73,32348900.0,121721198.0
2013-06-11,3.78,3.78,3.65,3.68,37219000.0,137234020.0
2013-06-13,3.67,3.7,3.54,3.64,62356776.0,224564733.0
2013-06-14,3.66,3.69,3.57,3.58,30619879.0,111191652.0
2013-06-17,3.59,3.76,3.58,3.64,57883088.0,212734372.0
2013-06-18,3.7,3.77,3.65,3.73,28782815.0,107144028.0
2013-06-19,3.73,3.76,3.69,3.71,17966352.0,66685697.0
2013-06-20,3.65,3.68,3.6,3.61,31724700.0,115010818.0
2013-06-21,3.41,3.52,3.41,3.43,93176779.0,322383194.0
2013-06-24,3.39,3.45,3.16,3.23,93225568.0,303879630.0
2013-06-25,3.12,3.24,2.98,3.11,117185755.0,363426146.0
2013-06-26,3.2,3.39,3.19,3.37,80270583.0,265403146.0
2013-06-27,3.38,3.44,3.25,3.3,49841314.0,167238345.0
2013-06-28,3.4,3.43,3.33,3.36,54227750.0,182915620.0
2013-07-02,3.4,3.42,3.31,3.33,33722000.0,113036174.0
2013-07-03,3.35,3.35,3.12,3.14,63311001.0,201662396.0
2013-07-04,3.15,3.17,2.98,3.0,172419938.0,524861733.0
2013-07-05,3.05,3.09,3.01,3.02,69135408.0,210162319.0
2013-07-08,3.0,3.02,2.94,2.97,50850095.0,151525122.0
2013-07-09,2.99,3.06,2.96,2.97,71816430.0,216556547.0
2013-07-10,2.99,3.03,2.84,2.85,106012711.0,309381326.0
2013-07-11,2.87,3.07,2.86,3.06,113135000.0,339683625.0
2013-07-12,3.1,3.13,3.02,3.1,60818792.0,187381817.0
2013-07-15,3.13,3.2,3.09,3.17,61866350.0,195457330.0
2013-07-16,3.17,3.26,3.12,3.17,79360210.0,252785195.0
2013-07-17,3.17,3.21,3.1,3.12,37353572.0,117713724.0
2013-07-18,3.15,3.2,3.1,3.19,51735000.0,163847375.0
2013-07-19,3.22,3.22,3.16,3.18,52727000.0,168042940.0
2013-07-22,3.2,3.23,3.16,3.22,35165000.0,112253911.0
2013-07-23,3.24,3.29,3.22,3.29,36776250.0,120325753.0
2013-07-24,3.35,3.39,3.33,3.36,51814772.0,172914550.0
2013-07-25,3.36,3.42,3.3,3.38,38280761.0,129415407.0
2013-07-26,3.38,3.39,3.33,3.38,29684510.0,99905524.0
2013-07-29,3.33,3.37,3.29,3.32,37600000.0,125068125.0
2013-07-30,3.3,3.31,3.22,3.29,35757000.0,116451480.0
2013-07-31,3.26,3.34,3.23,3.24,29258000.0,96190855.0
2013-08-01,3.25,3.31,3.24,3.27,36885001.0,120594663.0
2013-08-02,3.3,3.33,3.26,3.26,51925000.0,170927045.0
2013-08-05,3.27,3.32,3.25,3.31,39026500.0,128042655.0
2013-08-06,3.27,3.32,3.23,3.31,28065000.0,91988970.0
2013-08-07,3.26,3.31,3.24,3.25,23395592.0,76505194.0
2013-08-08,3.27,3.45,3.25,3.44,76315000.0,258257115.0
2013-08-09,3.46,3.67,3.46,3.64,135028056.0,484314063.0
2013-08-12,3.63,3.73,3.59,3.67,81115001.0,297086559.0
2013-08-13,3.7,3.72,3.59,3.6,44783758.0,163406485.0
2013-08-14,3.6,3.6,3.6,3.6,0.0,0.0
2013-08-15,3.6,3.8,3.6,3.71,83072166.0,309162779.0
2013-08-16,3.67,3.75,3.64,3.65,49786870.0,183287937.0
2013-08-19,3.65,3.9,3.65,3.84,114082000.0,436441865.0
2013-08-20,3.84,3.9,3.68,3.71,84262100.0,317327228.0
2013-08-21,3.73,3.86,3.71,3.84,82833000.0,313945818.0
2013-08-22,3.8,4.019,3.76,3.86,163699554.0,635445458.0
2013-08-23,3.93,4.05,3.9,4.01,180825878.0,722692074.0
2013-08-26,4.03,4.14,4.0,4.14,108989710.0,445522128.0
2013-08-27,4.11,4.21,4.05,4.09,85325258.0,352121945.0
2013-08-28,4.019,4.04,3.9,3.97,81185000.0,322582740.0
2013-08-29,3.98,4.07,3.97,4.059,40603381.0,163620676.0
2013-08-30,4.04,4.09,4.01,4.08,36394815.0,147398014.0
2013-09-02,4.1,4.13,4.03,4.09,33103351.0,134910040.0
2013-09-03,4.08,4.22,4.08,4.16,72392878.0,302944866.0
2013-09-04,4.14,4.18,4.1,4.13,24980000.0,103341825.0
2013-09-05,4.19,4.22,4.13,4.14,29076893.0,121264279.0
2013-09-06,4.15,4.17,4.05,4.08,38981679.0,159409991.0
2013-09-09,4.07,4.14,3.97,4.1,54869645.0,222869230.0
2013-09-10,4.15,4.15,4.09,4.11,36935365.0,152112593.0
2013-09-11,4.15,4.15,4.059,4.09,32274416.0,132256469.0
2013-09-12,4.13,4.19,4.08,4.1,43712000.0,180471690.0
2013-09-13,4.13,4.13,4.03,4.04,26267550.0,106403577.0
2013-09-16,4.09,4.15,4.08,4.13,33187000.0,136788635.0
2013-09-17,4.14,4.19,4.1,4.17,44662566.0,185793138.0
2013-09-18,4.17,4.18,4.08,4.1,21519352.0,88501955.0
2013-09-19,4.16,4.16,4.07,4.09,28048852.0,115237433.0
2013-09-23,4.08,4.1,4.05,4.09,23759169.0,96979256.0
2013-09-24,4.059,4.09,3.98,3.99,56300000.0,226834930.0
2013-09-25,4.0,4.04,3.99,4.01,67435503.0,270326727.0
2013-09-26,4.019,4.03,3.95,3.96,37662106.0,149749246.0
2013-09-27,4.0,4.03,3.97,4.0,46415764.0,185496479.0
2013-09-30,3.98,4.08,3.97,3.99,84847000.0,340215880.0
2013-10-02,4.07,4.18,4.04,4.17,112248221.0,460893049.0
2013-10-03,4.18,4.19,4.11,4.16,72698448.0,301392657.0
2013-10-04,4.16,4.39,4.14,4.38,161716136.0,697415188.0
2013-10-07,4.44,4.5,4.41,4.47,97296300.0,435002679.0
2013-10-08,4.54,4.54,4.35,4.41,66397331.0,293031351.0
2013-10-09,4.2,4.29,4.19,4.26,761764349.0,3179781826.0
2013-10-10,4.28,4.31,4.24,4.26,90790245.0,387979664.0
2013-10-11,4.24,4.24,4.08,4.11,225143320.0,929191400.0
2013-10-15,4.11,4.13,4.0,4.1,97577967.0,396668148.0
2013-10-16,4.08,4.13,4.03,4.03,67358687.0,273505283.0
2013-10-17,4.059,4.07,3.83,3.84,173539220.0,685355379.0
2013-10-18,3.88,3.95,3.88,3.9,139220888.0,544645183.0
2013-10-21,3.92,3.94,3.84,3.85,109753181.0,425702472.0
2013-10-22,3.86,3.93,3.86,3.9,64918498.0,253273462.0
2013-10-23,3.93,3.93,3.83,3.84,85969662.0,333469896.0
2013-10-24,3.85,3.85,3.74,3.81,98288100.0,371765635.0
2013-10-25,3.82,3.83,3.71,3.71,87594209.0,328302353.0
2013-10-28,3.73,3.85,3.73,3.79,60974055.0,232116660.0
2013-10-29,3.81,3.87,3.77,3.79,53985100.0,205638612.0
2013-10-30,3.83,3.86,3.77,3.83,73973690.0,281745342.0
2013-10-31,3.81,3.93,3.79,3.91,116588854.0,451906937.0
2013-11-01,3.95,3.95,3.87,3.88,34834272.0,135780146.0
2013-11-04,3.9,3.93,3.84,3.87,59277095.0,230176435.0
2013-11-05,3.88,3.93,3.83,3.89,50574585.0,195791728.0
2013-11-06,4.0,4.13,3.93,3.95,165075028.0,662379031.0
2013-11-07,3.95,3.95,3.86,3.88,57321898.0,223178657.0
2013-11-08,3.86,3.9,3.81,3.82,56923817.0,219681148.0
2013-11-11,3.85,3.91,3.81,3.9,40818458.0,157233673.0
2013-11-12,3.91,3.92,3.84,3.88,17368900.0,67226349.0
2013-11-13,3.85,3.87,3.81,3.84,42135000.0,161271525.0
2013-11-14,3.89,3.95,3.85,3.94,56306120.0,220241624.0
2013-11-15,3.97,4.019,3.95,3.98,78738000.0,313790027.0
2013-11-18,4.05,4.11,4.0,4.1,121886284.0,495043694.0
2013-11-19,4.1,4.11,4.019,4.04,60570736.0,245004364.0
2013-11-20,4.08,4.1,4.05,4.1,45655471.0,186079123.0
2013-11-21,4.1,4.1,4.03,4.059,35694295.0,145168707.0
2013-11-22,4.09,4.1,3.98,3.99,40051317.0,161475840.0
2013-11-25,4.01,4.05,4.0,4.019,33221576.0,133782565.0
2013-11-26,4.03,4.09,4.0,4.059,73413358.0,296559572.0
2013-11-27,4.03,4.07,3.99,4.04,43550296.0,175388153.0
2013-11-28,4.04,4.07,4.0,4.01,39054269.0,157007542.0
2013-11-29,4.01,4.03,3.99,4.0,24462000.0,97947370.0
2013-12-02,4.03,4.05,4.0,4.03,30380827.0,122287383.0
2013-12-03,4.019,4.019,3.92,3.97,44515679.0,176872831.0
2013-12-04,3.94,4.05,3.93,4.0,34411122.0,137778235.0
2013-12-05,4.03,4.03,3.96,3.98,31145139.0,124112691.0
2013-12-06,3.97,3.99,3.9,3.96,47742617.0,188135228.0
2013-12-09,3.97,4.0,3.94,3.95,49343000.0,195551529.0
2013-12-10,3.96,3.98,3.92,3.93,45328230.0,179289897.0
2013-12-11,3.93,3.95,3.82,3.84,54399400.0,210344976.0
2013-12-12,3.82,3.87,3.81,3.84,24404689.0,93875335.0
2013-12-13,3.88,3.93,3.83,3.93,36514000.0,141599240.0
2013-12-16,3.93,3.94,3.86,3.87,27688979.0,107695490.0
2013-12-17,3.88,3.9,3.81,3.82,36858191.0,141502853.0
2013-12-18,3.82,3.88,3.82,3.83,23935000.0,92146320.0
2013-12-19,3.88,3.89,3.76,3.77,27084000.0,103247905.0
2013-12-20,3.78,3.82,3.65,3.75,46477000.0,172797355.0
2013-12-23,3.75,3.77,3.7,3.74,17938970.0,66891203.0
2013-12-24,3.75,3.79,3.72,3.76,9418653.0,35413604.0
2013-12-27,3.76,3.77,3.69,3.71,24027204.0,89286242.0
2013-12-30,3.74,3.75,3.67,3.7,17877698.0,66090618.0
2013-12-31,3.72,3.77,3.72,3.75,15646826.0,58605165.0
2014-01-02,3.75,3.77,3.71,3.73,13153700.0,49123801.0
2014-01-03,3.7,3.71,3.6,3.64,38876490.0,141633089.0
2014-01-06,3.6,3.62,3.46,3.52,55689770.0,195602608.0
2014-01-07,3.51,3.54,3.39,3.42,64472748.0,221740523.0
2014-01-08,3.47,3.51,3.4,3.47,53068969.0,183398066.0
2014-01-09,3.48,3.55,3.42,3.43,58499589.0,204145006.0
2014-01-10,3.41,3.45,3.35,3.4,40055309.0,136087068.0
2014-01-13,3.4,3.45,3.4,3.41,27528194.0,94010430.0
2014-01-14,3.44,3.44,3.34,3.34,42366748.0,142476803.0
2014-01-15,3.32,3.4,3.26,3.28,93177728.0,308691559.0
2014-01-16,3.3,3.31,3.12,3.14,99973500.0,320016285.0
2014-01-17,3.17,3.28,3.16,3.23,58175582.0,187861175.0
2014-01-20,3.28,3.34,3.26,3.29,67385383.0,222496106.0
2014-01-21,3.33,3.33,3.27,3.3,29137425.0,96083054.0
2014-01-22,3.3,3.34,3.28,3.32,31654000.0,104654870.0
2014-01-23,3.32,3.33,3.26,3.3,29120194.0,95927830.0
2014-01-24,3.27,3.28,3.2,3.24,45610425.0,147698163.0
2014-01-27,3.15,3.16,3.09,3.11,72964661.0,227370908.0
2014-01-28,3.14,3.15,3.08,3.11,52800187.0,164777335.0
2014-01-29,3.15,3.24,3.15,3.19,45340000.0,145478835.0
2014-01-30,3.14,3.22,3.13,3.18,19303217.0,61408558.0
2014-02-04,3.13,3.14,3.05,3.06,64557226.0,198837153.0
2014-02-05,3.06,3.11,3.06,3.08,37321017.0,115083718.0
2014-02-06,3.08,3.15,3.08,3.11,28652126.0,88960549.0
2014-02-07,3.15,3.22,3.13,3.2,38764465.0,123205498.0
2014-02-10,3.21,3.29,3.2,3.21,25267274.0,81969545.0
2014-02-11,3.21,3.25,3.13,3.17,40519370.0,128640808.0
2014-02-12,3.2,3.2,3.14,3.16,48938000.0,154722845.0
2014-02-13,3.1,3.1,2.99,3.01,125425000.0,379961260.0
2014-02-14,3.02,3.07,3.01,3.06,42713719.0,130104925.0
2014-02-17,3.08,3.13,3.0,3.03,58446670.0,179543173.0
2014-02-18,3.05,3.06,2.95,2.97,92882961.0,277363274.0
2014-02-19,2.97,3.04,2.97,3.02,39728510.0,119791974.0
2014-02-20,3.03,3.06,3.0,3.04,30730035.0,93190930.0
2014-02-21,3.04,3.07,3.0,3.01,35167000.0,105968165.0
2014-02-24,3.01,3.02,2.91,2.93,42347000.0,124413510.0
2014-02-25,2.99,3.01,2.9,2.92,52794250.0,155366090.0
2014-02-26,2.9,2.97,2.86,2.96,43935700.0,127930115.0
2014-02-27,2.96,2.97,2.9,2.92,45346003.0,132207814.0
2014-02-28,2.91,2.93,2.88,2.92,41477537.0,120300428.0
2014-03-03,2.9,2.92,2.85,2.86,61808200.0,177421590.0
2014-03-04,2.86,2.88,2.79,2.8,94135739.0,263630250.0
2014-03-05,2.78,2.83,2.67,2.74,114996188.0,315690660.0
2014-03-06,2.75,2.79,2.72,2.79,41553608.0,114711041.0
2014-03-07,2.82,2.83,2.75,2.76,65416681.0,182165274.0
2014-03-10,2.78,2.78,2.66,2.72,104322740.0,283149911.0
2014-03-11,2.72,2.73,2.6,2.63,105173987.0,279393766.0
2014-03-12,2.67,2.68,2.6,2.62,57870125.0,151768798.0
2014-03-13,2.67,2.77,2.63,2.69,77740055.0,209616751.0
2014-03-14,2.69,2.69,2.61,2.63,62146236.0,164263349.0
2014-03-17,2.64,2.66,2.61,2.62,27018000.0,71047800.0
2014-03-18,2.65,2.7,2.64,2.68,57238851.0,152834090.0
2014-03-19,2.71,3.13,2.67,3.09,334816349.0,994855358.0
2014-03-20,3.05,3.05,2.87,2.96,243258186.0,717094584.0
2014-03-21,2.94,2.96,2.88,2.91,82497695.0,240563938.0
2014-03-24,2.96,2.99,2.91,2.93,78697048.0,231978584.0
2014-03-25,2.93,2.99,2.92,2.94,44279995.0,130790943.0
2014-03-26,2.97,2.98,2.86,2.89,69697317.0,202893087.0
2014-03-27,2.91,2.92,2.85,2.89,54239900.0,156534279.0
2014-03-28,2.84,2.94,2.83,2.89,48345941.0,140000862.0
2014-03-31,2.93,3.08,2.91,3.05,107064971.0,322366774.0
2014-04-01,3.04,3.1,3.01,3.06,87405047.0,266355796.0
2014-04-02,3.07,3.09,3.0,3.02,74062000.0,225465064.0
2014-04-03,3.05,3.12,3.04,3.09,69456580.0,214053640.0
2014-04-04,3.08,3.1,3.04,3.06,23014400.0,70565909.0
2014-04-07,3.06,3.2,3.04,3.17,98544597.0,311560310.0
2014-04-08,3.16,3.25,3.12,3.19,77178301.0,246505498.0
2014-04-09,3.18,3.21,3.15,3.16,38877916.0,123356251.0
2014-04-10,3.16,3.16,2.92,3.05,147207380.0,443513291.0
2014-04-11,3.0,3.0,2.92,2.94,67931940.0,200485634.0
2014-04-14,2.94,2.95,2.81,2.86,72696000.0,208180620.0
2014-04-15,2.87,2.89,2.8,2.84,51338282.0,146023780.0
2014-04-16,2.85,2.85,2.81,2.82,22700381.0,64259517.0
2014-04-17,2.82,2.85,2.8,2.84,36690582.0,104089053.0
2014-04-22,2.82,2.83,2.67,2.74,85188971.0,233825454.0
2014-04-23,2.77,2.83,2.74,2.77,24675000.0,68862650.0
2014-04-24,2.78,2.8,2.73,2.74,22605000.0,62220675.0
2014-04-25,2.77,2.78,2.66,2.67,46614000.0,125331195.0
2014-04-28,2.68,2.72,2.66,2.67,23840000.0,63824925.0
2014-04-29,2.69,2.7,2.63,2.67,45524377.0,120986963.0
2014-04-30,2.71,2.72,2.67,2.69,53123613.0,143323718.0
2014-05-02,2.7,2.7,2.63,2.63,31133494.0,82721286.0
2014-05-05,2.66,2.68,2.63,2.67,13674917.0,36291586.0
2014-05-07,2.65,2.68,2.6,2.62,34216465.0,89634510.0
2014-05-08,2.64,2.67,2.61,2.67,29752486.0,78796345.0
2014-05-09,2.65,2.74,2.65,2.72,40339866.0,109109924.0
2014-05-12,2.7,2.71,2.66,2.71,20968001.0,56548082.0
2014-05-13,2.74,2.84,2.72,2.83,68867515.0,192027506.0
2014-05-14,2.82,2.84,2.77,2.81,31883691.0,89335101.0
2014-05-15,2.82,2.83,2.71,2.72,31006315.0,85134365.0
2014-05-16,2.69,2.72,2.63,2.71,45975000.0,123031180.0
2014-05-19,2.72,2.73,2.68,2.69,17982402.0,48506558.0
2014-05-20,2.69,2.73,2.68,2.68,13358003.0,36024417.0
2014-05-21,2.7,2.73,2.68,2.72,20349030.0,55171221.0
2014-05-22,2.72,2.79,2.72,2.76,27315734.0,75438483.0
2014-05-23,2.78,2.79,2.72,2.74,18371603.0,50493654.0
2014-05-26,2.77,2.8,2.75,2.8,20250496.0,56472134.0
2014-05-27,2.81,2.93,2.8,2.93,63545000.0,183222725.0
2014-05-28,2.95,2.95,2.86,2.87,44861453.0,129793746.0
2014-05-29,2.87,2.93,2.87,2.89,34712874.0,100598670.0
2014-05-30,2.9,2.92,2.88,2.9,41504490.0,120227192.0
2014-06-03,2.93,2.93,2.8,2.8,44024026.0,125254729.0
2014-06-04,2.81,2.81,2.77,2.79,30240287.0,84288854.0
2014-06-05,2.79,2.83,2.78,2.8,15147196.0,42451612.0
2014-06-06,2.8,2.83,2.79,2.81,18781000.0,52721480.0
2014-06-09,2.8,2.8,2.76,2.78,12439909.0,34538236.0
2014-06-10,2.79,2.81,2.75,2.8,19750000.0,55070400.0
2014-06-11,2.77,2.77,2.68,2.7,41328436.0,112213468.0
2014-06-12,2.7,2.74,2.7,2.73,19870000.0,54055650.0
2014-06-13,2.71,2.75,2.7,2.74,19212224.0,52438611.0
2014-06-16,2.73,2.74,2.7,2.73,20696000.0,56257075.0
2014-06-17,2.74,2.74,2.7,2.71,16925000.0,45956205.0
2014-06-18,2.71,2.74,2.71,2.72,16482005.0,44921103.0
2014-06-19,2.74,2.74,2.69,2.7,20809000.0,56215070.0
2014-06-20,2.7,2.73,2.7,2.71,14022460.0,38086843.0
2014-06-23,2.7,2.74,2.7,2.71,22785026.0,62099220.0
2014-06-24,2.72,2.74,2.71,2.72,18732869.0,51129032.0
2014-06-25,2.71,2.75,2.71,2.72,25205200.0,68794971.0
2014-06-26,2.72,2.75,2.71,2.75,22802000.0,62421285.0
2014-06-27,2.75,2.78,2.71,2.73,30272572.0,83005923.0
2014-06-30,2.73,2.74,2.71,2.73,21352500.0,58172505.0
2014-07-02,2.72,2.82,2.72,2.81,47151194.0,131020983.0
2014-07-03,2.82,2.95,2.81,2.95,101470691.0,295604614.0
2014-07-04,2.95,3.04,2.94,2.97,87329357.0,261696323.0
2014-07-07,2.99,3.01,2.92,2.95,26180396.0,77390268.0
2014-07-08,2.95,2.95,2.88,2.89,24493387.0,71113800.0
2014-07-09,2.84,2.93,2.84,2.88,37786230.0,109208475.0
2014-07-10,2.92,2.98,2.9,2.95,31869842.0,93970462.0
2014-07-11,2.93,3.0,2.91,2.97,31190200.0,92646995.0
2014-07-14,3.0,3.08,2.98,3.04,60788339.0,184649226.0
2014-07-15,3.09,3.11,3.05,3.09,55053497.0,169943075.0
2014-07-16,3.06,3.12,3.05,3.11,67939829.0,210505346.0
2014-07-17,3.11,3.11,3.03,3.05,35687600.0,109611375.0
2014-07-18,3.0,3.02,2.94,2.98,25469500.0,75968775.0
2014-07-21,3.0,3.0,2.9,2.91,31231700.0,91644945.0
2014-07-22,2.95,3.0,2.92,2.97,57015200.0,168920545.0
2014-07-23,2.98,3.04,2.97,3.02,36642113.0,109984925.0
2014-07-24,3.05,3.09,3.02,3.02,40566335.0,124099011.0
2014-07-25,3.13,3.2,3.11,3.19,143127872.0,452771921.0
2014-07-28,3.17,3.23,3.14,3.19,57997000.0,184771770.0
2014-07-29,3.2,3.21,3.09,3.11,66202070.0,206633381.0
2014-07-30,3.12,3.18,3.07,3.08,44791000.0,139990540.0
2014-07-31,3.11,3.15,3.07,3.14,41701186.0,129491530.0
2014-08-01,3.09,3.13,3.07,3.09,24345595.0,75515566.0
2014-08-04,3.12,3.13,3.05,3.09,54991800.0,169234497.0
2014-08-05,3.11,3.11,3.06,3.09,25800610.0,79787359.0
2014-08-06,3.08,3.15,3.07,3.14,33163939.0,103273002.0
2014-08-07,3.17,3.17,3.06,3.1,18445700.0,57168678.0
2014-08-08,3.09,3.09,3.02,3.06,32665000.0,99930100.0
2014-08-11,3.04,3.07,2.97,3.06,40021499.0,120869806.0
2014-08-12,3.04,3.08,3.02,3.07,14853103.0,45421579.0
2014-08-13,3.08,3.12,3.05,3.12,17057526.0,52617891.0
2014-08-14,3.13,3.13,3.08,3.09,15990000.0,49659850.0
2014-08-15,3.1,3.12,3.08,3.1,22047312.0,68288368.0
2014-08-18,3.12,3.12,3.06,3.09,25522000.0,78934565.0
2014-08-19,3.1,3.12,3.06,3.07,19607200.0,60502440.0
2014-08-20,3.07,3.1,2.99,3.09,50460330.0,154356253.0
2014-08-21,3.07,3.08,3.01,3.03,40347000.0,122216300.0
2014-08-22,3.02,3.02,2.99,3.01,23968112.0,72108117.0
2014-08-25,2.97,3.03,2.97,3.0,34873500.0,104319070.0
2014-08-26,3.03,3.03,2.99,3.02,17733000.0,53324210.0
2014-08-27,3.05,3.06,3.02,3.05,31685950.0,96348706.0
2014-08-28,3.04,3.04,2.96,2.96,19190999.0,57146836.0
2014-08-29,2.94,2.98,2.87,2.97,44332966.0,129803321.0
2014-09-01,2.96,3.0,2.92,2.93,16970324.0,50064860.0
2014-09-02,2.91,2.94,2.87,2.89,33468100.0,97124621.0
2014-09-03,2.91,3.02,2.9,2.99,33026448.0,98332255.0
2014-09-04,3.01,3.1,2.99,3.07,39414157.0,120522051.0
2014-09-05,3.07,3.12,3.07,3.09,24322405.0,75320688.0
2014-09-08,3.12,3.12,3.05,3.06,15231000.0,46729665.0
2014-09-10,3.03,3.09,3.02,3.07,18608506.0,56931233.0
2014-09-11,3.1,3.1,3.01,3.03,16573870.0,50377777.0
2014-09-12,3.03,3.08,3.03,3.04,21792000.0,66556450.0
2014-09-15,3.03,3.04,3.0,3.02,14157251.0,42724569.0
2014-09-16,3.01,3.05,2.93,3.0,10630000.0,32043370.0
2014-09-17,3.0,3.04,2.99,3.03,12811054.0,38604069.0
2014-09-18,2.98,3.03,2.97,2.99,13560000.0,40646425.0
2014-09-19,2.99,3.03,2.99,3.03,14552968.0,43882365.0
2014-09-22,3.0,3.02,2.97,2.98,12362526.0,37015118.0
2014-09-23,2.97,3.02,2.97,3.0,14731149.0,44096328.0
2014-09-24,2.98,3.04,2.96,3.02,19300000.0,58118710.0
2014-09-25,3.04,3.19,3.03,3.18,124765439.0,390337473.0
2014-09-26,3.21,3.21,3.14,3.15,76282304.0,242478560.0
2014-09-29,3.09,3.17,3.07,3.14,63230772.0,197693386.0
2014-09-30,3.13,3.28,3.12,3.25,102890361.0,330795607.0
2014-10-03,3.21,3.24,3.16,3.2,78653939.0,251587210.0
2014-10-06,3.17,3.29,3.16,3.25,35982770.0,116471958.0
2014-10-07,3.27,3.36,3.24,3.35,97266125.0,321058404.0
2014-10-08,3.31,3.43,3.31,3.4,86210547.0,292913926.0
2014-10-09,3.42,3.52,3.39,3.51,130934739.0,454643253.0
2014-10-10,3.45,3.49,3.4,3.44,70593934.0,242143950.0
2014-10-13,3.42,3.5,3.37,3.49,31409488.0,107462004.0
2014-10-14,3.45,3.45,3.32,3.32,40076944.0,135338640.0
2014-10-15,3.27,3.38,3.25,3.36,50030000.0,166837460.0
2014-10-16,3.31,3.4,3.29,3.37,43435811.0,146334707.0
2014-10-17,3.35,3.38,3.3,3.36,17660000.0,58943625.0
2014-10-20,3.35,3.39,3.3,3.32,18110000.0,60384825.0
2014-10-21,3.31,3.37,3.3,3.31,15298600.0,50863938.0
2014-10-22,3.32,3.45,3.32,3.45,45047277.0,153225166.0
2014-10-23,3.45,3.48,3.37,3.43,30090712.0,103046634.0
2014-10-24,3.41,3.42,3.3,3.37,45527850.0,152263865.0
2014-10-27,3.34,3.37,3.28,3.33,13494143.0,44681558.0
2014-10-28,3.32,3.36,3.24,3.34,11770001.0,39122628.0
2014-10-29,3.4,3.42,3.36,3.39,24144610.0,81734262.0
2014-10-30,3.38,3.39,3.33,3.35,15307720.0,51369757.0
2014-10-31,3.35,3.48,3.34,3.47,63882462.0,220868015.0
2014-11-03,3.49,3.49,3.43,3.47,22868131.0,79031784.0
2014-11-04,3.46,3.65,3.46,3.53,87854481.0,314674015.0
2014-11-05,3.55,3.58,3.48,3.48,25336975.0,89609112.0
2014-11-06,3.53,3.57,3.49,3.57,18313031.0,64553301.0
2014-11-07,3.54,3.68,3.49,3.6,38925630.0,140795693.0
2014-11-10,3.65,3.65,3.55,3.57,32270000.0,115566500.0
2014-11-11,3.57,3.6,3.51,3.59,26146482.0,92953820.0
2014-11-12,3.58,3.62,3.55,3.61,15566847.0,55919211.0
2014-11-13,3.59,3.61,3.56,3.58,17414905.0,62361290.0
2014-11-14,3.55,3.66,3.55,3.59,16879000.0,60715620.0
2014-11-17,3.6,3.65,3.54,3.55,22484225.0,80749068.0
2014-11-18,3.59,3.61,3.51,3.54,38845185.0,139134963.0
2014-11-19,3.53,3.57,3.46,3.5,20709537.0,72777135.0
2014-11-20,3.52,3.53,3.47,3.48,14120588.0,49212397.0
2014-11-21,3.45,3.52,3.45,3.49,23893154.0,83369933.0
2014-11-24,3.55,3.55,3.36,3.38,38027190.0,130565187.0
2014-11-25,3.39,3.47,3.37,3.41,24147888.0,82640660.0
2014-11-26,3.44,3.52,3.41,3.52,16298725.0,56541603.0
2014-11-27,3.54,3.54,3.44,3.44,13132998.0,45740498.0
2014-11-28,3.42,3.46,3.36,3.37,34637612.0,117712200.0
2014-12-01,3.35,3.36,3.13,3.23,80097331.0,257367743.0
2014-12-02,3.2,3.31,3.19,3.24,27310000.0,88623820.0
2014-12-03,3.24,3.29,3.06,3.07,56075000.0,174809550.0
2014-12-04,3.09,3.13,3.02,3.1,86160383.0,264817414.0
2014-12-05,3.09,3.21,3.09,3.15,42417222.0,133667749.0
2014-12-08,3.14,3.16,2.99,3.0,71870000.0,219007375.0
2014-12-09,2.97,3.1,2.97,3.04,39097500.0,119510750.0
2014-12-10,3.01,3.07,3.0,3.01,27926000.0,84470925.0
2014-12-11,3.01,3.08,2.98,3.05,24122765.0,73316061.0
2014-12-12,3.05,3.19,3.05,3.19,64147807.0,202413475.0
2014-12-15,3.12,3.16,3.1,3.11,23163444.0,72383433.0
2014-12-16,3.07,3.15,3.07,3.12,28271547.0,88249727.0
2014-12-17,2.79,2.79,2.43,2.59,366475761.0,945198418.0
2014-12-18,2.58,2.63,2.5,2.51,110995300.0,282185233.0
2014-12-19,2.55,2.55,2.45,2.46,89225216.0,220539191.0
2014-12-22,2.5,2.55,2.46,2.47,77985525.0,195881897.0
2014-12-23,2.51,2.55,2.49,2.51,29764000.0,74814615.0
2014-12-24,2.51,2.54,2.48,2.51,17572199.0,44030859.0
2014-12-29,2.53,2.55,2.5,2.51,21405287.0,53972161.0
2014-12-30,2.5,2.53,2.48,2.5,19275563.0,48184283.0
2014-12-31,2.48,2.49,2.46,2.47,14053952.0,34776537.0
2015-01-02,2.47,2.48,2.4,2.44,32850000.0,80031625.0
2015-01-05,2.42,2.63,2.42,2.59,83766603.0,216878733.0
2015-01-06,2.56,2.65,2.55,2.63,45579525.0,119440964.0
2015-01-07,2.64,2.72,2.6,2.66,36451733.0,96967781.0
2015-01-08,2.65,2.83,2.62,2.72,95879310.0,262818942.0
2015-01-09,2.8,2.85,2.76,2.79,60615035.0,170055376.0
2015-01-12,2.85,3.01,2.85,2.91,127400400.0,374041358.0
2015-01-13,2.95,3.01,2.93,2.99,84240855.0,251255010.0
2015-01-14,2.98,3.02,2.8,2.88,56259708.0,164617880.0
2015-01-15,2.85,2.98,2.85,2.92,28570476.0,83629858.0
2015-01-16,2.92,2.93,2.87,2.9,22841948.0,66074909.0
2015-01-19,2.85,2.93,2.78,2.83,35360000.0,100420575.0
2015-01-20,2.89,2.91,2.79,2.89,25761900.0,73777994.0
2015-01-21,2.99,3.09,2.97,3.06,96962545.0,295292919.0
2015-01-22,3.09,3.15,3.06,3.08,46167430.0,143469844.0
2015-01-23,3.13,3.15,3.09,3.12,27735678.0,86059624.0
2015-01-26,3.12,3.14,3.08,3.11,16521000.0,51248554.0
2015-01-27,3.12,3.21,3.12,3.21,63068288.0,200345493.0
2015-01-28,3.19,3.29,3.16,3.25,67509154.0,218729724.0
2015-01-29,3.26,3.26,3.17,3.17,41436240.0,132357231.0
2015-01-30,3.15,3.24,3.11,3.19,27867500.0,89109960.0
2015-02-02,3.13,3.18,3.1,3.17,28352610.0,88934688.0
2015-02-03,3.24,3.26,3.15,3.25,59545000.0,192122900.0
2015-02-04,3.26,3.32,3.23,3.31,64962677.0,214065895.0
2015-02-05,3.29,3.38,3.29,3.35,43404000.0,144818415.0
2015-02-06,3.46,3.47,3.25,3.29,84169000.0,281776275.0
2015-02-09,3.26,3.29,3.18,3.25,31288276.0,101643503.0
2015-02-10,3.23,3.32,3.22,3.27,18655000.0,61006500.0
2015-02-11,3.32,3.33,3.25,3.29,25948048.0,85094853.0
2015-02-12,3.21,3.36,3.21,3.33,31440000.0,104308210.0
2015-02-13,3.39,3.39,3.34,3.36,22255000.0,74926660.0
2015-02-16,3.38,3.38,3.32,3.36,10673900.0,35695567.0
2015-02-17,3.38,3.39,3.33,3.37,14611908.0,49283588.0
2015-02-18,3.35,3.39,3.34,3.36,13634751.0,45874776.0
2015-02-23,3.42,3.42,3.35,3.4,19337481.0,65420770.0
2015-02-24,3.39,3.42,3.36,3.39,19645255.0,66615990.0
2015-02-25,3.4,3.4,3.33,3.39,29333614.0,99214092.0
2015-02-26,3.38,3.46,3.36,3.45,40521790.0,138410322.0
2015-02-27,3.45,3.48,3.42,3.47,23326222.0,80632049.0
2015-03-02,3.47,3.48,3.37,3.4,24281335.0,82811220.0
2015-03-03,3.39,3.42,3.32,3.35,31323240.0,105294386.0
2015-03-04,3.37,3.39,3.26,3.31,43244891.0,142439841.0
2015-03-05,3.31,3.44,3.3,3.38,35228296.0,119473120.0
2015-03-06,3.39,3.47,3.35,3.45,40520450.0,139586520.0
2015-03-09,3.46,3.57,3.45,3.49,70247629.0,246792665.0
2015-03-10,3.52,3.55,3.48,3.51,22541070.0,79254420.0
2015-03-11,3.5,3.5,3.4,3.43,16701722.0,57438611.0
2015-03-12,3.47,3.47,3.4,3.46,12526204.0,43215306.0
2015-03-13,3.42,3.59,3.4,3.54,58094376.0,205783041.0
2015-03-16,3.53,3.6,3.51,3.59,39736243.0,141776625.0
2015-03-17,3.6,3.63,3.58,3.6,38627866.0,139221253.0
2015-03-18,3.62,3.66,3.54,3.6,75685268.0,272981063.0
2015-03-19,3.7,3.85,3.63,3.83,147448482.0,556405081.0
2015-03-20,3.83,3.93,3.8,3.91,73614005.0,286984429.0
2015-03-23,3.91,4.03,3.83,3.87,78180099.0,308864617.0
2015-03-24,3.9,3.95,3.88,3.92,75541719.0,296641155.0
2015-03-25,3.96,4.0,3.9,3.97,45017673.0,178762216.0
2015-03-26,3.95,4.0,3.92,3.95,27796705.0,110110145.0
2015-03-27,3.97,3.97,3.88,3.92,27059860.0,106190947.0
2015-03-30,3.96,4.02,3.94,3.96,77964458.0,311376956.0
2015-03-31,4.0,4.01,3.92,3.99,43199410.0,171696984.0
2015-04-01,3.99,4.02,3.96,4.01,48632111.0,193945250.0
2015-04-02,4.03,4.21,4.01,4.19,104247077.0,432857369.0
2015-04-08,4.2,4.38,4.12,4.2,119472423.0,508109059.0
2015-04-09,4.4,4.5,4.25,4.37,109977960.0,479711338.0
2015-04-10,4.45,4.48,4.33,4.39,82044871.0,360772023.0
2015-04-13,4.43,4.54,4.41,4.5,77377435.0,348251562.0
2015-04-14,4.5,4.72,4.4,4.67,104078636.0,480473285.0
2015-04-15,4.67,4.71,4.46,4.51,58146050.0,266114656.0
2015-04-16,4.56,4.58,4.46,4.53,47726280.0,216509187.0
2015-04-17,4.58,4.63,4.53,4.56,31763785.0,145698663.0
2015-04-20,4.5,4.5,4.3,4.41,59724569.0,263246841.0
2015-04-21,4.42,4.48,4.25,4.3,48579634.0,209162219.0
2015-04-22,4.3,4.33,4.21,4.21,51558234.0,220081206.0
2015-04-23,4.23,4.5,4.23,4.38,66705225.0,293443283.0
2015-04-24,4.44,4.55,4.29,4.44,37939083.0,167351038.0
2015-04-27,4.46,4.49,4.38,4.44,33633400.0,148583824.0
2015-04-28,4.4,4.47,4.33,4.38,32017606.0,140640291.0
2015-04-29,4.38,4.42,4.35,4.41,22462148.0,98602324.0
2015-04-30,4.43,4.43,4.32,4.38,42910064.0,186858119.0
2015-05-04,4.35,4.42,4.31,4.41,32591577.0,141745530.0
2015-05-05,4.37,4.42,4.3,4.4,45447322.0,197892980.0
2015-05-06,4.35,4.47,4.33,4.39,39732801.0,175036312.0
2015-05-07,4.32,4.36,4.17,4.2,55425000.0,235846195.0
2015-05-08,4.25,4.29,4.06,4.1,66252484.0,275162309.0
2015-05-11,4.15,4.17,4.04,4.05,59580931.0,242989977.0
2015-05-12,4.09,4.24,4.08,4.17,49843813.0,208622922.0
2015-05-13,4.21,4.21,4.08,4.12,29715164.0,122435132.0
2015-05-14,4.14,4.15,4.05,4.06,29327254.0,119636234.0
2015-05-15,4.08,4.12,4.0,4.02,33397000.0,135172890.0
2015-05-18,4.05,4.11,4.02,4.1,32590700.0,132370022.0
2015-05-19,4.12,4.29,4.1,4.26,49350080.0,208806588.0
2015-05-20,4.32,4.32,4.08,4.19,32481758.0,136377927.0
2015-05-21,4.22,4.26,4.16,4.21,27565017.0,116412296.0
2015-05-22,4.18,4.21,4.12,4.15,19479052.0,81019186.0
2015-05-26,4.15,4.25,4.12,4.14,35963854.0,149654307.0
2015-05-27,4.12,4.18,4.04,4.1,23501851.0,96221918.0
2015-05-28,4.12,4.12,4.01,4.01,31508080.0,127353636.0
2015-05-29,4.01,4.1,4.0,4.02,54003065.0,217346908.0
2015-06-01,4.02,4.16,4.0,4.13,24986668.0,102061337.0
2015-06-02,4.11,4.14,3.98,4.02,35365600.0,142721356.0
2015-06-03,4.0,4.02,3.85,3.86,64568406.0,252906924.0
2015-06-04,3.86,3.92,3.74,3.77,53300208.0,202862540.0
2015-06-05,3.76,3.95,3.76,3.9,40652280.0,156844912.0
2015-06-08,3.91,3.92,3.7,3.7,46109000.0,173823940.0
2015-06-09,3.73,3.73,3.59,3.69,48303421.0,175722119.0
2015-06-10,3.7,3.85,3.63,3.75,30382745.0,115334911.0
2015-06-11,3.82,3.82,3.69,3.7,29226286.0,109402339.0
2015-06-12,3.77,3.89,3.7,3.88,26113560.0,100059183.0
2015-06-15,3.84,3.94,3.8,3.8,25855000.0,99723045.0
2015-06-16,3.8,3.9,3.8,3.82,26635000.0,102174850.0
2015-06-17,3.88,3.88,3.76,3.81,26355936.0,100751519.0
2015-06-18,3.85,3.85,3.66,3.7,56077400.0,208419712.0
2015-06-19,3.73,3.81,3.71,3.74,73041544.0,275805359.0
2015-06-22,3.75,3.88,3.69,3.87,17078752.0,65287766.0
2015-06-23,3.94,4.19,3.91,4.08,93575056.0,383063519.0
2015-06-24,4.08,4.2,4.08,4.17,53968723.0,223681531.0
2015-06-25,4.2,4.36,4.15,4.23,93247108.0,400946615.0
2015-06-26,4.29,4.29,4.11,4.12,41019442.0,172066535.0
2015-06-29,4.08,4.18,3.8,3.88,49316992.0,193478063.0
2015-06-30,3.85,4.16,3.85,4.14,52947857.0,213897443.0
2015-07-02,4.1,4.14,3.91,3.96,33819380.0,134762764.0
2015-07-03,3.92,3.98,3.77,3.9,49395000.0,190565200.0
2015-07-06,3.9,3.95,3.44,3.65,114847000.0,412738905.0
2015-07-07,3.61,3.62,3.36,3.44,101961428.0,352034827.0
2015-07-08,3.36,3.36,3.0,3.25,101904533.0,326858717.0
2015-07-09,3.25,3.61,3.2,3.5,91328389.0,315523982.0
2015-07-10,3.6,3.81,3.56,3.58,50821282.0,187482818.0
2015-07-13,3.63,3.75,3.53,3.71,51748465.0,189058954.0
2015-07-14,3.78,3.78,3.63,3.64,20660636.0,76605685.0
2015-07-15,3.62,3.64,3.44,3.48,31857477.0,111989848.0
2015-07-16,3.48,3.48,3.33,3.4,26584500.0,90626100.0
2015-07-17,3.44,3.5,3.39,3.44,39871481.0,137852525.0
2015-07-20,3.51,3.54,3.45,3.53,23691094.0,82975390.0
2015-07-21,3.53,3.6,3.48,3.52,16989449.0,60177334.0
2015-07-22,3.53,3.56,3.43,3.44,16519784.0,57260835.0
2015-07-23,3.47,3.5,3.39,3.44,31370100.0,108235193.0
2015-07-24,3.46,3.47,3.4,3.42,15310400.0,52425573.0
2015-07-27,3.35,3.38,3.16,3.19,46035909.0,149216508.0
2015-07-28,3.15,3.4,3.12,3.23,44483106.0,144010043.0
2015-07-29,3.23,3.3,3.23,3.25,19988995.0,65199674.0
2015-07-30,3.25,3.32,3.19,3.25,35950000.0,116364550.0
2015-07-31,3.21,3.27,3.18,3.26,46074714.0,149332232.0
2015-08-03,3.24,3.26,3.15,3.16,41059798.0,131515791.0
2015-08-04,3.2,3.22,3.1,3.15,36436736.0,115187394.0
2015-08-05,3.16,3.24,3.16,3.21,19813794.0,63501039.0
2015-08-06,3.2,3.25,3.14,3.18,24537387.0,78117518.0
2015-08-07,3.18,3.24,3.16,3.21,16778794.0,53815700.0
2015-08-10,3.15,3.21,3.13,3.19,18349999.0,58406072.0
2015-08-11,3.25,3.32,3.17,3.21,30738164.0,99730963.0
2015-08-12,3.17,3.2,3.1,3.12,26038156.0,81550328.0
2015-08-13,3.11,3.18,3.08,3.11,9694113.0,30211068.0
2015-08-14,3.14,3.25,3.12,3.25,30267368.0,97550461.0
2015-08-17,3.26,3.26,3.13,3.15,23004186.0,72967302.0
2015-08-18,3.14,3.21,3.13,3.16,19726207.0,62656933.0
2015-08-19,3.16,3.2,2.95,3.0,61518058.0,189014050.0
2015-08-20,2.85,3.01,2.8,2.9,87677500.0,255364925.0
2015-08-21,2.9,2.9,2.76,2.85,81307003.0,228512998.0
2015-08-24,2.63,2.72,2.5,2.51,89315251.0,230727857.0
2015-08-25,2.4,2.76,2.4,2.63,91408581.0,239928585.0
2015-08-26,2.65,2.76,2.6,2.69,63403976.0,171183233.0
2015-08-27,2.8,2.87,2.75,2.84,51117386.0,142955802.0
2015-08-28,2.96,3.3,2.86,3.29,128903400.0,399983877.0
2015-08-31,3.25,3.25,2.92,3.0,104857436.0,318699659.0
2015-09-01,2.98,3.0,2.78,2.79,65451592.0,187140926.0
2015-09-02,2.78,2.91,2.71,2.81,65308602.0,183914538.0
2015-09-04,2.84,2.89,2.75,2.79,20784791.0,58417385.0
2015-09-07,2.8,2.88,2.76,2.83,24180000.0,68585380.0
2015-09-08,2.87,3.2,2.85,3.11,104957630.0,323935718.0
2015-09-09,3.17,3.32,3.16,3.29,92916174.0,300636428.0
2015-09-10,3.21,3.29,3.15,3.23,67767017.0,219034351.0
2015-09-11,3.27,3.35,3.19,3.2,29159923.0,95522730.0
2015-09-14,3.28,3.3,3.19,3.24,28892700.0,93580626.0
2015-09-15,3.3,3.37,3.2,3.31,41323096.0,137497221.0
2015-09-16,3.36,3.52,3.33,3.44,72154914.0,250553288.0
2015-09-17,3.45,3.56,3.39,3.52,59449505.0,207730573.0
2015-09-18,3.55,3.63,3.52,3.62,42445335.0,152312799.0
2015-09-21,3.58,3.62,3.39,3.41,50000360.0,173202281.0
2015-09-22,3.43,3.48,3.4,3.42,33465000.0,115223600.0
2015-09-23,3.36,3.37,3.18,3.24,65099000.0,211071255.0
2015-09-24,3.24,3.33,3.21,3.29,30465562.0,99833502.0
2015-09-25,3.2,3.3,3.18,3.24,32457453.0,105453096.0
2015-09-29,3.16,3.23,3.12,3.17,30402265.0,96581330.0
2015-09-30,3.5,3.78,3.5,3.69,377577005.0,1386110425.0
2015-10-02,3.94,3.94,3.8,3.86,168882105.0,652368648.0
2015-10-05,3.91,3.93,3.69,3.71,74943285.0,284239914.0
2015-10-06,3.79,4.0,3.76,3.88,137418499.0,538226419.0
2015-10-07,3.92,4.0,3.88,3.96,103579371.0,410751421.0
2015-10-08,4.05,4.05,3.84,3.9,115859295.0,455494998.0
2015-10-09,3.95,4.0,3.93,3.96,46554836.0,184101415.0
2015-10-12,4.0,4.02,3.84,3.9,64676906.0,253640353.0
2015-10-13,3.93,3.94,3.85,3.92,69488258.0,270956410.0
2015-10-14,3.88,3.94,3.71,3.72,75916790.0,288390817.0
2015-10-15,3.75,3.93,3.74,3.92,75736032.0,292348275.0
2015-10-16,3.98,3.98,3.76,3.8,62550896.0,239409168.0
2015-10-19,3.82,3.91,3.81,3.89,43270756.0,166982524.0
2015-10-20,3.89,3.94,3.82,3.83,59068624.0,229806752.0
2015-10-22,3.89,3.92,3.85,3.9,60893200.0,236974338.0
2015-10-23,3.97,4.14,3.92,4.07,122567107.0,494963104.0
2015-10-26,4.14,4.14,4.03,4.09,47837186.0,194931163.0
2015-10-27,4.11,4.2,4.04,4.09,63803992.0,262415522.0
2015-10-28,4.1,4.16,4.05,4.1,46249544.0,189372068.0
2015-10-29,4.12,4.23,4.07,4.17,68929009.0,287170382.0
2015-10-30,4.2,4.23,4.12,4.17,56695527.0,237486123.0
2015-11-02,4.19,4.22,4.08,4.09,42178900.0,175047376.0
2015-11-03,4.16,4.2,4.12,4.14,33533358.0,139334909.0
2015-11-04,4.19,4.33,4.17,4.25,83809104.0,357109228.0
2015-11-05,4.2,4.24,4.08,4.1,43440586.0,179829925.0
2015-11-06,4.09,4.12,3.93,4.0,89937212.0,358546545.0
2015-11-09,4.0,4.01,3.88,3.89,76864184.0,300303041.0
2015-11-10,3.88,3.94,3.86,3.86,42233000.0,164428005.0
2015-11-11,3.84,3.94,3.83,3.92,38309781.0,149413571.0
2015-11-12,3.95,4.01,3.93,3.99,61928181.0,245950393.0
2015-11-13,3.93,3.99,3.87,3.93,36702660.0,144115490.0
2015-11-16,3.86,3.94,3.81,3.85,52550000.0,203770850.0
2015-11-17,3.92,4.01,3.89,4.0,59036072.0,233717362.0
2015-11-18,4.09,4.09,3.96,3.97,28124757.0,112769400.0
2015-11-19,4.1,4.31,4.1,4.17,111900137.0,470570233.0
2015-11-20,4.15,4.23,4.14,4.2,43834500.0,183668101.0
2015-11-23,4.19,4.42,4.18,4.3,77002031.0,332584910.0
2015-11-24,4.28,4.34,4.2,4.2,34059064.0,144934877.0
2015-11-25,4.19,4.25,4.14,4.2,25501414.0,106799109.0
2015-11-26,4.2,4.24,4.09,4.17,31364194.0,130102124.0
2015-11-27,4.18,4.18,4.02,4.04,43779853.0,177790014.0
2015-11-30,4.02,4.17,4.02,4.07,58178482.0,238810137.0
2015-12-01,4.14,4.14,4.04,4.09,33392481.0,136146413.0
2015-12-02,4.09,4.22,4.05,4.19,31861122.0,132875365.0
2015-12-03,4.19,4.19,4.08,4.14,31547762.0,129672033.0
2015-12-04,4.08,4.18,4.03,4.18,21964000.0,90994780.0
2015-12-07,4.21,4.26,4.14,4.18,27199379.0,114122482.0
2015-12-08,4.16,4.18,4.09,4.11,45581518.0,187540922.0
2015-12-09,4.07,4.48,4.07,4.36,130455410.0,563928801.0
2015-12-10,4.33,4.47,4.26,4.27,102019096.0,447013587.0
2015-12-11,4.3,4.35,4.18,4.23,54957311.0,233227677.0
2015-12-14,4.11,4.38,4.1,4.38,53237690.0,228696137.0
2015-12-15,4.45,4.47,4.35,4.37,41176500.0,181515495.0
2015-12-16,4.4,4.44,4.35,4.4,46084576.0,202401932.0
2015-12-17,4.43,4.5,4.4,4.46,58759414.0,261877132.0
2015-12-18,4.41,4.41,4.28,4.3,47481078.0,206169460.0
2015-12-21,4.26,4.28,4.22,4.24,47818897.0,203793448.0
2015-12-22,4.24,4.25,4.17,4.18,28701595.0,119993177.0
2015-12-23,4.18,4.28,4.18,4.22,22985348.0,97093910.0
2015-12-24,4.26,4.28,4.22,4.25,7815993.0,33210901.0
2015-12-28,4.25,4.25,4.19,4.23,14600000.0,61520750.0
2015-12-29,4.22,4.24,4.18,4.19,13855100.0,58161278.0
2015-12-30,4.2,4.24,4.19,4.2,16952721.0,71230848.0
2015-12-31,4.19,4.2,4.11,4.13,18287091.0,75754168.0
2016-01-04,4.16,4.17,3.9,3.99,62855000.0,250504880.0
2016-01-05,3.95,3.95,3.73,3.82,171727605.0,653972288.0
2016-01-06,3.78,3.81,3.63,3.69,167706909.0,620215087.0
2016-01-07,3.62,3.62,3.36,3.47,237439003.0,831209102.0
2016-01-08,3.52,3.59,3.46,3.51,82765379.0,290713721.0
2016-01-11,3.4,3.41,3.31,3.34,56336367.0,189593343.0
2016-01-12,3.38,3.44,3.32,3.33,69192510.0,232412350.0
2016-01-13,3.42,3.58,3.42,3.52,81515991.0,286571392.0
2016-01-14,3.45,3.58,3.4,3.54,63629107.0,222967372.0
2016-01-15,3.55,3.57,3.4,3.41,45815340.0,158340693.0
2016-01-18,3.31,3.43,3.3,3.41,55464425.0,187087159.0
2016-01-19,3.43,3.59,3.41,3.58,46360663.0,162131680.0
2016-01-20,3.5,3.55,3.35,3.51,103425365.0,357611839.0
2016-01-21,3.5,3.55,3.3,3.32,96848253.0,327268464.0
2016-01-22,3.4,3.44,3.28,3.4,44175000.0,148610521.0
2016-01-25,3.44,3.46,3.3,3.38,45465000.0,153034275.0
2016-01-26,3.31,3.35,3.21,3.25,40993693.0,134100030.0
2016-01-27,3.32,3.34,3.22,3.27,49736614.0,162928926.0
2016-01-28,3.3,3.34,3.24,3.33,40594030.0,134189471.0
2016-01-29,3.32,3.35,3.21,3.3,88130190.0,287729389.0
2016-02-01,3.28,3.35,3.0,3.05,115581692.0,359822824.0
2016-02-02,3.02,3.15,2.96,3.06,75909622.0,234779658.0
2016-02-03,2.99,3.01,2.91,2.91,68137443.0,200930732.0
2016-02-04,2.96,3.01,2.93,2.97,44515297.0,132299503.0
2016-02-05,3.0,3.01,2.97,3.0,34528867.0,103237227.0
2016-02-11,2.91,2.92,2.81,2.88,57566495.0,165337953.0
2016-02-12,2.86,2.88,2.76,2.79,45510000.0,127506280.0
2016-02-15,2.85,2.97,2.83,2.93,73415000.0,213845725.0
2016-02-16,2.95,3.07,2.91,3.01,60574160.0,182963821.0
2016-02-17,3.06,3.08,2.97,3.01,60674610.0,183136597.0
2016-02-18,3.05,3.09,3.02,3.04,50620477.0,154425948.0
2016-02-19,3.05,3.15,3.03,3.12,68691417.0,212273649.0
2016-02-22,3.16,3.16,3.09,3.13,34714844.0,108983484.0
2016-02-23,3.15,3.15,3.03,3.06,50650000.0,155780400.0
2016-02-24,3.06,3.06,2.9,2.93,51088000.0,150761665.0
2016-02-25,2.94,2.96,2.84,2.85,41506732.0,119369468.0
2016-02-26,2.9,2.95,2.89,2.93,29978313.0,87582632.0
2016-02-29,2.97,2.97,2.88,2.88,24706894.0,71679386.0
2016-03-01,2.89,2.97,2.88,2.97,56623700.0,164949318.0
2016-03-02,3.02,3.11,3.02,3.08,70623872.0,217498730.0
2016-03-03,3.08,3.13,3.04,3.07,40751494.0,125121948.0
2016-03-04,3.07,3.4,3.07,3.38,140478509.0,459774924.0
2016-03-07,3.45,3.53,3.35,3.4,121091913.0,418604916.0
2016-03-08,3.38,3.38,3.23,3.35,63401011.0,209605926.0
2016-03-09,3.3,3.3,3.17,3.27,56117218.0,181360755.0
2016-03-10,3.29,3.3,3.19,3.19,31258340.0,101027228.0
2016-03-11,3.18,3.35,3.15,3.35,56133459.0,184169015.0
2016-03-14,3.39,3.48,3.36,3.42,76719633.0,263448459.0
2016-03-15,3.39,3.42,3.28,3.3,47085000.0,156347130.0
2016-03-16,3.33,3.34,3.22,3.27,31925000.0,104092005.0
2016-03-17,3.31,3.44,3.28,3.43,55336380.0,186246700.0
2016-03-18,3.44,3.48,3.38,3.42,44235126.0,151253004.0
2016-03-21,3.45,3.47,3.4,3.44,27835000.0,95564200.0
2016-03-22,3.46,3.46,3.34,3.4,52676839.0,178002516.0
2016-03-23,3.48,3.78,3.46,3.76,218193843.0,796588671.0
2016-03-24,3.73,3.82,3.66,3.7,86652042.0,323740511.0
2016-03-29,3.75,3.94,3.75,3.86,109947839.0,422748076.0
2016-03-30,3.92,3.93,3.79,3.83,38708151.0,148229751.0
2016-03-31,3.83,3.86,3.76,3.84,40245642.0,153806882.0
2016-04-01,3.81,3.83,3.68,3.72,41710914.0,155711849.0
2016-04-05,3.72,3.8,3.67,3.72,47627529.0,178809411.0
2016-04-06,3.72,3.88,3.72,3.87,53694216.0,204965452.0
2016-04-07,3.92,3.92,3.75,3.76,37728536.0,143776587.0
2016-04-08,3.76,3.9,3.74,3.9,56846500.0,218047789.0
2016-04-11,3.9,3.99,3.86,3.92,54859598.0,215047184.0
2016-04-12,3.94,3.94,3.85,3.91,24886720.0,97142368.0
2016-04-13,3.98,3.98,3.88,3.92,55720514.0,219332405.0
2016-04-14,3.97,3.98,3.89,3.92,36669249.0,144176589.0
2016-04-15,3.88,3.92,3.8,3.88,33102123.0,127470094.0
2016-04-18,3.86,3.9,3.81,3.87,29808950.0,114853887.0
2016-04-19,3.93,4.12,3.91,4.11,97783753.0,395569762.0
2016-04-20,4.11,4.16,3.97,4.07,56654885.0,229174296.0
2016-04-21,4.1,4.17,4.03,4.04,38864636.0,159400697.0
2016-04-22,4.0,4.17,3.99,4.06,66616208.0,271411444.0
2016-04-25,4.06,4.07,3.98,4.0,25557851.0,102723028.0
2016-04-26,4.02,4.09,3.93,4.09,47377995.0,190585317.0
2016-04-27,4.03,4.07,3.99,4.0,18345485.0,73744149.0
2016-04-28,4.05,4.08,3.92,3.93,34588182.0,138182656.0
2016-04-29,3.9,3.93,3.86,3.87,44629575.0,174141148.0
2016-05-03,3.85,3.87,3.75,3.76,67934560.0,259165758.0
2016-05-04,3.75,3.84,3.73,3.83,51720060.0,196131113.0
2016-05-05,3.8,3.89,3.73,3.75,73262925.0,277996296.0
2016-05-06,3.77,3.8,3.66,3.66,63658283.0,237791969.0
2016-05-09,3.69,3.75,3.62,3.65,43225552.0,159042775.0
2016-05-10,3.63,3.68,3.61,3.66,43499734.0,158682044.0
2016-05-11,3.7,3.74,3.63,3.72,61814105.0,227781697.0
2016-05-12,3.69,3.75,3.67,3.68,19871317.0,73502340.0
2016-05-13,3.66,3.7,3.59,3.65,23608085.0,86338201.0
2016-05-16,3.65,3.71,3.62,3.67,22812974.0,83675927.0
2016-05-17,3.68,3.8,3.67,3.79,32006663.0,120130808.0
2016-05-18,3.8,3.87,3.8,3.86,65966033.0,253567339.0
2016-05-19,3.89,3.95,3.87,3.89,36768000.0,143683870.0
2016-05-20,3.91,3.92,3.82,3.83,22555615.0,87186841.0
2016-05-23,3.86,3.92,3.83,3.84,18998086.0,73415532.0
2016-05-24,3.83,3.87,3.79,3.8,17175265.0,65456618.0
2016-05-25,3.85,3.89,3.84,3.87,55405119.0,213508957.0
2016-05-26,3.91,3.94,3.86,3.92,34016549.0,132927560.0
2016-05-27,3.92,4.02,3.89,4.01,31203271.0,124229715.0
2016-05-30,4.05,4.21,4.02,4.05,66032221.0,270002945.0
2016-05-31,4.05,4.14,4.04,4.11,59697005.0,245577451.0
2016-06-01,4.1,4.15,4.08,4.12,31359532.0,129251289.0
2016-06-02,4.13,4.15,4.08,4.12,19806206.0,81524221.0
2016-06-03,4.11,4.13,4.06,4.07,31220304.0,127555145.0
2016-06-06,4.06,4.19,4.05,4.18,47579033.0,197179274.0
2016-06-07,4.2,4.35,4.19,4.34,94498901.0,406758326.0
2016-06-08,4.31,4.31,4.23,4.24,43022225.0,183494723.0
2016-06-10,4.24,4.25,4.15,4.16,26758752.0,112313191.0
2016-06-13,4.08,4.22,4.0,4.17,48445504.0,200469613.0
2016-06-14,4.13,4.23,4.11,4.18,27776299.0,116734563.0
2016-06-15,4.14,4.26,4.14,4.24,28584957.0,120889149.0
2016-06-16,4.22,4.24,4.11,4.16,31529336.0,131395528.0
2016-06-17,4.18,4.22,4.13,4.21,29407607.0,122958897.0
2016-06-20,4.22,4.22,4.12,4.19,48862211.0,204145353.0
2016-06-21,4.18,4.25,4.15,4.16,24724489.0,103520491.0
2016-06-22,4.16,4.22,4.15,4.21,25274451.0,105840735.0
2016-06-23,4.25,4.29,4.2,4.22,33750002.0,142992171.0
2016-06-24,4.16,4.23,3.93,4.1,62539075.0,254713364.0
2016-06-27,4.09,4.22,4.07,4.2,42159541.0,175773125.0
2016-06-28,4.09,4.2,4.09,4.17,27025605.0,111872714.0
2016-06-29,4.14,4.21,4.14,4.17,39559000.0,165464230.0
2016-06-30,4.2,4.22,4.17,4.19,75350040.0,316181574.0
2016-07-04,4.24,4.34,4.19,4.29,133615793.0,569742437.0
2016-07-05,4.3,4.31,4.26,4.27,31744979.0,135913038.0
2016-07-06,4.22,4.35,4.2,4.3,66140000.0,283818350.0
2016-07-07,4.45,4.53,4.4,4.44,116387888.0,519712553.0
2016-07-08,4.47,4.51,4.39,4.41,60277392.0,268589331.0
2016-07-11,4.46,4.48,4.38,4.42,39237164.0,173699575.0
2016-07-12,4.45,4.57,4.4,4.56,84703029.0,382622119.0
2016-07-13,4.58,4.58,4.47,4.5,54849612.0,247534857.0
2016-07-14,4.54,4.55,4.47,4.53,24913576.0,112532373.0
2016-07-15,4.5,4.68,4.5,4.64,79664241.0,367907808.0
2016-07-18,4.66,4.8,4.66,4.79,73872308.0,350336313.0
2016-07-19,4.79,4.85,4.73,4.83,52781915.0,253415304.0
2016-07-20,4.77,4.93,4.77,4.91,63065145.0,306345917.0
2016-07-21,4.93,4.94,4.83,4.85,53627835.0,262446591.0
2016-07-22,4.81,4.88,4.76,4.83,33028692.0,159397708.0
2016-07-25,4.86,4.9,4.82,4.9,42598944.0,207874597.0
2016-07-26,4.85,5.19,4.85,5.19,117862515.0,600328853.0
2016-07-27,5.16,5.16,4.96,5.05,92155188.0,465271530.0
2016-07-28,5.02,5.31,5.02,5.31,88249395.0,457550628.0
2016-07-29,5.28,5.42,5.08,5.1,78816853.0,411185823.0
2016-08-01,5.16,5.34,5.15,5.31,58897500.0,308550757.0
2016-08-03,5.29,5.4,5.22,5.4,76094088.0,406596809.0
2016-08-04,5.6,5.69,5.4,5.48,69421306.0,385212899.0
2016-08-05,5.5,5.57,5.42,5.49,34405596.0,189614839.0
2016-08-08,5.53,5.69,5.53,5.69,46952828.0,263832034.0
2016-08-09,5.7,5.73,5.61,5.69,46116867.0,262084688.0
2016-08-10,5.64,5.67,5.44,5.44,82980338.0,459394232.0
2016-08-11,5.43,5.5,5.41,5.42,65651132.0,357445568.0
2016-08-12,5.48,5.67,5.45,5.59,80090799.0,445140193.0
2016-08-15,5.62,5.82,5.6,5.75,60475728.0,348037311.0
2016-08-16,5.72,5.88,5.65,5.75,47921273.0,275847843.0
2016-08-17,5.78,5.88,5.76,5.84,51505683.0,300641612.0
2016-08-18,5.88,5.93,5.33,5.55,253874013.0,1421105335.0
2016-08-19,5.6,5.87,5.55,5.81,112102705.0,641839879.0
2016-08-22,5.84,5.94,5.67,5.76,114605937.0,669933475.0
2016-08-23,5.77,5.82,5.71,5.82,59691250.0,344766978.0
2016-08-24,5.75,5.84,5.7,5.75,48786319.0,280590578.0
2016-08-25,5.77,5.94,5.75,5.86,69256824.0,406566896.0
2016-08-26,5.87,6.17,5.87,6.07,87243000.0,528769565.0
2016-08-29,6.11,6.25,6.09,6.25,52901800.0,325972513.0
2016-08-30,6.25,6.37,6.19,6.37,64475560.0,405422411.0
2016-08-31,6.3,6.37,6.2,6.22,74536514.0,468634898.0
2016-09-01,6.2,6.48,6.18,6.39,55082866.0,351466488.0
2016-09-02,6.43,6.55,6.35,6.53,51981149.0,338070953.0
2016-09-05,6.65,6.86,6.64,6.69,79480842.0,535867344.0
2016-09-06,6.63,7.02,6.63,6.95,98938327.0,678958923.0
2016-09-07,7.0,7.19,6.94,6.95,91311434.0,645442368.0
2016-09-08,6.95,7.03,6.8,6.94,76757312.0,532835853.0
2016-09-09,6.89,7.05,6.77,6.78,83335776.0,574943706.0
2016-09-12,6.6,6.75,6.51,6.65,98304581.0,650725096.0
2016-09-13,6.76,6.87,6.61,6.67,39525169.0,266205587.0
2016-09-14,6.65,6.79,6.55,6.69,33691565.0,225220217.0
2016-09-15,6.74,6.87,6.68,6.79,31670060.0,214907842.0
2016-09-19,6.84,7.05,6.79,6.97,68549214.0,476975618.0
2016-09-20,6.92,7.19,6.92,7.19,66810394.0,476282384.0
2016-09-21,7.25,7.29,7.08,7.13,79334709.0,568125831.0
2016-09-22,7.26,7.28,7.04,7.13,65182385.0,466303446.0
2016-09-23,7.07,7.12,6.91,7.02,53907363.0,378100795.0
2016-09-26,6.96,7.04,6.77,6.8,76059136.0,525457722.0
2016-09-27,6.77,7.12,6.71,7.05,68011755.0,475356616.0
2016-09-28,6.92,7.15,6.92,7.11,33823338.0,239689153.0
2016-09-29,7.18,7.23,7.01,7.09,32460275.0,230863997.0
2016-09-30,6.99,7.04,6.92,6.92,44022372.0,306862842.0
2016-10-03,7.0,7.1,6.99,7.08,24964025.0,176393827.0
2016-10-04,7.13,7.13,7.01,7.13,20716809.0,146554470.0
2016-10-05,7.15,7.2,7.07,7.17,20241755.0,144674824.0
2016-10-06,7.2,7.2,7.1,7.17,15636803.0,111660128.0
2016-10-07,7.12,7.17,7.06,7.17,22538410.0,160286481.0
2016-10-11,7.26,7.62,7.23,7.55,102747886.0,767813560.0
2016-10-12,7.48,7.7,7.48,7.7,64796332.0,491700333.0
2016-10-13,7.7,7.95,7.65,7.79,70645033.0,554502318.0
2016-10-14,7.81,7.88,7.7,7.74,34280725.0,266151076.0
2016-10-17,7.74,8.22,7.71,8.18,78916355.0,636188338.0
2016-10-18,8.18,8.2,8.01,8.09,57851944.0,467711109.0
2016-10-19,8.09,8.45,8.09,8.3,55659096.0,461833143.0
2016-10-20,8.37,8.48,8.13,8.44,72009606.0,599619851.0
2016-10-24,8.5,8.97,8.46,8.97,87733055.0,769750261.0
2016-10-25,9.08,9.2,8.73,9.09,96185440.0,866011618.0
2016-10-26,9.19,9.19,8.5,8.8,108759966.0,955533242.0
2016-10-27,8.8,8.8,8.25,8.32,126066993.0,1060666690.0
2016-10-28,8.2,8.64,8.06,8.22,122041798.0,1013002286.0
2016-10-31,8.17,8.22,7.92,8.0,93800577.0,755257419.0
2016-11-01,8.06,8.29,8.04,8.22,54634202.0,447489306.0
2016-11-02,8.15,8.3,8.12,8.18,43351319.0,356486836.0
2016-11-03,8.3,8.4,8.05,8.05,79824459.0,655485727.0
2016-11-04,7.93,8.03,7.61,7.62,107757104.0,833656531.0
2016-11-07,7.5,8.08,7.47,7.97,75568118.0,595908904.0
2016-11-08,8.12,8.17,7.78,7.92,40690678.0,323544376.0
2016-11-09,7.92,8.0,7.52,7.9,70500943.0,548343656.0
2016-11-10,8.06,8.35,8.0,8.15,58707243.0,483089690.0
2016-11-11,8.03,8.12,7.71,7.71,69644497.0,547022564.0
2016-11-14,7.65,7.77,7.56,7.6,49014106.0,375089924.0
2016-11-15,7.62,7.74,7.41,7.5,60515676.0,456111299.0
2016-11-16,7.57,7.6,7.21,7.22,109362852.0,800322538.0
2016-11-17,7.15,7.39,7.1,7.25,82564161.0,600403789.0
2016-11-18,7.31,7.8,7.25,7.74,86062824.0,652778546.0
2016-11-21,7.7,7.98,7.68,7.97,76884065.0,606026964.0
2016-11-22,8.05,8.1,7.82,7.86,50645000.0,400359195.0
2016-11-23,7.86,7.92,7.72,7.74,30408650.0,236863034.0
2016-11-24,7.7,8.11,7.7,8.11,52415739.0,418636873.0
2016-11-25,8.11,8.38,8.02,8.27,61002720.0,501238703.0
2016-11-28,8.25,8.38,8.04,8.05,58401923.0,474816681.0
2016-11-29,8.13,8.16,7.98,7.98,43310403.0,347915642.0
2016-11-30,7.95,8.12,7.93,8.02,44081282.0,354685388.0
2016-12-01,8.02,8.09,7.94,7.99,29686205.0,237706714.0
2016-12-02,7.95,7.97,7.6,7.65,117537647.0,902380597.0
2016-12-05,7.68,7.77,7.6,7.71,58953660.0,452825281.0
2016-12-06,7.84,7.96,7.77,7.96,77717431.0,610522654.0
2016-12-07,7.96,8.33,7.93,8.3,105156906.0,861074334.0
2016-12-08,8.4,8.48,8.2,8.48,105438975.0,882661527.0
2016-12-09,8.5,8.51,8.17,8.28,84297747.0,696200217.0
2016-12-12,8.2,8.21,7.72,7.8,96631993.0,757958182.0
2016-12-13,7.85,7.99,7.83,7.83,88351413.0,697899849.0
2016-12-14,7.92,7.94,7.4,7.48,95212643.0,724929917.0
2016-12-15,7.45,7.58,7.26,7.32,105710563.0,776879634.0
2016-12-16,7.35,7.62,7.26,7.26,88234662.0,653233850.0
2016-12-19,7.26,7.43,7.16,7.23,46236059.0,337015126.0
2016-12-20,7.25,7.38,7.25,7.36,31908508.0,233722066.0
2016-12-21,7.41,7.48,7.38,7.38,29045033.0,215844098.0
2016-12-22,7.41,7.45,7.24,7.27,36073379.0,263774046.0
2016-12-23,7.31,7.31,7.02,7.09,57056796.0,405945254.0
2016-12-28,7.12,7.38,7.03,7.38,39701815.0,286768225.0
2016-12-29,7.3,7.51,7.14,7.25,46193696.0,340497560.0
2016-12-30,7.28,7.41,7.28,7.41,21074800.0,155108278.0
2017-01-03,7.39,7.67,7.39,7.66,46629600.0,353294221.0
2017-01-04,7.69,7.72,7.58,7.67,55815100.0,427400288.0
2017-01-05,7.76,8.03,7.71,7.96,67856151.0,538842830.0
2017-01-06,8.08,8.09,7.67,7.68,57568195.0,451264485.0
2017-01-09,7.86,7.97,7.68,7.97,68282414.0,537015115.0
2017-01-10,8.0,8.27,7.88,8.27,79794980.0,649976156.0
2017-01-11,8.28,8.48,8.14,8.16,66047261.0,547451986.0
2017-01-12,8.11,8.25,8.06,8.12,33406666.0,271328563.0
2017-01-13,8.09,8.47,8.09,8.44,73538517.0,616358975.0
2017-01-16,8.41,8.41,8.18,8.2,43806182.0,360471084.0
2017-01-17,8.26,8.62,8.25,8.62,56730534.0,480843583.0
2017-01-18,8.65,8.97,8.64,8.87,83213800.0,737787056.0
2017-01-19,8.93,9.15,8.84,9.11,94248561.0,852379676.0
2017-01-20,9.07,9.48,9.04,9.15,118431396.0,1099373940.0
2017-01-23,9.2,9.44,9.15,9.18,60917390.0,565243565.0
2017-01-24,9.2,9.29,8.86,8.86,62192082.0,559221743.0
2017-01-25,8.87,9.22,8.87,9.2,31859005.0,291045324.0
2017-01-26,9.3,9.33,9.19,9.3,25078212.0,232347908.0
2017-01-27,9.3,9.32,9.18,9.23,11534199.0,106694929.0
2017-02-01,9.1,9.19,8.98,9.19,23471798.0,213532940.0
2017-02-02,9.1,9.15,8.95,8.99,38976721.0,350789308.0
2017-02-03,9.06,9.8,9.06,9.75,100425377.0,951889838.0
2017-02-06,9.88,10.26,9.72,10.26,98421859.0,982900131.0
2017-02-07,10.18,10.2,9.86,9.89,86446605.0,864300965.0
2017-02-08,10.02,10.2,9.92,10.2,54123633.0,546723503.0
2017-02-09,10.32,10.68,9.98,10.0,84733197.0,871472501.0
2017-02-10,10.1,10.22,9.99,10.08,32435718.0,328053049.0
2017-02-13,10.5,10.84,10.32,10.78,120723254.0,1280226182.0
2017-02-14,10.7,11.24,10.7,10.98,105578750.0,1155864354.0
2017-02-15,11.16,11.24,10.88,11.08,89442069.0,985942555.0
2017-02-16,11.12,11.12,10.62,10.84,107977045.0,1169021766.0
2017-02-17,10.82,10.86,10.48,10.72,63520852.0,676020534.0
2017-02-20,11.0,11.14,10.76,11.14,57524804.0,631599689.0
2017-02-21,11.16,11.4,11.06,11.18,40615454.0,454899840.0
2017-02-22,11.28,11.38,11.0,11.06,50791802.0,566237973.0
2017-02-23,11.18,11.24,10.9,11.04,48318642.0,531935145.0
2017-02-24,10.88,10.9,10.52,10.64,74610007.0,794667818.0
2017-02-27,10.64,10.78,10.52,10.58,48823951.0,519038837.0
2017-02-28,10.52,10.88,10.52,10.56,49892166.0,533006436.0
2017-03-01,10.66,10.8,10.44,10.8,47268103.0,500112522.0
2017-03-02,11.0,11.02,10.66,10.68,61536876.0,663199245.0
2017-03-03,10.7,10.94,10.5,10.7,229883433.0,2460616454.0
2017-03-06,10.72,10.92,10.42,10.64,75038217.0,795453261.0
2017-03-07,10.74,10.78,10.6,10.7,60111422.0,642271558.0
2017-03-08,10.76,11.56,10.66,11.56,128211394.0,1440988282.0
2017-03-09,11.5,11.5,11.14,11.22,60410917.0,679498994.0
2017-03-10,11.28,12.04,11.18,11.92,83375306.0,975774815.0
2017-03-13,12.04,12.46,11.74,12.44,90563611.0,1105178525.0
2017-03-14,12.62,12.62,12.04,12.24,71544243.0,877159907.0
2017-03-15,12.26,12.46,12.06,12.26,34207785.0,420462943.0
2017-03-16,12.36,12.56,12.22,12.5,46940080.0,580885632.0
2017-03-17,12.46,12.46,11.08,11.24,241178953.0,2786104415.0
2017-03-20,11.08,11.46,10.52,11.14,152297870.0,1687667703.0
2017-03-21,11.1,11.34,10.84,11.32,68157606.0,755406839.0
2017-03-22,11.1,11.98,11.02,11.98,104933349.0,1208241781.0
2017-03-23,12.02,12.04,11.5,11.86,95925339.0,1129235165.0
2017-03-24,11.94,12.4,11.84,12.28,87199317.0,1062880342.0
2017-03-27,12.18,12.58,12.02,12.06,57503296.0,703255238.0
2017-03-28,12.26,12.46,11.88,12.46,59875736.0,734223292.0
2017-03-29,12.48,12.5,12.1,12.16,55615725.0,682234621.0
2017-03-30,12.22,12.26,11.94,12.08,38479650.0,463807483.0
2017-03-31,11.98,12.16,11.84,11.9,34803516.0,415232457.0
2017-04-03,12.14,12.26,11.96,12.1,34739446.0,420126793.0
2017-04-05,12.24,12.28,11.56,11.9,69564962.0,822067037.0
2017-04-06,11.8,11.88,11.42,11.42,60554279.0,698220459.0
2017-04-07,11.48,11.5,10.88,11.04,111175231.0,1229085667.0
2017-04-10,10.8,10.9,10.44,10.5,133082096.0,1411788664.0
2017-04-11,10.52,10.68,10.08,10.34,142533331.0,1476089310.0
2017-04-12,10.34,10.78,10.28,10.72,82328077.0,865233738.0
2017-04-13,10.64,10.92,10.52,10.62,76498008.0,818449592.0
2017-04-18,10.76,10.86,10.52,10.6,66596051.0,711288754.0
2017-04-19,10.64,11.28,10.64,11.28,108895334.0,1204063957.0
2017-04-20,11.4,11.86,11.4,11.64,107806214.0,1250163104.0
2017-04-21,11.76,11.8,11.3,11.56,49978837.0,575386663.0
2017-04-24,11.66,11.76,11.18,11.42,50002789.0,567101935.0
2017-04-25,11.48,11.48,11.26,11.44,41254326.0,468860642.0
2017-04-26,11.38,11.52,10.8,10.82,101936164.0,1129185665.0
2017-04-27,10.7,10.88,10.54,10.66,85449728.0,910724380.0
2017-04-28,10.6,10.86,10.46,10.5,98876864.0,1049605563.0
2017-05-02,10.7,11.0,10.56,10.74,92554129.0,991951288.0
2017-05-04,10.78,10.78,10.16,10.22,158117229.0,1637709411.0
2017-05-05,10.16,10.46,10.16,10.26,93427083.0,961252164.0
2017-05-08,10.6,10.72,10.32,10.72,132940253.0,1405019807.0
2017-05-09,10.94,10.98,10.58,10.96,90259519.0,975752989.0
2017-05-10,10.96,10.98,10.76,10.94,63344482.0,690231796.0
2017-05-11,11.0,11.4,10.9,11.34,95267318.0,1066463689.0
2017-05-12,11.4,11.48,10.98,11.12,75045620.0,840509753.0
2017-05-15,11.26,11.28,10.82,11.1,64646524.0,710274680.0
2017-05-16,11.18,11.26,10.9,11.08,42475789.0,472904135.0
2017-05-17,11.08,11.24,10.96,11.16,36021461.0,400672136.0
2017-05-18,10.96,11.16,10.9,11.12,71378444.0,791380147.0
2017-05-19,11.1,11.34,10.9,11.2,64019171.0,707951301.0
2017-05-22,11.28,11.68,11.22,11.6,70712518.0,817177904.0
2017-05-23,11.52,11.94,11.5,11.66,62623165.0,736105178.0
2017-05-24,11.8,11.8,11.5,11.66,36532406.0,425959459.0
2017-05-25,11.84,11.86,11.42,11.7,50288788.0,584017153.0
2017-05-26,11.72,11.88,11.6,11.84,45239812.0,532320351.0
2017-05-29,11.84,12.04,11.72,12.0,43666598.0,522211941.0
2017-05-31,12.12,13.12,12.1,12.9,226207325.0,2891133214.0
2017-06-01,13.1,13.3,12.8,13.26,102291529.0,1335443683.0
2017-06-02,13.28,14.36,13.26,14.18,137679408.0,1919721382.0
2017-06-05,14.3,14.74,14.1,14.4,124781001.0,1788717184.0
2017-06-06,14.4,14.56,13.84,14.1,137938345.0,1956298251.0
2017-06-07,13.74,13.96,13.18,13.96,166088530.0,2261183984.0
2017-06-08,13.78,15.16,13.7,15.14,147345479.0,2165656663.0
2017-06-09,15.02,15.6,15.02,15.48,156665035.0,2407052508.0
2017-06-12,15.32,15.78,14.82,14.84,111475341.0,1684310203.0
2017-06-13,14.82,15.5,14.7,15.2,84094605.0,1266310252.0
2017-06-14,15.38,15.48,14.8,14.96,56422781.0,847119130.0
2017-06-15,14.84,14.86,14.36,14.48,72632298.0,1054509560.0
2017-06-16,14.44,14.72,13.94,14.14,75485294.0,1077459437.0
2017-06-19,14.3,14.78,14.28,14.66,54090856.0,787989909.0
2017-06-20,14.94,15.0,14.44,14.5,44244635.0,647461205.0
2017-06-21,14.52,14.9,14.32,14.82,59980724.0,884477262.0
2017-06-22,14.9,15.12,14.64,14.74,41836256.0,622220051.0
2017-06-23,14.86,14.94,14.54,14.84,33063695.0,488745909.0
2017-06-26,14.8,15.64,14.68,15.52,85121282.0,1290095608.0
2017-06-27,15.46,16.46,15.46,16.16,106726857.0,1723174148.0
2017-06-28,16.08,16.66,15.7,16.5,88982296.0,1452239520.0
2017-06-29,16.76,17.42,16.64,17.28,100759921.0,1728249649.0
2017-06-30,16.98,17.14,16.7,16.84,83255082.0,1407009843.0
2017-07-03,16.96,17.94,16.96,17.52,96051105.0,1688298181.0
2017-07-04,17.8,17.86,16.62,16.9,108166174.0,1848295258.0
2017-07-05,17.06,17.46,16.8,17.3,77717754.0,1335857821.0
2017-07-06,17.5,17.5,16.98,17.18,52585384.0,904136475.0
2017-07-07,17.64,17.64,17.16,17.38,75662300.0,1318750533.0
2017-07-10,17.38,17.48,17.12,17.24,42426895.0,732282994.0
2017-07-11,17.44,18.56,17.3,18.54,91752136.0,1653277410.0
2017-07-12,18.56,18.86,18.3,18.64,64947775.0,1207607385.0
2017-07-13,19.0,19.16,18.54,18.64,49446734.0,930182215.0
2017-07-14,18.78,18.8,18.32,18.56,29795293.0,552384179.0
2017-07-17,18.76,18.86,18.36,18.7,41920231.0,782491193.0
2017-07-18,18.8,18.88,18.0,18.16,61049646.0,1115633974.0
2017-07-19,18.2,18.72,18.16,18.52,37987470.0,703240695.0
2017-07-20,18.48,18.66,18.22,18.42,44186449.0,811861717.0
2017-07-21,18.24,18.34,17.5,17.58,108649292.0,1929054908.0
2017-07-24,17.5,18.74,17.1,18.62,101301432.0,1844558624.0
2017-07-25,18.6,18.88,18.34,18.4,40220375.0,745990796.0
2017-07-26,18.76,18.76,17.94,18.14,48723208.0,887749204.0
2017-07-27,18.16,18.44,17.98,18.3,47183876.0,857616103.0
2017-07-28,18.2,18.4,17.9,18.08,30439415.0,551393600.0
2017-07-31,18.0,18.28,17.92,18.06,35027717.0,634032340.0
2017-08-01,17.98,18.12,17.64,17.74,53327252.0,948107156.0
2017-08-02,17.6,18.42,17.58,18.18,52516004.0,954525911.0
2017-08-03,17.9,18.2,17.74,17.76,32722425.0,585548627.0
2017-08-04,17.72,18.68,17.7,18.52,67841272.0,1241076620.0
2017-08-07,18.5,18.66,18.14,18.54,36889827.0,678891329.0
2017-08-08,18.8,20.05,18.78,19.66,120212074.0,2351436022.0
2017-08-09,19.6,20.25,19.6,19.76,53575863.0,1063582347.0
2017-08-10,19.72,19.9,18.9,19.28,51823754.0,999687110.0
2017-08-11,18.68,19.04,18.32,18.42,76117302.0,1420221695.0
2017-08-14,18.52,19.38,18.3,19.2,58271104.0,1108001588.0
2017-08-15,19.6,19.82,19.0,19.0,47912919.0,928652619.0
2017-08-16,18.8,19.72,18.8,19.16,75129862.0,1445122416.0
2017-08-17,19.22,19.4,18.8,18.98,58231458.0,1111763089.0
2017-08-18,18.54,18.96,18.48,18.72,34619128.0,650117189.0
2017-08-21,18.64,18.98,18.48,18.5,38424010.0,715625405.0
2017-08-22,18.86,19.28,18.76,19.04,53442284.0,1018178286.0
2017-08-24,19.12,19.16,18.74,18.88,38367978.0,724151668.0
2017-08-25,18.78,19.18,18.76,18.92,30501092.0,579237891.0
2017-08-28,18.8,19.08,18.6,18.7,36336550.0,681709975.0
2017-08-29,18.62,18.94,18.52,18.6,26920178.0,502729431.0
2017-08-30,18.7,19.38,18.62,19.34,58592839.0,1117524258.0
2017-08-31,19.34,19.4,19.04,19.24,28882294.0,554644684.0
2017-09-01,19.32,19.58,19.12,19.36,30389890.0,589540106.0
2017-09-04,19.16,19.36,18.9,19.16,27578997.0,528719925.0
2017-09-05,19.3,19.52,19.0,19.14,23610958.0,453598571.0
2017-09-06,19.14,19.34,18.88,19.32,25340028.0,484432873.0
2017-09-07,19.58,20.25,19.42,19.42,92440896.0,1831932179.0
2017-09-08,19.5,19.7,19.3,19.46,30788885.0,600635030.0
2017-09-11,19.68,19.88,19.5,19.52,28799828.0,565346949.0
2017-09-12,19.82,20.9,19.7,20.7,115538644.0,2374942375.0
2017-09-13,20.9,21.15,20.65,20.85,52042540.0,1086091634.0
2017-09-14,21.0,21.0,20.2,20.5,42516051.0,871691480.0
2017-09-15,20.55,20.75,20.2,20.75,79723801.0,1645695574.0
2017-09-18,20.9,22.45,20.75,22.35,89018992.0,1926066516.0
2017-09-19,22.2,23.5,22.2,22.7,84019622.0,1931075884.0
2017-09-20,22.9,24.4,22.4,24.0,88237977.0,2089933414.0
2017-09-21,24.4,24.7,23.55,24.2,68358898.0,1650107772.0
2017-09-22,23.5,24.0,23.2,23.35,62061061.0,1459499364.0
2017-09-25,23.6,23.6,22.0,22.05,73682756.0,1659945567.0
2017-09-26,20.9,22.8,20.7,22.2,78237083.0,1727735261.0
2017-09-27,22.1,23.45,22.1,22.65,52399437.0,1196505353.0
2017-09-28,22.45,22.9,21.85,21.85,40490514.0,899976137.0
2017-09-29,22.0,22.35,21.65,22.0,30320076.0,667879201.0
2017-10-03,23.35,25.0,22.9,24.7,86328102.0,2074700946.0
2017-10-04,25.05,26.1,25.05,25.9,76475993.0,1960237284.0
2017-10-06,27.0,27.65,26.4,27.35,85562305.0,2317785836.0
2017-10-09,27.35,27.35,25.9,26.85,99978101.0,2654850868.0
2017-10-10,27.0,27.2,26.25,26.95,52430929.0,1400903188.0
2017-10-11,27.6,27.75,26.6,26.75,79253045.0,2154360166.0
2017-10-12,26.95,27.1,26.3,26.7,44746360.0,1190902651.0
2017-10-13,26.45,27.1,26.1,26.95,39445145.0,1051286782.0
2017-10-16,27.3,27.3,26.4,26.6,42083900.0,1119624598.0
2017-10-17,26.7,27.15,26.3,26.8,30194220.0,805912026.0
2017-10-18,26.75,27.05,26.5,26.85,35167135.0,941745637.0
2017-10-19,26.95,27.0,24.15,24.85,96645097.0,2458533577.0
2017-10-20,25.4,26.3,25.4,26.3,50264318.0,1304359654.0
2017-10-23,26.4,26.5,25.5,25.75,38431418.0,993217838.0
2017-10-24,25.75,25.75,24.85,25.1,41217201.0,1037698140.0
2017-10-25,25.2,26.25,25.2,25.7,39033106.0,1007287413.0
2017-10-26,25.6,25.65,25.1,25.15,22564140.0,570970623.0
2017-10-27,25.2,25.5,24.1,24.25,61523737.0,1511262830.0
2017-10-30,24.5,24.55,23.0,23.55,60486919.0,1428898968.0
2017-10-31,23.2,24.65,23.1,24.15,42430807.0,1026907654.0
2017-11-01,24.45,24.75,23.9,24.25,40595981.0,986473268.0
2017-11-02,24.55,24.65,24.0,24.1,30761150.0,749143180.0
2017-11-03,24.3,24.55,23.65,24.2,25115414.0,605775286.0
2017-11-06,24.25,24.85,23.55,24.75,44934339.0,1085555649.0
2017-11-07,25.35,26.2,25.35,26.15,78258713.0,2026032405.0
2017-11-08,26.25,26.8,26.0,26.0,57577269.0,1519908992.0
2017-11-09,26.25,26.5,25.75,26.2,33948682.0,886430633.0
2017-11-10,25.9,26.45,25.85,26.25,35644812.0,932826284.0
2017-11-13,26.3,26.65,25.85,26.5,32710136.0,859170821.0
2017-11-14,26.9,28.4,26.7,28.2,113776215.0,3155386847.0
2017-11-15,27.75,28.1,26.9,27.25,62900119.0,1727065963.0
2017-11-16,27.45,27.75,26.7,27.4,46618691.0,1269325385.0
2017-11-17,27.7,28.25,27.35,27.45,46601482.0,1290787267.0
2017-11-20,28.0,28.2,27.45,27.95,52988484.0,1476993868.0
2017-11-21,28.35,29.2,28.1,28.95,69391090.0,1998385165.0
2017-11-22,29.5,29.8,28.9,29.15,51135197.0,1498809780.0
2017-11-23,29.15,29.4,27.95,28.35,49224473.0,1408810851.0
2017-11-24,28.5,28.6,27.2,27.85,56483400.0,1570563956.0
2017-11-27,28.1,28.1,27.05,27.4,36185928.0,992516574.0
2017-11-28,27.6,28.0,27.0,28.0,40813396.0,1122403436.0
2017-11-29,28.5,28.8,27.85,27.95,39504487.0,1111266712.0
2017-11-30,27.95,28.35,27.1,27.2,67236180.0,1847520903.0
2017-12-01,27.6,27.95,27.0,27.5,40884940.0,1119693787.0
2017-12-04,27.15,28.45,27.0,28.1,48851973.0,1363174268.0
2017-12-05,28.05,28.4,27.3,27.4,35822736.0,994459526.0
2017-12-06,27.35,27.55,24.4,25.1,158396077.0,4035889547.0
2017-12-07,25.95,26.3,23.7,24.45,113531103.0,2789581874.0
2017-12-08,24.8,26.05,24.3,25.7,74560664.0,1892275754.0
2017-12-11,25.7,26.15,25.05,26.05,48941457.0,1256445985.0
2017-12-12,26.35,26.35,25.0,25.15,41773135.0,1065199453.0
2017-12-13,25.5,25.6,24.7,25.5,32104477.0,811544754.0
2017-12-14,25.8,26.05,25.45,25.7,34374720.0,884495927.0
2017-12-15,25.0,25.5,24.8,24.95,39302356.0,985394557.0
2017-12-18,25.1,25.4,24.4,24.75,32894103.0,817281434.0
2017-12-19,25.0,25.5,24.85,25.2,33356481.0,840062059.0
2017-12-20,25.05,25.5,24.6,24.9,31602726.0,790564517.0
2017-12-21,24.8,25.5,24.6,25.5,26311399.0,664704457.0
2017-12-22,25.8,25.8,25.3,25.65,25641106.0,654776433.0
2017-12-27,25.85,26.1,25.3,25.8,32179549.0,827645140.0
2017-12-28,26.1,27.0,25.95,26.6,45857541.0,1220881276.0
2017-12-29,26.95,27.35,26.75,27.1,35851656.0,971486991.0
2018-01-02,27.35,27.65,26.9,27.35,39087794.0,1067727191.0
2018-01-03,27.55,28.4,27.5,28.35,65418202.0,1840325850.0
2018-01-04,28.75,28.75,27.3,27.45,49912990.0,1387847090.0
2018-01-05,27.7,27.7,26.6,27.55,46538082.0,1262840057.0
2018-01-08,27.65,28.1,27.05,27.75,33288216.0,920158261.0
2018-01-09,28.25,28.45,26.7,27.0,96157779.0,2613914609.0
2018-01-10,27.45,27.45,26.15,26.7,61709427.0,1640730287.0
2018-01-11,26.5,26.6,25.95,26.3,42316156.0,1108483255.0
2018-01-12,26.5,27.0,26.35,27.0,52835110.0,1414641825.0
2018-01-15,27.5,27.5,25.8,26.15,56740787.0,1494124745.0
2018-01-16,26.3,26.55,26.0,26.3,45163228.0,1188201288.0
2018-01-17,26.0,26.05,25.15,25.75,68196772.0,1741250395.0
2018-01-18,25.85,25.9,24.55,24.65,94922248.0,2362359363.0
2018-01-19,24.8,25.3,24.3,25.0,90415319.0,2252944970.0
2018-01-22,25.3,25.35,24.45,24.7,83931356.0,2081500619.0
2018-01-23,25.35,26.95,25.3,26.15,170698603.0,4487939338.0
2018-01-24,26.15,26.4,25.3,25.85,61552728.0,1586550062.0
2018-01-25,25.8,25.9,24.95,25.4,60658613.0,1534736307.0
2018-01-26,25.7,25.8,24.95,25.1,55773149.0,1400021622.0
2018-01-29,25.05,25.1,24.5,24.7,65042760.0,1606553384.0
2018-01-30,24.7,25.4,24.55,24.65,41633774.0,1035441859.0
2018-01-31,24.65,25.15,24.55,25.05,46793547.0,1168656244.0
2018-02-01,25.15,25.2,24.5,24.5,42230237.0,1046885467.0
2018-02-02,24.45,25.35,24.1,24.75,56618465.0,1400855573.0
2018-02-05,23.5,24.8,23.45,24.4,56375626.0,1367185518.0
2018-02-06,23.4,23.75,22.0,22.3,130234672.0,2963513715.0
2018-02-07,23.5,23.9,21.6,21.85,132801466.0,2992698316.0
2018-02-08,22.4,22.4,21.6,21.9,63704833.0,1397969368.0
2018-02-09,21.0,21.7,20.0,21.5,120294624.0,2505681805.0
2018-02-12,21.9,22.55,21.6,22.1,65358081.0,1452065239.0
2018-02-13,22.6,22.8,22.15,22.4,41405088.0,931594266.0
2018-02-14,22.75,22.75,22.1,22.5,29125755.0,654424440.0
2018-02-15,22.8,23.0,22.6,22.7,23214896.0,528512567.0
2018-02-20,23.25,23.8,22.75,23.25,54404126.0,1270095707.0
2018-02-21,23.4,23.8,23.15,23.75,34773917.0,818031255.0
2018-02-22,23.6,24.25,23.25,23.7,54039662.0,1290657701.0
2018-02-23,24.05,24.15,23.7,23.9,26976260.0,645496654.0
2018-02-26,25.3,26.0,25.05,25.45,153820745.0,3931179986.0
2018-02-27,25.9,26.25,24.85,25.05,76088750.0,1940037721.0
2018-02-28,25.1,25.95,24.6,25.55,68642732.0,1751710849.0
2018-03-01,25.4,25.8,25.1,25.35,35876745.0,910879545.0
2018-03-02,24.8,25.1,24.7,24.85,35503706.0,882729586.0
2018-03-05,25.0,25.1,23.85,24.25,45943333.0,1118203686.0
2018-03-06,24.9,24.95,24.25,24.45,29971072.0,737866074.0
2018-03-07,24.55,25.05,24.35,24.45,36735761.0,906487097.0
2018-03-08,24.95,24.95,24.55,24.7,24082025.0,596415253.0
2018-03-09,24.9,26.0,24.75,25.85,73397753.0,1885457203.0
2018-03-12,26.3,26.9,26.0,26.65,72448807.0,1924782699.0
2018-03-13,26.8,27.2,26.3,26.5,45588713.0,1219175072.0
2018-03-14,26.4,26.45,25.85,26.2,32711539.0,853239419.0
2018-03-15,25.8,26.4,25.75,26.3,25903174.0,678395440.0
2018-03-16,26.5,26.65,26.05,26.45,40179792.0,1058442984.0
2018-03-19,26.5,27.35,26.2,26.9,52800720.0,1426063444.0
2018-03-20,26.8,27.5,26.35,27.5,65643899.0,1779701435.0
2018-03-21,27.85,27.95,25.7,25.8,119262207.0,3192892318.0
2018-03-22,26.15,26.3,25.1,25.25,70787660.0,1806895289.0
2018-03-23,23.9,24.65,23.35,24.1,101227760.0,2432335948.0
2018-03-26,23.95,24.3,23.45,24.25,51401993.0,1227752684.0
2018-03-27,24.8,25.0,23.8,24.0,65392570.0,1589387459.0
2018-03-28,23.8,23.85,22.5,22.6,107102479.0,2447763888.0
2018-03-29,22.5,23.35,21.7,22.6,66987435.0,1507650116.0
2018-04-03,22.45,23.1,21.9,23.0,46360942.0,1045607016.0
2018-04-04,23.15,23.3,22.1,22.15,43665598.0,984298485.0
2018-04-06,22.5,22.6,22.0,22.3,49468748.0,1103807842.0
2018-04-09,22.7,23.8,22.4,23.45,85696462.0,1996389481.0
2018-04-10,23.2,24.5,23.2,24.15,86853448.0,2091908066.0
2018-04-11,24.25,24.4,23.4,23.75,47469081.0,1129246577.0
2018-04-12,23.7,23.95,23.25,23.45,32321993.0,759444580.0
2018-04-13,23.6,23.8,23.25,23.4,21178075.0,497408345.0
2018-04-16,23.5,23.55,22.65,22.95,33031599.0,753854344.0
2018-04-17,22.95,23.0,22.2,22.4,41486713.0,933645299.0
2018-04-18,22.8,22.8,21.1,21.85,81767690.0,1774815565.0
2018-04-19,22.0,22.45,21.75,21.95,46393493.0,1024529066.0
2018-04-20,22.15,22.4,21.7,21.9,30502401.0,671247496.0
2018-04-23,21.7,21.9,21.2,21.3,46189743.0,988306771.0
2018-04-24,21.3,21.85,21.05,21.65,40802091.0,881866483.0
2018-04-25,21.65,21.85,21.0,21.2,48821943.0,1041562005.0
2018-04-26,21.4,21.45,20.45,20.7,52568696.0,1089999636.0
2018-04-27,21.25,21.35,20.45,20.75,25415195.0,527480253.0
2018-04-30,21.0,21.15,20.75,21.0,19077749.0,399889830.0
2018-05-02,21.1,21.95,20.95,21.65,76144783.0,1641088741.0
2018-05-03,21.5,21.9,21.15,21.5,42087459.0,906630558.0
2018-05-04,21.4,21.5,20.7,20.9,42953224.0,905617677.0
2018-05-07,21.45,22.2,20.85,21.8,75568795.0,1642860008.0
2018-05-08,22.7,23.1,22.5,22.95,100615937.0,2301722703.0
2018-05-09,23.1,23.2,22.75,22.85,31318427.0,718268824.0
2018-05-10,23.1,23.15,22.55,22.7,39575549.0,903951977.0
2018-05-11,23.1,23.9,22.85,23.55,76876011.0,1811261801.0
2018-05-14,23.85,24.4,23.5,23.8,69003801.0,1657863424.0
2018-05-15,23.8,23.8,22.95,23.2,39387974.0,914946415.0
2018-05-16,23.05,23.65,22.75,23.2,29689059.0,688865522.0
2018-05-17,23.6,23.6,22.9,23.05,21157696.0,488797040.0
2018-05-18,23.05,23.15,22.8,22.9,24766105.0,567812534.0
2018-05-21,22.95,23.7,22.95,23.3,39246111.0,920508912.0
2018-05-23,23.4,23.4,22.7,22.75,42636483.0,978675265.0
2018-05-24,23.05,23.1,22.35,22.7,42170334.0,956984949.0
2018-05-25,22.7,22.7,21.9,22.2,44707013.0,992849394.0
2018-05-28,22.3,23.0,22.3,22.85,34975992.0,797469858.0
2018-05-29,22.6,23.1,22.5,22.75,27261104.0,622500515.0
2018-05-30,22.25,22.35,21.9,22.15,40822422.0,902839448.0
2018-05-31,22.45,22.65,22.1,22.25,55271851.0,1232888694.0
2018-06-01,22.15,22.45,22.0,22.2,32303875.0,717926442.0
2018-06-04,22.4,23.45,22.3,23.2,59159414.0,1363795275.0
2018-06-05,23.35,23.5,22.9,23.35,29833273.0,694331171.0
2018-06-06,23.4,23.5,23.0,23.25,34480808.0,799097827.0
2018-06-07,23.6,24.2,23.6,24.05,71570315.0,1715457408.0
2018-06-08,24.0,24.05,23.5,23.6,44423076.0,1053965145.0
2018-06-11,23.7,24.5,23.6,24.3,55492945.0,1346262244.0
2018-06-12,24.4,24.55,24.05,24.4,37352631.0,910999232.0
2018-06-13,24.6,24.6,23.75,23.85,34865910.0,836479589.0
2018-06-14,23.8,23.9,23.2,23.45,33330983.0,782532588.0
2018-06-15,23.45,23.6,22.95,23.2,45722913.0,1060947770.0
2018-06-19,22.95,23.0,21.85,22.0,81121990.0,1800642228.0
2018-06-20,22.05,22.6,21.85,22.45,41195367.0,920215462.0
2018-06-21,22.4,22.65,21.85,21.9,46062635.0,1018705315.0
2018-06-22,21.6,21.95,21.4,21.7,42378129.0,918593811.0
2018-06-25,22.05,22.05,21.25,21.3,37165540.0,799816425.0
2018-06-26,21.05,21.15,20.5,20.85,67656684.0,1406662222.0
2018-06-27,21.05,21.05,19.68,19.78,90216212.0,1812022152.0
2018-06-28,19.66,20.3,19.38,19.88,53386892.0,1056558228.0
2018-06-29,19.76,20.5,19.56,20.35,64349683.0,1298317768.0
2018-07-03,20.1,20.1,19.46,19.98,58620647.0,1158318403.0
2018-07-04,20.0,20.1,18.94,19.2,64207887.0,1238242162.0
2018-07-05,19.28,19.34,18.5,18.98,45351776.0,854676997.0
2018-07-06,19.14,19.9,18.88,19.3,56685482.0,1099228455.0
2018-07-09,19.82,20.35,19.7,19.92,53728917.0,1075942956.0
2018-07-10,20.75,20.85,20.15,20.25,46163423.0,943276592.0
2018-07-11,19.5,19.96,19.22,19.84,46962893.0,921809021.0
2018-07-12,20.25,20.8,19.88,20.4,64520017.0,1319322704.0
2018-07-13,20.9,20.95,20.4,20.55,33204717.0,686154855.0
2018-07-16,20.8,20.8,20.1,20.4,23556929.0,478907775.0
2018-07-17,20.4,20.75,20.0,20.1,31154869.0,634075328.0
2018-07-18,20.25,20.6,19.84,20.0,39383944.0,791568287.0
2018-07-19,20.15,20.25,19.18,19.26,56568320.0,1100465037.0
2018-07-20,19.38,19.48,18.68,19.18,57456490.0,1091391002.0
2018-07-23,19.0,19.22,18.84,19.0,28308368.0,536705767.0
2018-07-24,18.86,19.68,18.82,19.42,40801159.0,793425905.0
2018-07-25,19.76,19.96,19.52,19.68,32798937.0,647367083.0
2018-07-26,19.84,19.84,18.88,19.04,46235470.0,885382869.0
2018-07-27,18.8,18.84,18.12,18.42,69860145.0,1283416777.0
2018-07-30,18.24,18.36,17.8,17.88,44417373.0,798486254.0
2018-07-31,17.54,18.16,17.54,17.9,29368776.0,524929169.0
2018-08-01,18.24,18.44,17.82,17.98,36536869.0,661628354.0
2018-08-02,17.82,17.94,17.06,17.26,52808826.0,917545336.0
2018-08-03,17.34,17.46,16.5,16.58,81198918.0,1364654920.0
2018-08-06,16.6,16.96,16.1,16.18,73121761.0,1199539417.0
2018-08-07,16.16,17.0,16.02,16.98,58455135.0,968508315.0
2018-08-08,17.2,17.42,16.5,16.8,48184642.0,815270663.0
2018-08-09,16.8,17.42,16.6,17.18,31266516.0,536471727.0
2018-08-10,17.44,17.48,16.76,16.94,24863049.0,423520789.0
2018-08-13,16.5,16.88,16.38,16.62,31571583.0,524109087.0
2018-08-14,16.62,16.82,15.74,16.0,54841865.0,878823430.0
2018-08-15,16.12,16.12,15.04,15.16,69182356.0,1054381149.0
2018-08-16,14.68,15.46,14.6,15.2,67605970.0,1022439104.0
2018-08-17,15.5,15.7,15.08,15.26,44706361.0,685917836.0
2018-08-20,15.36,15.44,14.88,15.26,41760810.0,632967530.0
2018-08-21,15.34,16.4,15.3,16.38,84511467.0,1352747026.0
2018-08-22,16.56,17.3,16.06,16.54,107613840.0,1780351147.0
2018-08-23,16.7,16.9,16.16,16.64,63128423.0,1039715224.0
2018-08-24,16.34,16.56,16.24,16.36,39757152.0,650528605.0
2018-08-27,16.76,17.64,16.66,17.5,89469702.0,1546436767.0
2018-08-28,17.92,17.98,17.1,17.4,69164304.0,1208814313.0
2018-08-29,17.6,17.76,17.12,17.36,57214822.0,996219964.0
2018-08-30,17.6,17.6,16.9,17.0,43828594.0,748684840.0
2018-08-31,16.9,16.9,16.44,16.68,34859763.0,580347505.0
2018-09-03,16.46,16.6,15.44,15.94,62750111.0,993517920.0
2018-09-04,15.7,16.34,15.7,16.26,28607909.0,461643952.0
2018-09-05,16.2,16.26,15.44,15.54,39762312.0,623063352.0
2018-09-06,15.6,15.78,15.16,15.3,44272480.0,681697600.0
2018-09-07,15.22,15.9,15.12,15.2,47114814.0,725086562.0
2018-09-10,15.2,15.3,14.64,14.78,52274531.0,775390430.0
2018-09-11,14.94,14.98,13.92,14.06,67428549.0,961183873.0
2018-09-12,14.12,14.2,13.8,13.88,60973831.0,852423472.0
2018-09-13,14.58,15.06,14.26,15.04,71493556.0,1047707826.0
2018-09-14,15.4,15.48,15.08,15.3,55724819.0,852342145.0
2018-09-17,15.0,15.0,14.56,14.72,40300072.0,594213236.0
2018-09-18,14.38,14.46,13.7,14.14,114090486.0,1594206802.0
2018-09-19,14.1,15.14,14.0,14.94,70691749.0,1043025478.0
2018-09-20,15.2,15.3,14.6,14.94,38869186.0,578374560.0
2018-09-21,15.2,16.58,14.86,16.58,146228204.0,2328575389.0
2018-09-24,16.36,16.36,15.56,15.92,76732822.0,1220029706.0
2018-09-26,15.84,16.22,15.46,15.92,71846524.0,1141482135.0
2018-09-27,16.06,16.06,15.54,15.66,29568756.0,464815958.0
2018-09-28,15.78,15.82,15.38,15.6,25966265.0,404858408.0
2018-10-02,15.74,15.74,14.74,14.94,34230191.0,513782655.0
2018-10-03,14.76,15.12,14.72,14.84,19692237.0,292791033.0
2018-10-04,14.78,14.8,14.12,14.22,44396714.0,634910362.0
2018-10-05,14.28,14.48,14.06,14.38,27992071.0,401097689.0
2018-10-08,14.7,14.74,14.04,14.14,46589173.0,669831128.0
2018-10-09,13.9,13.98,13.34,13.4,96256885.0,1307356671.0
2018-10-10,13.62,14.22,13.52,13.76,63467018.0,883111485.0
2018-10-11,13.0,13.2,12.84,12.9,81893151.0,1061228743.0
2018-10-12,12.94,14.14,12.9,14.08,100788838.0,1380535385.0
2018-10-15,14.08,14.3,13.66,13.84,51838948.0,721196156.0
2018-10-16,14.2,14.26,13.78,14.04,38034129.0,532456617.0
2018-10-18,14.4,14.4,13.56,13.7,54617435.0,752926993.0
2018-10-19,13.28,14.3,13.28,14.02,72895630.0,1010231869.0
2018-10-22,14.14,15.5,14.14,15.12,105016082.0,1577657474.0
2018-10-23,14.86,15.06,14.4,14.66,58428444.0,856653445.0
2018-10-24,14.82,15.06,14.46,14.6,39055771.0,574085676.0
2018-10-25,14.0,14.5,13.74,14.46,52779211.0,744503132.0
2018-10-26,14.4,14.64,13.86,14.0,35381436.0,499390810.0
2018-10-29,14.28,14.28,13.44,13.62,104084519.0,1426014813.0
2018-10-30,14.44,14.6,13.66,13.94,91444410.0,1282470770.0
2018-10-31,14.1,15.0,14.1,15.0,97907576.0,1433175140.0
2018-11-01,15.2,15.68,15.0,15.36,84433286.0,1298264212.0
2018-11-02,16.5,17.34,15.92,17.16,172301813.0,2871961789.0
2018-11-05,16.6,16.9,16.16,16.68,69354254.0,1145973452.0
2018-11-06,16.68,16.68,15.66,16.2,76452658.0,1225723126.0
2018-11-07,16.04,16.04,15.24,15.4,97054626.0,1498884640.0
2018-11-08,15.7,15.78,14.88,15.08,63032992.0,954747718.0
2018-11-09,14.8,14.88,14.46,14.56,50478966.0,737542295.0
2018-11-12,14.7,14.86,14.2,14.42,34669004.0,499400759.0
2018-11-13,14.26,15.18,13.82,15.1,76759513.0,1125108747.0
2018-11-14,15.22,15.22,14.78,14.86,34231113.0,510381395.0
2018-11-15,14.9,14.96,14.46,14.78,55901047.0,816341693.0
2018-11-16,14.78,14.96,14.32,14.78,40996505.0,602161473.0
2018-11-19,14.82,15.16,14.78,15.16,52799720.0,791977014.0
2018-11-20,14.82,14.98,14.4,14.6,51922422.0,759255355.0
2018-11-21,14.3,15.4,14.3,15.28,66244981.0,994275471.0
2018-11-22,15.34,15.52,15.12,15.44,50716048.0,776923081.0
2018-11-23,15.32,15.36,14.78,14.96,36380201.0,543473635.0
2018-11-26,15.1,15.38,15.0,15.18,34173656.0,517131980.0
2018-11-27,15.18,15.34,15.0,15.26,27988126.0,425704735.0
2018-11-28,15.52,15.58,15.22,15.52,34214278.0,528934035.0
2018-11-29,15.9,15.92,15.28,15.44,45423389.0,708990174.0
2018-11-30,15.38,15.66,15.26,15.42,32340115.0,498619079.0
2018-12-03,16.2,16.4,15.46,15.84,91967769.0,1466025870.0
2018-12-04,16.0,16.0,15.4,15.74,42346533.0,661270797.0
2018-12-05,15.3,15.36,15.02,15.08,49237763.0,746524604.0
2018-12-06,14.8,14.9,14.36,14.56,54503469.0,795261488.0
2018-12-07,14.4,14.68,14.24,14.32,47081652.0,678273299.0
2018-12-10,14.02,14.28,13.8,14.06,49194417.0,686096030.0
2018-12-11,14.0,14.26,13.8,14.14,35379730.0,496307125.0
2018-12-12,14.28,14.28,13.94,14.14,28520800.0,401797004.0
2018-12-13,14.3,14.76,14.1,14.74,40592186.0,591979611.0
2018-12-14,14.54,14.72,14.36,14.48,29108037.0,422677673.0
2018-12-17,14.48,14.62,13.94,14.1,29059805.0,409402379.0
2018-12-18,13.92,14.12,13.62,13.8,33339501.0,460829178.0
2018-12-19,13.74,14.08,13.74,13.82,16050683.0,223313298.0
2018-12-20,13.72,14.0,13.52,13.62,31065143.0,424407467.0
2018-12-21,13.5,13.94,13.2,13.84,34563782.0,471456169.0
2018-12-24,13.5,13.8,13.44,13.8,13840810.0,188118528.0
2018-12-27,13.98,13.98,13.3,13.36,29595371.0,400316927.0
2018-12-28,13.4,13.76,13.3,13.62,15344388.0,207965929.0
2018-12-31,13.8,13.8,13.48,13.8,9049574.0,124122366.0
2019-01-02,13.62,13.7,12.9,12.98,42433209.0,556098266.0
2019-01-03,12.6,12.62,11.6,11.92,102547714.0,1232350591.0
2019-01-04,11.46,12.0,11.34,11.88,65899871.0,772144009.0
2019-01-07,12.26,12.34,11.46,11.52,68978503.0,818912345.0
2019-01-08,10.64,10.82,10.08,10.22,189749740.0,1967288090.0
2019-01-09,11.0,11.3,10.74,11.08,234916240.0,2590014950.0
2019-01-10,11.1,11.6,10.86,11.0,104097057.0,1168991171.0
2019-01-11,11.18,11.18,10.76,11.1,57304182.0,631349836.0
2019-01-14,11.14,11.18,10.66,10.76,51645579.0,556275665.0
2019-01-15,10.78,11.28,10.78,11.26,56352391.0,627376441.0
2019-01-16,11.14,11.54,10.92,11.52,70490188.0,799089462.0
2019-01-17,11.72,11.86,11.5,11.6,92403980.0,1082593858.0
2019-01-18,11.84,12.36,11.76,12.26,77980931.0,941014397.0
2019-01-21,12.38,12.84,12.32,12.74,96347994.0,1221138170.0
2019-01-22,12.76,12.8,11.96,12.4,70035256.0,857638717.0
2019-01-23,12.4,12.46,12.12,12.24,45067543.0,553918660.0
2019-01-24,12.3,12.76,12.1,12.74,52708100.0,659040014.0
2019-01-25,12.76,13.38,12.58,13.38,104076465.0,1369407190.0
2019-01-28,13.8,13.8,13.02,13.2,69696865.0,931158621.0
2019-01-29,12.94,12.96,12.34,12.66,106274817.0,1346509859.0
2019-01-30,12.56,12.76,12.34,12.66,58510600.0,735643516.0
2019-01-31,12.84,13.34,12.72,13.26,67268527.0,882331093.0
2019-02-01,13.32,13.34,12.9,13.2,38272760.0,501224753.0
2019-02-04,13.2,13.38,13.06,13.26,13783874.0,183230006.0
2019-02-08,12.92,13.1,12.72,13.08,32991807.0,426710817.0
2019-02-11,13.0,13.94,12.92,13.74,65532099.0,884931467.0
2019-02-12,14.0,14.62,13.9,14.34,140467345.0,2023584196.0
2019-02-13,14.5,15.04,14.28,15.0,96531586.0,1430083741.0
2019-02-14,15.04,15.04,14.46,14.78,60413196.0,889153772.0
2019-02-15,14.5,14.5,13.92,14.0,74238288.0,1048599705.0
2019-02-18,14.22,14.54,13.98,14.42,55574126.0,795542225.0
2019-02-19,14.48,14.6,14.26,14.42,44831684.0,645387067.0
2019-02-20,14.6,14.98,14.44,14.92,77312215.0,1144704592.0
2019-02-21,15.0,15.5,14.76,15.28,78782529.0,1202546403.0
2019-02-22,15.2,15.5,14.86,15.44,49206117.0,752436109.0
2019-02-25,15.88,16.22,15.7,15.88,100023861.0,1601006816.0
2019-02-26,16.0,16.0,15.22,15.4,51797912.0,805576834.0
2019-02-27,15.32,15.58,14.92,15.04,55716022.0,846216421.0
2019-02-28,15.1,15.2,14.62,14.74,59672843.0,886508851.0
2019-03-01,14.88,15.48,14.72,15.42,62062468.0,941135697.0
2019-03-04,15.44,15.74,14.96,15.16,93742316.0,1432424973.0
2019-03-05,15.1,15.54,14.92,15.4,55909191.0,858083766.0
2019-03-06,15.4,16.12,15.28,15.82,87407155.0,1384058295.0
2019-03-07,15.24,15.4,14.52,14.6,193320470.0,2875388586.0
2019-03-08,14.12,14.5,13.9,14.12,95187624.0,1349646271.0
2019-03-11,13.78,14.04,13.74,13.92,69851860.0,970300645.0
2019-03-12,14.14,14.46,13.84,14.08,77005266.0,1085977905.0
2019-03-13,14.06,14.1,13.74,13.94,34037794.0,473165420.0
2019-03-14,14.1,14.1,13.4,13.68,52341294.0,713133137.0
2019-03-15,13.7,14.04,13.56,13.82,62829468.0,869325904.0
2019-03-18,13.96,14.38,13.82,14.28,57023169.0,805614591.0
2019-03-19,14.32,14.52,14.22,14.44,47997392.0,690957848.0
2019-03-20,14.46,14.46,13.9,14.1,43571543.0,613524111.0
2019-03-21,14.1,14.8,13.82,14.42,99035612.0,1419042212.0
2019-03-22,14.74,15.36,14.7,15.24,131002523.0,1978007110.0
2019-03-25,14.6,14.94,14.56,14.72,60194562.0,887150179.0
2019-03-26,14.9,15.04,14.68,14.84,34561152.0,513085119.0
2019-03-27,14.8,14.9,14.3,14.86,41210319.0,604267439.0
2019-03-28,14.88,14.96,14.64,14.8,34417852.0,510685949.0
2019-03-29,14.96,15.04,14.42,15.0,52341670.0,775118711.0
2019-04-01,15.2,15.8,15.12,15.56,89836396.0,1401379789.0
2019-04-02,15.76,15.9,15.54,15.82,71095295.0,1121143901.0
2019-04-03,16.0,16.4,15.76,16.36,109089226.0,1769080708.0
2019-04-04,16.54,16.88,16.14,16.76,122079136.0,2025324712.0
2019-04-08,17.02,17.18,16.78,17.16,115842913.0,1967423273.0
2019-04-09,17.98,18.0,17.24,17.32,139808937.0,2449151927.0
2019-04-10,17.18,17.88,16.72,17.7,109220168.0,1914816035.0
2019-04-11,17.74,17.9,17.38,17.62,123588925.0,2181303088.0
2019-04-12,17.76,17.8,16.5,16.9,178727585.0,3052353468.0
2019-04-15,17.16,17.3,16.88,16.94,86954778.0,1482706124.0
2019-04-16,16.94,16.94,16.3,16.68,86948449.0,1442985723.0
2019-04-17,16.68,18.92,16.5,18.82,249449517.0,4458798690.0
2019-04-18,19.14,19.14,17.68,18.12,123358714.0,2251207558.0
2019-04-23,17.9,18.1,17.54,17.84,77721343.0,1384329119.0
2019-04-24,17.98,17.98,16.8,16.88,114247313.0,1948818312.0
2019-04-25,16.6,16.9,16.02,16.06,126343125.0,2065035090.0
2019-04-26,16.16,16.38,15.9,16.04,66582130.0,1072428823.0
2019-04-29,16.04,16.2,15.74,16.02,44824930.0,713609661.0
2019-04-30,15.96,16.0,15.54,15.74,39594800.0,622852738.0
2019-05-02,15.6,15.7,15.3,15.52,59064125.0,912272166.0
2019-05-03,15.5,15.76,15.28,15.7,44792483.0,696384949.0
2019-05-06,14.9,14.98,14.3,14.58,166237438.0,2415806426.0
2019-05-07,14.7,14.92,14.3,14.64,65854509.0,962451808.0
2019-05-08,14.26,14.54,14.12,14.36,56331742.0,809356893.0
2019-05-09,13.98,13.98,13.42,13.5,125708465.0,1711395259.0
2019-05-10,13.78,14.12,13.4,13.78,94555431.0,1307187417.0
2019-05-14,13.3,13.82,13.14,13.6,57356788.0,778128550.0
2019-05-15,13.68,13.96,13.64,13.76,40367766.0,557340998.0
2019-05-16,13.72,13.88,13.42,13.44,56151193.0,763497070.0
2019-05-17,13.6,13.7,13.0,13.06,67074753.0,883616704.0
2019-05-20,13.08,13.08,12.46,12.62,83054827.0,1050264548.0
2019-05-21,12.42,12.98,12.3,12.6,55199654.0,699293788.0
2019-05-22,12.8,12.9,12.62,12.72,28278264.0,360217105.0
2019-05-23,12.64,12.66,12.02,12.18,57534088.0,701913009.0
2019-05-24,12.32,13.0,12.06,12.46,85746191.0,1072679454.0
2019-05-27,12.5,12.64,12.16,12.44,31609029.0,393071253.0
2019-05-28,12.5,13.38,12.46,13.02,108776782.0,1419275995.0
2019-05-29,12.8,13.22,12.72,12.96,52238542.0,677707676.0
2019-05-30,12.92,13.1,12.66,12.82,52246183.0,668751749.0
2019-05-31,12.6,13.08,12.58,12.86,40541018.0,522320493.0
2019-06-03,12.76,12.9,12.52,12.78,39290735.0,499470825.0
2019-06-04,12.8,12.9,12.38,12.5,40879141.0,511781142.0
2019-06-05,12.78,13.02,12.5,12.56,43342142.0,550720691.0
2019-06-06,12.66,12.96,12.56,12.84,49344197.0,630052032.0
2019-06-10,13.0,13.32,12.84,12.92,67176387.0,877331733.0
2019-06-11,12.8,13.14,12.7,13.08,54749656.0,712879102.0
2019-06-12,13.02,13.06,12.52,12.7,60319874.0,766545354.0
2019-06-13,12.82,12.82,12.32,12.58,51536387.0,642328682.0
2019-06-14,12.36,12.38,12.08,12.16,45255700.0,551921722.0
2019-06-17,12.36,12.76,12.24,12.32,41472848.0,516797178.0
2019-06-18,12.3,12.48,12.16,12.44,39500893.0,488387768.0
2019-06-19,13.0,13.06,12.66,12.72,54478279.0,697012944.0
2019-06-20,12.8,13.48,12.74,13.34,89730498.0,1186235012.0
2019-06-21,13.38,13.44,13.02,13.1,62174109.0,816766174.0
2019-06-24,13.02,13.42,13.02,13.16,38440297.0,507939511.0
2019-06-25,13.26,13.3,12.86,13.16,34649331.0,452780544.0
2019-06-26,13.1,13.12,12.8,13.1,26248167.0,341287646.0
2019-06-27,13.16,13.5,13.14,13.42,39360547.0,527071679.0
2019-06-28,13.46,13.48,13.24,13.36,50399229.0,672420030.0
2019-07-02,13.62,14.0,13.6,13.68,91012746.0,1254611057.0
2019-07-03,13.68,13.94,13.46,13.82,44588642.0,613507794.0
2019-07-04,13.82,14.0,13.44,13.54,59057240.0,805534826.0
2019-07-05,13.38,13.4,12.56,12.68,143699882.0,1831547460.0
2019-07-08,12.5,12.54,12.1,12.16,87415528.0,1065264285.0
2019-07-09,11.44,11.96,11.24,11.7,179329238.0,2069556334.0
2019-07-10,11.9,12.08,11.44,12.0,90316859.0,1068772734.0
2019-07-11,11.82,12.12,11.7,11.82,60591552.0,719473913.0
2019-07-12,11.8,11.86,11.5,11.6,52331829.0,608266032.0
2019-07-15,11.58,11.76,11.36,11.7,39422403.0,457940238.0
2019-07-16,11.88,11.94,11.66,11.86,42101069.0,498698524.0
2019-07-17,11.78,12.4,11.74,12.22,63347137.0,774898088.0
2019-07-18,12.06,12.18,12.0,12.12,17748781.0,214683469.0
2019-07-19,12.26,12.34,12.06,12.2,18522501.0,225777543.0
2019-07-22,12.1,12.2,11.98,12.12,30012896.0,363098196.0
2019-07-23,12.1,12.14,11.94,12.08,25742328.0,309908451.0
2019-07-24,12.06,12.7,12.06,12.48,56677698.0,709655686.0
2019-07-25,12.58,12.66,12.44,12.6,37191290.0,467507681.0
2019-07-26,12.38,12.58,12.32,12.46,30213254.0,377161211.0
2019-07-29,12.48,12.54,12.24,12.38,23858101.0,294648951.0
2019-07-30,12.4,12.44,12.24,12.38,14752240.0,181701186.0
2019-07-31,12.1,12.24,11.96,12.14,24666371.0,297626803.0
2019-08-01,11.88,12.08,11.8,11.92,43630146.0,519098418.0
2019-08-02,11.5,11.64,11.38,11.4,51799779.0,594256550.0
2019-08-05,11.1,11.28,11.04,11.1,42565617.0,473697699.0
2019-08-06,10.94,11.24,10.66,11.04,68370196.0,747675266.0
2019-08-07,11.0,11.1,10.7,10.8,46726895.0,506549311.0
2019-08-08,10.76,11.44,10.76,11.22,60805622.0,682840713.0
2019-08-09,11.26,11.42,11.06,11.08,29996345.0,336615174.0
2019-08-12,11.0,11.22,10.9,11.02,28441914.0,315332574.0
2019-08-13,10.86,11.06,10.74,10.8,31055449.0,336321752.0
2019-08-14,11.04,11.12,10.68,10.74,34344541.0,373847389.0
2019-08-15,10.5,10.84,10.4,10.78,33597551.0,358013407.0
2019-08-16,10.74,11.1,10.66,10.84,35256624.0,383197408.0
2019-08-19,11.02,11.16,10.78,11.06,52010474.0,570857489.0
2019-08-20,10.96,11.16,10.9,11.1,30084341.0,333623482.0
2019-08-21,11.0,11.38,10.86,11.04,43765213.0,484771204.0
2019-08-22,11.12,11.94,11.1,11.88,131102216.0,1532555474.0
2019-08-23,11.82,12.02,11.66,11.94,56927543.0,675067159.0
2019-08-26,11.26,11.8,11.24,11.8,64057108.0,747045195.0
2019-08-27,11.88,12.3,11.86,12.1,71935139.0,873567189.0
2019-08-28,12.58,12.7,12.02,12.04,64930257.0,799474593.0
2019-08-29,12.04,12.12,11.7,11.98,46472412.0,551296930.0
2019-08-30,12.2,12.36,12.0,12.12,44264388.0,539622416.0
2019-09-02,12.0,12.32,12.0,12.08,22536231.0,272942120.0
2019-09-03,12.0,12.14,11.74,11.74,39802392.0,471814929.0
2019-09-04,11.76,12.16,11.76,12.16,58019931.0,697809838.0
2019-09-05,12.1,12.62,12.08,12.62,72410181.0,904500831.0
2019-09-06,12.74,12.96,12.56,12.76,138349252.0,1766111739.0
2019-09-09,12.88,13.46,12.86,13.42,123496147.0,1637467472.0
2019-09-10,13.56,13.88,13.18,13.42,66104521.0,888042393.0
2019-09-11,13.52,13.6,13.2,13.48,37956552.0,509729134.0
2019-09-12,13.6,13.6,13.32,13.48,28994355.0,389814906.0
2019-09-13,13.48,14.16,13.44,14.12,65747785.0,916413324.0
2019-09-16,13.66,13.96,13.5,13.68,62616030.0,855803360.0
2019-09-17,13.58,13.58,13.12,13.28,56796852.0,755532442.0
2019-09-18,13.22,13.6,13.16,13.28,35314328.0,471542079.0
2019-09-19,13.38,13.38,12.98,13.22,42015422.0,550268283.0
2019-09-20,13.28,13.32,12.9,13.02,80875622.0,1054016246.0
2019-09-23,13.02,13.22,12.84,12.9,38763584.0,502876614.0
2019-09-24,12.92,13.02,12.74,12.86,41182304.0,529768700.0
2019-09-25,12.66,12.74,12.44,12.48,45593335.0,571991870.0
2019-09-26,12.62,12.76,12.54,12.72,32553559.0,413014719.0
2019-09-27,12.74,13.3,12.64,13.18,48524127.0,637861580.0
2019-09-30,13.02,13.36,12.88,13.3,36596094.0,483227962.0
2019-10-02,13.1,13.54,13.02,13.4,34528784.0,459507625.0
2019-10-03,13.2,13.5,13.16,13.44,17849117.0,238747287.0
2019-10-04,13.48,13.52,13.02,13.18,32836049.0,435004436.0
2019-10-08,13.22,13.94,13.18,13.52,59996140.0,817327129.0
2019-10-09,13.46,13.6,13.24,13.5,26751835.0,360068396.0
2019-10-10,13.5,14.08,13.4,13.86,74386050.0,1035641767.0
2019-10-11,13.7,13.96,13.38,13.88,57077673.0,782524046.0
2019-10-14,14.08,14.1,13.62,13.66,35170554.0,484328895.0
2019-10-15,13.7,13.74,13.26,13.32,49999804.0,669141587.0
2019-10-16,13.34,13.68,13.24,13.5,29857195.0,403643129.0
2019-10-17,13.4,13.84,13.4,13.74,24386372.0,334062921.0
2019-10-18,13.82,14.04,13.64,13.72,36102980.0,499952280.0
2019-10-21,13.66,13.74,13.42,13.64,21022715.0,285813224.0
2019-10-22,13.98,14.46,13.88,14.28,90993486.0,1292577926.0
2019-10-23,14.36,14.46,14.02,14.16,36392833.0,516301061.0
2019-10-24,14.2,14.26,13.9,14.2,25419055.0,358433323.0
2019-10-25,13.96,14.4,13.96,14.18,30980963.0,439989410.0
2019-10-28,14.5,14.9,14.46,14.68,75049129.0,1106195335.0
2019-10-29,15.08,15.16,14.72,14.92,72114868.0,1076691102.0
2019-10-30,15.1,15.1,14.64,14.72,43633371.0,643197403.0
2019-10-31,14.8,15.0,14.78,14.9,29683891.0,442080691.0
2019-11-01,14.74,14.96,14.74,14.86,17945715.0,266821370.0
2019-11-04,15.02,15.28,14.98,15.2,45596340.0,690667267.0
2019-11-05,15.34,15.38,15.14,15.34,34946669.0,533826957.0
2019-11-06,15.26,15.28,14.88,15.2,44852723.0,678350873.0
2019-11-07,15.36,15.76,15.14,15.26,45402747.0,699196066.0
2019-11-08,15.38,15.78,15.28,15.54,55878487.0,871886999.0
2019-11-11,15.2,15.3,15.04,15.12,39282064.0,595133595.0
2019-11-12,15.32,15.52,15.02,15.2,24746264.0,377013729.0
2019-11-13,15.0,15.0,14.54,14.62,43777276.0,644037333.0
2019-11-14,14.5,14.84,14.5,14.62,34107604.0,498752213.0
2019-11-15,14.7,14.9,14.62,14.78,27544912.0,406426997.0
2019-11-18,14.84,15.48,14.58,15.44,46811221.0,713166727.0
2019-11-19,15.34,15.5,15.2,15.46,25597323.0,394291371.0
2019-11-20,15.2,15.36,15.02,15.06,27833380.0,422043969.0
2019-11-21,14.94,15.18,14.74,15.0,29514486.0,442203641.0
2019-11-22,15.16,15.16,14.84,14.86,20257604.0,302727527.0
2019-11-25,14.9,15.36,14.9,15.28,27127680.0,412431273.0
2019-11-26,15.46,15.72,15.38,15.5,47271142.0,734498174.0
2019-11-27,15.48,15.76,15.22,15.3,31309648.0,483122661.0
2019-11-28,15.12,15.24,14.98,15.08,27345518.0,412737700.0
2019-11-29,15.06,15.06,14.52,14.64,44298084.0,650324414.0
2019-12-02,14.72,14.94,14.64,14.8,25274009.0,374250005.0
2019-12-03,14.74,15.0,14.6,14.9,21185017.0,314710285.0
2019-12-04,14.66,15.08,14.64,14.98,33768692.0,504690193.0
2019-12-05,15.24,15.24,14.96,15.18,23608099.0,357053185.0
2019-12-06,15.18,15.44,15.14,15.36,33553228.0,514292976.0
2019-12-09,15.5,15.5,14.78,14.84,47689772.0,715994335.0
2019-12-10,14.96,15.18,14.82,14.88,37523857.0,562749197.0
2019-12-11,14.86,15.12,14.82,15.0,27636851.0,413244815.0
2019-12-12,15.14,15.38,14.9,15.36,40652620.0,620607035.0
2019-12-13,15.74,15.78,15.32,15.4,40820529.0,631256051.0
2019-12-16,15.3,15.56,15.18,15.34,31099748.0,479375930.0
2019-12-17,15.4,15.54,15.16,15.24,39422190.0,604303391.0
2019-12-18,15.24,15.34,14.86,14.96,49321648.0,741144579.0
2019-12-19,15.04,15.04,14.66,14.76,33590710.0,495367896.0
2019-12-20,14.68,14.78,14.56,14.62,35579734.0,521529715.0
2019-12-23,14.68,14.88,14.62,14.8,29417405.0,434252099.0
2019-12-24,14.68,14.88,14.68,14.78,9707809.0,143485898.0
2019-12-27,14.78,15.16,14.78,15.06,29934244.0,450304147.0
2019-12-30,15.04,15.58,14.94,15.32,47296189.0,726563523.0
2019-12-31,15.26,15.5,15.16,15.24,14334900.0,219577068.0
2020-01-02,15.28,15.62,15.26,15.6,43850599.0,680428658.0
2020-01-03,15.98,16.28,15.7,15.76,85452600.0,1369922938.0
2020-01-06,15.66,15.92,15.32,15.44,37967642.0,591531035.0
2020-01-07,15.58,15.98,15.52,15.68,54555489.0,860469775.0
2020-01-08,15.48,15.68,15.32,15.54,29886407.0,463942909.0
2020-01-09,15.8,16.18,15.72,16.08,44723813.0,716323398.0
2020-01-10,16.02,16.2,15.9,16.0,35089769.0,562474335.0
2020-01-13,16.2,16.38,16.02,16.34,34464906.0,559874087.0
2020-01-14,16.5,16.5,16.0,16.04,38215775.0,617450060.0
2020-01-15,16.0,16.14,15.7,15.92,35839403.0,569406351.0
2020-01-16,15.98,16.06,15.66,15.8,38290117.0,605100542.0
2020-01-17,15.86,15.88,15.34,15.52,68385362.0,1057837003.0
2020-01-20,15.5,15.54,14.7,14.84,88367469.0,1323931488.0
2020-01-21,14.6,14.82,13.98,14.06,118755501.0,1686420492.0
2020-01-22,14.2,14.42,14.02,14.1,93602259.0,1326552978.0
2020-01-23,14.0,14.08,13.42,13.6,76655154.0,1044901737.0
2020-01-24,13.6,13.66,13.3,13.44,27604498.0,370730336.0
2020-01-29,12.74,13.16,12.74,13.04,68124651.0,886124202.0
2020-01-30,13.0,13.06,12.46,12.52,58434184.0,740488455.0
2020-01-31,12.74,12.82,12.5,12.54,49200031.0,620334774.0
2020-02-03,12.5,12.92,12.22,12.6,120231213.0,1517566405.0
2020-02-04,12.5,12.82,12.4,12.76,91534205.0,1155726153.0
2020-02-05,13.3,13.52,12.82,13.06,96425743.0,1266811546.0
2020-02-06,13.24,13.5,13.08,13.38,67885562.0,905873755.0
2020-02-07,13.3,13.54,13.22,13.5,47441694.0,635553143.0
2020-02-10,13.56,14.0,13.38,13.7,70382889.0,966012176.0
2020-02-11,14.88,15.28,14.38,14.48,144879314.0,2130658212.0
2020-02-12,14.6,14.9,14.4,14.72,64394477.0,949032108.0
2020-02-13,14.8,14.84,14.5,14.6,45047233.0,658759387.0
2020-02-14,14.48,14.66,14.3,14.48,49968333.0,723480845.0
2020-02-17,14.44,15.2,14.44,15.06,81562612.0,1223702971.0
2020-02-18,15.06,15.18,14.76,15.06,45838900.0,686572261.0
2020-02-19,14.98,15.2,14.96,15.06,26730134.0,403357352.0
2020-02-20,15.38,15.38,14.94,15.1,45113143.0,681601362.0
2020-02-21,15.0,15.2,14.9,15.1,49089240.0,740973051.0
2020-02-24,14.8,15.0,14.68,14.8,45344493.0,672090435.0
2020-02-25,14.8,15.06,14.56,15.04,43815446.0,652023094.0
2020-02-26,14.6,15.1,14.56,14.86,33717982.0,500367663.0
2020-02-27,14.72,14.84,14.5,14.74,32433580.0,474400415.0
2020-02-28,14.18,14.38,13.72,13.86,73450408.0,1022197314.0
2020-03-02,13.64,14.34,13.64,14.26,47990464.0,679074108.0
2020-03-03,14.48,14.54,14.06,14.1,30431436.0,434614324.0
2020-03-04,14.2,14.32,13.86,14.1,45955295.0,648094490.0
2020-03-05,14.2,14.38,14.1,14.3,32742407.0,467297382.0
2020-03-06,14.02,14.1,13.9,14.08,33307233.0,466689350.0
2020-03-09,13.42,13.76,13.3,13.44,61173918.0,828019253.0
2020-03-10,13.4,13.94,13.36,13.72,62216195.0,850967037.0
2020-03-11,13.68,13.82,13.3,13.4,36893771.0,497318970.0
2020-03-12,12.9,12.96,12.54,12.8,58749510.0,746510971.0
2020-03-13,11.18,12.92,11.18,12.86,99031244.0,1198155547.0
2020-03-16,12.5,12.58,11.78,11.94,66118656.0,800543645.0
2020-03-17,12.4,12.4,11.38,11.78,48354076.0,567607745.0
2020-03-18,11.4,11.82,10.7,10.78,74126515.0,831201217.0
2020-03-19,10.52,10.88,10.0,10.3,89013044.0,919203822.0
2020-03-20,10.22,10.96,10.22,10.96,54818745.0,587829933.0
2020-03-23,10.36,10.44,10.0,10.08,52141304.0,531219088.0
2020-03-24,10.5,11.24,10.4,11.16,72896500.0,794410454.0
2020-03-25,11.7,12.2,11.64,11.98,96829173.0,1151781466.0
2020-03-26,12.0,12.0,11.52,11.7,45719647.0,537327160.0
2020-03-27,11.9,12.06,11.64,11.76,39210553.0,463060025.0
2020-03-30,11.4,11.58,11.18,11.28,35878878.0,407294127.0
2020-03-31,11.64,11.64,11.2,11.44,46655776.0,532188919.0
2020-04-01,11.2,11.5,10.72,10.84,61795659.0,681581960.0
2020-04-02,10.76,11.04,10.62,10.88,34081784.0,370119335.0
2020-04-03,10.98,11.04,10.72,10.88,27704912.0,300750438.0
2020-04-06,11.18,11.22,10.76,11.22,33437877.0,369035406.0
2020-04-07,11.4,11.56,11.14,11.46,62907028.0,714388072.0
2020-04-08,11.3,11.46,11.06,11.12,50479074.0,567780923.0
2020-04-09,11.38,11.62,11.12,11.5,75437631.0,855885561.0
2020-04-14,11.58,11.6,11.2,11.3,52371398.0,591784674.0
2020-04-15,11.44,11.58,11.12,11.2,34162245.0,386550417.0
2020-04-16,11.08,11.16,10.92,11.06,45084068.0,497566292.0
2020-04-17,11.3,11.92,11.24,11.7,99902398.0,1167394593.0
2020-04-20,11.9,11.94,11.6,11.72,39529876.0,465902716.0
2020-04-21,11.72,11.72,11.14,11.26,54819714.0,617732561.0
2020-04-22,11.0,11.54,11.0,11.4,43834661.0,495173917.0
2020-04-23,11.52,11.6,11.32,11.48,24836454.0,284860917.0
2020-04-24,11.3,11.58,11.14,11.42,26464055.0,302672311.0
2020-04-27,11.58,11.9,11.44,11.88,48969364.0,574917744.0
2020-04-28,11.96,11.96,11.62,11.88,38431953.0,454263149.0
2020-04-29,11.96,12.26,11.86,12.12,51638625.0,625100017.0
2020-05-04,11.5,11.74,11.48,11.54,49850658.0,578701374.0
2020-05-05,11.72,12.16,11.66,12.08,36784083.0,442531445.0
2020-05-06,12.02,12.68,12.0,12.58,55763866.0,696907803.0
2020-05-07,12.72,12.84,12.52,12.62,42781140.0,542448895.0
2020-05-08,12.72,13.2,12.66,12.96,56154482.0,729645650.0
2020-05-11,13.1,13.3,13.02,13.08,47359201.0,622665151.0
2020-05-12,12.9,13.02,12.66,12.9,33519349.0,429842027.0
2020-05-13,12.8,12.9,12.6,12.8,26126099.0,333181980.0
2020-05-14,12.64,12.74,12.36,12.6,36507908.0,457992819.0
2020-05-15,12.46,12.66,12.28,12.42,43727490.0,544488554.0
2020-05-18,12.4,12.8,12.34,12.7,31475714.0,397422222.0
2020-05-19,13.08,13.2,12.8,12.98,42160379.0,548464896.0
2020-05-20,12.98,13.14,12.76,12.86,34942004.0,449773498.0
2020-05-21,12.88,13.04,12.54,12.68,34918419.0,443946503.0
2020-05-22,12.4,12.5,11.76,11.9,73152772.0,879055137.0
2020-05-25,11.9,12.16,11.74,12.04,28790310.0,343669779.0
2020-05-26,12.3,12.42,12.14,12.22,31470235.0,386715822.0
2020-05-27,12.3,12.3,11.92,12.1,39830953.0,480556944.0
2020-05-28,11.74,12.0,11.5,11.72,44296164.0,520900656.0
2020-05-29,10.7,10.7,10.4,10.6,360072983.0,3812867230.0
2020-06-01,10.78,11.04,10.78,10.9,147889312.0,1615441288.0
2020-06-02,11.02,11.3,10.96,11.08,96869858.0,1071839561.0
2020-06-03,11.32,11.46,11.2,11.46,152960783.0,1740202097.0
2020-06-04,11.66,11.8,11.3,11.5,83868272.0,969752045.0
2020-06-05,11.5,11.76,11.34,11.76,68348742.0,791611041.0
2020-06-08,12.18,12.2,11.8,11.96,80000571.0,960919919.0
2020-06-09,12.12,12.54,12.06,12.42,127562752.0,1587203987.0
2020-06-10,12.54,12.54,12.14,12.14,118007567.0,1445660297.0
2020-06-11,12.18,12.46,11.8,11.98,90174555.0,1090570279.0
2020-06-12,11.6,12.06,11.5,12.04,56083997.0,664938102.0
2020-06-15,11.7,12.02,11.4,11.6,78375937.0,911612341.0
2020-06-16,11.94,11.96,11.8,11.82,35579555.0,422755588.0
2020-06-17,11.7,11.98,11.7,11.9,28642157.0,339179696.0
2020-06-18,12.8,12.8,12.2,12.6,159073181.0,1990494466.0
2020-06-19,12.7,12.86,12.5,12.52,79527315.0,1004596232.0
2020-06-22,12.62,12.64,12.18,12.28,54178209.0,669803242.0
2020-06-23,12.28,12.4,12.0,12.34,43270158.0,530504488.0
2020-06-24,12.5,12.56,12.28,12.28,35591017.0,441011338.0
2020-06-26,12.48,12.92,12.34,12.64,98081252.0,1248956285.0
2020-06-29,12.72,12.72,12.04,12.28,78372209.0,957869136.0
2020-06-30,12.38,12.46,12.0,12.2,58041437.0,705475256.0
2020-07-02,12.24,12.58,12.24,12.58,81265045.0,1014712230.0
2020-07-03,12.76,14.16,12.76,14.16,251359254.0,3430689527.0
2020-07-06,14.7,16.44,14.66,16.4,344774509.0,5345693659.0
2020-07-07,17.64,18.9,16.44,16.94,341300272.0,5907213420.0
2020-07-08,16.6,17.1,16.32,17.0,167591158.0,2805088875.0
2020-07-09,17.2,17.4,16.72,16.94,123639485.0,2105073728.0
2020-07-10,16.7,18.0,16.54,17.6,180705226.0,3162926115.0
2020-07-13,18.08,19.36,17.82,19.06,254704012.0,4769013710.0
2020-07-14,18.5,18.7,17.6,18.1,179039716.0,3241740027.0
2020-07-15,18.4,18.6,17.38,17.7,129975915.0,2321935827.0
2020-07-16,17.52,17.7,15.52,15.58,243720025.0,3980948655.0
2020-07-17,15.5,16.4,15.5,15.9,130694663.0,2086669431.0
2020-07-20,15.96,16.3,14.88,16.12,119467593.0,1885625014.0
2020-07-21,16.8,16.8,16.24,16.48,88855943.0,1464192921.0
2020-07-22,16.44,16.76,15.64,15.64,96914078.0,1574373679.0
2020-07-23,15.8,16.22,15.54,16.1,72874717.0,1161365425.0
2020-07-24,15.8,16.8,15.64,15.88,106938126.0,1728118105.0
2020-07-27,15.94,16.22,15.46,15.72,57837597.0,914353339.0
2020-07-28,16.02,16.28,15.84,16.0,58633754.0,938817084.0
2020-07-29,16.0,16.58,15.76,16.42,75523010.0,1229172803.0
2020-07-30,16.66,17.2,16.24,16.26,108201427.0,1811977345.0
2020-07-31,16.38,16.72,16.18,16.3,58628840.0,962555504.0
2020-08-03,16.28,16.78,16.26,16.6,52584966.0,870712287.0
2020-08-04,16.9,17.18,16.68,16.86,69952855.0,1185004233.0
2020-08-05,16.92,17.32,16.72,17.26,54975849.0,939010586.0
2020-08-06,17.38,17.44,16.84,17.12,49058878.0,837693774.0
2020-08-07,16.98,17.24,16.46,16.84,52797776.0,886754300.0
2020-08-10,16.6,16.92,16.4,16.76,35742652.0,596016676.0
2020-08-11,16.9,17.28,16.72,16.88,41912200.0,713303524.0
2020-08-12,16.8,17.0,16.52,16.98,41903036.0,702835845.0
2020-08-13,17.2,17.2,16.66,16.74,38261552.0,645407506.0
2020-08-14,16.5,16.86,16.42,16.7,32646487.0,544883841.0
2020-08-17,16.6,16.78,15.6,15.64,137682677.0,2203584005.0
2020-08-18,15.9,16.28,15.78,15.96,70651585.0,1129301798.0
2020-08-19,16.0,16.08,15.7,16.0,38108266.0,606169734.0
2020-08-20,15.78,15.82,15.34,15.54,62171902.0,960881211.0
2020-08-21,15.68,15.7,15.42,15.5,42626482.0,662702278.0
2020-08-24,15.5,15.66,15.2,15.56,71111901.0,1094815025.0
2020-08-25,15.46,15.92,15.42,15.74,46767461.0,736847709.0
2020-08-26,15.86,16.06,15.46,15.56,44549379.0,699204391.0
2020-08-27,15.62,15.84,15.42,15.84,45863457.0,716401480.0
2020-08-28,15.7,15.94,15.58,15.74,50377785.0,795497796.0
2020-08-31,16.5,17.2,16.32,16.38,184730827.0,3094638582.0
2020-09-01,16.4,17.12,16.26,17.1,101502692.0,1703679258.0
2020-09-02,17.6,17.88,17.22,17.66,133945672.0,2348783090.0
2020-09-03,17.5,17.58,16.52,16.52,116389913.0,1965729244.0
2020-09-04,15.88,16.42,15.7,16.34,88593839.0,1428847849.0
2020-09-07,16.34,16.66,16.16,16.36,50672698.0,833314620.0
2020-09-08,16.52,16.54,15.9,16.34,42902495.0,696791312.0
2020-09-09,16.0,16.14,15.8,15.94,43800086.0,698334724.0
2020-09-10,16.12,16.2,15.8,15.8,29460851.0,471184345.0
2020-09-11,15.8,16.28,15.8,16.2,37269774.0,602483672.0
2020-09-14,16.34,16.38,15.96,15.96,28838996.0,465715753.0
2020-09-15,15.9,16.38,15.82,16.18,37687232.0,608534821.0
2020-09-16,16.16,16.26,15.92,16.06,40629521.0,652637730.0
2020-09-17,16.08,16.32,15.92,16.06,53478413.0,860016050.0
2020-09-18,16.02,16.2,15.84,15.98,39853184.0,639737498.0
2020-09-21,16.08,16.58,15.92,16.0,71487604.0,1161568926.0
2020-09-22,16.08,16.1,15.22,15.3,106346940.0,1647924550.0
2020-09-23,15.38,15.76,15.26,15.64,46056614.0,715264892.0
2020-09-24,15.44,15.48,15.22,15.3,48852936.0,750014798.0
2020-09-25,15.5,15.6,14.96,15.18,48834672.0,745065171.0
2020-09-28,15.24,15.42,15.04,15.26,32040735.0,486775068.0
2020-09-29,15.5,15.54,15.12,15.12,37770380.0,575904006.0
2020-09-30,15.26,15.66,15.16,15.4,38570134.0,596057647.0
2020-10-05,15.6,15.64,14.72,14.72,58821955.0,877578443.0
2020-10-06,14.78,15.7,14.78,15.62,75055595.0,1160643231.0
2020-10-07,15.54,15.62,15.38,15.5,23683295.0,367437378.0
2020-10-08,15.48,15.6,15.16,15.6,40557384.0,624424551.0
2020-10-09,15.78,16.04,15.64,15.8,69114128.0,1095909484.0
2020-10-12,15.8,16.52,15.8,16.42,83564422.0,1364649038.0
2020-10-14,16.92,17.1,16.58,16.74,122751135.0,2068698608.0
2020-10-15,16.82,17.4,16.64,16.7,105225635.0,1793984029.0
2020-10-16,16.74,16.86,16.18,16.4,55788483.0,918169213.0
2020-10-19,16.54,16.62,16.08,16.12,29370430.0,477187008.0
2020-10-20,16.18,16.68,16.06,16.62,37216897.0,611920314.0
2020-10-21,16.6,16.8,16.34,16.38,39896475.0,658031334.0
2020-10-22,16.38,16.52,16.2,16.3,26025963.0,425820095.0
2020-10-23,16.34,16.56,16.12,16.3,30866650.0,504353975.0
2020-10-27,16.22,16.6,16.04,16.18,49653331.0,809628675.0
2020-10-28,16.2,16.3,15.68,15.9,54280744.0,863528532.0
2020-10-29,15.62,16.3,15.5,16.06,55198872.0,879389177.0
2020-10-30,15.82,16.5,15.6,15.92,79060362.0,1268181342.0
2020-11-02,16.06,18.3,15.98,18.08,328324073.0,5767801510.0
2020-11-03,18.3,19.5,18.2,19.08,278186944.0,5271546902.0
2020-11-04,19.02,20.45,18.84,19.68,187007901.0,3719651998.0
2020-11-05,20.5,21.4,20.15,21.4,182295985.0,3794210756.0
2020-11-06,21.6,22.15,20.1,20.9,189679142.0,3960577683.0
2020-11-09,21.55,22.2,20.65,21.05,140681956.0,2997278484.0
2020-11-10,21.25,21.25,19.8,20.4,112756071.0,2293413619.0
2020-11-11,20.0,21.1,19.18,19.24,139307569.0,2760099497.0
2020-11-12,19.8,20.6,19.72,20.5,83249527.0,1675212542.0
2020-11-13,21.0,21.2,20.2,20.7,72583325.0,1499533534.0
2020-11-16,21.0,21.2,20.5,20.85,61783858.0,1292533073.0
2020-11-17,21.2,22.0,20.9,21.1,97632816.0,2099782023.0
2020-11-18,21.8,22.95,21.5,22.55,132896710.0,2977113887.0
2020-11-19,22.75,23.0,21.7,22.65,155357486.0,3472840297.0
2020-11-20,22.25,23.6,22.25,23.1,102901193.0,2383939494.0
2020-11-23,23.4,23.75,22.6,23.4,98546496.0,2285901156.0
2020-11-24,23.9,24.45,23.3,23.95,112223718.0,2670201607.0
2020-11-25,24.2,24.3,22.8,22.9,97944697.0,2294250856.0
2020-11-26,23.0,23.2,21.85,22.9,93305524.0,2094209434.0
2020-11-27,22.95,23.15,22.45,22.7,48686443.0,1105868373.0
2020-11-30,22.55,22.7,21.55,21.55,104628999.0,2288716495.0
2020-12-01,21.75,22.0,21.5,21.65,52396690.0,1138089079.0
2020-12-02,21.75,21.75,20.2,20.75,145101645.0,2988231496.0
2020-12-03,20.6,21.1,20.35,20.6,66815039.0,1381407192.0
2020-12-04,20.7,21.25,20.55,21.05,75855546.0,1585390599.0
2020-12-07,21.05,21.05,20.35,20.85,53522773.0,1103554309.0
2020-12-08,21.05,21.4,20.55,20.95,68430260.0,1430406481.0
2020-12-09,21.05,22.2,21.05,21.75,106587082.0,2324973000.0
2020-12-10,21.45,21.75,21.1,21.2,54524621.0,1163486529.0
2020-12-11,21.75,22.45,21.4,22.0,92155565.0,2034538708.0
2020-12-14,21.95,22.7,21.65,22.45,69483961.0,1546559554.0
2020-12-15,22.5,23.7,22.0,23.05,115614692.0,2658492470.0
2020-12-16,23.55,23.65,22.6,22.85,63492577.0,1457056764.0
2020-12-17,22.95,23.0,22.3,22.85,46674299.0,1058085976.0
2020-12-18,22.65,23.4,22.65,23.05,56101507.0,1294030476.0
2020-12-21,23.0,23.7,22.7,23.35,70377306.0,1641979025.0
2020-12-22,23.1,23.3,22.0,22.1,82610964.0,1864560433.0
2020-12-23,22.1,23.5,21.95,23.5,94537762.0,2188574434.0
2020-12-24,23.6,23.6,22.95,23.35,29699948.0,689980382.0
2020-12-28,23.35,24.75,23.35,24.5,116399007.0,2823002385.0
2020-12-29,24.8,24.9,23.5,23.85,74340401.0,1778797675.0
2020-12-30,23.9,24.85,23.9,24.45,67656450.0,1655840890.0
2020-12-31,24.65,26.9,24.65,26.5,130667976.0,3403721853.0
2021-01-04,26.5,27.1,26.0,26.9,103389151.0,2765748621.0
2021-01-05,26.05,26.85,26.05,26.35,81057545.0,2146488241.0
2021-01-06,26.6,26.95,25.8,26.45,73651512.0,1939218256.0
2021-01-07,26.6,28.5,26.5,27.8,118060002.0,3301027338.0
2021-01-08,29.2,33.85,29.0,33.25,364051364.0,11653651131.0
2021-01-11,34.35,35.5,31.5,32.4,237336961.0,7839534573.0
2021-01-12,32.2,32.7,30.6,32.35,114117304.0,3634813837.0
2021-01-13,32.9,33.5,31.6,32.7,106495434.0,3470599568.0
2021-01-14,33.45,34.5,32.75,32.8,112031931.0,3744194713.0
2021-01-15,32.8,33.0,30.2,31.2,149614847.0,4653737328.0
2021-01-18,30.65,32.3,30.3,32.0,74914649.0,2369327899.0
2021-01-19,32.2,32.45,31.2,32.0,90572075.0,2878900447.0
2021-01-20,34.2,34.95,33.0,33.8,160289899.0,5429407666.0
2021-01-21,34.1,34.25,33.0,33.3,85124710.0,2839577213.0
2021-01-22,33.05,33.3,31.75,32.0,100642768.0,3238822489.0
2021-01-25,32.45,34.25,32.2,33.8,112124340.0,3765253760.0
2021-01-26,34.7,36.45,33.05,33.4,178000933.0,6150877859.0
2021-01-27,33.55,34.15,31.0,31.7,138030782.0,4412351366.0
2021-01-28,30.5,31.2,29.4,29.5,150558748.0,4546685131.0
2021-01-29,30.55,30.85,27.6,28.35,179458341.0,5169694725.0
2021-02-01,28.35,29.15,27.85,28.75,83876810.0,2404967574.0
2021-02-02,29.6,30.65,29.2,30.0,95822499.0,2873878076.0
2021-02-03,30.45,30.45,29.05,29.45,66538938.0,1960917588.0
2021-02-04,29.0,29.25,28.0,28.8,82029161.0,2333626508.0
2021-02-05,29.0,29.35,27.6,28.1,84295948.0,2361632130.0
2021-02-08,28.7,28.8,27.85,28.25,46860394.0,1324381762.0
2021-02-09,28.6,29.8,28.45,29.3,80605325.0,2360881505.0
2021-02-10,29.85,30.1,29.0,29.95,74463700.0,2209519807.0
2021-02-11,29.75,29.85,28.85,29.85,23820173.0,701794307.0
2021-02-16,30.55,30.85,29.6,30.25,51193346.0,1545968975.0
2021-02-17,30.0,30.65,29.6,30.2,45851899.0,1381692275.0
2021-02-18,30.35,30.5,29.2,29.4,60971955.0,1807299514.0
2021-02-19,29.5,29.6,28.0,29.25,89102220.0,2551223334.0
2021-02-22,29.5,30.15,28.1,28.35,96396340.0,2802596354.0
2021-02-23,28.0,28.25,27.0,27.5,99943185.0,2748842577.0
2021-02-24,27.4,27.8,25.5,25.9,157663007.0,4117533508.0
2021-02-25,26.4,27.15,26.1,26.6,92289085.0,2462943488.0
2021-02-26,25.8,26.2,25.0,25.2,114252998.0,2907376813.0
2021-03-01,25.85,26.5,25.4,26.05,57924048.0,1508427390.0
2021-03-02,26.3,26.9,25.65,25.95,56408654.0,1473384150.0
2021-03-03,25.95,26.15,25.55,26.15,39967886.0,1035660618.0
2021-03-04,25.5,25.75,24.6,24.65,77879836.0,1941006590.0
2021-03-05,23.75,25.05,23.1,24.35,77628222.0,1880831519.0
2021-03-08,24.5,24.6,21.7,22.05,130147540.0,2939295188.0
2021-03-09,22.0,23.3,20.9,22.45,97850780.0,2187812910.0
2021-03-10,23.95,23.95,22.75,23.05,65089357.0,1505903631.0
2021-03-11,23.05,24.1,23.0,23.95,47305469.0,1124171617.0
2021-03-12,24.4,24.65,23.6,23.75,53370874.0,1281038013.0
2021-03-15,23.8,24.15,22.85,23.25,55173442.0,1285593165.0
2021-03-16,23.5,24.2,23.5,23.95,46511449.0,1113074474.0
2021-03-17,24.15,24.85,23.65,24.55,51850522.0,1272575864.0
2021-03-18,25.0,25.65,24.55,24.7,57856295.0,1445076258.0
2021-03-19,24.55,24.55,23.55,23.95,69115567.0,1648196643.0
2021-03-22,24.05,24.45,23.75,24.15,31192763.0,752732897.0
2021-03-23,24.15,24.2,22.3,22.55,136441063.0,3120632181.0
2021-03-24,21.85,21.95,19.44,19.9,288862991.0,5823873364.0
2021-03-25,19.68,19.94,18.9,19.68,81934099.0,1600457851.0
2021-03-26,19.96,20.7,19.92,20.4,72633372.0,1480698275.0
2021-03-29,20.45,20.65,19.62,19.9,55146998.0,1098427006.0
2021-03-30,19.9,20.1,19.34,20.0,54918112.0,1085981052.0
2021-03-31,20.45,20.6,19.52,19.78,65135364.0,1290095814.0
2021-04-01,20.1,20.7,19.96,20.55,63191949.0,1288293630.0
2021-04-07,20.7,20.95,20.15,20.4,52390434.0,1068407181.0
2021-04-08,20.3,21.05,20.05,20.75,49635190.0,1028636195.0
2021-04-09,20.9,21.15,20.45,20.7,42092518.0,872229021.0
2021-04-12,20.7,20.85,19.06,19.24,113747601.0,2200539824.0
2021-04-13,19.34,19.66,19.12,19.24,50910710.0,983039243.0
2021-04-14,19.86,20.7,19.8,20.2,84129662.0,1707144923.0
2021-04-15,20.15,20.4,19.88,20.35,32173051.0,647697904.0
2021-04-16,21.25,22.35,20.95,21.8,186955692.0,4065212510.0
2021-04-19,22.1,23.35,22.0,22.85,124262016.0,2850751471.0
2021-04-20,22.85,23.5,22.6,23.1,96239706.0,2222693384.0
2021-04-21,22.65,22.8,22.05,22.5,58400188.0,1307115669.0
2021-04-22,22.55,22.65,21.25,22.1,90898630.0,1981961303.0
2021-04-23,22.2,22.45,21.9,22.2,41973621.0,928876017.0
2021-04-26,22.2,22.3,21.35,21.55,59670304.0,1292346879.0
2021-04-27,21.7,21.8,21.35,21.4,45471824.0,978519070.0
2021-04-28,21.7,21.7,20.5,20.65,73192519.0,1519004534.0
2021-04-29,20.65,21.25,20.3,20.95,36616802.0,764085030.0
2021-04-30,20.55,20.75,20.05,20.15,46156288.0,935038800.0
2021-05-03,20.1,20.2,19.72,19.8,38853538.0,770697136.0
2021-05-04,19.82,20.15,19.6,20.05,24178177.0,481939956.0
2021-05-05,19.76,20.3,19.7,20.05,21867463.0,439557170.0
2021-05-06,20.3,20.35,19.5,19.76,56752604.0,1119676292.0
2021-05-07,19.74,19.88,19.1,19.22,58313874.0,1124487824.0
2021-05-10,19.3,19.64,19.14,19.2,32262254.0,623578575.0
2021-05-11,18.86,18.86,17.6,17.98,102159098.0,1839043103.0
2021-05-12,17.9,18.54,17.46,18.36,77134992.0,1395507182.0
2021-05-13,17.78,18.0,17.6,17.68,59795266.0,1060400679.0
2021-05-14,17.7,17.82,17.34,17.58,34882950.0,612426893.0
2021-05-17,17.82,18.58,17.66,18.24,57305816.0,1044234082.0
2021-05-18,18.42,18.46,18.0,18.3,38250152.0,695668191.0
2021-05-20,18.3,19.56,18.26,19.08,105327672.0,2012536928.0
2021-05-21,19.3,19.48,18.92,19.2,39484123.0,755879103.0
2021-05-24,19.3,19.4,18.48,18.88,38252718.0,717757886.0
2021-05-25,18.92,19.54,18.8,19.48,63322024.0,1223429456.0
2021-05-26,19.68,20.3,19.62,19.7,59691321.0,1184317594.0
2021-05-27,19.76,20.05,19.32,19.72,54960060.0,1084856488.0
2021-05-28,19.8,20.5,19.54,19.66,69764240.0,1397420122.0
2021-05-31,19.72,19.92,19.36,19.74,40046426.0,787081441.0
2021-06-01,19.68,20.35,19.58,20.2,41736193.0,838109555.0
2021-06-02,20.55,22.0,20.4,21.4,136391865.0,2923995722.0
2021-06-03,21.85,22.3,20.9,20.95,76346501.0,1643632852.0
2021-06-04,20.95,22.9,20.55,22.25,166314951.0,3703764268.0
2021-06-07,22.45,22.7,20.95,21.1,129771138.0,2778295528.0
2021-06-08,20.5,22.15,20.5,21.4,81816492.0,1770347058.0
2021-06-09,21.05,22.0,20.8,21.75,59235553.0,1280331653.0
2021-06-10,21.8,22.55,21.55,22.0,86475048.0,1915339909.0
2021-06-11,22.4,22.5,21.55,22.05,63194481.0,1395176462.0
2021-06-15,22.35,23.25,22.0,23.1,112432657.0,2559632755.0
2021-06-16,23.2,23.2,21.9,22.15,85304596.0,1908648785.0
2021-06-17,21.9,23.2,21.65,22.8,78404769.0,1789352229.0
2021-06-18,23.1,24.3,22.9,24.0,178987051.0,4256601483.0
2021-06-21,23.65,25.75,23.5,25.05,159582778.0,3997242671.0
2021-06-22,25.2,25.7,24.5,24.95,83477022.0,2106326204.0
2021-06-23,25.15,27.1,25.1,26.4,169565721.0,4516840722.0
2021-06-24,26.7,27.4,25.9,26.1,92056833.0,2435161909.0
2021-06-25,26.75,26.75,25.55,26.05,81347864.0,2120267496.0
2021-06-28,25.5,26.4,24.8,25.5,106166984.0,2726303859.0
2021-06-29,25.55,26.1,25.15,25.3,81986253.0,2093873079.0
2021-06-30,25.3,25.4,23.6,24.45,137827252.0,3356575858.0
2021-07-02,24.1,24.15,22.65,23.3,149586596.0,3462332335.0
2021-07-05,23.15,24.85,22.9,24.55,93091624.0,2267755365.0
2021-07-06,24.6,24.75,23.7,24.25,48476593.0,1168289786.0
2021-07-07,23.3,24.4,22.85,24.05,94366790.0,2231447178.0
2021-07-08,23.95,25.1,23.8,24.15,106136369.0,2597246942.0
2021-07-09,24.15,24.75,23.5,23.65,102942131.0,2461081725.0
2021-07-12,24.0,24.75,23.05,24.15,84081488.0,2025875797.0
2021-07-13,24.45,25.85,24.2,25.4,97465454.0,2466247766.0
2021-07-14,25.2,25.25,24.25,24.75,62805711.0,1548588582.0
2021-07-15,24.6,24.6,23.9,24.35,53126208.0,1287315862.0
2021-07-16,24.35,25.0,24.15,24.35,50168690.0,1232109742.0
2021-07-19,24.0,24.4,23.6,23.7,42848082.0,1021256001.0
2021-07-20,23.25,23.45,22.25,22.9,129475446.0,2931859662.0
2021-07-21,23.15,23.75,23.15,23.4,73661340.0,1723319659.0
2021-07-22,23.85,24.45,23.5,23.95,84863199.0,2033266385.0
2021-07-23,23.95,24.4,23.6,23.7,48928246.0,1173336343.0
2021-07-26,23.45,24.7,23.2,23.4,129738770.0,3104980143.0
2021-07-27,23.4,24.85,21.55,22.75,175902028.0,4125856986.0
2021-07-28,23.25,23.8,22.05,23.75,104564023.0,2422552083.0
2021-07-29,24.6,25.7,24.3,25.55,148565693.0,3742514018.0
2021-07-30,25.0,26.45,24.8,25.95,91872602.0,2377438016.0
2021-08-02,26.5,27.25,25.75,26.75,111079922.0,2956522574.0
2021-08-03,27.2,28.0,26.55,26.85,135598940.0,3719422442.0
2021-08-04,26.85,28.7,26.65,28.2,135773283.0,3819303011.0
2021-08-05,28.35,28.75,27.8,28.05,86072091.0,2431987050.0
2021-08-06,28.15,28.6,26.95,27.3,83561889.0,2311688520.0
2021-08-09,26.3,27.65,26.0,27.05,84346324.0,2266516464.0
2021-08-10,27.45,27.5,26.1,27.4,68869187.0,1853091417.0
2021-08-11,27.0,28.6,26.85,28.3,97579456.0,2741347825.0
2021-08-12,28.0,29.8,27.85,28.9,122005164.0,3540080030.0
2021-08-13,28.55,29.6,28.2,28.45,64622672.0,1863922072.0
2021-08-16,28.1,28.45,26.3,26.55,112875476.0,3032742563.0
2021-08-17,26.5,27.05,24.4,25.6,120112732.0,3073191900.0
2021-08-18,25.5,26.8,24.6,26.25,92387936.0,2397665563.0
2021-08-19,27.2,28.0,26.5,26.8,103642738.0,2812743639.0
2021-08-20,26.65,26.85,25.25,25.75,90440916.0,2341673179.0
2021-08-23,26.3,27.15,25.3,25.6,98040271.0,2552132883.0
2021-08-24,26.05,26.15,24.95,25.4,88045305.0,2233005786.0
2021-08-25,25.55,25.7,24.85,25.5,51936473.0,1314256630.0
2021-08-26,25.3,25.45,24.8,25.15,48151414.0,1206202385.0
2021-08-27,24.9,26.45,24.85,25.8,63974991.0,1651461986.0
2021-08-30,26.5,27.45,26.0,26.9,83863212.0,2253864337.0
2021-08-31,26.8,28.2,26.7,28.1,96836454.0,2668470685.0
2021-09-01,27.8,28.3,27.25,27.6,46617583.0,1293170248.0
2021-09-02,28.2,28.5,27.6,28.1,51665991.0,1449472381.0
2021-09-03,28.05,28.45,27.2,27.4,62031182.0,1715688703.0
2021-09-06,27.15,28.05,27.15,27.95,43782591.0,1211603976.0
2021-09-07,27.85,29.0,27.5,28.65,72319109.0,2058874521.0
2021-09-08,28.35,29.25,27.6,27.75,59614765.0,1679974817.0
2021-09-09,27.55,28.0,26.5,27.1,57307449.0,1556829981.0
2021-09-10,27.1,27.45,26.85,27.15,31163869.0,845664760.0
2021-09-13,26.75,27.15,26.4,26.8,45415864.0,1212456740.0
2021-09-14,26.8,27.1,26.15,26.5,38669461.0,1026459116.0
2021-09-15,26.45,27.1,26.2,26.4,29088327.0,772316987.0
2021-09-16,26.9,26.9,24.95,25.1,54980954.0,1390910332.0
2021-09-17,25.1,25.75,24.75,25.75,60009010.0,1536322650.0
2021-09-20,25.35,25.4,23.45,24.25,59823107.0,1446738351.0
2021-09-21,23.5,24.6,23.5,24.4,21977541.0,532215431.0
2021-09-23,24.8,25.4,22.85,23.15,111018261.0,2613465190.0
2021-09-24,23.15,24.1,22.8,23.0,56996367.0,1328709950.0
2021-09-27,23.1,23.5,21.05,21.95,119388205.0,2610530669.0
2021-09-28,22.05,22.75,21.7,22.45,49122113.0,1103675239.0
2021-09-29,22.0,22.6,21.4,22.55,28144516.0,628940240.0
2021-09-30,22.25,22.9,22.0,22.35,27186656.0,609754020.0
2021-10-04,21.85,22.2,21.35,22.0,25985801.0,566495342.0
2021-10-05,21.6,22.25,21.25,22.05,19772067.0,434351378.0
2021-10-06,22.05,22.25,21.35,21.5,27213740.0,587445139.0
2021-10-07,21.65,22.2,21.5,22.05,26182297.0,573149202.0
2021-10-08,22.05,22.8,21.5,22.2,46636245.0,1030631038.0
2021-10-11,22.2,23.1,22.05,22.7,42963366.0,977603077.0
2021-10-12,22.6,23.7,22.4,22.6,45166124.0,1037550285.0
2021-10-15,23.95,24.75,23.65,24.4,92440502.0,2248179447.0
2021-10-18,24.75,25.4,24.45,24.8,60496300.0,1501080211.0
2021-10-19,25.7,25.8,25.05,25.35,54843175.0,1389342232.0
2021-10-20,25.35,26.9,25.3,26.6,91134978.0,2404906073.0
2021-10-21,26.95,26.95,25.95,26.1,47906765.0,1260378998.0
2021-10-22,25.75,26.85,25.75,26.7,33078141.0,879535911.0
2021-10-25,26.5,27.45,26.2,26.95,38359461.0,1034635060.0
2021-10-26,27.55,28.0,26.7,27.05,45788092.0,1248075866.0
2021-10-27,26.55,26.8,25.9,26.55,43649466.0,1155250561.0
2021-10-28,26.5,26.85,26.05,26.35,29813204.0,785684077.0
2021-10-29,26.1,27.2,25.75,27.05,41910045.0,1117263157.0
2021-11-01,27.35,27.7,25.7,26.1,58924555.0,1546561775.0
2021-11-02,26.5,27.1,25.9,26.2,59035403.0,1560381382.0
2021-11-03,26.1,26.35,24.6,25.65,57275420.0,1445235485.0
2021-11-04,25.65,26.35,25.55,26.2,34955281.0,909760457.0
2021-11-05,25.9,26.85,25.65,26.5,55777506.0,1475890483.0
2021-11-08,26.65,26.9,25.25,25.4,54076878.0,1391336548.0
2021-11-09,25.7,26.7,25.4,26.05,41217781.0,1075953180.0
2021-11-10,26.0,26.05,24.9,25.6,42454601.0,1075515677.0
2021-11-11,25.4,26.0,25.2,25.85,22925502.0,585908450.0
2021-11-12,26.1,26.2,25.15,25.35,46199503.0,1174149713.0
2021-11-15,25.35,25.55,24.7,25.3,36618798.0,919345907.0
2021-11-16,25.45,26.75,25.2,26.35,67435116.0,1770678533.0
2021-11-17,26.5,27.05,26.25,26.8,43270021.0,1158281156.0
2021-11-18,26.5,26.7,26.05,26.3,34476539.0,906243075.0
2021-11-19,26.05,26.25,25.5,26.0,33847787.0,875253410.0
2021-11-22,26.0,27.3,25.7,27.1,68689979.0,1851224381.0
2021-11-23,26.6,27.1,26.05,26.3,49941969.0,1319136543.0
2021-11-24,26.05,26.15,24.9,25.35,78569265.0,1991227889.0
2021-11-25,25.3,25.55,24.85,25.4,36237378.0,915307355.0
2021-11-26,25.2,25.25,24.6,24.7,39830327.0,987465780.0
2021-11-29,24.5,24.8,23.65,23.95,66584770.0,1602845135.0
2021-11-30,24.15,24.55,22.9,23.15,92135595.0,2144494643.0
2021-12-01,23.45,23.8,22.8,23.0,58124209.0,1348921855.0
2021-12-02,22.85,23.5,22.55,23.1,51662595.0,1188999601.0
2021-12-03,23.05,23.3,22.4,23.05,47497404.0,1087864385.0
2021-12-06,22.5,23.2,22.05,22.25,62882830.0,1412813349.0
2021-12-07,22.75,23.4,22.2,23.25,58029823.0,1329294767.0
2021-12-08,23.6,23.8,22.85,23.5,35329396.0,824177143.0
2021-12-09,23.7,24.45,23.6,24.25,57853024.0,1394591462.0
2021-12-10,23.85,24.55,23.85,24.2,27583488.0,666874890.0
2021-12-13,24.5,24.7,23.7,23.8,33825466.0,812844935.0
2021-12-14,23.5,23.7,22.7,23.1,38416362.0,883836749.0
2021-12-15,23.2,23.3,22.6,22.8,32194615.0,735424236.0
2021-12-16,22.45,23.15,21.9,23.0,54651713.0,1230875565.0
2021-12-17,22.95,22.95,22.2,22.4,44596199.0,999750906.0
2021-12-20,22.55,22.6,21.8,21.95,37460659.0,826364354.0
2021-12-21,21.75,22.3,21.6,22.05,22843437.0,502428313.0
2021-12-22,22.25,22.8,22.05,22.2,26208939.0,584736807.0
2021-12-23,22.4,22.5,22.05,22.35,17629644.0,392769066.0
2021-12-24,22.5,22.6,21.65,21.95,16477697.0,361558469.0
2021-12-28,21.9,21.95,20.6,21.1,83412806.0,1757764523.0
2021-12-29,20.9,21.15,20.7,20.95,20177491.0,423301449.0
2021-12-30,20.9,21.0,20.55,20.85,20957735.0,435807318.0
2021-12-31,21.3,21.75,21.1,21.3,18604556.0,398529875.0
2022-01-03,21.5,21.6,20.9,21.3,17861965.0,377641446.0
2022-01-04,21.5,22.05,21.0,21.25,37603999.0,803404073.0
2022-01-05,21.25,21.25,19.74,19.88,71202439.0,1429832297.0
2022-01-06,19.9,20.2,19.6,19.9,42679634.0,846918437.0
2022-01-07,20.2,20.4,18.92,19.44,77663899.0,1501065322.0
2022-01-10,19.36,19.62,18.64,19.6,44971889.0,862165563.0
2022-01-11,19.28,19.36,18.5,18.9,78494682.0,1482086556.0
2022-01-12,19.12,20.05,19.12,20.0,73916629.0,1455495044.0
2022-01-13,20.15,20.45,19.7,20.1,47020569.0,944072802.0
2022-01-14,19.9,20.4,19.72,20.0,35276332.0,706018164.0
2022-01-17,19.8,19.82,19.16,19.4,56853388.0,1100330343.0
2022-01-18,19.38,19.54,19.06,19.24,37816080.0,727967956.0
2022-01-19,19.12,19.32,18.74,18.92,39570188.0,750033714.0
2022-01-20,18.92,19.22,18.6,19.22,53816233.0,1025141758.0
2022-01-21,19.22,19.56,19.06,19.44,29302809.0,565914694.0
2022-01-24,18.92,19.0,18.52,18.76,44457332.0,832762955.0
2022-01-25,18.5,18.64,17.8,18.02,78542498.0,1414101664.0
2022-01-26,17.94,18.12,17.52,17.9,50328413.0,894959397.0
2022-01-27,17.56,17.64,17.1,17.28,45722876.0,791118276.0
2022-01-28,17.18,17.28,16.22,16.62,55934356.0,928716010.0
2022-01-31,16.62,16.78,16.3,16.64,26735765.0,441571332.0
2022-02-04,17.06,17.42,16.72,17.24,32635504.0,560558040.0
2022-02-07,17.32,17.42,16.96,17.24,30638756.0,526970361.0
2022-02-08,17.28,17.3,16.66,16.86,38005402.0,639265521.0
2022-02-09,17.04,17.44,17.0,17.24,29410137.0,506377487.0
2022-02-10,17.44,17.56,17.0,17.4,37109633.0,639945699.0
2022-02-11,17.28,17.5,16.78,17.0,53693407.0,914259981.0
2022-02-14,16.74,16.96,16.24,16.42,66032942.0,1085672661.0
2022-02-15,16.28,17.0,16.2,16.72,45337963.0,757402248.0
2022-02-16,17.0,17.26,16.92,17.1,44607519.0,763471301.0
2022-02-17,17.14,17.18,16.78,17.06,30233082.0,513912927.0
2022-02-18,16.96,16.96,16.5,16.66,25952218.0,434024164.0
2022-02-21,16.52,16.66,16.28,16.36,36714130.0,601946310.0
2022-02-22,16.0,16.02,15.38,15.64,76612139.0,1191858918.0
2022-02-23,15.56,16.04,15.56,15.92,27811350.0,442158840.0
2022-02-24,15.64,15.66,14.9,15.16,53907748.0,819652813.0
2022-02-25,15.22,15.52,15.06,15.16,28099578.0,427082053.0
2022-02-28,15.2,15.22,14.16,14.42,82102182.0,1183400694.0
2022-03-01,14.54,14.94,14.28,14.5,57533800.0,838051593.0
2022-03-02,14.4,14.56,14.1,14.22,35237288.0,502296479.0
2022-03-03,14.22,14.22,13.24,13.4,90104268.0,1219744473.0
2022-03-04,12.8,13.6,12.62,13.12,67301023.0,883966625.0
2022-03-07,12.58,12.64,11.96,12.1,88405149.0,1077978046.0
2022-03-08,12.06,12.24,11.14,11.2,122990517.0,1410625943.0
2022-03-09,11.42,11.8,10.86,11.74,131308663.0,1503339583.0
2022-03-10,12.3,12.4,11.66,11.9,81243283.0,972929803.0
2022-03-11,11.44,11.64,10.98,11.44,77544522.0,877900415.0
2022-03-14,11.2,11.2,10.46,10.56,85028257.0,913527682.0
2022-03-15,10.0,11.4,10.0,10.3,146338516.0,1555972170.0
2022-03-16,10.94,11.86,10.4,11.64,143251998.0,1604951052.0
2022-03-17,12.5,12.58,11.02,11.6,165188519.0,1912261797.0
2022-03-18,11.6,12.12,11.3,11.94,119087330.0,1405199016.0
2022-03-21,12.18,12.2,11.26,11.42,76547451.0,883386283.0
2022-03-22,11.48,11.78,11.28,11.78,58021429.0,668824991.0
2022-03-23,11.84,12.5,11.7,11.96,113025818.0,1369376396.0
2022-03-24,11.96,12.26,11.72,12.08,58551410.0,703267791.0
2022-03-25,11.98,12.24,11.56,11.58,56075746.0,658921632.0
2022-03-28,11.58,11.72,11.2,11.6,34758471.0,399946637.0
2022-03-29,11.78,12.12,11.7,12.12,40993243.0,492309599.0
2022-03-30,12.4,12.96,12.36,12.66,86810685.0,1101537840.0
2022-03-31,12.74,12.78,12.22,12.36,39940758.0,496812893.0
2022-04-01,12.04,12.38,11.92,12.38,30823113.0,376419097.0
2022-04-04,12.52,12.66,12.26,12.46,35015362.0,435313508.0
2022-04-06,12.6,12.6,12.04,12.14,41555614.0,507136069.0
2022-04-07,12.0,12.28,11.82,11.86,34459227.0,411595492.0
2022-04-08,11.86,12.0,11.64,12.0,26765487.0,316486836.0
2022-04-11,11.8,11.86,11.0,11.14,65958297.0,736686880.0
2022-04-12,11.28,11.44,10.98,11.24,44702308.0,498606306.0
2022-04-13,11.2,11.42,11.06,11.22,21819425.0,244944315.0
2022-04-14,11.52,11.86,11.5,11.8,53776933.0,631722092.0
2022-04-19,11.76,12.12,11.72,11.78,45324550.0,537958014.0
2022-04-20,11.82,12.3,11.8,12.16,52880373.0,640765154.0
2022-04-21,12.02,12.14,11.64,11.8,33610811.0,397395128.0
2022-04-22,11.5,11.7,11.24,11.6,30294841.0,349223721.0
2022-04-25,11.24,11.26,10.68,10.8,66052823.0,720118306.0
2022-04-26,11.0,11.38,10.86,11.2,50448791.0,563114187.0
2022-04-27,11.0,11.64,10.86,11.58,50047739.0,568353983.0
2022-04-28,11.46,12.08,11.42,12.08,52924462.0,627471638.0
2022-04-29,11.88,12.66,11.88,12.44,56507057.0,697554127.0
2022-05-03,12.18,12.66,12.06,12.44,41039681.0,509375333.0
2022-05-04,12.44,12.68,12.38,12.48,34763839.0,434749983.0
2022-05-05,12.7,12.84,12.2,12.42,42271378.0,526929428.0
2022-05-06,11.96,12.1,11.6,11.6,41949088.0,494294095.0
2022-05-10,10.88,11.38,10.86,11.16,54822077.0,609915489.0
2022-05-11,11.22,12.16,11.08,11.92,60670548.0,720660021.0
2022-05-12,11.72,12.26,11.68,11.8,46071379.0,547306147.0
2022-05-13,12.3,12.76,12.1,12.76,97445136.0,1219946738.0
2022-05-16,12.82,12.9,12.42,12.54,51908158.0,654361260.0
2022-05-17,12.6,13.76,12.46,13.64,110723312.0,1484239360.0
2022-05-18,13.8,13.98,13.36,13.76,91132922.0,1252970759.0
2022-05-19,13.36,13.62,13.1,13.44,64048201.0,854360644.0
2022-05-20,13.74,13.96,13.3,13.68,54482658.0,741198159.0
2022-05-23,13.48,13.92,13.36,13.64,51314305.0,696564529.0
2022-05-24,15.0,15.08,14.1,14.12,143995219.0,2090061888.0
2022-05-25,14.16,14.98,13.94,14.76,114179502.0,1662379079.0
2022-05-26,14.76,14.78,14.04,14.5,77491079.0,1114763398.0
2022-05-27,14.84,14.94,14.28,14.6,59835771.0,869730700.0
2022-05-30,14.8,14.8,14.42,14.58,55439717.0,808759756.0
2022-05-31,14.56,15.0,14.3,15.0,165511371.0,2451622937.0
2022-06-01,15.2,15.9,14.98,15.24,97933447.0,1501145453.0
2022-06-02,14.9,15.4,14.8,15.32,49661316.0,755236401.0
2022-06-06,15.3,15.46,14.88,15.2,56842988.0,859067541.0
2022-06-07,15.2,15.4,14.62,14.9,76835688.0,1148468199.0
2022-06-08,14.9,15.44,14.86,15.16,71644489.0,1086106873.0
2022-06-09,15.0,15.22,14.46,14.56,52917212.0,778404067.0
2022-06-10,14.34,15.5,14.22,15.36,89536970.0,1356254359.0
2022-06-13,14.78,15.32,14.52,14.84,70910485.0,1064176353.0
2022-06-14,14.62,14.76,14.08,14.62,61905225.0,895433400.0
2022-06-15,14.74,15.42,14.54,15.14,83870914.0,1269271027.0
2022-06-16,15.26,15.48,14.42,14.56,48507689.0,723023431.0
2022-06-17,14.56,15.12,14.46,14.92,55242773.0,824787808.0
2022-06-20,14.94,15.18,14.68,15.12,43835258.0,657789906.0
2022-06-21,15.2,15.28,14.86,15.06,32734457.0,490670648.0
2022-06-22,15.12,16.0,15.1,15.68,132478854.0,2081764158.0
2022-06-23,15.94,17.26,15.92,16.84,177707026.0,2976428120.0
2022-06-24,17.12,18.44,17.1,17.94,198829390.0,3562991900.0
2022-06-27,18.32,19.14,18.32,18.64,147395859.0,2765381139.0
2022-06-28,18.46,19.2,18.36,19.06,114202333.0,2157461560.0
2022-06-29,18.76,19.12,17.22,17.5,162115745.0,2897237397.0
2022-06-30,17.5,18.3,17.44,17.84,86609812.0,1556774497.0
2022-07-04,17.9,18.02,16.98,17.18,101396722.0,1750268515.0
2022-07-05,17.42,17.96,16.62,16.82,114500030.0,1945926798.0
2022-07-06,16.84,17.34,16.12,16.4,100468583.0,1652877454.0
2022-07-07,16.4,17.66,16.0,17.5,105237102.0,1791865316.0
2022-07-08,18.16,18.28,17.16,17.38,100141198.0,1774075224.0
2022-07-11,17.28,17.28,16.38,16.8,76376662.0,1270710400.0
2022-07-12,16.74,17.54,16.46,17.0,102088310.0,1736331586.0
2022-07-13,17.02,17.14,16.46,16.68,61903907.0,1035737762.0
2022-07-14,16.52,16.82,16.02,16.6,72515665.0,1192980290.0
2022-07-15,16.58,17.28,16.5,16.68,68712858.0,1155771249.0
2022-07-18,16.78,16.86,16.22,16.84,58392186.0,972849020.0
2022-07-19,16.8,16.82,16.26,16.5,45528039.0,752351744.0
2022-07-20,16.8,16.88,16.36,16.52,28588793.0,475095896.0
2022-07-21,16.52,16.66,16.28,16.4,26568847.0,436573924.0
2022-07-22,16.56,16.78,16.36,16.42,24645248.0,406864749.0
2022-07-25,16.46,16.46,15.72,16.02,63852329.0,1018208932.0
2022-07-26,16.04,16.36,15.88,16.18,25992059.0,420210665.0
2022-07-27,15.7,16.04,15.28,15.58,72700337.0,1132705823.0
2022-07-28,15.58,15.74,15.24,15.36,53325158.0,821984434.0
2022-07-29,15.4,15.9,15.36,15.5,50071761.0,781001088.0
2022-08-01,15.38,17.74,15.3,17.5,175984260.0,2991602369.0
2022-08-02,17.0,17.44,16.78,17.0,91753895.0,1565303515.0
2022-08-03,17.28,18.24,17.28,17.58,112236386.0,1998652477.0
2022-08-04,17.7,18.74,17.7,18.22,111816965.0,2051349001.0
2022-08-05,18.36,18.62,17.62,17.84,65053113.0,1172723501.0
2022-08-08,17.5,17.8,16.9,17.78,62846772.0,1095933394.0
2022-08-09,17.88,18.18,17.4,17.48,45729203.0,807359278.0
2022-08-10,17.3,17.36,16.74,17.02,56880365.0,965716683.0
2022-08-11,17.3,17.38,16.94,17.34,36563911.0,629113780.0
2022-08-12,17.34,17.56,17.04,17.44,28964085.0,502036872.0
2022-08-15,17.32,17.48,17.0,17.26,34905133.0,602316125.0
2022-08-16,17.36,17.74,17.3,17.44,45286706.0,792461051.0
2022-08-17,17.44,17.56,17.06,17.36,26052069.0,452237611.0
2022-08-18,17.3,17.34,16.54,16.82,64608336.0,1089213801.0
2022-08-19,16.8,17.6,16.68,17.42,60297543.0,1045111990.0
2022-08-22,17.28,17.94,17.0,17.24,50464813.0,879875468.0
2022-08-23,17.14,17.26,15.9,16.16,92949304.0,1514281233.0
2022-08-24,15.82,16.04,15.32,15.44,85551136.0,1329661320.0
2022-08-25,15.5,15.96,15.14,15.94,47592780.0,742185022.0
2022-08-26,16.18,16.46,15.94,16.16,39489946.0,639454226.0
2022-08-29,15.78,16.68,15.62,16.44,53297619.0,873476926.0
2022-08-30,16.46,16.56,16.02,16.26,26753677.0,433878907.0
2022-08-31,15.78,16.14,15.34,15.9,61718524.0,972475184.0
2022-09-01,15.66,15.78,15.22,15.44,44013100.0,680837891.0
2022-09-02,15.42,15.56,15.06,15.14,34588113.0,525568752.0
2022-09-05,14.92,14.92,14.04,14.08,92680748.0,1326499789.0
2022-09-06,14.0,14.62,14.0,14.54,50743439.0,724500174.0
2022-09-07,14.1,14.6,14.08,14.28,53986257.0,769616802.0
2022-09-08,14.26,14.52,13.8,13.84,54742750.0,766551495.0
2022-09-09,13.94,14.22,13.62,14.16,55193479.0,775202166.0
2022-09-13,14.3,14.58,13.9,14.14,57937453.0,820853671.0
2022-09-14,13.76,14.04,13.48,13.68,40651693.0,554970234.0
2022-09-15,13.68,13.8,13.16,13.38,53946877.0,719539366.0
2022-09-16,13.12,13.3,12.82,13.06,77061111.0,1004946925.0
2022-09-19,12.86,13.34,12.74,12.86,70371546.0,910172991.0
2022-09-20,13.04,13.3,12.96,13.02,44752290.0,585096412.0
2022-09-21,12.96,12.96,12.4,12.42,49199470.0,618597236.0
2022-09-22,12.0,12.4,11.84,12.32,48755867.0,594920194.0
2022-09-23,12.4,12.64,12.06,12.14,37122968.0,453527443.0
2022-09-26,11.96,12.4,11.8,12.14,43666646.0,529734514.0
2022-09-27,12.1,12.24,11.8,12.12,30698644.0,369352708.0
2022-09-28,11.9,11.92,11.18,11.34,85172508.0,968142766.0
2022-09-29,11.56,11.62,10.82,10.96,53882940.0,597812105.0
2022-09-30,10.98,11.02,10.6,10.82,38876525.0,419605274.0
2022-10-03,10.5,10.98,10.5,10.76,22506504.0,241717926.0
2022-10-05,11.28,11.58,11.16,11.5,58980300.0,672619114.0
2022-10-06,11.3,11.36,10.9,11.06,35975596.0,397197614.0
2022-10-07,10.94,10.96,10.58,10.9,48616772.0,523425698.0
2022-10-10,10.6,10.62,10.1,10.26,83566343.0,859326419.0
2022-10-11,10.3,10.54,10.14,10.22,56812611.0,585801510.0
2022-10-12,10.22,10.46,9.83,10.18,84384774.0,852871021.0
2022-10-13,10.16,10.26,9.8,9.82,72561782.0,720476108.0
2022-10-14,10.04,10.28,9.84,10.08,70310256.0,709890699.0
2022-10-17,10.1,10.3,9.7,9.87,60034864.0,591121272.0
2022-10-18,10.08,10.32,9.93,10.3,54051038.0,549118602.0
2022-10-19,10.12,10.22,9.8,9.81,53954457.0,536557387.0
2022-10-20,9.63,9.67,9.2,9.33,95758306.0,897201328.0
2022-10-21,9.37,9.46,9.25,9.38,73715248.0,688682612.0
2022-10-24,9.21,9.4,8.72,8.77,117205532.0,1044889256.0
2022-10-25,8.68,8.98,8.39,8.85,97026631.0,845331530.0
2022-10-26,8.96,9.29,8.81,8.87,94831512.0,853552764.0
2022-10-27,9.13,9.48,8.96,9.01,76202593.0,701966302.0
2022-10-28,9.0,9.01,8.32,8.42,74360691.0,635268221.0
2022-10-31,8.45,8.76,8.3,8.44,66868268.0,568632032.0
2022-11-01,8.48,9.15,8.48,9.02,74443676.0,658851231.0
2022-11-02,8.9,9.53,8.84,9.49,66603481.0,620796238.0
2022-11-03,9.2,9.37,9.06,9.1,51781328.0,476497469.0
2022-11-04,9.13,10.48,9.13,10.26,156419571.0,1583585219.0
2022-11-07,10.22,10.96,10.06,10.82,120612272.0,1293476546.0
2022-11-08,11.02,11.36,10.68,10.98,85892556.0,939008907.0
2022-11-09,11.1,11.18,10.3,10.32,103009805.0,1090677142.0
2022-11-10,10.02,10.1,9.54,9.74,104641669.0,1024545731.0
2022-11-11,10.62,10.66,10.04,10.3,104158660.0,1066483926.0
2022-11-14,11.1,11.12,10.46,10.54,132991990.0,1431243231.0
2022-11-15,10.58,11.56,10.34,11.42,123071713.0,1378326063.0
2022-11-16,11.4,11.42,10.72,10.88,109058741.0,1197131143.0
2022-11-17,10.64,10.84,10.4,10.76,56624426.0,600920621.0
2022-11-18,10.86,11.0,10.4,10.44,69403508.0,738620661.0
2022-11-21,10.16,10.38,10.0,10.3,51771046.0,527616171.0
2022-11-22,10.26,10.36,10.0,10.08,43808131.0,443268471.0
2022-11-23,10.12,10.24,9.94,10.02,52402235.0,526575804.0
2022-11-24,10.2,10.26,9.84,9.99,50936874.0,509115185.0
2022-11-25,10.02,10.02,9.58,9.69,49668132.0,482175184.0
2022-11-28,9.4,9.73,9.18,9.67,44494314.0,421756126.0
2022-11-29,9.78,10.26,9.75,10.26,61757717.0,623289352.0
2022-11-30,10.08,11.38,10.02,11.38,233177399.0,2571821657.0
2022-12-01,12.1,12.3,11.5,11.6,165140321.0,1964792122.0
2022-12-02,11.62,11.72,11.22,11.58,70982918.0,814895235.0
2022-12-05,12.0,12.4,11.92,12.1,115250619.0,1396945398.0
2022-12-06,11.9,12.9,11.78,12.36,138931829.0,1727331933.0
2022-12-07,12.36,13.0,12.12,12.14,134680718.0,1709860024.0
2022-12-08,12.36,12.72,12.24,12.62,93875231.0,1174269161.0
2022-12-09,12.68,13.0,12.36,12.54,88555736.0,1120017775.0
2022-12-12,12.3,12.32,11.76,12.02,77977203.0,934828786.0
2022-12-13,12.06,12.5,12.0,12.18,52559853.0,644975423.0
2022-12-14,12.38,12.48,11.88,12.06,67724032.0,817335672.0
2022-12-15,12.0,12.14,11.68,12.0,39378514.0,469482833.0
2022-12-16,11.96,12.76,11.92,12.36,95884820.0,1187571531.0
2022-12-19,12.22,12.58,12.08,12.12,40531853.0,496503998.0
2022-12-20,12.0,12.0,11.4,11.62,62087203.0,721340661.0
2022-12-21,11.68,11.72,11.44,11.56,21456174.0,247957027.0
2022-12-22,11.84,12.06,11.76,11.96,41239407.0,490902829.0
2022-12-23,11.62,11.88,11.48,11.66,27618113.0,322136252.0
2022-12-28,11.76,11.8,11.2,11.36,82784693.0,939202890.0
2022-12-29,11.2,11.44,11.1,11.36,32322710.0,364050876.0
2022-12-30,11.54,11.68,11.28,11.4,44276793.0,507085441.0
2023-01-03,11.22,12.06,11.06,11.86,73180883.0,856277963.0
2023-01-04,11.92,12.1,11.7,12.04,53603674.0,641361927.0
2023-01-05,12.3,12.56,12.12,12.38,92058580.0,1137457584.0
2023-01-06,12.48,12.48,11.84,11.94,76921485.0,929527516.0
2023-01-09,12.0,12.1,11.52,11.66,97063515.0,1135102657.0
2023-01-10,11.74,12.48,11.42,12.36,128528501.0,1548058154.0
2023-01-11,12.24,12.46,12.0,12.02,81570982.0,996798840.0
2023-01-12,12.14,12.88,12.1,12.24,101284136.0,1258653519.0
2023-01-13,12.32,12.42,12.0,12.12,43458844.0,527674530.0
2023-01-16,12.22,12.22,11.64,11.72,97266359.0,1147947220.0
2023-01-17,11.68,11.7,11.36,11.5,69249948.0,796051571.0
2023-01-18,11.46,11.78,11.34,11.68,42058263.0,489749115.0
2023-01-19,11.56,11.92,11.56,11.86,24382859.0,288348753.0
2023-01-20,11.86,12.08,11.7,12.04,33054184.0,396067611.0
2023-01-26,12.26,12.86,12.18,12.86,88456128.0,1116896217.0
2023-01-27,12.92,13.18,12.84,13.04,48012702.0,624381370.0
2023-01-30,13.22,13.44,12.74,12.86,90554741.0,1179227125.0
2023-01-31,12.94,13.12,12.46,12.64,55524402.0,705179660.0
2023-02-01,12.64,13.28,12.6,13.28,76556515.0,1001559505.0
2023-02-02,13.5,13.5,12.82,12.84,66421911.0,865750370.0
2023-02-03,12.9,12.98,12.46,12.64,51324593.0,646933555.0
2023-02-06,12.48,12.48,12.02,12.16,52560952.0,639596110.0
2023-02-07,12.2,12.36,12.02,12.08,39431286.0,478282886.0
2023-02-08,12.0,12.08,11.64,11.76,60013636.0,706680156.0
2023-02-09,11.76,12.02,11.72,12.02,39442435.0,470388185.0
2023-02-10,11.94,11.98,11.6,11.62,42001117.0,490569359.0
2023-02-13,11.54,11.74,11.26,11.74,52642238.0,608900858.0
2023-02-14,11.78,11.82,11.56,11.7,26881154.0,314119785.0
2023-02-15,11.74,11.92,11.44,11.62,38388546.0,445599849.0
2023-02-16,11.76,11.98,11.64,11.7,40692703.0,481303624.0
2023-02-17,11.7,11.9,11.52,11.56,31622305.0,368227657.0
2023-02-20,11.56,11.7,11.26,11.52,47706786.0,545304734.0
2023-02-21,11.56,11.86,11.4,11.54,52076708.0,605743510.0
2023-02-22,11.46,11.48,11.24,11.38,29551192.0,335655871.0
2023-02-23,11.38,11.56,11.34,11.42,38104502.0,435252741.0
2023-02-24,11.3,11.44,10.74,10.8,98650635.0,1077806502.0
2023-02-27,10.56,10.84,10.56,10.72,42327814.0,452923724.0
2023-02-28,10.82,10.84,10.06,10.18,138615431.0,1421541200.0
2023-03-01,10.24,10.66,10.24,10.62,64966100.0,683175901.0
2023-03-02,10.5,10.66,10.4,10.48,35863253.0,376004753.0
2023-03-03,10.66,10.74,10.42,10.62,34590734.0,366169898.0
2023-03-06,10.62,10.7,10.34,10.6,36484302.0,384086987.0
2023-03-07,10.64,11.06,10.5,10.7,67650101.0,730900234.0
2023-03-08,10.52,10.56,10.14,10.24,64036165.0,656611682.0
2023-03-09,10.24,10.26,9.95,10.02,72300954.0,727001271.0
2023-03-10,9.82,9.87,9.3,9.47,149277223.0,1411359743.0
2023-03-13,9.45,9.5,9.11,9.28,85434874.0,788505143.0
2023-03-14,9.19,9.28,8.78,8.91,101097481.0,906086708.0
2023-03-15,9.08,9.3,9.0,9.12,53388429.0,488430841.0
2023-03-16,9.09,9.3,8.98,9.16,56287603.0,514443228.0
2023-03-17,9.25,9.34,9.17,9.3,52286720.0,484315135.0
2023-03-20,9.26,9.29,9.08,9.15,34691183.0,317212752.0
2023-03-21,9.25,9.54,9.18,9.5,46303648.0,435283801.0
2023-03-22,9.71,10.22,9.71,9.76,77535131.0,770603241.0
2023-03-23,9.78,10.1,9.72,10.1,53113714.0,531033832.0
2023-03-24,10.08,10.16,9.94,10.02,33298935.0,333694723.0
2023-03-27,10.0,10.02,9.7,9.78,53478495.0,525178689.0
2023-03-28,9.77,10.06,9.77,9.97,59363308.0,589948931.0
2023-03-29,10.2,10.28,9.86,9.95,46674604.0,467101488.0
2023-03-30,9.9,10.06,9.76,9.97,55631154.0,551692744.0
2023-03-31,10.1,10.26,10.04,10.1,64934456.0,658469082.0
2023-04-03,10.1,10.16,9.87,10.06,28549423.0,285854482.0
2023-04-04,10.06,10.08,9.51,9.74,57205617.0,554947363.0
2023-04-06,9.58,9.76,9.5,9.75,28883116.0,279066176.0
2023-04-11,9.95,10.18,9.87,9.97,43417478.0,432282457.0
2023-04-12,10.06,10.06,9.75,9.85,26609932.0,261607008.0
2023-04-13,9.64,9.78,9.46,9.76,51804729.0,499095642.0
2023-04-14,9.86,10.26,9.8,10.14,79149136.0,798323985.0
2023-04-17,10.1,10.68,10.02,10.52,89112173.0,932464268.0
2023-04-18,10.52,10.64,10.32,10.38,46295596.0,483874107.0
2023-04-19,10.38,10.44,9.91,9.99,55228444.0,553045494.0
2023-04-20,9.93,10.04,9.76,9.87,29869123.0,295483182.0
2023-04-21,9.8,9.86,9.63,9.68,37908007.0,368243055.0
2023-04-24,9.67,9.78,9.49,9.64,38877976.0,373491553.0
2023-04-25,9.64,9.66,9.32,9.57,86852663.0,824651329.0
2023-04-26,9.5,9.9,9.49,9.75,28140777.0,275428167.0
2023-04-27,9.78,9.87,9.68,9.74,26583622.0,259598245.0
2023-04-28,9.89,9.97,9.64,9.65,35576907.0,346249825.0
2023-05-02,9.81,9.95,9.4,9.5,39409708.0,375536157.0
2023-05-03,9.3,9.43,9.17,9.4,26668438.0,248090193.0
2023-05-04,9.49,9.72,9.42,9.59,38884221.0,373245275.0
2023-05-05,9.68,9.75,9.59,9.66,42167553.0,407745512.0
2023-05-08,9.71,10.0,9.71,9.81,45155121.0,444203185.0
2023-05-09,9.87,9.87,9.58,9.64,33681570.0,327625629.0
2023-05-10,9.64,10.04,9.57,9.83,62344487.0,616062319.0
2023-05-11,9.96,10.04,9.81,9.87,30263392.0,299077418.0
2023-05-12,9.97,10.0,9.72,9.77,26267839.0,257790559.0
2023-05-15,9.84,9.92,9.69,9.83,22397483.0,219932346.0
2023-05-16,9.9,9.92,9.67,9.73,26513129.0,258984165.0
2023-05-17,9.73,9.78,9.41,9.47,35151344.0,335821251.0
2023-05-18,9.55,9.67,9.46,9.46,26596454.0,253389549.0
2023-05-19,9.5,9.5,9.32,9.42,28672829.0,269288754.0
2023-05-22,9.41,9.77,9.4,9.62,31663782.0,305070764.0
2023-05-23,9.67,9.78,9.62,9.68,23224512.0,225185430.0
2023-05-24,9.71,9.72,9.47,9.59,33497518.0,321045646.0
2023-05-25,9.4,9.48,9.15,9.28,66042387.0,612845315.0
2023-05-29,9.28,9.35,9.07,9.18,54361527.0,497920498.0
2023-05-30,9.21,9.48,9.13,9.24,38828840.0,359461429.0
2023-05-31,9.17,9.22,9.02,9.11,118562711.0,1078761411.0
2023-06-01,9.05,9.23,8.95,9.01,53897987.0,487529939.0
2023-06-02,9.08,9.54,9.08,9.5,65513549.0,615668200.0
2023-06-05,9.36,9.41,9.2,9.38,38680335.0,361759961.0
2023-06-06,9.42,9.57,9.33,9.44,28566698.0,269921600.0
2023-06-07,9.53,9.58,9.39,9.54,30221574.0,287220887.0
2023-06-08,9.52,9.53,9.31,9.4,18767975.0,176423333.0
2023-06-09,9.47,9.7,9.43,9.54,26779280.0,255918112.0
2023-06-12,9.54,9.59,9.46,9.54,16699549.0,159087656.0
2023-06-13,9.55,9.7,9.52,9.67,30152827.0,290293582.0
2023-06-14,9.68,9.85,9.63,9.73,29734738.0,289623511.0
2023-06-15,9.82,10.1,9.79,9.93,59106334.0,587300932.0
2023-06-16,9.97,10.1,9.85,9.94,34390361.0,341817572.0
2023-06-19,9.94,10.08,9.82,9.98,39341872.0,391146306.0
2023-06-20,9.91,9.98,9.65,9.73,23954861.0,233527704.0
2023-06-21,9.62,9.7,9.49,9.58,28549640.0,273079376.0
2023-06-23,9.49,9.49,9.16,9.23,27233819.0,251543416.0
2023-06-26,9.22,9.53,9.16,9.25,25156733.0,234730078.0
2023-06-27,9.28,9.45,9.25,9.4,18087375.0,169614251.0
2023-06-28,9.4,9.48,9.26,9.37,22345306.0,208882698.0
2023-06-29,9.32,9.45,9.21,9.3,21707166.0,201617394.0
2023-06-30,9.33,9.63,9.3,9.56,39407575.0,375707977.0
2023-07-03,9.65,10.18,9.58,10.16,93138796.0,932631728.0
2023-07-04,10.08,10.2,9.96,10.14,36769724.0,371605635.0
2023-07-05,10.04,10.16,9.81,9.9,23795496.0,236245013.0
2023-07-06,9.87,10.04,9.73,9.78,25616855.0,252319706.0
2023-07-07,9.82,9.82,9.64,9.64,21770015.0,211072558.0
2023-07-10,9.83,9.9,9.51,9.6,25015071.0,240801019.0
2023-07-11,9.73,9.85,9.62,9.72,26523295.0,258247308.0
2023-07-12,9.85,9.93,9.66,9.78,24145261.0,235884553.0
2023-07-13,9.84,9.92,9.77,9.85,41877250.0,412415296.0
2023-07-14,9.86,9.91,9.56,9.77,38389701.0,372979619.0
2023-07-18,9.72,9.83,9.49,9.73,29394361.0,284363144.0
2023-07-19,9.6,9.7,9.46,9.69,21314369.0,204592050.0
2023-07-20,9.77,9.83,9.6,9.63,18506154.0,179265965.0
2023-07-21,9.64,9.64,9.4,9.56,24488711.0,232764662.0
2023-07-24,9.49,9.49,9.25,9.37,31768941.0,297039951.0
2023-07-25,9.65,10.14,9.64,10.1,120940915.0,1207920329.0
2023-07-26,10.04,10.1,9.85,10.04,34771503.0,347157004.0
2023-07-27,10.18,10.96,10.14,10.9,161957952.0,1736012685.0
2023-07-28,10.78,11.06,10.64,10.94,79946128.0,872695192.0
2023-07-31,11.22,11.64,11.14,11.26,104189963.0,1186481031.0
2023-08-01,11.38,11.38,10.88,10.98,55806411.0,619793443.0
2023-08-02,10.92,11.26,10.76,10.82,50542190.0,553171294.0
2023-08-03,10.86,10.9,10.64,10.76,26157831.0,282264690.0
2023-08-04,10.84,11.08,10.76,10.8,24675192.0,267946032.0
2023-08-07,10.72,10.78,10.5,10.7,25518849.0,271329159.0
2023-08-08,10.56,10.56,10.26,10.38,28841408.0,299991261.0
2023-08-09,10.26,10.38,10.14,10.32,23213791.0,238331242.0
2023-08-10,10.22,10.32,10.1,10.26,20407323.0,208134511.0
2023-08-11,10.16,10.2,9.89,9.97,41295992.0,412118913.0
2023-08-14,9.73,9.8,9.56,9.77,45669865.0,442179128.0
2023-08-15,9.73,9.84,9.66,9.67,20463422.0,198860222.0
2023-08-16,9.52,9.65,9.51,9.57,26087080.0,249927082.0
2023-08-17,9.5,9.83,9.41,9.71,32999977.0,319285015.0
2023-08-18,9.6,9.64,9.45,9.46,28141340.0,267697220.0
2023-08-21,9.4,9.4,9.16,9.24,39505216.0,365964693.0
2023-08-22,9.39,9.47,9.06,9.3,48084891.0,444914683.0
2023-08-23,9.2,9.31,9.1,9.2,40462798.0,372272880.0
2023-08-24,9.33,9.61,9.32,9.45,34947906.0,331200936.0
2023-08-25,9.48,9.71,9.46,9.51,29860805.0,285814099.0
2023-08-28,9.89,9.97,9.53,9.55,33787119.0,328581568.0
2023-08-29,9.56,9.95,9.56,9.82,37000307.0,364044742.0
2023-08-30,9.94,10.02,9.77,9.83,28750241.0,284460648.0
2023-08-31,9.91,9.94,9.67,9.74,37852590.0,369576453.0
2023-09-04,9.91,10.14,9.87,10.08,46666048.0,468424411.0
2023-09-05,9.84,9.99,9.79,9.85,31461864.0,310508369.0
2023-09-06,9.79,9.9,9.74,9.82,22350408.0,219103891.0
2023-09-07,9.83,9.83,9.61,9.66,22485484.0,217102243.0
2023-09-11,9.51,9.86,9.42,9.79,34693728.0,335302847.0
2023-09-12,9.79,9.95,9.63,9.85,32949955.0,324109928.0
2023-09-13,9.85,9.89,9.63,9.7,26043060.0,253022910.0
2023-09-14,9.77,9.77,9.58,9.65,17118838.0,165141046.0
2023-09-15,9.67,9.77,9.55,9.64,27357585.0,264098564.0
2023-09-18,9.64,9.99,9.53,9.74,35524374.0,348456210.0
2023-09-19,9.8,9.85,9.58,9.65,16218928.0,156510193.0
2023-09-20,9.65,9.65,9.48,9.48,20294382.0,193373382.0
2023-09-21,9.39,9.46,9.26,9.36,27367595.0,255479553.0
2023-09-22,9.3,9.53,9.29,9.52,22118285.0,209057822.0
2023-09-25,9.6,9.6,9.31,9.31,20176775.0,189238815.0
2023-09-26,9.22,9.29,9.05,9.14,44508153.0,407108841.0
2023-09-27,9.15,9.3,9.1,9.15,24443331.0,224109290.0
2023-09-28,9.15,9.23,9.04,9.07,22330804.0,203044261.0
2023-09-29,9.07,9.3,9.07,9.24,18774922.0,173299752.0
2023-10-03,9.07,9.1,8.86,9.01,23140780.0,207312399.0
2023-10-04,9.01,9.06,8.83,8.88,18899414.0,167630773.0
2023-10-05,8.82,8.95,8.82,8.86,10836743.0,96212943.0
2023-10-06,8.91,9.04,8.89,8.91,12021331.0,107487275.0
2023-10-09,9.08,9.1,8.82,8.97,10579036.0,95326571.0
2023-10-10,9.0,9.18,9.0,9.04,17257840.0,156828507.0
2023-10-11,9.19,9.3,9.1,9.1,22661953.0,207823265.0
2023-10-12,9.3,9.55,9.24,9.45,53711174.0,506630202.0
2023-10-13,9.26,9.42,9.24,9.32,17874829.0,166815784.0
2023-10-16,9.35,9.4,9.15,9.21,22639914.0,208930812.0
2023-10-17,9.31,9.37,9.21,9.26,19439184.0,180362528.0
2023-10-18,9.32,9.53,9.26,9.33,35954359.0,338016719.0
2023-10-19,8.87,9.2,8.85,8.9,60650673.0,541923983.0
2023-10-20,8.87,8.96,8.73,8.76,47064667.0,414890217.0
2023-10-24,8.72,8.8,8.56,8.7,34168406.0,296680632.0
2023-10-25,8.91,9.03,8.73,8.78,39643095.0,352068373.0
2023-10-26,8.79,8.9,8.7,8.8,25928862.0,228518286.0
2023-10-27,8.88,9.04,8.77,8.92,42404728.0,378644529.0
2023-10-30,8.85,9.03,8.82,9.0,28447822.0,254472056.0
2023-10-31,9.02,9.02,8.81,8.87,45997268.0,408677113.0
2023-11-01,8.9,8.93,8.8,8.85,18035103.0,159769916.0
2023-11-02,9.0,9.37,8.97,9.19,69559952.0,639854326.0
2023-11-03,9.3,9.55,9.3,9.48,52732721.0,499451472.0
2023-11-06,9.59,9.87,9.59,9.8,60120380.0,587658261.0
2023-11-07,9.72,9.92,9.69,9.77,33252423.0,326336785.0
2023-11-08,9.74,9.75,9.47,9.56,34434555.0,330327834.0
2023-11-09,9.56,9.7,9.48,9.55,18740135.0,179593642.0
2023-11-10,9.42,9.46,9.22,9.27,29925257.0,278210838.0
2023-11-13,9.3,9.37,9.13,9.29,20920961.0,193172983.0
2023-11-14,9.39,9.48,9.28,9.3,20247420.0,189559116.0
2023-11-15,9.57,9.69,9.44,9.69,39491783.0,379085509.0
2023-11-16,9.76,9.76,9.49,9.55,20001603.0,191354041.0
2023-11-17,9.45,9.64,9.4,9.55,22394266.0,213487461.0
2023-11-20,9.6,9.75,9.43,9.56,29493062.0,282154133.0
2023-11-21,9.7,9.76,9.41,9.45,28255184.0,271448854.0
2023-11-22,9.45,9.47,9.29,9.34,23961258.0,223856346.0
2023-11-23,9.34,9.54,9.33,9.53,39990969.0,378365107.0
2023-11-24,9.49,9.49,9.17,9.17,46624991.0,431548678.0
2023-11-27,9.27,9.27,8.98,9.1,34444120.0,313200104.0
2023-11-28,9.18,9.2,9.03,9.05,41936006.0,381015373.0
2023-11-29,9.12,9.13,8.7,8.76,85037200.0,748528686.0
2023-11-30,8.79,8.8,8.45,8.51,81555242.0,696629480.0
2023-12-01,8.51,8.55,8.18,8.22,82195171.0,679486801.0
2023-12-04,8.22,8.38,8.13,8.16,49966909.0,411051359.0
2023-12-05,8.16,8.2,7.94,8.05,55076467.0,443833581.0
2023-12-06,8.06,8.2,8.0,8.11,43135993.0,350133753.0
2023-12-07,8.11,8.13,7.89,7.96,46288429.0,368119410.0
2023-12-08,7.97,8.0,7.7,7.83,53777344.0,419115696.0
2023-12-11,7.65,7.8,7.53,7.73,42110343.0,322439336.0
2023-12-12,7.8,7.95,7.75,7.87,33572815.0,264800155.0
2023-12-13,7.8,7.94,7.75,7.9,32250829.0,254063754.0
2023-12-14,8.0,8.19,7.9,7.98,34061225.0,273239363.0
2023-12-15,8.13,8.31,8.03,8.08,48833182.0,397626296.0
2023-12-18,8.01,8.04,7.87,7.94,22709869.0,180483055.0
2023-12-19,7.88,7.92,7.79,7.9,18242810.0,143415043.0
2023-12-20,7.99,8.05,7.89,7.94,17326525.0,137825088.0
2023-12-21,7.88,7.94,7.79,7.89,19573990.0,154122233.0
2023-12-22,7.89,7.99,7.76,7.79,27000569.0,210930552.0
2023-12-27,7.9,7.98,7.79,7.92,27265123.0,215682471.0
2023-12-28,7.94,8.49,7.94,8.45,80896655.0,678816560.0
2023-12-29,8.5,8.64,8.5,8.59,42660174.0,366432415.0
2024-01-02,8.65,8.65,8.28,8.35,28539048.0,239096004.0
2024-01-03,8.22,8.32,8.18,8.3,18886123.0,156338157.0
2024-01-04,8.31,8.36,8.25,8.33,17871111.0,148530077.0
2024-01-05,8.33,8.62,8.25,8.42,32343645.0,273908002.0
2024-01-08,8.45,8.5,8.04,8.13,47430113.0,387058281.0
2024-01-09,8.14,8.28,8.12,8.15,19731834.0,161726286.0
2024-01-10,8.15,8.24,8.04,8.08,16731688.0,135714159.0
2024-01-11,8.14,8.26,8.02,8.15,25279788.0,206183270.0
2024-01-12,8.09,8.18,8.05,8.08,19716042.0,159677023.0
2024-01-15,8.1,8.1,7.85,8.03,38516789.0,307264964.0
2024-01-16,8.0,8.12,7.94,7.99,25935962.0,207807191.0
2024-01-17,7.99,7.99,7.64,7.7,72343446.0,558242302.0
2024-01-18,7.71,7.87,7.61,7.82,45708370.0,355372688.0
2024-01-19,7.85,7.95,7.77,7.85,28898282.0,227034848.0
2024-01-22,7.83,7.85,7.31,7.5,62241157.0,468155699.0
2024-01-23,7.52,7.87,7.5,7.79,40769547.0,316479062.0
2024-01-24,7.87,7.97,7.65,7.92,42082248.0,328836141.0
2024-01-25,7.97,7.97,7.7,7.94,27127750.0,213309799.0
2024-01-26,7.85,7.94,7.73,7.77,23814427.0,185742833.0
2024-01-29,7.82,7.86,7.67,7.72,22890680.0,177065820.0
2024-01-30,7.62,7.64,7.41,7.48,38291235.0,286326009.0
2024-01-31,7.49,7.58,7.34,7.38,25837068.0,191303795.0
2024-02-01,7.39,7.48,7.24,7.34,40586288.0,298832625.0
2024-02-02,7.5,8.05,7.47,7.66,75176207.0,585779842.0
2024-02-05,7.62,7.74,7.47,7.62,27091520.0,206041422.0
2024-02-06,7.63,8.27,7.63,8.19,80135175.0,648921193.0
2024-02-07,8.34,8.35,7.98,8.04,46511595.0,378152521.0
2024-02-08,8.05,8.18,8.0,8.04,29106029.0,235070944.0
2024-02-09,8.0,8.0,7.75,7.87,12876663.0,101000241.0
2024-02-14,7.79,8.03,7.58,8.0,17019899.0,133814077.0
2024-02-15,7.91,8.12,7.89,8.08,9802411.0,78839532.0
2024-02-16,8.11,8.39,8.11,8.29,21641569.0,179324728.0
2024-02-19,8.2,8.27,8.01,8.1,19005577.0,153538773.0
2024-02-20,8.1,8.1,7.9,8.09,18345550.0,146696829.0
2024-02-21,8.1,8.38,8.02,8.22,36424075.0,300957638.0
2024-02-22,8.23,8.35,8.13,8.35,22060615.0,182527750.0
2024-02-23,8.33,8.39,8.18,8.28,18796220.0,155385258.0
2024-02-26,8.4,8.75,8.4,8.42,54904530.0,468895616.0
2024-02-27,8.5,8.67,8.35,8.63,50810434.0,433401265.0
2024-02-28,8.78,8.8,8.41,8.44,37463251.0,320333690.0
2024-02-29,8.4,8.69,8.36,8.56,58546610.0,502620611.0
2024-03-01,8.56,8.72,8.4,8.64,43849745.0,378089536.0
2024-03-04,8.72,8.72,8.48,8.57,21794352.0,186360796.0
2024-03-05,8.44,8.5,8.22,8.3,36483287.0,303833985.0
2024-03-06,8.31,8.58,8.27,8.48,30720364.0,259825433.0
2024-03-07,8.52,8.61,8.33,8.37,21385136.0,180603272.0
2024-03-08,8.46,8.57,8.42,8.44,21416791.0,181726567.0
2024-03-11,8.44,8.63,8.44,8.6,29439113.0,252291102.0
2024-03-12,8.62,8.9,8.5,8.84,54953729.0,480865054.0
2024-03-13,8.79,9.24,8.76,8.82,60879163.0,546968086.0
2024-03-14,8.82,9.06,8.66,8.8,30353340.0,267240699.0
2024-03-15,8.66,8.71,8.51,8.71,47145224.0,406978501.0
2024-03-18,8.73,8.93,8.68,8.85,44849546.0,396568427.0
2024-03-19,8.84,9.05,8.72,8.87,34586814.0,307249146.0
2024-03-20,8.87,9.02,8.74,8.83,36679444.0,325213414.0
2024-03-21,9.0,9.3,8.92,9.29,87785136.0,803600860.0
2024-03-22,9.3,9.33,8.97,9.2,57249066.0,523625342.0
2024-03-25,9.24,9.3,8.78,8.88,47453842.0,422311577.0
2024-03-26,9.0,9.24,8.92,9.19,63066544.0,576894167.0
2024-03-27,9.1,9.27,9.01,9.12,47561655.0,435561219.0
2024-03-28,9.11,9.32,8.89,9.24,58147035.0,534003705.0
2024-04-02,9.42,9.63,9.31,9.45,65923254.0,621762308.0
2024-04-03,9.47,9.47,9.16,9.27,32118983.0,297234876.0
2024-04-05,9.27,9.48,9.15,9.4,29679527.0,277211916.0
2024-04-08,9.43,9.59,9.35,9.41,42773914.0,405372250.0
2024-04-09,9.45,9.77,9.45,9.58,44705520.0,429591115.0
2024-04-10,9.61,9.89,9.59,9.82,57137314.0,559376165.0
2024-04-11,9.61,9.88,9.6,9.79,32822351.0,320635796.0
2024-04-12,9.75,9.86,9.37,9.46,57386822.0,546729855.0
2024-04-15,9.3,9.42,9.12,9.26,37068582.0,341954261.0
2024-04-16,9.13,9.16,8.82,8.93,47280033.0,423473176.0
2024-04-17,8.86,8.99,8.82,8.91,30456229.0,271394544.0
2024-04-18,8.9,9.15,8.87,9.05,24429380.0,221201309.0
2024-04-19,8.97,8.97,8.68,8.81,38552520.0,339324464.0
2024-04-22,8.91,8.99,8.82,8.84,21642628.0,192480925.0
2024-04-23,8.88,8.94,8.8,8.91,16892086.0,150076637.0
2024-04-24,9.03,9.15,8.96,9.1,39600434.0,359638566.0
2024-04-25,9.01,9.35,9.01,9.2,38852113.0,358385732.0
2024-04-26,9.17,9.48,9.12,9.39,44011925.0,413020057.0
2024-04-29,9.7,9.85,9.52,9.55,61581188.0,594798570.0
2024-04-30,9.62,9.83,9.53,9.53,43430455.0,416667473.0
2024-05-02,9.63,9.97,9.5,9.86,44902774.0,441410665.0
2024-05-03,10.12,10.2,9.79,9.98,42974148.0,428517416.0
2024-05-06,9.9,10.0,9.76,9.91,57269543.0,565108857.0
2024-05-07,9.86,9.94,9.71,9.88,37135920.0,365857781.0
2024-05-08,9.97,9.97,9.71,9.74,26990825.0,263994294.0
2024-05-09,9.82,9.92,9.67,9.87,27106293.0,266345471.0
2024-05-10,9.97,10.0,9.7,9.89,41986090.0,413213212.0
2024-05-13,9.86,9.97,9.63,9.94,43933462.0,433222893.0
2024-05-14,10.08,10.28,9.99,10.22,73871848.0,752436605.0
2024-05-16,10.26,10.36,10.02,10.22,55715847.0,565164836.0
2024-05-17,10.22,10.3,10.04,10.22,40314186.0,409453809.0
2024-05-20,10.26,10.76,10.22,10.64,65936647.0,699010071.0
2024-05-21,10.52,10.56,10.18,10.24,52925792.0,544281267.0
2024-05-22,10.28,10.44,10.26,10.38,41048953.0,425891601.0
2024-05-23,10.3,10.3,10.0,10.04,55547661.0,559783140.0
2024-05-24,9.99,10.04,9.83,9.89,29596840.0,292879219.0
2024-05-27,9.92,10.0,9.82,9.97,18266872.0,181455481.0
2024-05-28,9.97,10.1,9.97,10.02,19910245.0,199812108.0
2024-05-29,9.92,9.97,9.81,9.89,25960210.0,256739243.0
2024-05-30,9.81,9.94,9.61,9.65,36794434.0,358322887.0
2024-05-31,9.7,9.85,9.45,9.47,74862422.0,719331851.0
2024-06-03,9.59,9.98,9.59,9.8,30936497.0,304271940.0
2024-06-04,9.78,9.91,9.68,9.7,22489830.0,219626329.0
2024-06-05,9.81,10.04,9.73,9.83,26427253.0,261331985.0
2024-06-06,9.9,9.95,9.72,9.81,19525475.0,191757569.0
2024-06-07,9.87,9.87,9.65,9.75,32727667.0,318329168.0
2024-06-11,9.44,9.44,9.11,9.35,37962378.0,352621398.0
2024-06-12,9.25,9.26,8.86,8.9,68482023.0,612195620.0
2024-06-13,8.96,9.31,8.96,9.05,61454148.0,560146092.0
2024-06-14,8.97,9.01,8.84,8.89,26798376.0,238468281.0
2024-06-17,8.86,8.99,8.73,8.87,18786222.0,166893701.0
2024-06-18,8.87,9.03,8.82,8.88,26013799.0,232024543.0
2024-06-19,8.94,9.37,8.94,9.23,37552255.0,346312245.0
2024-06-20,9.2,9.22,9.1,9.15,19116154.0,174746496.0
2024-06-21,9.15,9.15,8.86,8.91,33393153.0,298005720.0
2024-06-24,8.87,8.87,8.66,8.81,32335749.0,282188063.0
2024-06-25,8.8,9.01,8.76,8.96,36947170.0,328937512.0
2024-06-26,8.96,9.18,8.92,9.15,35383212.0,322186998.0
2024-06-27,9.05,9.13,8.85,8.9,37876360.0,337990952.0
2024-06-28,8.82,8.94,8.78,8.79,36481156.0,321886564.0
2024-07-02,9.21,9.21,8.35,8.48,91958340.0,797981088.0
2024-07-03,8.61,8.69,8.51,8.62,41486804.0,356760591.0
2024-07-04,8.78,8.89,8.68,8.7,28912324.0,253252016.0
2024-07-05,8.7,8.7,8.34,8.43,44611709.0,375546165.0
2024-07-08,8.33,8.43,8.17,8.26,50258758.0,414297956.0
2024-07-09,8.2,8.25,8.03,8.15,73291351.0,595494638.0
2024-07-10,8.2,8.4,8.13,8.17,45243145.0,373793911.0
2024-07-11,8.26,8.35,8.24,8.3,43596640.0,361789430.0
2024-07-12,8.34,8.45,8.25,8.42,52869910.0,441947785.0
2024-07-15,8.46,8.46,8.18,8.23,34728250.0,287339356.0
2024-07-16,8.14,8.34,8.12,8.21,43747511.0,360701202.0
2024-07-17,8.22,8.36,8.19,8.23,41086544.0,338540631.0
2024-07-18,8.2,8.22,8.08,8.17,31655474.0,258094668.0
2024-07-19,8.04,8.12,8.02,8.07,45652740.0,367860535.0
2024-07-22,8.06,8.1,7.93,8.01,43547258.0,348495227.0
2024-07-23,8.05,8.1,7.94,7.97,38024537.0,304025736.0
2024-07-24,7.97,8.06,7.86,7.89,30111613.0,238489739.0
2024-07-25,7.87,7.9,7.78,7.79,28431348.0,222441868.0
2024-07-26,7.91,8.04,7.83,7.84,23313686.0,184258079.0
2024-07-29,8.0,8.03,7.88,7.89,21385225.0,169651324.0
2024-07-30,7.85,7.91,7.77,7.81,23839259.0,185918872.0
2024-07-31,7.92,8.01,7.82,7.96,34558977.0,274872272.0
2024-08-01,7.97,8.05,7.9,8.0,24111214.0,192322193.0
2024-08-02,7.9,7.9,7.63,7.72,46282145.0,357120645.0
2024-08-05,7.52,7.78,7.47,7.56,35760396.0,270846934.0
2024-08-06,7.61,7.69,7.44,7.49,29242920.0,219852336.0
2024-08-07,7.43,7.56,7.43,7.47,26318909.0,197077973.0
2024-08-08,7.38,7.59,7.31,7.53,27545071.0,205554390.0
2024-08-09,7.6,7.71,7.58,7.61,24366082.0,186219028.0
2024-08-12,7.61,7.7,7.53,7.63,13451753.0,102466376.0
2024-08-13,7.63,7.66,7.53,7.66,17362167.0,132134941.0
2024-08-14,7.73,7.82,7.62,7.67,13001111.0,99903166.0
2024-08-15,7.62,7.81,7.57,7.7,21061049.0,162548551.0
2024-08-16,7.72,7.82,7.72,7.76,17395303.0,134994445.0
2024-08-19,7.83,7.98,7.81,7.89,28722827.0,226701824.0
2024-08-20,7.94,7.98,7.79,7.87,18837118.0,147868462.0
2024-08-21,7.84,8.04,7.57,7.88,60850241.0,475351684.0
2024-08-22,8.14,8.14,7.86,7.99,51946091.0,414015645.0
2024-08-23,7.86,8.06,7.86,8.05,32361459.0,258727200.0
2024-08-26,8.06,8.21,8.05,8.21,41879618.0,341512704.0
2024-08-27,8.19,8.73,8.17,8.6,108765819.0,927933046.0
2024-08-28,8.59,8.64,8.49,8.58,35260129.0,301811804.0
2024-08-29,8.5,8.66,8.35,8.63,36106861.0,307647155.0
2024-08-30,8.69,8.97,8.69,8.82,75234874.0,667670923.0
2024-09-02,8.72,8.86,8.7,8.82,30042577.0,264043283.0
2024-09-03,8.82,9.07,8.72,8.93,34257377.0,306684963.0
2024-09-04,8.88,8.98,8.77,8.98,35512840.0,316863389.0
2024-09-05,8.94,9.13,8.81,8.92,29080150.0,259885920.0
2024-09-09,8.78,9.02,8.73,8.88,39626839.0,350636718.0
2024-09-10,8.88,8.96,8.73,8.79,23327653.0,205588658.0
2024-09-11,8.62,9.0,8.62,8.93,36239278.0,322442615.0
2024-09-12,8.97,9.15,8.85,9.02,36205607.0,327080723.0
2024-09-13,9.04,9.13,8.99,9.09,25517804.0,231652453.0
2024-09-16,9.08,9.09,8.87,9.02,10216104.0,91662233.0
2024-09-17,9.01,9.12,8.97,9.07,12387637.0,112290671.0
2024-09-19,9.15,9.36,9.1,9.32,61267910.0,568453159.0
2024-09-20,9.44,10.06,9.38,9.97,136167786.0,1342609373.0
2024-09-23,9.96,10.42,9.92,10.18,110594610.0,1130348055.0
2024-09-24,10.4,10.64,10.22,10.6,123177530.0,1287172186.0
2024-09-25,10.98,10.98,10.46,10.52,96865046.0,1031006583.0
2024-09-26,10.6,11.16,10.52,11.14,133617152.0,1456972890.0
2024-09-27,11.2,11.92,11.18,11.88,161366477.0,1872798875.0
2024-09-30,12.06,12.56,12.04,12.18,158442524.0,1952905902.0
2024-10-02,12.4,13.2,12.1,13.06,119539760.0,1527576592.0
2024-10-03,13.12,13.12,12.08,12.52,82794839.0,1033077287.0
2024-10-04,12.7,13.02,12.3,13.0,55161524.0,707710364.0
2024-10-07,13.24,13.9,13.24,13.9,89993082.0,1235656683.0
2024-10-08,14.0,14.24,11.94,12.18,187954632.0,2390753423.0
2024-10-09,12.24,12.42,11.18,11.78,163634401.0,1925436628.0
2024-10-10,12.2,13.2,12.2,12.88,185828576.0,2377700346.0
2024-10-14,12.88,13.06,12.24,12.76,127063793.0,1607725836.0
2024-10-15,12.64,13.0,11.84,12.0,96598232.0,1186468407.0
2024-10-16,11.8,12.4,11.58,12.1,74174701.0,894433728.0
2024-10-17,12.18,12.56,11.9,11.98,57927413.0,706457271.0
2024-10-18,11.92,12.76,11.82,12.6,76763342.0,951533202.0
2024-10-21,12.68,12.98,12.5,12.74,66221532.0,847414170.0
2024-10-22,12.68,13.9,12.64,13.64,159294358.0,2167564071.0
2024-10-23,13.84,14.9,13.64,14.54,198422030.0,2862473568.0
2024-10-24,14.32,14.58,13.82,13.9,85813570.0,1211527089.0
2024-10-25,13.94,15.16,13.9,15.04,176673998.0,2615896420.0
2024-10-28,15.28,15.54,14.6,14.9,103636818.0,1555627295.0
2024-10-29,14.98,15.4,14.8,14.86,77938595.0,1169635782.0
2024-10-30,14.3,14.64,14.06,14.42,103166616.0,1482969366.0
2024-10-31,14.3,14.48,13.6,13.66,161289109.0,2233296297.0
2024-11-01,13.6,14.14,13.28,13.84,106413741.0,1464271510.0
2024-11-04,13.98,14.8,13.86,14.48,97741763.0,1414827637.0
2024-11-05,14.18,15.12,14.14,14.98,92828080.0,1381723299.0
2024-11-06,14.94,15.04,14.28,14.54,81485264.0,1187060283.0
2024-11-07,14.14,14.8,13.76,14.34,111407286.0,1596985666.0
2024-11-08,14.6,15.5,14.6,14.74,110582767.0,1659263644.0
2024-11-11,14.4,14.72,14.26,14.6,54681578.0,793003934.0
2024-11-12,14.7,15.36,14.22,14.3,120254340.0,1770129981.0
2024-11-13,13.98,14.12,13.28,14.04,100556770.0,1380262235.0
2024-11-14,13.88,14.6,13.76,13.9,93229988.0,1315321993.0
2024-11-15,13.8,13.86,12.5,13.18,173086957.0,2256629788.0
2024-11-18,13.22,14.06,13.14,13.76,98277036.0,1339914515.0
2024-11-19,13.82,13.92,13.2,13.6,59580932.0,803516069.0
2024-11-20,13.4,13.6,13.02,13.32,66113686.0,875229780.0
2024-11-21,13.14,13.76,13.04,13.44,55965863.0,753198974.0
2024-11-22,13.36,13.44,12.7,12.84,66051848.0,857210686.0
2024-11-25,13.08,13.32,12.94,13.0,67149459.0,876359894.0
2024-11-26,12.8,13.18,12.72,13.0,55260387.0,717305102.0
2024-11-27,13.0,13.16,12.44,13.14,79120268.0,1013376216.0
2024-11-28,13.6,14.4,13.5,13.78,135806945.0,1873744379.0
2024-11-29,13.8,14.02,13.62,13.86,70899141.0,980592909.0
2024-12-02,14.0,14.72,14.0,14.42,94141001.0,1361319197.0
2024-12-03,14.38,14.54,14.18,14.46,41886799.0,603390780.0
2024-12-04,14.72,14.84,14.36,14.46,50558026.0,734065362.0
2024-12-05,14.2,14.56,14.14,14.52,43559789.0,626521572.0
2024-12-06,14.52,14.78,14.36,14.74,94038494.0,1376866208.0
2024-12-09,14.74,15.5,14.62,15.42,116477295.0,1755168859.0
2024-12-10,16.2,16.44,15.58,15.68,131012823.0,2098415283.0
2024-12-11,15.8,16.04,15.6,15.84,50352178.0,798470034.0
2024-12-12,15.8,16.4,15.72,16.1,65495196.0,1056024616.0
2024-12-13,16.02,16.02,15.18,15.28,90090615.0,1389346011.0
2024-12-16,15.1,15.42,15.04,15.18,63973219.0,971000222.0
2024-12-17,15.0,15.32,14.82,15.06,45351836.0,683763892.0
2024-12-18,15.2,15.76,15.12,15.68,56159804.0,874606667.0
2024-12-19,15.4,15.54,15.06,15.48,48763242.0,747452268.0
2024-12-20,15.4,15.66,15.3,15.32,47443285.0,729896944.0
2024-12-23,15.32,15.46,14.92,15.1,38464891.0,580214046.0
2024-12-24,15.12,15.36,15.0,15.34,20774194.0,316560618.0
2024-12-27,15.34,15.48,14.84,14.96,62091330.0,930458013.0
2024-12-30,15.0,15.0,14.36,14.64,58249532.0,848579276.0
2024-12-31,14.5,14.9,14.36,14.82,39575286.0,581480648.0
2025-01-02,14.54,14.8,14.02,14.08,71110563.0,1008040235.0
2025-01-03,14.1,14.4,14.02,14.18,39291348.0,557710008.0
2025-01-06,14.38,14.64,13.94,14.2,46464234.0,661958856.0
2025-01-07,14.0,14.36,13.64,13.98,66960538.0,931531576.0
2025-01-08,13.96,13.98,13.68,13.98,33974272.0,471130483.0
2025-01-09,13.88,14.28,13.82,13.96,34805769.0,489947816.0
2025-01-10,13.96,14.18,13.66,13.76,31053090.0,428832427.0
2025-01-13,13.74,13.78,13.3,13.58,59569267.0,803063328.0
2025-01-14,13.62,14.14,13.5,13.96,60189035.0,835233165.0
2025-01-15,13.96,13.96,13.4,13.6,46178749.0,627943377.0
2025-01-16,13.84,14.2,13.7,14.12,54106386.0,760195819.0
2025-01-17,14.04,14.38,13.98,14.28,44915070.0,639663830.0
2025-01-20,14.5,14.64,14.22,14.3,46978798.0,676765596.0
2025-01-21,14.56,14.78,14.28,14.74,65213016.0,954158246.0
2025-01-22,14.74,14.78,14.08,14.22,47691249.0,681056409.0
2025-01-23,14.46,14.56,14.1,14.16,33667896.0,481786097.0
2025-01-24,14.3,14.56,14.18,14.46,43475104.0,626845803.0
2025-01-27,14.34,14.6,14.32,14.46,25311008.0,366291544.0
2025-01-28,14.54,14.54,14.12,14.3,11414629.0,163002835.0
2025-02-03,14.02,14.78,13.92,14.78,34092774.0,491371434.0
2025-02-04,15.0,15.98,14.96,15.94,77670552.0,1218300743.0
2025-02-05,15.7,15.7,15.18,15.46,58990348.0,910743031.0
2025-02-06,15.56,16.4,15.4,16.4,83323882.0,1338655367.0
2025-02-07,16.66,18.08,16.5,17.72,231254536.0,4055950615.0
2025-02-10,17.94,18.3,17.32,17.72,159917090.0,2831570977.0
2025-02-11,17.3,17.4,15.7,15.9,242391396.0,3924217261.0
2025-02-12,16.02,17.28,15.74,16.98,187140893.0,3101984799.0
2025-02-13,17.2,17.36,16.42,16.46,105551140.0,1781080648.0
2025-02-14,16.7,17.24,16.48,17.14,87371099.0,1482379344.0
2025-02-17,17.2,17.74,16.54,16.88,103285892.0,1759039549.0
2025-02-18,16.98,18.06,16.88,17.76,127228286.0,2238688630.0
2025-02-19,17.68,18.06,17.32,17.9,83489550.0,1488403933.0
2025-02-20,17.7,18.18,17.22,17.36,59748957.0,1047640105.0
2025-02-21,17.68,17.72,16.76,17.46,131280788.0,2259863002.0
2025-02-24,17.58,17.94,17.2,17.46,77245880.0,1353949830.0
2025-02-25,17.0,18.38,16.92,18.0,127347653.0,2286030978.0
2025-02-26,18.34,18.42,17.4,17.9,95896378.0,1709669326.0
2025-02-27,18.4,19.44,18.14,18.98,214535085.0,4042982374.0
2025-02-28,19.0,19.08,17.34,17.54,153858929.0,2744543132.0
2025-03-03,17.92,18.54,17.7,17.9,108908860.0,1971050294.0
2025-03-04,17.0,17.06,16.1,16.88,194576742.0,3229023024.0
2025-03-05,17.02,17.44,16.64,17.38,92366599.0,1583024312.0
2025-03-06,17.8,18.18,17.62,17.94,83322371.0,1491402314.0
2025-03-07,18.0,18.22,17.42,17.86,74206451.0,1326149875.0
2025-03-10,17.74,17.94,16.92,17.16,88479636.0,1525090774.0
2025-03-11,16.64,17.32,16.5,17.24,69652210.0,1182101097.0
2025-03-12,17.5,17.94,17.24,17.52,93148079.0,1638665687.0
2025-03-13,17.62,17.8,16.88,17.14,66760277.0,1148221188.0
2025-03-14,17.38,17.8,16.96,17.68,75649571.0,1325379103.0
2025-03-17,17.64,17.84,17.2,17.32,53534663.0,936108902.0
2025-03-18,17.7,18.16,17.6,17.98,75386724.0,1346542846.0
2025-03-19,18.0,18.34,17.56,17.98,70214061.0,1257092365.0
2025-03-20,18.18,18.84,17.56,18.24,146346782.0,2676703158.0
2025-03-21,18.1,18.22,17.04,17.2,157087408.0,2738630528.0
2025-03-24,17.44,17.8,17.18,17.66,71894474.0,1257823448.0
2025-03-25,17.34,17.38,16.58,16.68,116339119.0,1959985506.0
2025-03-26,16.96,17.56,16.96,17.18,91220584.0,1569462125.0
2025-03-27,17.18,17.4,16.74,17.0,61819211.0,1055883456.0
2025-03-28,17.04,17.18,16.54,16.7,62015943.0,1036949861.0
2025-03-31,16.64,16.78,16.34,16.64,54379429.0,901155552.0
2025-04-01,16.62,16.86,16.26,16.62,52542776.0,872453221.0
2025-04-02,16.88,17.58,16.78,17.4,116797890.0,2016236741.0
2025-04-03,16.8,17.3,16.76,16.98,59829530.0,1015310058.0
2025-04-07,14.58,15.44,13.26,13.42,219238023.0,3108058445.0
2025-04-08,13.72,14.18,13.58,13.96,131579782.0,1829166218.0
2025-04-09,13.48,14.44,12.94,14.32,126659177.0,1747712063.0
2025-04-10,15.04,15.52,14.74,14.92,122146013.0,1851702357.0
2025-04-11,15.52,16.06,15.16,15.88,120667953.0,1890021247.0
2025-04-14,16.62,16.76,16.34,16.54,74238641.0,1226098166.0
2025-04-15,16.54,16.76,16.24,16.36,62107090.0,1020683528.0
2025-04-16,16.06,16.12,15.4,15.46,77885422.0,1216482187.0
2025-04-17,15.46,15.6,15.2,15.5,45347254.0,699342640.0
2025-04-22,15.38,15.84,15.26,15.7,45430071.0,708015748.0
2025-04-23,16.18,16.2,15.8,16.14,66420564.0,1065500726.0
2025-04-24,16.3,16.34,15.42,15.74,69384773.0,1095347964.0
2025-04-25,15.8,16.22,15.8,15.98,43500504.0,698251496.0
2025-04-28,16.16,16.16,15.6,15.8,35685608.0,564705249.0
2025-04-29,16.0,16.52,15.92,16.46,76595032.0,1251386360.0
2025-04-30,16.5,16.56,16.16,16.36,44434371.0,725788741.0
2025-05-02,16.44,16.88,16.32,16.68,31378992.0,523513959.0
2025-05-06,16.72,16.78,16.48,16.74,33988132.0,566898105.0
2025-05-07,17.14,17.3,16.66,16.78,55660143.0,942296750.0
2025-05-08,16.78,17.9,16.34,17.52,137972190.0,2404889515.0
2025-05-09,17.6,18.4,17.58,18.36,131131831.0,2363740037.0
2025-05-12,18.9,19.3,18.42,18.98,121089022.0,2286127949.0
2025-05-13,18.78,18.82,18.46,18.68,64079523.0,1193531830.0
2025-05-14,18.96,19.18,18.66,19.14,60288438.0,1144989836.0
2025-05-15,19.16,19.66,18.86,19.58,110181297.0,2135134920.0
2025-05-16,19.32,20.2,19.26,19.74,99795195.0,1966918267.0
2025-05-19,19.74,19.74,18.9,19.24,68326706.0,1313519256.0
2025-05-20,19.2,19.8,18.96,19.74,66696221.0,1303384796.0
2025-05-21,19.74,20.8,19.72,20.35,89762275.0,1825611824.0
2025-05-22,20.45,20.85,19.96,20.1,76309597.0,1542717007.0
2025-05-23,20.3,20.9,19.92,20.3,83055655.0,1697381784.0
2025-05-26,19.7,19.88,18.34,18.38,201483660.0,3804468413.0
2025-05-27,18.26,18.5,17.7,18.06,125016460.0,2251345717.0
2025-05-28,18.2,18.48,17.58,17.64,90204571.0,1608015934.0
2025-05-29,17.64,18.08,17.48,17.7,87333113.0,1556848571.0
2025-05-30,17.54,17.66,17.16,17.62,86393363.0,1508005358.0
2025-06-02,17.4,17.58,17.24,17.46,29326868.0,510175080.0
2025-06-03,17.58,17.98,17.5,17.74,70487369.0,1250923706.0
2025-06-04,17.96,18.44,17.8,18.22,97207501.0,1772820290.0
2025-06-05,18.5,18.5,17.86,18.1,61279027.0,1109392155.0
2025-06-06,18.1,18.2,17.8,17.94,46469420.0,835571943.0
2025-06-09,17.46,17.84,17.22,17.56,87750469.0,1542964203.0
2025-06-10,17.54,17.68,17.26,17.52,70654236.0,1232571887.0
2025-06-11,17.56,17.7,17.22,17.24,72240189.0,1257216256.0
2025-06-12,17.24,17.42,16.72,16.74,76679788.0,1303506270.0
2025-06-13,16.52,16.6,16.14,16.34,96893897.0,1578468364.0
2025-06-16,16.18,16.52,16.12,16.42,49965291.0,816996626.0
2025-06-17,16.42,16.5,16.2,16.36,37771675.0,616900068.0
2025-06-18,16.36,16.42,16.06,16.18,48056119.0,778785141.0
2025-06-19,16.1,16.28,15.78,15.84,45636179.0,728568748.0
2025-06-20,16.0,16.18,15.9,16.18,66374693.0,1067986863.0
2025-06-23,16.18,16.5,15.76,16.48,76741494.0,1245790080.0
2025-06-24,16.74,17.12,16.74,17.0,93908721.0,1592350095.0
2025-06-25,17.12,17.22,16.68,16.8,75279572.0,1271817391.0
2025-06-26,16.8,16.82,15.88,15.98,109367819.0,1774955786.0
2025-06-27,15.88,16.08,15.5,15.98,79941943.0,1267602206.0
2025-06-30,16.12,16.36,15.84,15.96,55486140.0,887320365.0
2025-07-02,16.72,16.72,16.06,16.32,92097089.0,1505499262.0
2025-07-03,16.52,16.52,16.16,16.46,53632040.0,877118416.0
2025-07-04,16.46,16.46,16.18,16.26,42314064.0,688665519.0
2025-07-07,16.26,16.52,16.12,16.34,32424632.0,527585838.0
2025-07-08,16.32,16.68,16.28,16.54,63680540.0,1051179274.0
2025-07-09,16.54,17.14,16.42,17.0,93745936.0,1586867801.0
2025-07-10,17.0,17.7,16.8,17.6,116686529.0,2025662844.0
2025-07-11,17.7,17.88,17.38,17.58,85224766.0,1502304024.0
2025-07-14,17.44,18.08,17.4,17.98,80334883.0,1431990863.0
2025-07-15,18.12,18.5,17.96,18.24,80933128.0,1478290688.0
2025-07-16,18.5,18.76,18.24,18.26,87042911.0,1607983160.0
2025-07-17,18.44,19.18,18.24,19.02,127668323.0,2410440318.0
2025-07-18,19.3,19.38,18.64,18.92,59653620.0,1127898155.0
2025-07-21,18.56,18.82,18.14,18.44,95951443.0,1762869727.0
2025-07-22,18.44,18.8,18.28,18.8,53275966.0,990104461.0
2025-07-23,18.98,19.06,18.72,18.9,55913626.0,1056067686.0
2025-07-24,18.9,19.24,18.86,19.14,55652142.0,1065245501.0
2025-07-25,19.06,19.72,18.9,19.46,78616576.0,1526335443.0
2025-07-28,19.2,19.48,18.92,19.08,54958944.0,1052073003.0
2025-07-29,18.94,19.14,18.76,19.14,47502919.0,899662895.0
2025-07-30,19.0,19.0,18.28,18.34,92077883.0,1708207662.0
2025-07-31,18.18,18.24,17.52,17.68,80812259.0,1438489682.0
2025-08-01,17.62,17.84,17.54,17.66,48514712.0,858600883.0
2025-08-04,17.61,18.1,17.41,18.1,65663339.0,1172143669.0
2025-08-05,18.04,18.3,18.0,18.18,44977551.0,816866546.0
2025-08-06,18.16,18.5,18.03,18.38,43012533.0,787973722.0
2025-08-07,18.54,18.59,18.29,18.41,36485643.0,672140351.0
2025-08-08,18.22,18.49,18.2,18.41,29242016.0,537020918.0
2025-08-11,18.5,19.11,18.5,18.87,67940325.0,1279601309.0
2025-08-12,19.01,19.51,18.86,19.28,80162963.0,1538377200.0
2025-08-13,19.32,19.44,18.91,19.3,64632641.0,1238769652.0
2025-08-14,19.5,19.7,18.61,18.95,102157985.0,1932700073.0
2025-08-15,18.79,19.24,17.83,19.24,133695728.0,2487392088.0
2025-08-18,19.2,20.18,18.85,19.81,130312934.0,2566723628.0
2025-08-19,19.99,20.58,19.59,20.44,116054833.0,2344313074.0
2025-08-20,20.1,20.3,19.84,20.06,67433781.0,1354073055.0
2025-08-21,20.12,20.28,19.68,19.83,53328521.0,1059733787.0
2025-08-22,20.08,20.18,19.7,19.98,58605143.0,1164973556.0
2025-08-25,20.46,20.78,19.53,19.71,109330004.0,2177299535.0
2025-08-26,19.66,19.68,19.29,19.39,65575050.0,1276717611.0
2025-08-27,19.56,19.75,19.12,19.21,56944384.0,1105510146.0
2025-08-28,19.25,19.34,18.84,19.22,54073518.0,1032316749.0
2025-08-29,19.24,19.87,19.04,19.56,75666127.0,1476558002.0
2025-09-01,19.85,20.12,19.0,19.12,102737694.0,1986956984.0
2025-09-02,19.22,19.4,18.75,18.87,53789125.0,1021385477.0
2025-09-03,18.8,19.25,18.68,18.73,56114426.0,1057823996.0
2025-09-04,18.83,18.85,18.2,18.31,87589890.0,1608900822.0
2025-09-05,18.24,18.95,18.24,18.68,76264370.0,1421117647.0
2025-09-08,18.89,18.9,18.26,18.31,74133034.0,1364569897.0
2025-09-09,18.38,19.25,18.38,18.92,88868287.0,1683203865.0
2025-09-10,18.99,19.2,18.82,18.89,54122503.0,1026090622.0
2025-09-11,18.8,18.8,18.56,18.65,50711327.0,945927046.0
2025-09-12,18.8,18.82,18.4,18.44,61770479.0,1144702381.0
2025-09-15,18.41,18.64,18.21,18.46,53439993.0,986953280.0
2025-09-16,18.6,19.23,18.51,19.05,83632509.0,1589701031.0
2025-09-17,19.2,19.84,19.13,19.75,103241409.0,2027338679.0
2025-09-18,19.8,19.83,18.5,18.81,150635091.0,2858826411.0
2025-09-19,18.81,19.03,18.64,19.0,56614235.0,1069955275.0
2025-09-22,18.96,18.96,18.56,18.69,38892460.0,725648823.0
2025-09-23,18.68,18.94,18.11,18.24,65603995.0,1204250059.0
2025-09-24,18.13,18.32,17.98,18.2,59114740.0,1073395483.0
2025-09-25,18.34,18.65,18.25,18.45,48323735.0,892956286.0
2025-09-26,18.4,18.74,18.14,18.23,51359309.0,947314073.0
2025-09-29,18.27,18.68,18.08,18.63,55469354.0,1024313784.0
2025-09-30,18.71,19.55,18.71,19.55,138423793.0,2671402159.0
2025-10-02,19.6,19.87,19.55,19.74,51712231.0,1019303554.0
2025-10-03,19.74,19.74,19.04,19.37,32201047.0,621811853.0
2025-10-06,19.11,19.25,18.88,19.03,19272216.0,366196710.0
2025-10-08,19.01,19.74,19.01,19.67,49197481.0,961752980.0
2025-10-09,19.71,19.98,19.22,19.75,75717256.0,1484245914.0
2025-10-10,19.5,19.5,18.93,19.05,68436585.0,1311337564.0
2025-10-13,18.3,18.93,18.3,18.91,93225639.0,1735891687.0
2025-10-14,18.93,19.5,18.32,18.41,95574974.0,1795635109.0
2025-10-15,18.46,19.33,18.46,19.17,74462242.0,1421895129.0
2025-10-16,19.01,19.59,19.01,19.25,58057327.0,1120677794.0
2025-10-17,19.2,19.2,18.28,18.38,78848933.0,1465596208.0
2025-10-20,18.93,19.41,18.69,19.18,66548849.0,1269008103.0
2025-10-21,19.33,20.0,19.25,19.8,131602308.0,2613105120.0
2025-10-22,19.61,19.73,19.32,19.52,49509720.0,967014510.0
2025-10-23,19.38,19.5,18.92,19.43,44462697.0,855841360.0
2025-10-24,19.6,19.76,19.4,19.52,32237129.0,630678958.0
2025-10-27,19.68,19.85,19.11,19.13,48317286.0,931196544.0
2025-10-28,19.3,19.3,18.84,18.92,44698195.0,849825039.0
2025-10-30,19.1,19.27,18.65,18.77,49685274.0,940861258.0
2025-10-31,18.77,18.77,18.4,18.4,59459369.0,1099805668.0
2025-11-03,18.5,18.62,17.6,17.77,142029248.0,2535869263.0
2025-11-04,17.71,17.83,17.32,17.56,86988212.0,1523579396.0
2025-11-05,17.25,17.51,17.09,17.51,49312941.0,857638788.0
2025-11-06,17.6,18.09,17.48,17.88,50241611.0,896901462.0
2025-11-07,17.83,18.03,17.63,17.69,30713634.0,546011602.0
2025-11-10,17.73,17.96,17.29,17.88,46688096.0,827950396.0
2025-11-11,17.98,18.4,17.88,18.12,48904981.0,885502211.0
2025-11-12,18.28,18.29,17.65,17.67,44801563.0,800645137.0
2025-11-13,17.39,17.79,17.31,17.75,54798423.0,962031544.0
2025-11-14,17.53,17.81,17.47,17.53,38366932.0,676576949.0
2025-11-17,17.48,17.58,17.11,17.2,61553388.0,1063746678.0
2025-11-18,17.06,17.44,16.83,17.0,87864050.0,1498875092.0
2025-11-19,17.21,17.39,17.03,17.04,46308210.0,795838716.0
2025-11-20,17.16,17.19,16.84,17.01,43175507.0,734648136.0
2025-11-21,16.8,16.9,16.51,16.71,73586447.0,1231250487.0
2025-11-24,16.75,16.9,16.47,16.75,70844325.0,1181361191.0
2025-11-25,16.81,17.02,16.62,16.72,35513692.0,596585989.0
2025-11-26,16.88,16.99,16.78,16.82,36497472.0,616408117.0
2025-11-27,16.9,17.12,16.8,17.0,45623518.0,775671545.0
2025-11-28,16.98,17.08,16.88,16.94,32415620.0,549949995.0
2025-12-01,17.0,17.3,16.91,17.06,51467024.0,880773493.0
2025-12-02,17.11,17.26,16.96,17.16,60700345.0,1037477797.0
2025-12-03,17.05,17.14,16.81,16.9,63836239.0,1080913668.0
2025-12-04,17.0,17.46,16.71,17.43,62670159.0,1075242991.0
2025-12-05,17.34,17.44,17.24,17.37,41824820.0,725209343.0
2025-12-08,17.4,17.93,17.38,17.68,39585032.0,700312450.0
2025-12-09,17.68,17.92,17.4,17.51,28503989.0,500812584.0
2025-12-10,17.5,17.83,17.44,17.68,29865114.0,527784394.0
2025-12-11,17.65,17.75,17.29,17.33,25970015.0,452428731.0
2025-12-12,17.48,17.83,17.27,17.77,36054840.0,636056023.0
2025-12-15,17.61,17.76,17.16,17.21,30015913.0,521966397.0
2025-12-16,17.15,17.2,16.71,16.81,39686500.0,669089124.0
2025-12-17,17.0,17.07,16.55,16.56,56562017.0,942678523.0
2025-12-18,16.56,16.81,16.26,16.79,47412409.0,789036703.0
2025-12-19,16.83,17.05,16.57,16.96,45832473.0,774494406.0
2025-12-22,16.96,17.18,16.82,16.93,30927993.0,525492212.0
2025-12-23,17.16,17.26,16.88,16.96,20073508.0,341010212.0
2025-12-24,16.95,17.05,16.87,16.92,12211639.0,206942966.0
2025-12-29,17.48,17.94,17.36,17.5,80161761.0,1417972586.0
2025-12-30,17.55,18.06,17.44,18.02,68502362.0,1228417114.0
2025-12-31,17.97,18.57,17.85,17.9,38392753.0,698590061.0
2026-01-02,17.9,18.35,17.7,18.2,26322533.0,479250395.0
2026-01-05,17.98,18.06,17.51,17.6,59457614.0,1049460714.0
2026-01-06,17.71,17.85,17.57,17.83,38998520.0,691614378.0
2026-01-07,17.83,17.83,17.37,17.51,39092969.0,683424093.0
2026-01-08,17.31,17.39,17.16,17.39,34943517.0,603047736.0
2026-01-09,17.39,17.49,17.17,17.19,28993611.0,500298388.0
2026-01-12,17.16,17.24,16.62,16.92,105770471.0,1773534193.0
2026-01-13,17.22,17.34,16.98,17.17,56114965.0,963144259.0
2026-01-14,17.17,17.41,16.97,17.0,68477269.0,1173513858.0
2026-01-15,17.0,17.52,16.96,17.26,70282425.0,1214831073.0
2026-01-16,17.38,17.53,17.12,17.13,41789867.0,722926638.0
2026-01-19,17.13,17.26,16.92,17.03,34408322.0,586506273.0
2026-01-20,16.98,16.99,16.68,16.77,44830150.0,753178159.0
2026-01-21,16.62,16.85,16.6,16.75,38355724.0,640682354.0
2026-01-22,16.83,17.12,16.56,16.71,44745820.0,748895810.0
2026-01-23,16.85,17.04,16.81,16.89,52064388.0,880035787.0
2026-01-26,16.89,16.93,16.42,16.62,51710340.0,857521569.0
2026-01-27,16.66,16.71,16.49,16.53,36529307.0,604470792.0
2026-01-28,16.6,16.74,16.29,16.74,55408967.0,917607711.0
2026-01-29,16.74,16.8,16.53,16.8,36271114.0,606390726.0
2026-01-30,16.79,16.8,16.07,16.09,70041627.0,1137861393.0
2026-02-02,16.27,16.27,15.59,15.85,64329083.0,1015334536.0
2026-02-03,16.01,16.1,15.53,15.83,46381183.0,730845433.0
2026-02-04,15.73,16.14,15.71,15.92,30801997.0,491092742.0
2026-02-05,15.8,16.3,15.78,16.15,37043274.0,596570756.0
2026-02-06,15.93,16.45,15.86,16.31,39619806.0,644868011.0
2026-02-09,16.45,16.91,16.45,16.59,38701251.0,645613433.0
2026-02-10,16.59,16.8,16.45,16.5,30197087.0,500377963.0
2026-02-11,16.65,17.09,16.65,16.94,52945181.0,895096855.0
2026-02-12,16.99,17.06,16.76,16.91,26580849.0,448702767.0
2026-02-13,16.77,16.98,16.7,16.97,27056436.0,456933142.0
2026-02-16,16.74,17.05,16.66,17.05,10937447.0,184498964.0
2026-02-20,17.01,17.1,16.67,16.8,21897413.0,369252770.0
2026-02-23,17.0,17.19,16.99,17.19,32530398.0,556319520.0
2026-02-24,17.05,17.1,16.67,16.8,40908845.0,686200808.0
2026-02-25,16.8,17.02,16.61,16.65,30673297.0,514058872.0
2026-02-26,16.7,16.73,16.3,16.31,42892033.0,704135818.0
2026-02-27,16.23,16.33,16.1,16.15,68248181.0,1103163278.0
2026-03-02,15.95,16.0,15.6,15.77,58474824.0,923866194.0
2026-03-03,15.86,16.13,15.34,15.41,64661805.0,1004089891.0
2026-03-04,15.32,15.49,14.96,15.13,73246000.0,1108552340.0
2026-03-05,15.74,15.74,15.11,15.16,34990173.0,537906865.0
2026-03-06,15.19,16.38,15.16,16.36,75575862.0,1209248619.0
2026-03-09,16.0,16.0,15.25,15.81,76726990.0,1198851121.0
2026-03-10,16.05,16.44,16.02,16.07,62689345.0,1014433114.0
2026-03-11,16.15,17.69,16.15,17.39,173424483.0,2993349257.0
2026-03-12,17.29,17.91,17.26,17.56,81033591.0,1427600985.0
2026-03-13,17.39,17.61,17.31,17.4,50767039.0,885286335.0
2026-03-16,17.48,18.3,17.03,18.02,115897572.0,2067126319.0
2026-03-17,18.08,19.14,18.08,18.84,145563087.0,2737885871.0
2026-03-18,18.83,18.83,17.7,18.15,105448519.0,1919651766.0
2026-03-19,17.79,18.74,17.54,18.34,81472657.0,1494472457.0
2026-03-20,18.71,19.88,18.68,19.52,212126542.0,4123883353.0
2026-03-23,19.52,20.7,19.26,20.0,231062885.0,4652608246.0
2026-03-24,20.3,21.06,19.82,20.9,180312783.0,3704701756.0
2026-03-25,20.8,21.58,20.62,21.24,131617228.0,2782563340.0
2026-03-26,21.14,21.44,20.42,20.62,97716736.0,2016910977.0
2026-03-27,20.62,21.16,20.52,20.9,83755134.0,1752540207.0
2026-03-30,20.6,21.48,20.5,21.06,84133591.0,1770157031.0
2026-03-31,21.02,21.6,20.84,20.92,72762887.0,1535853666.0
2026-04-01,21.38,22.08,21.18,21.98,89892436.0,1956756028.0
2026-04-02,22.2,24.06,22.12,23.82,187844078.0,4370215165.0
2026-04-08,23.68,24.08,22.76,23.82,144105955.0,3411031371.0
2026-04-09,23.82,24.98,23.7,24.38,108168182.0,2657776820.0
2026-04-10,24.38,25.1,24.22,24.98,94207189.0,2336811767.0
2026-04-13,25.16,25.62,24.7,24.94,64189784.0,1607266066.0
2026-04-14,25.0,25.36,24.38,24.84,85986119.0,2130845579.0
2026-04-15,24.92,24.98,23.96,24.04,99228372.0,2405781016.0
2026-04-16,23.9,24.88,23.64,24.72,97252053.0,2384451327.0
2026-04-17,24.52,25.14,24.22,24.72,79205607.0,1953516165.0
2026-04-20,24.8,25.18,23.86,24.1,84077579.0,2040183998.0
2026-04-21,24.26,24.46,23.66,24.38,69899428.0,1684090533.0
2026-04-22,24.36,25.06,23.86,24.9,69406734.0,1716251139.0
2026-04-23,24.5,24.78,23.54,23.66,97791322.0,2332777853.0
2026-04-24,23.5,23.5,22.72,23.02,105629370.0,2433503220.0
2026-04-27,22.66,23.18,22.3,22.38,72127645.0,1635445338.0
2026-04-28,22.24,22.62,21.58,21.78,84532354.0,1850049436.0
2026-04-29,21.88,22.94,21.88,22.34,104770417.0,2348652051.0
2026-04-30,22.88,23.3,22.08,22.9,99101192.0,2253862555.0
2026-05-04,23.08,23.28,22.64,23.02,36907532.0,850084364.0
2026-05-05,22.78,23.02,22.4,23.0,27474931.0,626928602.0
2026-05-06,23.1,23.2,21.94,22.56,92580953.0,2070267732.0
2026-05-07,22.7,22.94,22.48,22.7,56635905.0,1283435603.0
2026-05-08,22.8,23.04,22.5,22.74,35132544.0,800367104.0
2026-05-11,22.64,22.88,22.1,22.44,52104704.0,1175040901.0
2026-05-12,22.78,23.5,22.26,22.56,90498061.0,2065293944.0
2026-05-13,22.32,22.4,21.02,21.38,118371800.0,2535384122.0
2026-05-14,21.18,21.56,20.88,21.26,61115218.0,1293305945.0
2026-05-15,21.7,21.7,21.32,21.62,52210014.0,1124155498.0
2026-05-18,21.6,21.6,20.44,20.58,78239878.0,1616963075.0
2026-05-19,20.48,20.48,19.98,20.22,67242466.0,1358347632.0
2026-05-20,20.14,20.2,19.76,19.97,49971915.0,996324813.0
2026-05-21,19.88,20.0,19.28,19.47,55931956.0,1093860912.0
2026-05-22,19.55,19.74,19.36,19.45,39197278.0,765687975.0
