date,open,high,low,close,volume,amount
2004-06-16,4.375,4.625,4.075,4.15,439775000.0,0.0
2004-06-17,4.15,4.375,4.125,4.225,83801500.0,355633000.0
2004-06-18,4.2,4.25,3.95,4.025,36598000.0,149217400.0
2004-06-21,4.125,4.125,3.95,4.0,22817000.0,92101580.0
2004-06-23,4.05,4.45,4.025,4.425,55016000.0,234417300.0
2004-06-24,4.475,4.525,4.325,4.475,34723000.0,154305600.0
2004-06-25,4.475,4.55,4.35,4.4,21212500.0,94840530.0
2004-06-28,4.375,4.4,4.25,4.3,14746000.0,63588200.0
2004-06-29,4.3,4.425,4.3,4.325,15081500.0,65692680.0
2004-06-30,4.35,4.425,4.3,4.3,12217000.0,53199580.0
2004-07-02,4.25,4.375,4.175,4.35,13026000.0,56038220.0
2004-07-05,4.325,4.4,4.325,4.375,14264000.0,61832130.0
2004-07-06,4.375,4.45,4.35,4.4,15429000.0,67928980.0
2004-07-07,4.35,4.375,4.25,4.275,13135000.0,56501250.0
2004-07-08,4.25,4.25,4.075,4.1,21149000.0,87504450.0
2004-07-09,4.075,4.125,4.025,4.075,9376000.0,38200980.0
2004-07-12,4.075,4.125,3.975,3.975,11970000.0,48244700.0
2004-07-13,4.0,4.05,3.975,4.025,10934000.0,43735420.0
2004-07-14,4.025,4.025,3.75,3.775,19638000.0,75304870.0
2004-07-15,3.825,3.825,3.55,3.675,11319000.0,41480220.0
2004-07-16,3.65,3.75,3.625,3.7,4126500.0,15344710.0
2004-07-19,3.7,3.775,3.6,3.775,5321000.0,19808700.0
2004-07-20,3.725,3.775,3.7,3.75,3436000.0,12779680.0
2004-07-21,3.825,3.875,3.75,3.8,10495000.0,39951880.0
2004-07-22,3.7,3.75,3.5,3.55,13831000.0,49782080.0
2004-07-23,3.55,3.575,3.5,3.525,4668000.0,16438000.0
2004-07-26,3.4,3.5,3.375,3.375,7439000.0,25360680.0
2004-07-27,3.4,3.725,3.375,3.725,17906000.0,64645580.0
2004-07-28,3.725,3.75,3.625,3.675,4205000.0,15521200.0
2004-07-29,3.625,3.775,3.6,3.75,3498000.0,12943880.0
2004-07-30,3.8,3.875,3.725,3.85,10065000.0,38332380.0
2004-08-02,3.85,3.875,3.7,3.875,5352000.0,20459980.0
2004-08-03,3.9,3.975,3.875,3.975,12739000.0,50043480.0
2004-08-04,3.925,3.925,3.825,3.875,2849000.0,11000500.0
2004-08-05,3.9,4.025,3.9,3.975,6785000.0,27098150.0
2004-08-06,3.925,4.05,3.925,4.0,4334000.0,17332000.0
2004-08-09,4.0,4.0,3.95,4.0,4497000.0,17938250.0
2004-08-10,4.0,4.05,3.875,3.875,4209000.0,16516600.0
2004-08-11,3.925,3.925,3.675,3.7,6565000.0,24628050.0
2004-08-12,3.675,3.75,3.625,3.75,5173000.0,19153620.0
2004-08-13,3.675,3.75,3.675,3.75,977000.0,3642175.0
2004-08-16,3.675,3.775,3.6,3.75,2665000.0,9836700.0
2004-08-17,3.75,3.75,3.675,3.7,893500.0,3320413.0
2004-08-18,3.75,3.75,3.7,3.725,676000.0,2503975.0
2004-08-19,3.725,3.8,3.675,3.7,3979000.0,14914700.0
2004-08-20,3.725,3.725,3.675,3.725,3456000.0,12774100.0
2004-08-23,3.725,3.75,3.575,3.65,2150000.0,7803225.0
2004-08-24,3.65,3.65,3.55,3.6,3268000.0,11758380.0
2004-08-25,3.625,3.625,3.475,3.5,4818000.0,17043650.0
2004-08-26,3.55,3.575,3.375,3.4,8416000.0,29249820.0
2004-08-27,3.45,3.525,3.425,3.5,9896000.0,34368380.0
2004-08-30,3.5,3.55,3.475,3.5,2126000.0,7475025.0
2004-08-31,3.525,3.675,3.475,3.65,2290000.0,8185275.0
2004-09-01,3.675,3.675,3.6,3.625,2072000.0,7532175.0
2004-09-02,3.65,3.65,3.6,3.625,3049000.0,11076500.0
2004-09-03,3.65,3.65,3.575,3.6,1870000.0,6734575.0
2004-09-06,3.6,3.675,3.575,3.65,2437000.0,8863875.0
2004-09-07,3.675,3.775,3.675,3.775,8060000.0,30048250.0
2004-09-08,3.75,3.75,3.675,3.725,1711000.0,6359775.0
2004-09-09,3.675,3.7,3.65,3.65,692000.0,2534275.0
2004-09-10,3.65,3.7,3.625,3.7,622000.0,2277775.0
2004-09-13,3.625,3.625,3.45,3.475,7420000.0,26028100.0
2004-09-14,3.5,3.65,3.5,3.6,3611000.0,12847320.0
2004-09-15,3.7,3.825,3.675,3.775,14480000.0,54401650.0
2004-09-16,3.8,3.925,3.75,3.9,12604000.0,48742400.0
2004-09-17,3.925,3.925,3.85,3.85,3699000.0,14367300.0
2004-09-20,3.875,3.9,3.775,3.85,2416000.0,9257000.0
2004-09-21,3.9,3.975,3.825,3.85,4143000.0,16228950.0
2004-09-22,3.825,3.85,3.8,3.825,1521000.0,5819075.0
2004-09-23,3.8,3.9,3.8,3.875,1612000.0,6208550.0
2004-09-24,3.875,3.875,3.775,3.8,4383000.0,16677750.0
2004-09-27,3.8,3.825,3.775,3.8,1303000.0,4955700.0
2004-09-28,3.75,3.8,3.75,3.8,2124000.0,8045325.0
2004-09-30,3.825,3.825,3.75,3.8,3282000.0,12426220.0
2004-10-04,3.8,3.975,3.8,3.925,6206000.0,24074350.0
2004-10-05,3.95,4.3,3.95,4.175,22494640.0,93426220.0
2004-10-06,4.2,4.325,4.2,4.275,19159910.0,81862980.0
2004-10-07,4.3,4.4,4.25,4.3,9895000.0,42717120.0
2004-10-08,4.35,4.4,4.15,4.275,8688500.0,37184900.0
2004-10-11,4.275,4.575,4.275,4.475,20116580.0,89623750.0
2004-10-12,4.5,4.575,4.45,4.55,12973000.0,58879680.0
2004-10-13,4.55,4.55,4.35,4.4,5590000.0,24675620.0
2004-10-14,4.4,4.475,4.325,4.425,3882000.0,17062380.0
2004-10-15,4.375,4.525,4.35,4.525,2853000.0,12675620.0
2004-10-18,4.525,4.675,4.525,4.6,6817000.0,31485700.0
2004-10-19,4.6,4.675,4.475,4.575,2197000.0,9976400.0
2004-10-20,4.55,4.575,4.325,4.375,3735000.0,16488580.0
2004-10-21,4.375,4.375,4.275,4.3,4515000.0,19436820.0
2004-10-25,4.3,4.3,4.175,4.2,3912000.0,16527080.0
2004-10-26,4.15,4.2,4.125,4.175,4015000.0,16687350.0
2004-10-27,4.325,4.475,4.325,4.45,9618000.0,42457650.0
2004-10-28,4.525,4.8,4.525,4.65,21639000.0,101727300.0
2004-10-29,4.55,4.675,4.525,4.575,4587000.0,21030450.0
2004-11-01,4.55,4.6,4.525,4.575,922000.0,4197100.0
2004-11-02,4.6,4.8,4.575,4.775,7451000.0,35211150.0
2004-11-03,4.7,4.75,4.625,4.7,4359000.0,20422980.0
2004-11-04,4.7,4.7,4.425,4.45,6993000.0,31461380.0
2004-11-05,4.525,4.575,4.45,4.525,4452000.0,20049440.0
2004-11-08,4.5,4.525,4.45,4.5,2493000.0,11192200.0
2004-11-09,4.55,4.65,4.525,4.55,4851000.0,22225420.0
2004-11-10,4.625,4.625,4.55,4.575,2129000.0,9771550.0
2004-11-11,4.575,4.575,4.5,4.525,2308000.0,10439750.0
2004-11-12,4.625,4.675,4.55,4.625,6530000.0,30037200.0
2004-11-15,4.625,4.775,4.625,4.65,11964000.0,56220980.0
2004-11-16,4.625,4.675,4.575,4.675,6360000.0,29387600.0
2004-11-17,4.65,5.15,4.65,5.05,28680000.0,140657700.0
2004-11-18,5.05,5.25,4.675,4.675,31583000.0,154020700.0
2004-11-19,4.7,4.925,4.675,4.9,12685000.0,60502480.0
2004-11-22,4.925,5.25,4.875,5.1,12146000.0,62133650.0
2004-11-23,5.1,5.5,5.1,5.4,9782000.0,52292150.0
2004-11-24,5.45,5.45,5.15,5.15,6270000.0,33252050.0
2004-11-25,5.2,5.35,5.1,5.25,5813000.0,30204700.0
2004-11-26,5.15,5.55,5.15,5.45,9848000.0,53837500.0
2004-11-29,5.5,5.95,5.5,5.85,11656000.0,66879850.0
2004-11-30,5.75,6.05,5.75,5.9,4080000.0,24176400.0
2004-12-01,5.9,5.9,5.7,5.75,4494000.0,25936400.0
2004-12-02,5.95,6.1,5.85,6.05,7263000.0,43296650.0
2004-12-03,6.15,6.35,5.85,5.85,5769000.0,34959100.0
2004-12-06,5.9,6.0,5.85,5.85,923000.0,5440550.0
2004-12-07,5.9,5.9,5.45,5.55,10534000.0,58470050.0
2004-12-08,5.55,5.55,5.4,5.4,4555000.0,24781300.0
2004-12-09,5.5,5.55,5.4,5.45,3940000.0,21583050.0
2004-12-10,5.5,5.75,5.45,5.6,4792000.0,26912500.0
2004-12-13,5.7,5.75,5.6,5.7,3166000.0,17943250.0
2004-12-14,5.7,5.7,5.5,5.55,10572000.0,59003600.0
2004-12-15,5.55,5.8,5.55,5.75,8012000.0,45048900.0
2004-12-16,5.85,5.85,5.65,5.75,1255000.0,7183900.0
2004-12-17,5.7,5.7,5.55,5.55,1741000.0,9704000.0
2004-12-20,5.55,5.6,5.25,5.3,8084000.0,43520600.0
2004-12-21,5.4,5.65,5.4,5.55,8565000.0,47128800.0
2004-12-22,5.55,5.6,5.05,5.1,17087000.0,90657350.0
2004-12-23,5.0,5.0,4.675,4.85,25722000.0,124609000.0
2004-12-24,4.875,4.975,4.875,4.975,4175000.0,20582770.0
2004-12-28,4.975,4.975,4.775,4.875,6441000.0,31461020.0
2004-12-29,4.875,4.875,4.625,4.725,8359000.0,39508750.0
2004-12-30,4.725,4.75,4.625,4.65,7040000.0,32814980.0
2004-12-31,4.65,4.725,4.625,4.65,7767000.0,36166200.0
2005-01-03,4.7,4.75,4.625,4.65,8517000.0,39746100.0
2005-01-04,4.675,4.8,4.65,4.775,16490000.0,77974950.0
2005-01-05,4.75,4.75,4.65,4.7,9699000.0,45547800.0
2005-01-06,4.7,4.725,4.65,4.7,8217800.0,38417200.0
2005-01-07,4.7,4.75,4.65,4.75,7487000.0,35114680.0
2005-01-10,4.75,4.975,4.75,4.85,7212000.0,34876360.0
2005-01-11,4.9,4.9,4.725,4.775,8301000.0,39572300.0
2005-01-12,4.8,4.8,4.725,4.75,4860000.0,23062960.0
2005-01-13,4.75,4.775,4.625,4.675,4107000.0,19239480.0
2005-01-14,4.65,4.8,4.65,4.75,5919000.0,28019130.0
2005-01-17,4.75,4.75,4.7,4.75,3691000.0,17391650.0
2005-01-18,4.775,4.775,4.65,4.7,3960000.0,18604700.0
2005-01-19,4.725,4.775,4.575,4.65,3323000.0,15446900.0
2005-01-20,4.6,4.6,4.425,4.525,8175000.0,36721550.0
2005-01-21,4.5,4.5,4.275,4.325,6267000.0,27346050.0
2005-01-24,4.3,4.45,4.275,4.45,7805000.0,33978100.0
2005-01-25,4.45,4.5,4.3,4.475,4481000.0,19670920.0
2005-01-26,4.575,4.575,4.4,4.475,2788000.0,12307980.0
2005-01-27,4.475,4.525,4.45,4.45,4699000.0,21102180.0
2005-01-28,4.45,4.525,4.425,4.5,4905000.0,22014050.0
2005-01-31,4.5,4.55,4.45,4.525,3523000.0,15851320.0
2005-02-01,4.55,4.7,4.55,4.675,4986800.0,23030380.0
2005-02-02,4.75,4.85,4.7,4.85,10699000.0,51382700.0
2005-02-03,4.825,4.925,4.75,4.8,2230800.0,10765600.0
2005-02-04,4.8,5.2,4.8,5.0,15424000.0,76762580.0
2005-02-07,5.1,5.1,4.95,4.95,3453000.0,17205200.0
2005-02-08,4.975,4.975,4.75,4.825,5978000.0,28880050.0
2005-02-14,4.875,5.0,4.85,5.0,6661000.0,32837500.0
2005-02-15,5.0,5.0,4.825,4.9,4308000.0,21004000.0
2005-02-16,4.925,4.95,4.8,4.85,1872150.0,9056163.0
2005-02-17,4.9,4.975,4.85,4.9,2298702.0,11277100.0
2005-02-18,4.9,4.925,4.85,4.925,1133000.0,5540950.0
2005-02-21,4.95,5.4,4.95,5.35,41720000.0,219185900.0
2005-02-22,5.35,5.35,5.2,5.25,5682400.0,29838310.0
2005-02-23,5.3,5.3,5.05,5.2,9458000.0,49046150.0
2005-02-24,5.3,5.3,5.15,5.15,2640000.0,13744150.0
2005-02-25,5.25,5.3,5.2,5.25,2822000.0,14808300.0
2005-02-28,5.3,5.35,4.975,5.1,5378000.0,27751680.0
2005-03-01,5.15,5.15,5.05,5.15,1000000.0,5102900.0
2005-03-02,5.15,5.15,5.05,5.05,1188300.0,6040930.0
2005-03-03,5.05,5.1,5.0,5.1,1897300.0,9644135.0
2005-03-04,5.15,5.35,5.15,5.2,5255000.0,27732250.0
2005-03-07,5.3,5.35,5.25,5.3,4069000.0,21440450.0
2005-03-08,5.3,5.45,5.3,5.3,3979000.0,21350800.0
2005-03-09,5.3,5.3,5.2,5.2,1498000.0,7854650.0
2005-03-10,5.2,5.4,5.15,5.35,3955000.0,21059050.0
2005-03-11,5.3,5.3,5.15,5.25,2964000.0,15451250.0
2005-03-14,5.2,5.25,5.2,5.2,1076000.0,5625550.0
2005-03-15,5.2,5.2,5.05,5.1,2476000.0,12685200.0
2005-03-16,5.05,5.15,4.975,5.05,2490000.0,12658190.0
2005-03-17,5.0,5.2,4.975,5.2,6335000.0,32344400.0
2005-03-18,5.2,5.3,5.1,5.25,4892000.0,25642050.0
2005-03-21,5.3,5.7,5.15,5.55,16010000.0,87905650.0
2005-03-22,5.5,5.55,5.4,5.5,3881010.0,21277900.0
2005-03-23,5.4,5.6,5.4,5.55,4839000.0,26516600.0
2005-03-24,5.65,5.95,5.55,5.8,14701000.0,85144950.0
2005-03-29,5.75,5.85,5.75,5.8,5620000.0,32527450.0
2005-03-30,5.7,5.8,5.65,5.75,5079700.0,29152320.0
2005-03-31,5.75,5.8,5.65,5.65,5633500.0,31938620.0
2005-04-01,5.7,5.7,5.45,5.65,2530000.0,14047150.0
2005-04-04,5.65,5.65,5.45,5.5,3567000.0,19552150.0
2005-04-06,5.5,5.55,5.45,5.55,2822000.0,15541850.0
2005-04-07,5.6,5.6,5.5,5.55,3660000.0,20291050.0
2005-04-08,5.6,5.6,5.5,5.5,2664000.0,14701850.0
2005-04-11,5.55,5.55,5.4,5.45,1894000.0,10345650.0
2005-04-12,5.5,5.6,5.5,5.55,2912000.0,16055150.0
2005-04-13,5.55,5.55,5.4,5.5,813340.0,4446202.0
2005-04-14,5.45,5.45,5.3,5.4,2850000.0,15366900.0
2005-04-15,5.3,5.3,5.15,5.2,2426000.0,12756700.0
2005-04-18,5.1,5.15,5.05,5.05,4492000.0,22950900.0
2005-04-19,5.05,5.15,5.0,5.1,4980900.0,25304560.0
2005-04-20,5.15,5.2,5.1,5.1,2183000.0,11206300.0
2005-04-21,5.1,5.1,5.05,5.1,2078000.0,10545900.0
2005-04-22,5.2,5.35,5.2,5.35,4404000.0,23321800.0
2005-04-25,5.3,5.3,5.2,5.2,2798000.0,14641850.0
2005-04-26,5.3,5.4,5.2,5.35,3919000.0,20587300.0
2005-04-27,5.35,5.5,5.3,5.45,9303590.0,50206600.0
2005-04-28,5.5,5.6,5.5,5.6,2214600.0,12255050.0
2005-04-29,5.5,5.5,5.3,5.4,2967000.0,16009550.0
2005-05-03,5.4,5.55,5.4,5.5,3468000.0,19000250.0
2005-05-04,5.5,5.5,5.45,5.5,621000.0,3409950.0
2005-05-05,5.5,5.7,5.5,5.65,3691000.0,20758050.0
2005-05-06,5.65,5.7,5.55,5.6,1894000.0,10638320.0
2005-05-09,5.6,5.65,5.5,5.6,2644000.0,14751450.0
2005-05-10,5.7,5.7,5.6,5.6,4052000.0,22794350.0
2005-05-11,5.6,5.6,5.45,5.45,2806000.0,15453600.0
2005-05-12,5.5,5.55,5.4,5.5,1818000.0,9937400.0
2005-05-13,5.4,5.4,5.25,5.25,4068000.0,21559150.0
2005-05-17,5.3,5.35,5.2,5.35,892000.0,4711750.0
2005-05-18,5.35,5.4,5.2,5.3,2181000.0,11529000.0
2005-05-19,5.25,5.65,5.2,5.6,10867000.0,59975050.0
2005-05-20,5.6,5.65,5.5,5.5,3396000.0,18907200.0
2005-05-23,5.5,5.5,5.4,5.5,2236405.0,12223650.0
2005-05-24,5.5,5.5,5.4,5.45,2274000.0,12426300.0
2005-05-25,5.5,5.55,5.4,5.45,4430000.0,24321350.0
2005-05-26,5.45,5.6,5.35,5.55,4412000.0,24478350.0
2005-05-27,5.6,5.65,5.45,5.6,7556000.0,42140300.0
2005-05-30,5.6,5.6,5.5,5.5,2714000.0,14955900.0
2005-05-31,5.55,5.55,5.5,5.55,14651000.0,81040900.0
2005-06-01,5.55,5.6,5.55,5.55,4333000.0,24210350.0
2005-06-02,5.6,5.9,5.6,5.8,19797000.0,114024800.0
2005-06-03,5.85,6.0,5.65,5.65,5985500.0,34813920.0
2005-06-06,5.7,5.85,5.7,5.8,5853000.0,33876820.0
2005-06-07,5.8,5.85,5.75,5.8,2429000.0,14060600.0
2005-06-08,5.8,6.0,5.8,5.95,9900622.0,58645900.0
2005-06-09,5.95,6.0,5.85,5.95,2727000.0,16133100.0
2005-06-10,5.95,6.05,5.85,5.9,2103200.0,12543100.0
2005-06-13,5.9,5.95,5.8,5.9,1889500.0,11066320.0
2005-06-14,5.9,6.1,5.9,6.0,6057095.0,36620810.0
2005-06-15,6.05,6.05,5.95,6.0,928000.0,5565200.0
2005-06-16,6.0,6.0,5.75,5.95,1788000.0,10527800.0
2005-06-17,5.9,6.3,5.9,6.25,8368000.0,51404200.0
2005-06-20,6.2,6.25,6.15,6.25,4541000.0,28213550.0
2005-06-21,6.2,6.2,6.15,6.15,1607000.0,9939150.0
2005-06-22,6.2,6.5,6.15,6.45,4953000.0,31539950.0
2005-06-23,6.4,6.65,6.4,6.5,9232450.0,59939040.0
2005-06-24,6.5,6.5,6.35,6.45,10540490.0,67509760.0
2005-06-27,6.4,6.45,6.35,6.4,3613000.0,23034250.0
2005-06-28,6.3,6.3,6.05,6.1,10465000.0,64058550.0
2005-06-29,6.2,6.2,6.15,6.15,1892000.0,11667500.0
2005-06-30,6.15,6.2,5.85,5.9,6329000.0,37991250.0
2005-07-04,5.9,6.05,5.85,5.9,4772000.0,28473080.0
2005-07-05,5.9,6.0,5.9,5.95,1524000.0,9058250.0
2005-07-06,5.95,6.15,5.95,6.15,6027000.0,36279820.0
2005-07-07,6.1,6.1,5.9,5.9,5022000.0,30298150.0
2005-07-08,5.95,6.1,5.95,6.05,6314185.0,38010740.0
2005-07-11,6.1,6.45,6.1,6.4,6153000.0,38911600.0
2005-07-12,6.4,6.45,6.2,6.3,9091730.0,57071750.0
2005-07-13,6.2,6.3,6.2,6.25,5692000.0,35626810.0
2005-07-14,6.2,6.45,6.2,6.4,22933000.0,143013000.0
2005-07-15,6.4,6.4,6.25,6.35,1403000.0,8879750.0
2005-07-18,6.35,6.4,6.2,6.2,5164000.0,32299510.0
2005-07-19,6.2,6.2,5.95,6.1,4941000.0,30044300.0
2005-07-20,6.1,6.1,5.95,5.95,8534000.0,51271950.0
2005-07-21,6.0,6.2,6.0,6.05,4971000.0,30248100.0
2005-07-22,6.05,6.05,5.75,5.85,8476000.0,50017800.0
2005-07-25,5.75,6.05,5.75,6.0,7998000.0,47889850.0
2005-07-26,6.05,6.15,6.0,6.0,2202000.0,13424300.0
2005-07-27,6.1,6.1,6.05,6.1,615000.0,3740100.0
2005-07-28,6.15,6.2,6.05,6.1,664000.0,4083800.0
2005-07-29,6.1,6.1,6.05,6.1,1283000.0,7790100.0
2005-08-01,6.1,6.1,6.0,6.05,2373000.0,14362100.0
2005-08-02,6.1,6.15,5.95,5.95,1919000.0,11568100.0
2005-08-03,6.0,6.0,5.75,5.9,7106000.0,41492950.0
2005-08-04,6.0,6.05,5.95,5.95,3332000.0,19937350.0
2005-08-05,5.95,6.0,5.75,5.85,2448000.0,14301200.0
2005-08-08,6.0,6.1,5.95,6.0,5648155.0,34094060.0
2005-08-09,6.1,6.25,6.1,6.15,8830000.0,54529900.0
2005-08-10,6.25,6.4,6.2,6.4,3980000.0,25124350.0
2005-08-11,6.4,6.6,6.3,6.55,4610000.0,29808050.0
2005-08-12,6.7,7.45,6.7,7.35,22241000.0,158542900.0
2005-08-15,7.55,7.65,7.3,7.6,8624980.0,64705060.0
2005-08-16,7.6,7.6,7.2,7.3,6752300.0,49548360.0
2005-08-17,7.2,7.3,7.05,7.15,8322670.0,59545920.0
2005-08-18,7.15,7.15,6.65,6.85,5675000.0,39098740.0
2005-08-19,6.85,7.0,6.75,6.95,1438000.0,9952150.0
2005-08-22,7.05,7.05,6.9,7.0,805000.0,5614500.0
2005-08-23,7.0,7.1,6.9,7.05,2002000.0,14017050.0
2005-08-24,7.2,7.4,7.0,7.2,5444000.0,39365250.0
2005-08-25,7.3,7.55,7.3,7.55,9227350.0,68576150.0
2005-08-26,7.55,8.0,7.45,7.95,10889500.0,84429900.0
2005-08-29,7.9,7.9,7.65,7.7,8818000.0,68137160.0
2005-08-30,7.75,7.8,7.4,7.5,5384000.0,40292300.0
2005-08-31,7.6,7.65,7.4,7.55,3981406.0,30136590.0
2005-09-01,7.6,8.2,7.55,8.15,10528400.0,83994780.0
2005-09-02,8.2,8.35,8.05,8.3,6078000.0,49569050.0
2005-09-05,8.25,8.3,7.95,7.95,4497000.0,36412820.0
2005-09-06,8.1,8.1,7.7,7.75,2032000.0,15992250.0
2005-09-07,7.85,8.1,7.85,7.95,3046000.0,24378800.0
2005-09-08,7.8,8.0,7.75,8.0,6858000.0,54111410.0
2005-09-09,8.0,8.3,8.0,8.15,5616000.0,45615550.0
2005-09-12,8.15,8.65,8.15,8.55,7608000.0,64697350.0
2005-09-13,8.7,8.75,8.3,8.35,5833000.0,50178600.0
2005-09-14,8.4,8.55,8.4,8.5,2160000.0,18340300.0
2005-09-15,8.2,8.2,7.9,8.05,11902000.0,95663900.0
2005-09-16,8.05,8.1,7.8,7.95,6020000.0,48015350.0
2005-09-20,8.05,8.35,8.05,8.25,3682492.0,30323960.0
2005-09-21,8.3,8.7,8.25,8.4,8488000.0,71479290.0
2005-09-22,8.4,9.1,8.35,8.85,6899000.0,61074500.0
2005-09-23,8.95,9.0,8.7,9.0,2388000.0,21179400.0
2005-09-26,8.9,9.0,8.8,8.85,2162000.0,19244450.0
2005-09-27,8.9,9.25,8.75,8.8,5750000.0,51540150.0
2005-09-28,8.8,8.9,8.65,8.75,2101000.0,18408150.0
2005-09-29,8.8,9.5,8.75,9.35,8444000.0,77992600.0
2005-09-30,9.45,9.5,9.15,9.4,3351000.0,31131000.0
2005-10-03,9.4,9.7,9.3,9.4,2814000.0,26481280.0
2005-10-04,9.3,9.4,9.3,9.35,2402000.0,22442800.0
2005-10-05,9.3,9.3,9.1,9.2,4065678.0,37377150.0
2005-10-06,9.1,9.2,8.85,9.05,1285190.0,11587580.0
2005-10-07,9.05,9.05,8.75,8.95,1870943.0,16685630.0
2005-10-10,9.1,9.1,8.8,8.85,666000.0,5944950.0
2005-10-12,8.85,8.85,8.15,8.25,4260000.0,35785300.0
2005-10-13,8.1,8.35,8.05,8.3,3342000.0,27387550.0
2005-10-14,8.3,8.35,8.1,8.2,2176000.0,17856350.0
2005-10-17,8.3,8.35,8.25,8.3,1150000.0,9563950.0
2005-10-18,8.35,8.35,7.85,8.15,3297000.0,26558900.0
2005-10-19,8.1,8.25,7.9,8.0,1448725.0,11738480.0
2005-10-20,8.3,8.4,8.2,8.4,2981000.0,24660250.0
2005-10-21,8.35,9.1,8.3,8.75,6357132.0,55157960.0
2005-10-24,8.85,8.9,8.35,8.45,3920000.0,33587300.0
2005-10-25,8.6,8.75,7.95,8.05,2065000.0,17191450.0
2005-10-26,8.1,8.25,8.05,8.25,2484000.0,20194150.0
2005-10-27,8.25,8.25,8.1,8.15,926000.0,7529250.0
2005-10-28,8.05,8.1,7.9,8.0,4241000.0,33933700.0
2005-10-31,8.2,8.2,8.0,8.05,1960000.0,15804550.0
2005-11-01,8.25,8.4,8.15,8.25,2141000.0,17765850.0
2005-11-02,8.4,8.65,8.3,8.65,1954800.0,16634370.0
2005-11-03,8.7,9.1,8.7,9.0,4198000.0,37488300.0
2005-11-04,9.0,9.05,8.5,8.65,2985000.0,25991450.0
2005-11-07,8.65,8.8,8.35,8.5,1777000.0,15227830.0
2005-11-08,8.5,8.8,8.5,8.8,2375000.0,20609200.0
2005-11-09,8.8,8.8,8.6,8.65,1953000.0,16889500.0
2005-11-10,8.7,8.75,8.6,8.6,473200.0,4101090.0
2005-11-11,8.75,9.0,8.75,8.9,2815000.0,24981350.0
2005-11-14,8.9,8.95,8.1,8.25,10392000.0,86201550.0
2005-11-15,8.4,8.55,8.35,8.45,7084000.0,59733900.0
2005-11-16,8.4,8.5,7.25,7.3,39900000.0,304116800.0
2005-11-17,7.7,8.1,7.7,7.9,27110000.0,214327800.0
2005-11-18,8.15,8.3,8.1,8.2,9712000.0,80101200.0
2005-11-21,8.35,8.35,8.25,8.25,3522000.0,29202800.0
2005-11-22,8.3,8.4,8.2,8.2,5408000.0,44811050.0
2005-11-23,8.3,8.3,7.8,8.0,10085000.0,80944450.0
2005-11-24,8.05,8.7,8.05,8.6,17768780.0,150210600.0
2005-11-25,8.6,8.7,8.5,8.6,6394000.0,54733780.0
2005-11-28,8.6,8.65,8.3,8.35,2822000.0,23955900.0
2005-11-29,8.35,8.35,8.15,8.15,3528000.0,29217690.0
2005-11-30,8.2,8.3,7.85,7.85,9414000.0,75616260.0
2005-12-01,7.95,8.2,7.95,8.2,4610000.0,37282990.0
2005-12-02,8.25,8.4,8.0,8.15,4286000.0,34891150.0
2005-12-05,8.2,8.45,8.2,8.4,4247530.0,35569740.0
2005-12-06,8.25,8.35,8.2,8.3,3185000.0,26450030.0
2005-12-07,8.25,8.25,8.15,8.2,2099000.0,17229650.0
2005-12-08,8.15,8.3,8.15,8.3,2266000.0,18667440.0
2005-12-09,8.25,8.35,8.2,8.25,2286000.0,18935310.0
2005-12-12,8.3,8.55,8.25,8.5,4501000.0,37986600.0
2005-12-13,8.6,8.6,8.4,8.5,1393000.0,11847400.0
2005-12-14,8.5,8.55,8.4,8.45,1806000.0,15292850.0
2005-12-15,8.4,8.45,8.35,8.4,2729000.0,22927450.0
2005-12-16,8.4,8.4,8.15,8.2,2589689.0,21306550.0
2005-12-19,8.2,8.25,8.15,8.2,2934000.0,24045750.0
2005-12-20,8.2,8.45,8.2,8.35,6651000.0,55594200.0
2005-12-21,8.4,8.55,8.3,8.4,3829820.0,32263360.0
2005-12-22,8.35,8.55,8.35,8.5,2982000.0,25246100.0
2005-12-23,8.5,8.5,8.45,8.45,1451000.0,12328500.0
2005-12-28,8.45,8.45,8.25,8.25,1699000.0,14115100.0
2005-12-29,8.3,8.4,8.2,8.25,3762000.0,31261360.0
2005-12-30,8.3,8.3,8.2,8.3,2226530.0,18381890.0
2006-01-03,8.35,8.8,8.35,8.75,8852000.0,76817400.0
2006-01-04,8.8,9.15,8.75,9.05,7345438.0,65731520.0
2006-01-05,9.1,9.15,8.7,8.9,3356546.0,29992660.0
2006-01-06,8.9,9.45,8.75,9.4,5057000.0,46530560.0
2006-01-09,9.4,9.55,9.35,9.5,10245380.0,96416940.0
2006-01-10,9.5,9.6,9.35,9.4,2862882.0,27022360.0
2006-01-11,9.4,9.4,9.25,9.3,1452000.0,13567000.0
2006-01-12,9.3,9.8,9.3,9.75,6729000.0,64257950.0
2006-01-13,9.85,10.15,9.7,10.0,5387190.0,53760920.0
2006-01-16,10.0,10.55,9.95,10.55,6105000.0,63245180.0
2006-01-17,10.55,10.7,9.9,10.15,6699883.0,69990350.0
2006-01-18,10.0,10.2,9.8,10.0,3470200.0,34823980.0
2006-01-19,10.0,10.15,9.9,10.05,1634000.0,16449250.0
2006-01-20,10.0,10.4,9.8,9.95,1459000.0,14633900.0
2006-01-23,9.7,9.7,9.45,9.65,5788000.0,55172850.0
2006-01-24,9.75,9.9,9.5,9.75,7210916.0,69599660.0
2006-01-25,9.8,10.15,9.8,9.85,1344000.0,13424650.0
2006-01-26,10.0,10.0,9.65,9.75,1602000.0,15626950.0
2006-01-27,9.75,10.0,9.7,10.0,1774000.0,17483550.0
2006-02-01,10.15,10.35,9.95,10.25,4197000.0,42784500.0
2006-02-02,10.4,10.45,9.85,9.9,3014000.0,30233100.0
2006-02-03,9.9,9.95,9.8,9.95,1846000.0,18236900.0
2006-02-06,9.95,10.25,9.9,10.25,3015437.0,30459840.0
2006-02-07,10.2,10.45,10.0,10.1,2110935.0,21342250.0
2006-02-08,10.1,10.1,9.65,10.0,6349000.0,62518400.0
2006-02-09,10.0,10.05,9.8,9.9,3150000.0,31075450.0
2006-02-10,9.9,10.05,9.9,10.0,2246000.0,22375750.0
2006-02-13,10.1,10.2,10.0,10.0,2894000.0,29258500.0
2006-02-14,10.0,10.15,9.95,10.05,1816462.0,18194430.0
2006-02-15,10.15,10.15,9.95,10.05,1379500.0,13870730.0
2006-02-16,10.2,10.8,10.1,10.55,4818000.0,50485150.0
2006-02-17,10.65,10.75,10.4,10.6,2613558.0,27532000.0
2006-02-20,10.65,11.4,10.6,11.25,5868000.0,65535750.0
2006-02-21,11.2,11.2,10.8,11.1,1550081.0,17143990.0
2006-02-22,11.05,11.25,11.05,11.15,750000.0,8367050.0
2006-02-23,11.1,11.1,10.8,10.8,1190000.0,13023380.0
2006-02-24,10.8,10.8,10.4,10.4,2146758.0,22572620.0
2006-02-27,10.4,10.5,10.3,10.3,1716000.0,17784550.0
2006-02-28,10.4,10.6,10.35,10.5,3607000.0,37690180.0
2006-03-01,10.45,10.85,10.35,10.7,3887000.0,41197500.0
2006-03-02,10.85,11.0,10.5,10.55,3254000.0,35066700.0
2006-03-03,10.55,10.6,10.2,10.35,2804000.0,29147090.0
2006-03-06,10.35,10.35,10.05,10.1,2259000.0,22916520.0
2006-03-07,10.4,10.4,10.05,10.1,2053000.0,20862600.0
2006-03-08,10.05,10.05,9.8,9.9,3661000.0,36285900.0
2006-03-09,10.0,10.1,9.95,9.95,1795000.0,17941110.0
2006-03-10,9.85,10.0,9.85,9.95,577000.0,5735600.0
2006-03-13,10.1,10.4,10.0,10.35,1875000.0,19251900.0
2006-03-14,10.5,10.65,10.25,10.5,2193000.0,23050500.0
2006-03-15,10.5,10.95,10.5,10.8,4555500.0,49180500.0
2006-03-16,10.8,11.1,10.8,11.0,6587086.0,72446780.0
2006-03-17,11.0,11.2,10.75,10.9,6099000.0,67452130.0
2006-03-20,10.9,11.1,10.6,11.0,2305000.0,25143700.0
2006-03-21,10.95,10.95,10.75,10.85,3922500.0,42536080.0
2006-03-22,10.9,10.9,10.2,10.25,7780000.0,81264300.0
2006-03-23,11.2,11.6,11.0,11.55,11317400.0,127766400.0
2006-03-24,11.95,12.35,11.95,12.0,14206890.0,170704000.0
2006-03-27,12.0,12.05,11.8,12.0,2568000.0,30752590.0
2006-03-28,12.3,12.6,12.0,12.55,4594217.0,56933400.0
2006-03-29,12.55,13.6,12.55,13.5,6450000.0,85819850.0
2006-03-30,13.4,13.55,13.15,13.25,3739038.0,50095330.0
2006-03-31,13.25,13.25,12.95,13.05,4299000.0,56439820.0
2006-04-03,13.05,13.3,12.8,13.05,6247129.0,81579740.0
2006-04-04,13.3,13.8,13.25,13.75,3829650.0,51669530.0
2006-04-06,13.75,13.75,13.25,13.55,5014000.0,67896540.0
2006-04-07,13.65,14.15,13.6,14.0,6265000.0,87657680.0
2006-04-10,14.15,15.3,13.7,15.15,5684000.0,84350400.0
2006-04-11,15.0,15.0,13.85,14.05,5809967.0,82829350.0
2006-04-12,13.9,14.5,13.8,14.5,4407000.0,62420530.0
2006-04-13,14.45,14.45,14.05,14.1,3331000.0,47120750.0
2006-04-18,14.05,15.1,14.05,15.05,7126000.0,104504800.0
2006-04-19,15.1,15.15,14.95,15.15,6005740.0,90269420.0
2006-04-20,15.0,15.25,14.5,15.1,5685000.0,85395550.0
2006-04-21,15.1,15.75,14.55,15.15,2941000.0,44767690.0
2006-04-24,15.1,15.2,14.5,14.6,1478000.0,22032250.0
2006-04-25,14.6,14.8,13.85,13.9,3882000.0,54898050.0
2006-04-26,13.9,14.55,13.9,14.35,1660000.0,23963350.0
2006-04-27,14.4,15.1,14.4,15.05,173000.0,2562200.0
2006-04-28,14.95,15.7,14.3,15.7,2574500.0,39190520.0
2006-05-02,15.7,16.15,15.25,15.55,5222320.0,81532690.0
2006-05-03,15.3,16.0,15.3,15.6,1178000.0,18441800.0
2006-05-04,15.45,15.7,15.35,15.7,971000.0,15127760.0
2006-05-08,15.6,15.7,15.55,15.6,2231000.0,34852200.0
2006-05-09,15.6,16.1,15.6,15.8,4944000.0,78364600.0
2006-05-10,16.0,16.95,15.9,15.9,5465000.0,88767450.0
2006-05-11,16.0,16.35,16.0,16.1,3096980.0,50104530.0
2006-05-12,15.8,16.05,15.35,15.45,4468100.0,70184730.0
2006-05-15,15.4,15.4,14.8,14.95,2484200.0,37355060.0
2006-05-16,14.8,14.85,14.55,14.8,1812000.0,26718300.0
2006-05-17,14.75,15.15,14.75,15.1,2968450.0,44328760.0
2006-05-18,14.5,14.8,14.4,14.55,1532000.0,22394750.0
2006-05-19,14.5,15.3,14.5,15.05,6338900.0,95302560.0
2006-05-22,15.0,15.05,14.25,14.5,2069000.0,30362840.0
2006-05-23,14.05,14.75,14.05,14.65,4416666.0,64185550.0
2006-05-24,14.75,15.0,14.35,14.55,1301000.0,18962700.0
2006-05-25,17.2,18.4,17.1,17.85,20532860.0,366718900.0
2006-05-26,17.85,18.2,17.5,17.55,6902242.0,123198500.0
2006-05-29,17.55,17.7,16.7,16.7,5248000.0,89574550.0
2006-05-30,16.7,17.35,16.6,16.8,4047661.0,68358690.0
2006-06-01,16.8,18.05,16.7,17.95,6838100.0,119007100.0
2006-06-02,17.85,17.85,17.1,17.3,4730000.0,82202100.0
2006-06-05,17.3,17.75,17.3,17.6,2158000.0,38016800.0
2006-06-06,17.65,18.1,17.4,17.65,3747211.0,66247140.0
2006-06-07,17.65,17.65,16.2,16.45,5502000.0,91888150.0
2006-06-08,16.45,16.45,15.6,15.85,3625000.0,57851050.0
2006-06-09,15.9,16.4,15.9,16.25,4133000.0,66846950.0
2006-06-12,16.5,17.6,16.4,17.3,4275000.0,71628860.0
2006-06-13,16.3,17.3,16.799,16.3,48000.0,806352.0
2006-06-14,15.7,15.7,14.4,15.05,6712000.0,101092600.0
2006-06-15,15.1,15.4,14.95,15.3,5105000.0,77204080.0
2006-06-16,15.9,16.25,15.5,15.9,7444000.0,117341400.0
2006-06-19,15.8,15.8,15.35,15.7,1367000.0,21202450.0
2006-06-20,15.5,15.5,14.7,15.05,4092500.0,61356180.0
2006-06-21,15.0,15.8,14.9,15.55,2286000.0,34930080.0
2006-06-22,16.0,16.2,15.65,15.75,1813000.0,28840850.0
2006-06-23,15.35,15.8,15.35,15.5,496000.0,7743610.0
2006-06-26,15.65,15.65,15.15,15.45,1183000.0,18219710.0
2006-06-27,15.5,15.5,14.95,15.1,2137104.0,32354950.0
2006-06-28,14.85,15.1,14.85,15.1,1866000.0,27982000.0
2006-06-29,15.65,15.7,15.1,15.65,2573822.0,39552850.0
2006-06-30,16.0,16.4,15.95,16.3,6514002.0,104919300.0
2006-07-03,16.2,16.2,15.85,16.05,1183276.0,18934560.0
2006-07-04,16.0,16.15,15.7,15.7,837500.0,13357850.0
2006-07-05,15.75,16.15,15.7,16.0,1527000.0,24433900.0
2006-07-06,15.9,16.0,15.5,15.95,1596000.0,25195600.0
2006-07-07,15.9,15.9,15.05,15.5,2369000.0,36435200.0
2006-07-10,14.95,14.95,13.5,14.55,18094330.0,259373600.0
2006-07-11,14.4,14.95,14.4,14.9,5884251.0,86932470.0
2006-07-12,14.9,15.1,14.75,15.0,4397000.0,65629080.0
2006-07-13,15.0,15.05,14.8,15.0,4223000.0,63045000.0
2006-07-14,15.0,15.45,14.65,15.45,3259100.0,49148970.0
2006-07-17,15.35,15.35,14.9,15.05,1839500.0,27570800.0
2006-07-18,15.0,15.05,14.6,14.8,4189796.0,61906650.0
2006-07-19,14.75,14.8,14.7,14.75,2589000.0,38168950.0
2006-07-20,15.05,15.2,14.85,14.9,3431000.0,51258500.0
2006-07-21,14.8,14.85,14.65,14.75,2360000.0,34779700.0
2006-07-24,14.74,14.74,14.6,14.66,4938000.0,72524380.0
2006-07-25,15.0,15.0,14.6,14.66,4628000.0,68063320.0
2006-07-26,14.68,14.9,14.56,14.82,1506100.0,22050960.0
2006-07-27,14.82,14.9,14.62,14.86,3038000.0,44715600.0
2006-07-28,14.84,15.0,14.72,14.96,3643000.0,54009560.0
2006-07-31,14.96,15.04,14.68,14.84,2258000.0,33515620.0
2006-08-01,14.84,15.56,14.84,15.48,4345000.0,66399360.0
2006-08-02,15.44,15.9,15.18,15.84,9965500.0,150022900.0
2006-08-03,15.8,16.6,15.8,16.5,3905680.0,63926730.0
2006-08-04,16.46,16.7,16.2,16.44,2936570.0,48175090.0
2006-08-07,16.48,16.82,16.2,16.28,1748815.0,28889890.0
2006-08-08,16.34,16.54,16.28,16.34,1316000.0,21511760.0
2006-08-09,16.4,16.72,16.38,16.54,943035.0,15663180.0
2006-08-10,16.58,16.58,16.0,16.1,1424000.0,23171860.0
2006-08-11,16.3,16.58,16.06,16.46,1304000.0,21436010.0
2006-08-14,16.46,16.78,16.44,16.58,2203300.0,36549160.0
2006-08-15,16.58,16.7,16.3,16.58,2067000.0,34193920.0
2006-08-16,16.7,17.48,16.6,17.32,3396000.0,57746100.0
2006-08-17,17.38,17.86,17.32,17.52,3036500.0,53429440.0
2006-08-18,17.52,17.52,17.36,17.48,2889000.0,50367040.0
2006-08-21,17.48,17.74,16.82,17.3,3339000.0,58031360.0
2006-08-22,17.3,17.4,16.9,17.3,2814200.0,48046780.0
2006-08-23,17.4,17.4,16.7,16.9,3801040.0,64777880.0
2006-08-24,17.0,17.1,16.72,16.8,4232760.0,71379810.0
2006-08-25,16.9,17.3,16.8,16.96,4346000.0,74371600.0
2006-08-28,17.3,17.3,16.38,16.68,2474570.0,41133050.0
2006-08-29,16.9,16.9,16.6,16.72,1824089.0,30490760.0
2006-08-30,16.76,17.2,16.72,16.84,2891105.0,49083550.0
2006-08-31,16.84,17.04,16.6,17.0,2282000.0,38549000.0
2006-09-01,17.0,17.0,16.74,16.98,6661750.0,112718400.0
2006-09-04,16.98,17.4,16.98,17.2,1555000.0,26737940.0
2006-09-05,17.02,17.58,17.02,17.4,1440851.0,25035710.0
2006-09-06,17.42,17.8,17.42,17.72,2406376.0,42530440.0
2006-09-07,17.68,18.06,17.4,18.0,3064425.0,54641950.0
2006-09-08,18.0,18.12,17.86,18.1,1811109.0,32635960.0
2006-09-11,18.12,18.3,17.92,18.12,1833390.0,33228560.0
2006-09-12,18.16,18.16,17.78,18.0,1985760.0,35718530.0
2006-09-13,18.06,18.94,18.06,18.72,4655737.0,87070400.0
2006-09-14,18.72,18.72,18.14,18.46,4131687.0,76445140.0
2006-09-15,18.46,18.66,18.4,18.56,2690000.0,49867360.0
2006-09-18,18.68,18.98,18.68,18.88,5577405.0,104880900.0
2006-09-19,18.9,18.94,18.62,18.86,6178100.0,116378700.0
2006-09-20,18.86,18.86,18.26,18.58,2471920.0,45950130.0
2006-09-21,18.62,18.78,18.5,18.7,2769500.0,51441820.0
2006-09-22,18.8,18.8,18.48,18.58,1923800.0,35734860.0
2006-09-25,18.56,18.74,18.54,18.56,1981549.0,36936830.0
2006-09-26,18.62,18.62,17.74,18.32,1687866.0,30661190.0
2006-09-27,18.3,18.72,18.24,18.36,2681262.0,49402450.0
2006-09-28,18.28,18.4,17.96,18.16,1994605.0,36320850.0
2006-09-29,18.18,18.18,17.8,17.94,4627819.0,83020450.0
2006-10-03,17.9,17.9,17.4,17.5,3658403.0,64113310.0
2006-10-04,17.4,17.48,17.26,17.38,1123000.0,19542980.0
2006-10-05,17.5,18.26,17.46,17.98,4691804.0,83970980.0
2006-10-06,18.18,18.3,17.7,18.28,2949000.0,52971020.0
2006-10-09,18.3,18.36,17.56,18.0,1233000.0,21966150.0
2006-10-10,18.2,18.3,17.76,18.0,1650739.0,29589370.0
2006-10-11,18.0,18.5,17.92,18.0,2697000.0,49069380.0
2006-10-12,18.06,18.12,17.9,18.02,2757800.0,49861500.0
2006-10-13,17.9,18.5,17.9,18.1,2721000.0,49441760.0
2006-10-16,18.14,18.62,18.1,18.18,2759127.0,50650240.0
2006-10-17,18.2,18.56,18.2,18.48,6174407.0,111846000.0
2006-10-18,18.48,18.56,18.34,18.46,653000.0,12061420.0
2006-10-19,18.4,18.5,18.36,18.44,1108030.0,20435870.0
2006-10-20,18.44,18.54,18.44,18.5,1566140.0,28931890.0
2006-10-23,18.7,18.7,17.88,18.08,2441000.0,44156340.0
2006-10-24,18.26,18.26,18.0,18.1,1659247.0,29958030.0
2006-10-25,18.1,18.26,17.9,18.02,1117025.0,20091060.0
2006-10-26,18.0,18.32,18.0,18.2,1816391.0,32987180.0
2006-10-27,18.2,18.5,18.2,18.2,1310700.0,23877190.0
2006-10-31,18.06,18.66,18.02,18.58,4913700.0,89724410.0
2006-11-01,18.88,19.54,18.76,19.54,7666756.0,147983100.0
2006-11-02,19.5,20.2,19.4,20.15,6332573.0,126578400.0
2006-11-03,20.8,20.8,19.94,20.05,2678669.0,53664500.0
2006-11-06,20.0,20.5,19.9,20.45,4087472.0,81855900.0
2006-11-07,20.9,20.9,20.4,20.5,2127000.0,43523380.0
2006-11-08,20.25,20.5,20.0,20.5,959036.0,19419220.0
2006-11-09,20.35,22.0,20.35,21.95,2843548.0,61010340.0
2006-11-10,21.95,22.4,21.1,21.4,3437882.0,74445250.0
2006-11-13,21.4,21.95,21.3,21.85,1483000.0,31894600.0
2006-11-14,21.95,22.3,21.5,21.65,950602.0,20890840.0
2006-11-15,22.0,22.3,21.6,21.7,1320000.0,29069200.0
2006-11-16,21.7,22.1,21.25,21.6,1513000.0,32502300.0
2006-11-17,21.85,21.85,21.2,21.3,1244876.0,26647020.0
2006-11-20,21.3,21.5,21.2,21.4,2031000.0,43493690.0
2006-11-21,21.25,23.75,21.25,23.6,4888243.0,109515200.0
2006-11-22,24.0,24.2,22.7,23.1,3527440.0,82142850.0
2006-11-23,23.7,24.15,22.5,23.0,8464560.0,197202500.0
2006-11-24,23.0,23.0,21.8,21.95,3892000.0,86257950.0
2006-11-27,22.0,22.35,21.0,21.2,2983000.0,64844350.0
2006-11-28,21.05,22.0,20.8,20.9,5653931.0,121583700.0
2006-11-29,21.1,21.7,20.35,20.6,4241809.0,88970380.0
2006-11-30,21.0,21.5,21.0,21.45,3635000.0,77417700.0
2006-12-01,21.8,21.85,20.95,21.25,3769555.0,79921110.0
2006-12-04,21.45,21.5,21.1,21.35,2176000.0,46388450.0
2006-12-05,21.8,22.7,21.8,22.4,5958000.0,131268000.0
2006-12-06,23.0,23.75,22.8,23.1,5301000.0,123812000.0
2006-12-07,23.7,23.75,22.3,22.5,2856350.0,66080940.0
2006-12-08,22.5,23.35,22.1,22.25,1686000.0,38036300.0
2006-12-11,22.2,22.2,21.8,21.95,3470000.0,76408750.0
2006-12-12,22.2,23.05,22.2,22.9,2854946.0,64549340.0
2006-12-13,22.8,22.8,21.75,22.25,4427500.0,98453900.0
2006-12-14,23.0,23.0,22.0,22.4,2452000.0,54638660.0
2006-12-15,22.5,23.0,22.2,22.55,4248936.0,95960960.0
2006-12-18,22.55,23.3,22.55,23.0,2474490.0,57017770.0
2006-12-19,23.0,23.8,22.8,22.9,2998017.0,69457170.0
2006-12-20,22.9,24.2,22.9,24.15,3519400.0,83975450.0
2006-12-21,24.45,24.85,24.0,24.5,3786747.0,92738380.0
2006-12-22,24.95,26.85,24.7,25.7,4296899.0,110227200.0
2006-12-27,25.7,26.1,25.25,25.7,5902088.0,151632400.0
2006-12-28,25.65,26.9,25.35,26.8,3186299.0,84209480.0
2006-12-29,26.95,27.75,26.85,27.7,3425893.0,93424860.0
2007-01-02,27.7,28.05,27.0,27.2,1171735.0,31964410.0
2007-01-03,27.65,28.3,27.05,27.35,2388742.0,65637840.0
2007-01-04,27.5,29.5,27.35,28.8,10613500.0,302441200.0
2007-01-05,28.5,28.6,27.1,28.5,8339761.0,231915200.0
2007-01-08,28.5,28.8,27.15,27.65,5159880.0,142844900.0
2007-01-09,27.65,27.65,26.4,26.95,3975838.0,107199200.0
2007-01-10,26.9,28.35,26.4,27.05,2844050.0,77778460.0
2007-01-11,27.5,27.5,26.8,27.0,2836359.0,76749610.0
2007-01-12,27.2,28.4,27.2,27.75,5070932.0,140861700.0
2007-01-15,27.9,28.6,27.9,28.55,1529500.0,43413100.0
2007-01-16,28.6,29.85,27.9,29.4,4227050.0,122768600.0
2007-01-17,29.4,29.65,28.7,29.5,1891371.0,55465100.0
2007-01-18,29.8,30.4,29.5,30.3,4255606.0,127018000.0
2007-01-19,30.6,30.6,29.85,29.9,7169805.0,215159900.0
2007-01-22,30.0,31.1,30.0,30.6,3900322.0,118788200.0
2007-01-23,30.15,31.5,30.15,30.5,3011536.0,92983140.0
2007-01-24,31.3,31.8,31.0,31.25,4277376.0,133747500.0
2007-01-25,31.5,31.9,31.0,31.8,2286442.0,72162600.0
2007-01-26,31.7,31.8,30.6,31.6,5458180.0,170627200.0
2007-01-29,31.5,31.5,29.4,30.0,2444000.0,74377800.0
2007-01-30,30.5,30.9,29.5,30.9,2265000.0,68245660.0
2007-01-31,30.7,30.9,28.9,30.35,2200000.0,65826450.0
2007-02-01,30.35,30.35,28.95,28.95,1511029.0,44232480.0
2007-02-02,29.8,29.85,28.6,29.2,5339123.0,155803900.0
2007-02-05,29.1,31.15,29.0,30.15,2851284.0,86222790.0
2007-02-06,31.0,31.0,29.3,30.9,2407688.0,72989660.0
2007-02-07,31.0,31.5,29.5,29.85,2002627.0,60179850.0
2007-02-08,30.2,30.25,29.3,29.4,1939650.0,57357870.0
2007-02-09,30.0,30.95,29.9,30.5,2457251.0,74768220.0
2007-02-12,30.5,30.5,30.0,30.0,535810.0,16177600.0
2007-02-13,31.0,31.0,29.5,29.5,1115228.0,33377250.0
2007-02-14,29.8,30.8,29.2,29.4,1276500.0,37794650.0
2007-02-15,29.5,30.0,28.85,28.95,2889025.0,84715580.0
2007-02-16,28.85,29.7,27.0,29.2,3197963.0,92362760.0
2007-02-21,29.2,29.3,28.5,28.75,2153700.0,61995760.0
2007-02-22,28.75,29.35,28.65,28.7,2586874.0,75243430.0
2007-02-23,28.7,28.7,27.25,27.75,3890474.0,108178300.0
2007-02-26,27.7,27.75,25.95,26.85,6238625.0,166321200.0
2007-02-27,26.7,26.7,26.0,26.5,2801374.0,74053610.0
2007-02-28,25.15,27.6,25.15,26.85,5150507.0,136299700.0
2007-03-01,26.9,28.2,26.9,27.5,4221500.0,115477600.0
2007-03-02,27.5,28.0,26.75,26.95,1874000.0,51383700.0
2007-03-05,26.5,26.6,25.05,25.25,2589000.0,66775750.0
2007-03-06,25.55,25.95,25.0,25.85,4509100.0,115737800.0
2007-03-07,26.7,26.7,25.85,26.65,2863250.0,75151950.0
2007-03-08,26.7,28.1,26.7,27.7,1943000.0,53177590.0
2007-03-09,28.1,28.7,28.0,28.3,1197900.0,34030680.0
2007-03-12,28.6,29.5,28.4,29.25,981900.0,28410420.0
2007-03-13,29.5,29.5,28.3,29.0,654796.0,18836500.0
2007-03-14,27.8,27.8,27.05,27.25,1284000.0,35146200.0
2007-03-15,27.5,28.45,27.5,28.15,1227875.0,34371460.0
2007-03-16,28.15,29.4,28.0,28.55,1805660.0,52210210.0
2007-03-19,28.25,29.75,28.25,29.75,2108450.0,61442000.0
2007-03-20,29.75,29.85,28.1,28.5,1308900.0,37674660.0
2007-03-21,29.0,29.0,26.0,27.5,3379594.0,91777440.0
2007-03-22,27.45,27.45,25.75,26.25,10229750.0,267840800.0
2007-03-23,26.35,27.0,25.9,26.95,5616400.0,147436800.0
2007-03-26,27.15,27.2,26.35,26.65,6875877.0,182044200.0
2007-03-27,26.5,26.5,26.0,26.2,3029332.0,79794020.0
2007-03-28,26.0,26.05,24.65,25.1,6005250.0,151568700.0
2007-03-29,24.85,25.5,24.8,25.35,5051000.0,127174600.0
2007-03-30,26.0,26.0,25.4,25.5,5316631.0,135699400.0
2007-04-02,25.65,25.7,24.95,25.2,1899141.0,47750070.0
2007-04-03,25.1,25.25,24.75,25.15,3814100.0,95446650.0
2007-04-04,25.25,25.3,25.0,25.25,4217000.0,106130300.0
2007-04-10,25.25,26.7,25.25,26.25,4694722.0,121838000.0
2007-04-11,26.7,26.8,25.95,26.05,3452000.0,90734450.0
2007-04-12,26.5,26.5,25.5,25.85,2462465.0,63642370.0
2007-04-13,26.25,26.25,24.8,25.1,4094031.0,103500200.0
2007-04-16,25.7,25.7,25.2,25.3,3336732.0,84765960.0
2007-04-17,25.3,25.5,25.2,25.25,2666725.0,67540580.0
2007-04-18,25.25,25.25,24.5,24.7,4198000.0,104302000.0
2007-04-19,24.7,24.7,23.5,24.35,6894216.0,167009800.0
2007-04-20,24.35,25.15,24.35,24.9,4687000.0,116693300.0
2007-04-23,25.2,26.1,24.85,25.0,6539000.0,164991200.0
2007-04-24,25.3,25.7,24.95,25.65,4543000.0,114799200.0
2007-04-25,25.6,25.9,25.0,25.35,2282500.0,58077300.0
2007-04-26,25.35,25.9,25.2,25.65,2141000.0,54798900.0
2007-04-27,25.65,28.1,25.65,27.5,13723000.0,373335800.0
2007-04-30,27.6,27.8,26.7,26.85,3870200.0,104377400.0
2007-05-02,26.7,28.0,26.65,27.3,2479720.0,67749940.0
2007-05-03,27.3,29.4,27.3,29.1,6877845.0,197542400.0
2007-05-04,30.5,32.5,29.4,30.0,10923740.0,333033000.0
2007-05-07,30.0,30.2,29.25,30.15,4855920.0,144865100.0
2007-05-08,30.05,30.05,29.1,29.9,1712002.0,50804610.0
2007-05-09,29.7,29.85,29.4,29.65,2086000.0,61839420.0
2007-05-10,29.65,30.05,29.1,29.55,2292975.0,68259940.0
2007-05-11,29.2,29.8,29.0,29.5,1612900.0,47389040.0
2007-05-14,30.0,30.45,29.5,30.0,5796580.0,173992500.0
2007-05-15,30.0,30.75,30.0,30.2,4766737.0,144097700.0
2007-05-16,30.0,31.1,29.9,30.7,4639000.0,141395700.0
2007-05-17,31.05,32.3,31.05,31.75,7241800.0,229898000.0
2007-05-18,31.5,33.0,31.45,32.85,6961962.0,224366000.0
2007-05-21,34.0,34.0,32.6,33.25,9063511.0,300960300.0
2007-05-22,33.35,34.15,31.8,32.05,5939274.0,193390400.0
2007-05-23,32.4,33.2,32.4,33.0,3630690.0,119003700.0
2007-05-25,32.0,32.3,31.15,32.0,5216389.0,167072300.0
2007-05-28,32.3,33.2,32.05,32.6,4571450.0,148848700.0
2007-05-29,32.6,32.6,31.8,32.35,4213157.0,134857200.0
2007-05-30,32.55,32.55,30.5,31.5,6636318.0,209460500.0
2007-05-31,31.5,33.9,31.3,33.7,26033960.0,860113400.0
2007-06-01,33.7,33.85,32.35,32.9,10974140.0,366608000.0
2007-06-04,32.85,32.85,32.2,32.5,1833509.0,59793080.0
2007-06-05,33.0,33.15,32.3,32.8,8164068.0,271843800.0
2007-06-06,33.7,33.8,32.8,33.2,3351145.0,112182800.0
2007-06-07,33.2,33.2,32.5,32.95,1102667.0,36242420.0
2007-06-08,33.1,33.1,31.4,31.95,3187158.0,101950900.0
2007-06-11,32.2,32.8,31.9,32.5,1055075.0,34196050.0
2007-06-12,32.2,32.5,32.15,32.2,1169889.0,37752440.0
2007-06-13,32.3,32.35,31.5,31.9,1116000.0,35431950.0
2007-06-14,32.8,32.8,32.05,32.15,1609000.0,52001050.0
2007-06-15,32.0,32.4,31.65,31.9,2645000.0,84522800.0
2007-06-18,31.7,32.9,31.7,32.7,2911992.0,94953670.0
2007-06-20,33.0,33.7,32.65,33.0,4998249.0,165492800.0
2007-06-21,33.2,33.4,32.65,32.65,7673812.0,254550600.0
2007-06-22,33.0,33.0,31.95,32.35,2140006.0,69047620.0
2007-06-25,33.0,33.3,31.4,31.5,2291931.0,74041490.0
2007-06-26,32.0,32.0,30.85,31.35,2354000.0,73241180.0
2007-06-27,31.0,31.4,29.9,30.15,2739955.0,83094350.0
2007-06-28,30.55,31.2,30.5,31.1,2869000.0,89049350.0
2007-06-29,31.2,32.05,31.15,31.5,1821278.0,57062770.0
2007-07-03,32.6,33.2,32.0,32.0,6246069.0,202901700.0
2007-07-04,32.1,33.0,32.0,32.8,2172624.0,71229300.0
2007-07-05,32.95,33.15,32.8,33.05,1750432.0,57802910.0
2007-07-06,33.05,36.45,33.05,35.0,6077639.0,209893700.0
2007-07-09,35.85,36.6,35.7,36.6,3458000.0,124797000.0
2007-07-10,37.0,37.0,36.0,36.2,2758127.0,100347000.0
2007-07-11,35.9,36.0,35.5,35.8,1015300.0,36350280.0
2007-07-12,35.4,36.8,34.5,35.4,2209074.0,79327820.0
2007-07-13,36.15,36.8,35.55,35.9,1453925.0,52250590.0
2007-07-16,38.0,38.7,35.8,35.85,1288200.0,46819320.0
2007-07-17,36.2,36.25,35.8,36.0,452367.0,16314950.0
2007-07-18,35.85,36.5,35.0,35.05,1026175.0,36608430.0
2007-07-19,34.6,35.95,34.6,35.65,915425.0,32511750.0
2007-07-20,36.75,36.75,35.65,35.75,2260926.0,82237770.0
2007-07-23,35.75,36.4,35.0,35.75,2194570.0,78958150.0
2007-07-24,36.4,36.4,35.5,35.85,2875208.0,103121700.0
2007-07-25,35.0,36.4,35.0,35.6,1047500.0,37447680.0
2007-07-26,35.6,35.6,34.5,34.9,2396610.0,84248330.0
2007-07-27,34.5,35.1,34.2,34.65,1911925.0,66333740.0
2007-07-30,34.35,34.6,33.65,34.2,2727517.0,93144490.0
2007-07-31,34.2,36.4,34.1,36.2,2248570.0,80414170.0
2007-08-01,36.2,36.5,34.5,35.2,1937500.0,68365580.0
2007-08-02,35.25,35.8,34.3,35.05,1736901.0,60481420.0
2007-08-03,34.7,34.75,34.0,34.6,2550550.0,87699580.0
2007-08-06,34.2,34.5,32.0,32.8,2856000.0,94335270.0
2007-08-07,33.5,34.35,32.8,33.4,3299000.0,110544800.0
2007-08-08,33.4,35.0,33.4,33.9,3518292.0,121111000.0
2007-08-09,34.05,36.05,34.05,35.15,2658397.0,93781580.0
2007-08-10,34.5,35.0,33.5,35.0,943000.0,32200600.0
2007-08-13,34.6,34.8,33.8,34.0,2710424.0,92533570.0
2007-08-14,34.0,34.85,33.95,34.2,1515600.0,52009450.0
2007-08-15,33.8,34.05,32.45,33.1,2168559.0,71662340.0
2007-08-16,33.1,33.4,31.55,32.4,5662955.0,182386200.0
2007-08-17,32.0,32.1,28.5,30.3,8667785.0,262918400.0
2007-08-20,32.4,34.3,32.4,34.05,3827346.0,128723800.0
2007-08-21,34.0,35.6,33.85,35.2,3091525.0,107834000.0
2007-08-22,35.2,37.8,35.0,37.0,4669540.0,173461700.0
2007-08-23,38.0,38.3,35.55,35.85,2447795.0,89801610.0
2007-08-24,35.95,36.3,35.1,35.3,1889415.0,67099700.0
2007-08-27,35.3,37.7,35.2,37.15,2974315.0,110050400.0
2007-08-28,38.5,38.5,37.5,37.6,4933340.0,187551600.0
2007-08-29,35.8,37.2,35.75,36.9,2982820.0,108721600.0
2007-08-30,38.1,39.5,37.9,39.0,4872281.0,190140300.0
2007-08-31,39.1,40.5,38.9,40.5,3897167.0,155685000.0
2007-09-03,41.4,41.55,39.5,39.8,2758542.0,111354600.0
2007-09-04,40.8,41.0,39.7,39.8,2196606.0,87626800.0
2007-09-05,40.5,43.1,40.4,42.65,3159623.0,130115100.0
2007-09-06,41.1,42.15,40.7,41.0,2019882.0,83331970.0
2007-09-07,41.05,41.25,40.15,41.2,2584812.0,105892800.0
2007-09-10,38.5,40.35,38.5,40.1,2592738.0,103731000.0
2007-09-11,39.6,39.9,39.0,39.3,1467500.0,57919650.0
2007-09-12,40.0,40.4,38.95,39.0,2526543.0,99992020.0
2007-09-13,39.0,39.5,39.0,39.5,2542500.0,99706100.0
2007-09-14,39.5,42.15,39.5,41.05,4333500.0,177306900.0
2007-09-17,43.0,43.0,41.1,41.6,3710092.0,154592400.0
2007-09-18,41.5,42.55,40.65,42.45,2278789.0,94022010.0
2007-09-19,44.55,45.0,42.6,44.3,5437732.0,239712300.0
2007-09-20,44.8,47.65,44.6,46.65,5931570.0,275718600.0
2007-09-21,47.4,48.0,44.5,45.0,1938035.0,88892290.0
2007-09-24,47.0,47.85,46.05,46.25,2229212.0,102850900.0
2007-09-25,46.8,47.5,45.2,45.5,3097700.0,143196700.0
2007-09-27,45.5,49.8,45.35,49.5,6738487.0,321852000.0
2007-09-28,49.6,50.5,48.95,50.2,5503985.0,273113200.0
2007-10-02,51.2,51.95,46.85,48.9,5208139.0,258466800.0
2007-10-03,49.6,50.1,45.5,45.9,6209220.0,295771000.0
2007-10-04,45.9,46.0,43.85,44.65,6255000.0,280537200.0
2007-10-05,46.0,46.0,44.4,45.7,3831003.0,173707900.0
2007-10-08,46.0,48.65,45.55,46.2,3861000.0,180462900.0
2007-10-09,47.0,50.65,45.6,49.75,8462194.0,403394700.0
2007-10-10,51.0,57.4,51.0,56.95,15851390.0,844853200.0
2007-10-11,56.0,56.25,54.3,55.45,5731441.0,316371200.0
2007-10-12,54.6,54.7,52.3,53.0,6606498.0,351243300.0
2007-10-15,55.0,55.5,53.9,54.95,5933500.0,324523700.0
2007-10-16,55.85,60.2,55.85,58.8,10733360.0,628745500.0
2007-10-17,59.5,59.5,56.55,58.1,7825100.0,448338000.0
2007-10-18,58.4,58.55,56.0,57.75,3753563.0,214697900.0
2007-10-22,54.75,56.5,54.75,55.05,6066219.0,337836100.0
2007-10-23,56.0,58.0,55.9,57.0,2602393.0,147766800.0
2007-10-24,58.0,59.6,56.5,57.1,2864475.0,165971800.0
2007-10-25,59.2,59.5,56.65,59.25,3175156.0,185485400.0
2007-10-26,60.0,63.85,59.9,63.4,5088040.0,318698900.0
2007-10-29,65.0,69.7,64.85,68.0,5420267.0,368001100.0
2007-10-30,69.0,72.8,68.0,70.1,8113280.0,572465700.0
2007-10-31,69.5,69.8,64.5,65.7,8222100.0,553154700.0
2007-11-01,65.7,67.2,62.5,65.8,8315000.0,541553700.0
2007-11-02,63.6,65.0,62.8,64.1,7466001.0,478513500.0
2007-11-05,65.0,67.0,63.4,64.95,7967720.0,512844700.0
2007-11-06,65.0,65.0,54.0,60.0,10859000.0,675793200.0
2007-11-07,62.0,62.5,55.0,56.4,9628200.0,560508500.0
2007-11-08,53.0,55.1,52.0,54.6,8803763.0,479397500.0
2007-11-09,55.65,55.65,52.6,53.75,5586250.0,300414800.0
2007-11-12,52.7,52.7,46.6,51.7,7941400.0,390891700.0
2007-11-13,50.0,54.95,46.15,52.0,6275343.0,317518800.0
2007-11-14,58.0,58.0,54.65,55.65,8880467.0,496338900.0
2007-11-15,58.0,58.0,56.45,56.9,6409236.0,364540700.0
2007-11-16,56.5,56.5,54.6,55.2,3049000.0,169831700.0
2007-11-19,55.2,55.8,52.9,53.1,3702000.0,202933500.0
2007-11-20,52.0,53.3,50.05,52.15,5878634.0,305495800.0
2007-11-21,52.8,54.0,49.95,50.25,2966000.0,151408500.0
2007-11-22,50.2,50.45,48.4,48.95,2807225.0,138672400.0
2007-11-23,49.8,49.8,48.0,48.25,3442120.0,167428000.0
2007-11-26,50.5,50.65,49.2,49.65,1030000.0,51115660.0
2007-11-27,50.0,50.0,48.3,49.2,2813272.0,138578200.0
2007-11-28,51.6,52.9,51.15,51.6,3101500.0,160865000.0
2007-11-29,52.8,56.4,52.8,55.5,6365461.0,350701000.0
2007-11-30,56.3,58.5,56.3,58.2,4724532.0,272315900.0
2007-12-03,58.7,60.4,55.6,56.0,6040535.0,353293700.0
2007-12-04,56.0,57.0,54.5,55.4,3438392.0,192274700.0
2007-12-05,57.0,57.0,55.75,56.5,2767400.0,155507800.0
2007-12-06,58.0,59.25,57.55,58.0,2934537.0,170813600.0
2007-12-07,59.2,59.9,57.0,57.35,2605630.0,151681600.0
2007-12-10,59.0,59.0,55.85,55.9,974885.0,55600850.0
2007-12-11,56.0,58.5,55.5,56.95,2415753.0,137769600.0
2007-12-12,56.9,56.9,54.8,56.3,1907621.0,107277000.0
2007-12-13,55.0,58.35,55.0,58.0,2690101.0,154548800.0
2007-12-14,58.0,58.1,55.45,56.4,1118600.0,63286350.0
2007-12-17,56.0,58.0,54.65,55.5,2571900.0,143235000.0
2007-12-18,55.2,55.3,51.8,52.65,4128760.0,219344000.0
2007-12-19,53.2,54.3,51.5,52.25,2342337.0,125032500.0
2007-12-20,52.75,55.0,52.25,54.7,1639064.0,88428780.0
2007-12-21,55.0,56.6,54.9,55.05,1193494.0,66779110.0
2007-12-27,56.1,56.1,54.55,54.7,1111500.0,61693060.0
2007-12-28,55.5,56.1,54.35,56.0,1231200.0,68341830.0
2008-01-02,59.2,59.2,57.0,57.7,1470600.0,85120960.0
2008-01-03,56.95,59.5,56.8,58.5,1855981.0,108746400.0
2008-01-04,57.75,62.2,57.75,62.1,4795780.0,293260100.0
2008-01-07,60.9,60.9,59.0,60.0,2953701.0,176470400.0
2008-01-08,60.0,60.35,58.2,58.9,4877200.0,287137100.0
2008-01-09,59.2,59.2,56.05,58.1,4239000.0,243873000.0
2008-01-10,56.4,59.85,56.05,59.6,3023636.0,176060600.0
2008-01-11,59.7,60.0,58.5,58.85,1796200.0,105976500.0
2008-01-14,58.5,59.05,56.0,56.15,2479594.0,141671000.0
2008-01-15,57.1,57.65,53.0,53.35,4512836.0,246533800.0
2008-01-16,51.9,51.9,49.35,50.2,5837940.0,293532800.0
2008-01-17,49.2,52.9,47.8,50.1,6291645.0,309758800.0
2008-01-18,48.8,49.75,46.55,48.35,4697572.0,227042600.0
2008-01-21,48.3,48.3,45.4,45.6,2582850.0,120219600.0
2008-01-22,41.0,42.9,39.7,41.55,9971728.0,408981300.0
2008-01-23,47.5,47.75,41.55,44.2,4453945.0,194069800.0
2008-01-24,45.0,49.7,44.95,46.85,6089871.0,290326000.0
2008-01-25,49.0,50.3,47.9,49.05,3977493.0,195902000.0
2008-01-28,48.0,48.6,45.65,46.95,2922631.0,136440200.0
2008-01-29,47.0,47.25,44.9,46.5,2824756.0,130069100.0
2008-01-30,48.35,48.35,44.65,45.4,2000242.0,91337140.0
2008-01-31,46.0,47.15,45.0,46.05,4311425.0,198931700.0
2008-02-01,46.95,48.5,46.05,47.45,4170351.0,195607400.0
2008-02-04,50.5,53.05,48.65,49.2,5812074.0,289459900.0
2008-02-05,49.2,49.3,47.5,49.05,2268526.0,110289900.0
2008-02-06,47.9,47.9,46.0,46.75,2884000.0,135435100.0
2008-02-11,49.0,49.0,45.9,46.5,1043117.0,48574530.0
2008-02-12,48.3,48.3,46.35,46.55,289000.0,13572470.0
2008-02-13,47.6,47.95,46.4,46.7,2031200.0,95582700.0
2008-02-14,49.0,49.5,47.8,48.3,4957200.0,238979500.0
2008-02-15,47.4,50.0,46.85,49.9,2379883.0,115897400.0
2008-02-18,50.0,50.7,48.25,49.95,1535290.0,76546160.0
2008-02-19,49.9,50.3,49.4,49.55,1236575.0,61733220.0
2008-02-20,49.6,50.1,47.1,47.5,1063544.0,51379670.0
2008-02-21,48.2,49.35,47.95,48.5,1816200.0,87960620.0
2008-02-22,48.2,48.3,47.0,47.2,2359967.0,112725600.0
2008-02-25,46.9,48.05,46.8,48.0,1375400.0,65611280.0
2008-02-26,47.9,50.0,47.6,50.0,2770750.0,135164200.0
2008-02-27,50.0,50.55,49.1,49.85,3032164.0,151754500.0
2008-02-28,49.85,50.6,49.0,49.3,3103150.0,154765500.0
2008-02-29,49.0,49.75,48.65,49.6,2166850.0,106377100.0
2008-03-03,49.55,49.55,48.5,49.05,1528187.0,75101660.0
2008-03-04,48.0,49.2,47.5,48.5,3131365.0,150527600.0
2008-03-05,48.5,48.5,47.1,48.05,2239536.0,107074100.0
2008-03-06,48.0,48.5,47.5,47.7,2123650.0,101511500.0
2008-03-07,47.0,47.8,46.65,46.95,2511100.0,118181600.0
2008-03-10,46.5,48.15,45.8,48.05,4204634.0,195606800.0
2008-03-11,48.05,49.4,47.95,48.25,3799600.0,183477000.0
2008-03-12,50.0,50.0,48.9,48.9,3507388.0,172614300.0
2008-03-13,48.85,48.85,43.0,47.7,1993593.0,95043750.0
2008-03-14,47.7,49.0,46.0,46.8,2585230.0,123029400.0
2008-03-17,45.05,46.0,42.5,43.4,3370088.0,148351300.0
2008-03-18,41.8,43.35,37.6,38.8,8786137.0,346644100.0
2008-03-19,41.6,42.35,41.0,41.15,9897897.0,410015800.0
2008-03-20,39.1,40.05,34.0,39.1,14407500.0,557299800.0
2008-03-25,41.0,44.5,41.0,42.65,4850311.0,203675500.0
2008-03-26,42.65,44.5,42.65,44.5,4165333.0,183805100.0
2008-03-27,44.6,44.65,43.2,44.3,4303064.0,189799400.0
2008-03-28,44.0,46.5,43.65,45.6,3188800.0,142807100.0
2008-03-31,45.0,45.15,43.8,44.35,6313630.0,279893100.0
2008-04-01,45.85,45.85,44.5,45.0,5989281.0,269175200.0
2008-04-02,46.4,46.8,45.7,46.0,5308905.0,245583000.0
2008-04-03,46.0,48.0,45.8,48.0,3345600.0,157645200.0
2008-04-07,49.0,49.9,48.2,48.6,3501515.0,171870500.0
2008-04-08,50.0,50.2,47.25,48.1,4456635.0,216556900.0
2008-04-09,47.5,48.05,46.55,47.0,1599000.0,75514010.0
2008-04-10,47.3,48.05,46.8,46.9,1623655.0,76895530.0
2008-04-11,47.5,48.15,46.25,46.5,2618475.0,122996000.0
2008-04-14,46.0,47.45,46.0,46.6,2587300.0,120381100.0
2008-04-15,46.7,47.15,46.0,46.45,3527880.0,163445700.0
2008-04-16,46.45,47.5,46.1,46.85,3240433.0,151357800.0
2008-04-17,47.2,48.9,47.2,48.1,4742212.0,227590900.0
2008-04-18,48.6,50.8,48.6,49.6,4569085.0,226841000.0
2008-04-21,51.6,53.85,51.0,52.8,6668358.0,347725000.0
2008-04-22,53.0,54.3,52.55,54.1,4030093.0,215110800.0
2008-04-23,53.8,54.1,52.7,52.75,2361400.0,126250600.0
2008-04-28,54.5,54.8,53.7,54.05,1051192.0,57052600.0
2008-04-29,53.85,54.0,52.05,52.5,5824774.0,310387400.0
2008-04-30,52.8,53.0,51.45,51.7,3560300.0,185486400.0
2008-05-02,53.0,56.45,53.0,56.05,4245368.0,233393300.0
2008-05-05,56.5,57.95,56.2,57.2,3434925.0,195173000.0
2008-05-06,57.0,57.35,55.35,56.55,4702475.0,263164300.0
2008-05-07,57.25,57.55,55.5,55.8,4378937.0,246780900.0
2008-05-08,55.8,55.8,53.95,54.55,3158460.0,172509600.0
2008-05-09,55.1,57.8,55.05,57.6,4663350.0,264820400.0
2008-05-13,60.6,64.8,60.0,62.65,11207700.0,699030000.0
2008-05-14,63.65,65.0,62.75,64.75,10106630.0,647537000.0
2008-05-15,67.9,70.9,67.8,69.85,14838800.0,1028062000.0
2008-05-16,68.5,69.3,66.5,66.95,7380794.0,496616000.0
2008-05-19,65.0,67.95,64.5,65.45,4617425.0,305170600.0
2008-05-20,65.25,65.45,63.35,63.6,6412293.0,410211600.0
2008-05-21,63.5,65.3,63.0,64.6,4606297.0,295678900.0
2008-05-22,63.9,65.25,62.9,64.6,3935400.0,250623200.0
2008-05-23,66.0,69.65,65.1,67.2,5154835.0,347289100.0
2008-05-26,69.0,69.0,66.0,67.15,3238158.0,217984400.0
2008-05-27,68.4,68.4,66.3,66.3,4075403.0,274538000.0
2008-05-28,67.1,67.1,63.55,63.55,5358925.0,351031800.0
2008-05-29,63.85,68.3,63.85,68.1,8479046.0,567266900.0
2008-05-30,68.85,69.9,65.0,65.7,44293100.0,2953235000.0
2008-06-02,67.5,69.1,66.85,69.05,16753020.0,1117032000.0
2008-06-03,69.45,71.9,66.7,71.0,10894780.0,747972500.0
2008-06-04,71.0,72.05,69.4,71.75,9173455.0,649504400.0
2008-06-05,71.5,71.5,70.05,71.0,7198823.0,509488200.0
2008-06-06,71.75,71.95,67.5,68.4,25757490.0,1773069000.0
2008-06-10,66.8,66.9,64.15,64.15,10196090.0,674068400.0
2008-06-11,65.35,65.5,63.9,64.0,7303628.0,473108100.0
2008-06-12,61.4,62.15,59.5,61.85,8064542.0,493285200.0
2008-06-13,60.55,63.95,60.55,62.1,5334540.0,331199600.0
2008-06-16,62.1,66.8,62.1,63.0,2990584.0,192697900.0
2008-06-17,63.5,63.9,61.9,63.0,4003050.0,251808200.0
2008-06-18,63.0,66.2,63.0,66.0,3774328.0,245289600.0
2008-06-19,65.4,65.4,61.8,61.8,5617626.0,351561900.0
2008-06-20,61.5,65.0,61.5,62.9,3594723.0,228006600.0
2008-06-23,61.0,62.8,60.6,62.75,3853000.0,238229600.0
2008-06-24,61.1,64.5,60.8,63.0,4065524.0,251831500.0
2008-06-25,64.0,64.05,61.85,62.7,2192000.0,137406600.0
2008-06-26,62.5,63.2,61.2,61.95,4243700.0,264059800.0
2008-06-27,60.1,60.1,58.8,60.0,6748455.0,405256600.0
2008-06-30,61.75,62.0,60.1,60.3,2580525.0,157188300.0
2008-07-02,59.3,60.3,58.0,58.0,4862259.0,289703900.0
2008-07-03,57.6,61.35,57.0,59.5,5192842.0,309836500.0
2008-07-04,59.0,60.3,58.25,60.0,2963900.0,176825600.0
2008-07-07,61.2,63.15,60.95,63.15,3353645.0,207191000.0
2008-07-08,62.0,63.55,60.75,62.25,3395203.0,211598900.0
2008-07-09,62.7,65.5,62.7,65.0,3917700.0,253279900.0
2008-07-10,65.0,65.55,64.4,65.15,2361350.0,153621600.0
2008-07-11,65.5,65.6,63.8,65.6,1978111.0,127682200.0
2008-07-14,64.35,65.35,61.3,61.6,5433460.0,338394300.0
2008-07-15,61.3,61.3,58.3,60.0,7287630.0,431947200.0
2008-07-16,60.0,60.6,58.8,59.4,3010844.0,180052400.0
2008-07-17,61.2,62.5,61.15,61.4,2961050.0,182960400.0
2008-07-18,61.8,63.2,61.4,63.0,2313300.0,144017600.0
2008-07-21,63.6,65.5,63.6,65.5,2594657.0,168692800.0
2008-07-22,65.0,65.6,64.3,64.6,693200.0,45131480.0
2008-07-23,67.8,68.2,66.5,67.55,4758152.0,320908400.0
2008-07-24,68.9,69.8,67.75,68.55,3626100.0,250325700.0
2008-07-25,68.0,70.0,66.0,66.7,2528100.0,171833800.0
2008-07-28,67.1,67.8,65.1,65.1,1604611.0,107071900.0
2008-07-29,65.0,68.9,64.15,67.7,3686694.0,246854000.0
2008-08-04,71.95,71.95,69.0,69.35,1631961.0,114125500.0
2008-08-05,69.35,69.55,66.8,67.1,2668553.0,181217500.0
2008-08-07,69.6,69.65,67.25,69.55,3619690.0,248146500.0
2008-08-08,70.0,70.0,65.85,66.6,4040748.0,272365400.0
2008-08-11,67.05,68.4,66.85,67.45,2178790.0,147181400.0
2008-08-12,67.4,67.5,65.0,65.0,3874617.0,256598200.0
2008-08-13,64.0,66.3,63.9,66.0,4496958.0,292658800.0
2008-08-14,67.5,67.95,64.15,65.0,8339450.0,545781400.0
2008-08-15,65.05,65.4,62.2,63.7,3551638.0,228675400.0
2008-08-18,65.3,66.0,64.05,66.0,2391220.0,156086800.0
2008-08-19,66.0,67.8,64.7,65.15,2370997.0,157066900.0
2008-08-20,63.2,64.05,62.85,63.4,5091768.0,322658100.0
2008-08-21,63.5,64.8,63.0,64.4,2517293.0,160872300.0
2008-08-22,64.4,64.4,64.4,64.4,0.0,0.0
2008-08-25,66.5,67.65,65.95,67.55,2355007.0,157537900.0
2008-08-26,67.0,67.0,64.95,66.3,1094243.0,72103380.0
2008-08-27,65.05,67.0,63.1,64.35,2871090.0,184124900.0
2008-08-28,64.9,66.05,64.3,65.45,3155818.0,205773100.0
2008-08-29,66.5,68.3,66.5,67.0,6272130.0,419716300.0
2008-09-01,67.0,67.9,66.15,67.5,2949762.0,197784900.0
2008-09-02,67.5,68.15,66.35,68.15,1981986.0,133382200.0
2008-09-03,67.0,69.8,67.0,67.15,3435972.0,235646900.0
2008-09-04,66.0,66.0,62.3,63.05,7420250.0,479262000.0
2008-09-05,60.0,60.3,57.05,59.65,12448520.0,733275700.0
2008-09-08,62.8,64.3,62.5,64.3,7020146.0,441595200.0
2008-09-09,63.45,63.55,61.55,63.0,4375849.0,274206500.0
2008-09-10,62.6,62.6,59.0,59.0,4749843.0,286790000.0
2008-09-11,59.05,60.05,57.0,57.5,6537165.0,377955200.0
2008-09-12,58.0,61.4,58.0,60.35,5820450.0,346858100.0
2008-09-16,58.5,58.8,56.05,56.05,7077127.0,408247200.0
2008-09-17,58.0,59.5,54.0,54.0,5873123.0,333535300.0
2008-09-18,52.0,58.2,46.9,57.0,12621820.0,659741800.0
2008-09-19,63.0,63.5,58.0,61.0,13313840.0,794377500.0
2008-09-22,62.0,62.6,60.0,62.05,6388887.0,392043400.0
2008-09-23,58.35,60.95,57.5,57.5,4775378.0,279915800.0
2008-09-24,58.0,59.1,56.35,58.7,5058746.0,295439900.0
2008-09-25,58.75,59.8,57.35,58.0,3148075.0,184023200.0
2008-09-26,58.0,58.0,55.0,56.6,2475952.0,141116600.0
2008-09-29,57.0,57.3,54.1,54.35,6499169.0,359461900.0
2008-09-30,50.0,55.95,49.4,55.5,7164416.0,383988400.0
2008-10-02,53.0,55.3,53.0,54.0,5147517.0,278676200.0
2008-10-03,54.2,55.0,51.0,51.0,9344351.0,489608900.0
2008-10-06,48.95,49.4,48.05,48.1,8342620.0,405234200.0
2008-10-08,45.5,47.45,44.55,45.0,16916570.0,774281000.0
2008-10-09,44.6,46.8,44.5,46.5,7749900.0,354966700.0
2008-10-10,42.2,46.5,41.6,45.1,13091600.0,569162000.0
2008-10-13,49.15,51.65,45.1,51.15,5386834.0,266143600.0
2008-10-14,55.0,56.3,52.9,54.0,10318860.0,566988500.0
2008-10-15,54.0,54.95,51.15,52.0,3965473.0,211887500.0
2008-10-16,49.0,53.15,49.0,53.15,8346549.0,429459100.0
2008-10-17,55.5,56.3,49.6,49.75,7842834.0,411924100.0
2008-10-20,49.8,55.0,49.8,53.85,4254364.0,227732000.0
2008-10-21,53.2,55.5,50.55,53.35,5456149.0,287725800.0
2008-10-22,52.8,53.2,48.85,48.85,4819400.0,243006300.0
2008-10-23,47.05,51.0,46.5,48.2,4448500.0,215652200.0
2008-10-24,46.2,47.35,43.45,43.95,8843393.0,399684300.0
2008-10-27,43.8,44.5,35.25,38.0,8613570.0,338041300.0
2008-10-28,40.0,45.7,38.4,44.05,13230380.0,552267200.0
2008-10-29,45.0,49.5,45.0,49.05,10967040.0,523866800.0
2008-10-30,53.5,53.5,51.25,52.7,9095225.0,476525100.0
2008-10-31,53.9,55.0,52.15,55.0,7647112.0,409484700.0
2008-11-03,58.2,58.2,54.0,55.4,4590650.0,256105100.0
2008-11-04,55.0,55.0,51.45,52.3,3162800.0,165549600.0
2008-11-05,54.0,55.0,51.5,52.5,4733617.0,252588200.0
2008-11-06,49.85,50.1,48.25,48.25,2842030.0,140319500.0
2008-11-07,46.0,52.6,46.0,52.0,3994600.0,203605300.0
2008-11-10,54.9,57.15,52.95,54.5,3864400.0,212653700.0
2008-11-11,54.0,54.0,51.0,51.1,6045700.0,316193900.0
2008-11-12,53.5,54.5,49.1,51.0,4795971.0,241698900.0
2008-11-13,49.0,49.0,46.65,47.2,9422400.0,446319200.0
2008-11-14,49.0,50.85,48.0,50.15,4288563.0,214122800.0
2008-11-17,49.0,50.0,48.1,49.9,4371814.0,215030900.0
2008-11-18,48.65,48.75,45.1,47.2,6902542.0,323447300.0
2008-11-19,47.95,48.0,45.0,45.0,6835915.0,314422500.0
2008-11-20,42.75,43.1,40.3,40.55,13252480.0,550650600.0
2008-11-21,39.7,43.0,38.85,40.0,13378710.0,535513900.0
2008-11-24,39.95,40.65,39.5,40.05,10046800.0,402459800.0
2008-11-25,42.0,44.3,41.5,41.5,9504145.0,408974800.0
2008-11-26,41.0,41.5,38.3,39.0,10777690.0,428799000.0
2008-11-27,41.0,42.15,40.1,41.9,11726500.0,480159100.0
2008-11-28,43.2,43.5,42.5,42.5,10090790.0,432635700.0
2008-12-01,42.5,44.3,41.5,43.5,4584156.0,198398600.0
2008-12-02,41.8,44.25,41.5,43.0,4733000.0,203880600.0
2008-12-03,43.4,45.95,43.4,45.0,6702089.0,301741900.0
2008-12-04,46.3,46.45,42.7,43.4,3502329.0,156474300.0
2008-12-05,44.75,45.0,44.0,44.0,3203916.0,142392100.0
2008-12-08,45.35,49.0,45.35,48.0,8115346.0,387751100.0
2008-12-09,48.95,50.5,48.5,48.7,8614094.0,425892200.0
2008-12-10,48.7,50.5,48.7,50.0,7315830.0,363456500.0
2008-12-11,49.95,49.95,45.45,48.15,7879401.0,370147900.0
2008-12-12,48.2,48.2,45.9,46.75,4956162.0,231541600.0
2008-12-15,49.1,50.15,46.7,47.0,5588120.0,272083000.0
2008-12-16,47.9,49.35,47.0,48.5,5034380.0,243701300.0
2008-12-17,50.2,52.35,50.0,51.8,12403690.0,632878400.0
2008-12-18,52.15,53.0,50.65,51.25,3564573.0,183650700.0
2008-12-19,51.7,51.95,49.4,51.0,3543400.0,180660800.0
2008-12-22,52.0,52.55,48.85,49.0,2717249.0,136102800.0
2008-12-23,48.95,48.95,48.1,48.5,2766982.0,133903900.0
2008-12-24,46.3,50.8,46.3,49.85,1150600.0,56230080.0
2008-12-29,49.6,50.65,47.1,50.45,4022772.0,200115600.0
2008-12-30,51.3,51.3,49.0,49.5,4085508.0,203816400.0
2008-12-31,50.5,50.8,49.05,50.0,1929741.0,96342500.0
2009-01-01,50.0,49.5,49.5,50.0,0.0,0.0
2009-01-02,50.0,52.5,50.0,52.0,3377421.0,174556200.0
2009-01-05,52.1,53.5,51.45,52.4,3256303.0,170661500.0
2009-01-06,51.8,51.85,50.35,50.95,5936907.0,303429500.0
2009-01-07,52.5,52.5,49.0,49.0,9145871.0,459846500.0
2009-01-08,48.5,48.5,44.1,45.8,16662810.0,753418000.0
2009-01-09,45.1,45.6,42.25,43.0,11304440.0,491523400.0
2009-01-12,44.0,45.45,43.7,45.0,6902279.0,310104800.0
2009-01-13,43.1,44.95,43.1,43.95,4526600.0,199077900.0
2009-01-14,43.95,44.7,43.1,44.2,3838103.0,168244400.0
2009-01-15,42.25,42.6,41.45,41.8,7676721.0,322178000.0
2009-01-16,43.0,43.8,41.8,42.85,4089434.0,175262200.0
2009-01-19,42.0,44.85,42.0,44.5,3334231.0,147626600.0
2009-01-20,43.2,45.1,42.65,44.9,2233300.0,99232340.0
2009-01-21,44.6,46.9,43.8,46.2,4539105.0,208276600.0
2009-01-22,46.2,46.7,45.3,45.95,2057515.0,94563350.0
2009-01-23,45.0,45.3,43.9,44.25,2228624.0,99071200.0
2009-01-29,47.55,47.85,46.4,47.5,7683043.0,364907300.0
2009-01-30,46.95,48.45,46.8,48.4,5068840.0,241677700.0
2009-02-02,48.4,48.4,46.55,47.05,5920430.0,282144100.0
2009-02-03,47.8,47.8,46.4,46.65,2138013.0,100259600.0
2009-02-04,47.5,47.9,45.35,45.8,2198800.0,101496500.0
2009-02-05,46.0,46.2,43.5,43.8,8438869.0,375020100.0
2009-02-06,44.6,47.8,44.6,45.85,3962149.0,179464700.0
2009-02-09,47.4,47.4,45.1,45.1,4084013.0,187738500.0
2009-02-10,45.65,47.1,45.25,47.0,5643150.0,263717200.0
2009-02-11,46.75,49.2,46.5,48.1,6081839.0,290360500.0
2009-02-12,48.35,50.8,47.8,47.95,5421075.0,266561500.0
2009-02-13,47.95,49.2,47.95,48.7,2887851.0,140577800.0
2009-02-16,50.1,50.1,47.95,48.3,1579779.0,76747830.0
2009-02-17,46.8,47.1,45.7,45.75,2921659.0,135480600.0
2009-02-18,48.0,48.0,45.35,46.1,2127767.0,98057140.0
2009-02-19,46.1,47.4,45.95,47.15,2086131.0,97669710.0
2009-02-20,45.4,46.6,45.35,45.65,1885412.0,86504510.0
2009-02-23,46.45,47.0,45.15,46.65,3213422.0,147135600.0
2009-02-24,46.4,46.4,44.55,45.0,3399184.0,153215000.0
2009-02-25,46.05,46.05,44.8,45.5,4075959.0,184956100.0
2009-02-26,45.7,46.0,44.75,45.4,3944731.0,178267700.0
2009-02-27,45.35,46.3,44.95,44.95,2190665.0,100013000.0
2009-03-02,43.75,44.8,43.5,44.15,2587077.0,114300600.0
2009-03-03,48.95,48.95,44.0,44.2,3397324.0,152481900.0
2009-03-04,43.45,46.45,43.45,45.5,3746523.0,170928400.0
2009-03-05,46.85,48.2,45.6,47.4,6778047.0,319150700.0
2009-03-06,47.0,49.0,46.5,46.5,5670959.0,269290300.0
2009-03-09,47.8,48.6,47.1,47.25,5300598.0,253639500.0
2009-03-10,47.25,47.5,46.25,47.0,5253760.0,245813500.0
2009-03-11,47.55,49.15,47.55,48.05,6352871.0,308779800.0
2009-03-12,48.1,49.5,48.1,49.2,3767456.0,185190500.0
2009-03-13,49.5,51.95,49.4,51.6,4378200.0,224130000.0
2009-03-16,52.2,54.8,52.2,54.4,6459467.0,347002000.0
2009-03-17,53.8,53.8,51.5,52.75,5350744.0,279697200.0
2009-03-18,54.0,54.0,51.2,52.0,3800676.0,199712800.0
2009-03-19,54.0,55.45,52.4,53.2,9673504.0,516193400.0
2009-03-20,53.2,54.0,51.65,52.8,3908513.0,208613400.0
2009-03-23,53.05,56.3,53.05,55.7,5949701.0,329762000.0
2009-03-24,58.0,59.2,56.65,58.55,8004071.0,464521300.0
2009-03-25,56.0,58.3,55.05,55.2,6138304.0,345782700.0
2009-03-26,55.3,56.45,54.75,55.5,5529815.0,306783400.0
2009-03-27,56.7,57.45,53.8,57.3,6536293.0,369474000.0
2009-03-30,57.0,59.85,56.2,57.5,4990665.0,289437900.0
2009-03-31,57.8,58.8,57.15,57.4,5808856.0,335872600.0
2009-04-01,58.1,60.0,57.4,58.7,4485893.0,264779400.0
2009-04-02,59.85,60.8,59.0,60.3,4406000.0,265576800.0
2009-04-03,60.6,60.85,58.2,59.45,3718137.0,219754200.0
2009-04-06,60.5,61.8,59.55,61.75,3752448.0,228963800.0
2009-04-07,62.0,62.9,60.5,62.85,4976068.0,308883800.0
2009-04-08,62.85,62.85,58.8,61.55,4876983.0,296009200.0
2009-04-09,61.55,62.25,61.0,61.8,3480493.0,213907900.0
2009-04-14,61.0,62.05,60.1,61.75,4354214.0,267149000.0
2009-04-15,61.4,61.75,60.5,61.55,4528530.0,277141200.0
2009-04-16,62.25,64.5,61.7,64.3,4816993.0,304261400.0
2009-04-17,66.95,66.95,65.0,65.8,5720079.0,378636800.0
2009-04-20,65.2,65.2,63.2,63.9,4124317.0,267082400.0
2009-04-21,60.5,64.45,60.5,64.0,3700405.0,231548300.0
2009-04-22,64.5,66.4,61.3,63.2,5750422.0,364956600.0
2009-04-23,63.8,65.0,62.85,64.7,2559498.0,164242300.0
2009-04-24,66.0,66.0,64.25,65.95,2214632.0,144501400.0
2009-04-27,65.0,66.1,63.5,65.35,2991700.0,194084100.0
2009-04-28,65.2,67.5,64.0,65.15,4659934.0,304973200.0
2009-04-29,64.5,67.15,64.5,66.9,3206467.0,211602800.0
2009-04-30,68.0,70.0,67.7,69.0,4365251.0,303141900.0
2009-05-04,70.6,75.0,70.1,74.2,8373933.0,617735200.0
2009-05-05,74.2,75.0,72.7,73.8,6722073.0,498905300.0
2009-05-06,71.3,74.0,70.85,73.55,5514790.0,403075200.0
2009-05-07,73.6,74.0,71.0,73.9,5234081.0,382508200.0
2009-05-08,72.0,75.0,71.25,73.5,3883425.0,285010900.0
2009-05-11,71.5,73.5,70.0,71.3,3557096.0,255611300.0
2009-05-12,69.3,72.5,69.3,71.25,4885606.0,346750200.0
2009-05-13,71.7,74.05,71.1,72.8,2675893.0,195313900.0
2009-05-14,76.8,82.0,75.6,79.95,8711555.0,686504600.0
2009-05-15,82.5,83.15,77.9,79.55,10141560.0,808586900.0
2009-05-18,77.3,80.8,77.3,80.5,4420813.0,352131100.0
2009-05-19,81.5,81.8,79.15,79.4,4219242.0,339582400.0
2009-05-20,78.25,81.7,78.25,79.45,3823279.0,305254900.0
2009-05-21,78.95,80.3,78.95,80.0,1776795.0,141197500.0
2009-05-22,80.0,80.55,77.5,77.9,3012967.0,237368100.0
2009-05-25,78.15,79.05,77.6,78.25,1994390.0,156338400.0
2009-05-26,77.7,77.85,74.5,76.35,3344924.0,256562500.0
2009-05-27,76.95,81.7,76.8,80.7,6377190.0,505687300.0
2009-05-29,81.5,87.4,80.5,86.4,8165692.0,698369400.0
2009-06-01,84.7,85.7,83.65,85.6,4875741.0,413271900.0
2009-06-02,87.5,88.1,83.8,84.3,5850774.0,503721200.0
2009-06-03,85.5,89.7,85.3,88.95,5062405.0,446439800.0
2009-06-04,91.0,91.0,88.05,89.9,5851295.0,523020200.0
2009-06-05,92.5,92.5,89.95,90.95,7635454.0,690827500.0
2009-06-08,91.0,91.9,88.2,89.6,2888660.0,259535100.0
2009-06-09,89.6,90.0,83.0,85.7,4999673.0,434279600.0
2009-06-10,85.8,89.95,85.8,89.3,4549707.0,400267300.0
2009-06-11,90.95,90.95,89.1,90.3,4828811.0,433392300.0
2009-06-12,91.45,91.45,88.85,89.8,1836360.0,164554200.0
2009-06-15,88.6,90.15,88.6,89.2,3423426.0,305990200.0
2009-06-16,87.65,90.3,86.9,89.35,5119535.0,451341400.0
2009-06-17,88.5,89.2,87.05,87.2,3950660.0,346452500.0
2009-06-18,87.2,87.2,84.5,85.65,6153314.0,526529600.0
2009-06-19,84.95,90.8,84.5,90.5,4161855.0,360607300.0
2009-06-22,91.0,92.9,88.3,88.9,4707825.0,428323800.0
2009-06-23,86.0,86.4,84.9,85.2,8195523.0,701434100.0
2009-06-24,85.45,91.2,85.2,90.05,6539034.0,579150800.0
2009-06-25,91.6,93.5,91.0,92.8,4131356.0,380411000.0
2009-06-26,93.25,94.0,92.05,93.0,2532119.0,235315100.0
2009-06-29,94.3,95.75,93.6,94.55,1976059.0,186642900.0
2009-06-30,94.45,94.45,89.35,90.45,5755434.0,522860500.0
2009-07-02,92.25,92.6,88.15,89.55,4312636.0,391703800.0
2009-07-03,89.0,89.95,88.0,88.75,2996955.0,265714100.0
2009-07-06,89.5,89.5,86.05,87.55,2001632.0,176023300.0
2009-07-07,86.55,90.65,86.55,89.3,2444111.0,218575700.0
2009-07-08,89.05,92.35,87.9,91.9,3396918.0,306118300.0
2009-07-09,92.0,92.0,90.25,91.65,2711920.0,247561000.0
2009-07-10,91.65,91.65,88.8,90.3,3438783.0,310954200.0
2009-07-13,89.0,89.0,86.5,87.05,3441581.0,301062000.0
2009-07-14,87.8,90.0,87.65,89.95,3164438.0,281814900.0
2009-07-15,90.6,92.5,90.6,92.0,3158908.0,290180700.0
2009-07-16,95.3,95.3,91.5,92.0,2634082.0,244512400.0
2009-07-17,93.0,99.9,91.6,98.5,4680393.0,447879700.0
2009-07-20,101.0,106.9,101.0,106.5,5504774.0,575159100.0
2009-07-21,105.0,105.0,99.8,100.5,9714407.0,984669000.0
2009-07-22,100.5,101.7,99.85,99.9,5565684.0,560389700.0
2009-07-23,101.6,103.6,100.0,103.0,4113569.0,420116400.0
2009-07-24,105.0,105.2,101.5,103.5,3114564.0,322083000.0
2009-07-27,103.0,103.4,101.8,102.6,3441569.0,352684900.0
2009-07-28,102.5,103.6,101.0,103.4,4960264.0,507044000.0
2009-07-29,102.8,104.7,102.3,103.5,4653381.0,482067400.0
2009-07-30,105.0,106.0,102.5,102.6,3973976.0,413826500.0
2009-07-31,103.5,106.2,103.0,104.6,3418418.0,357177900.0
2009-08-03,106.0,114.0,105.6,109.9,5575629.0,614135200.0
2009-08-04,110.0,113.0,109.7,110.3,3961627.0,439002500.0
2009-08-05,111.7,111.8,106.6,108.4,3027401.0,329656600.0
2009-08-06,108.0,109.6,105.3,109.3,3165736.0,341667100.0
2009-08-07,109.9,109.9,106.0,106.7,3758301.0,403812900.0
2009-08-10,110.0,111.9,107.6,111.2,4180871.0,461866400.0
2009-08-11,111.8,119.6,111.8,117.5,5861426.0,681928700.0
2009-08-12,114.7,115.6,112.5,113.1,5467889.0,626093200.0
2009-08-13,117.7,122.7,117.1,118.0,9453533.0,1125040000.0
2009-08-14,119.0,119.0,114.8,118.7,6610565.0,775919600.0
2009-08-17,116.0,117.5,114.0,115.1,5165255.0,594890900.0
2009-08-18,117.5,117.6,111.1,114.7,6661010.0,759426600.0
2009-08-19,114.7,115.0,111.0,112.1,5771080.0,647411300.0
2009-08-20,113.4,114.4,111.6,112.7,2896411.0,327117800.0
2009-08-21,113.4,116.3,113.0,115.2,4348061.0,499647800.0
2009-08-24,118.0,120.6,117.9,120.0,5350129.0,640675000.0
2009-08-25,118.0,119.5,117.3,118.4,3057178.0,361764200.0
2009-08-26,118.1,120.6,117.8,118.4,2042941.0,242409600.0
2009-08-27,118.4,119.0,113.5,114.5,3331834.0,383263900.0
2009-08-28,114.5,115.7,112.9,115.3,3124797.0,357606300.0
2009-08-31,112.6,116.3,112.1,115.3,4481774.0,512428100.0
2009-09-01,115.0,116.0,113.1,115.4,2801561.0,322626500.0
2009-09-02,115.0,115.3,112.6,114.7,2305898.0,264400800.0
2009-09-03,113.5,116.5,113.5,115.0,3221660.0,370257600.0
2009-09-04,115.2,122.8,115.2,122.3,5479186.0,657559600.0
2009-09-07,123.3,129.8,123.2,128.0,4358799.0,556247600.0
2009-09-08,128.0,130.0,125.9,128.5,3777947.0,485611400.0
2009-09-09,130.8,130.8,127.6,129.0,3259773.0,421076400.0
2009-09-10,129.2,130.7,128.5,128.7,2170777.0,280813100.0
2009-09-11,128.0,128.2,124.9,126.0,3898591.0,491178300.0
2009-09-14,124.5,128.0,124.0,126.9,3215907.0,406370100.0
2009-09-15,128.0,128.0,123.1,124.3,2077558.0,259207700.0
2009-09-16,124.3,126.1,123.5,125.5,4366845.0,546937900.0
2009-09-17,126.7,129.7,126.5,129.2,4880213.0,624925200.0
2009-09-18,130.0,130.0,126.1,126.3,3632445.0,465201000.0
2009-09-21,128.1,129.9,126.9,128.0,2605850.0,334628100.0
2009-09-22,128.0,129.0,127.1,128.0,2198689.0,281946300.0
2009-09-23,129.3,129.6,128.2,129.2,2032302.0,262395300.0
2009-09-24,130.0,131.8,128.2,128.4,4015011.0,520807600.0
2009-09-25,130.0,130.0,125.3,127.2,2798924.0,357574600.0
2009-09-28,125.4,126.4,121.0,122.3,3748814.0,460747600.0
2009-09-29,124.5,126.9,124.1,125.3,3201936.0,401399700.0
2009-09-30,127.2,128.0,125.3,126.1,2833436.0,358694600.0
2009-10-02,125.4,125.4,122.0,122.9,3250592.0,401396000.0
2009-10-05,123.5,124.3,122.0,122.5,2794051.0,344432500.0
2009-10-06,125.9,125.9,122.5,124.4,3208482.0,395850300.0
2009-10-07,125.1,127.5,125.1,126.6,5816142.0,733429100.0
2009-10-08,128.9,131.8,128.0,130.5,5170844.0,671542400.0
2009-10-09,131.0,131.6,126.5,128.7,3085967.0,397138700.0
2009-10-10,131.0,131.6,126.5,128.7,3085967.0,397138700.0
2009-10-12,128.5,128.5,126.0,126.7,1947593.0,247440600.0
2009-10-13,127.4,130.7,127.4,129.8,3964754.0,511962100.0
2009-10-14,132.1,137.9,132.1,137.8,5985152.0,813417300.0
2009-10-15,139.5,142.3,137.3,138.3,5666467.0,790378000.0
2009-10-16,140.0,140.0,135.1,137.2,3830236.0,525027100.0
2009-10-19,139.0,145.5,138.0,144.9,3915672.0,559739300.0
2009-10-20,147.9,148.8,142.6,143.2,5548614.0,812288900.0
2009-10-21,142.0,144.0,141.1,141.5,3572840.0,508622100.0
2009-10-22,142.3,148.8,142.0,147.4,4595437.0,667732200.0
2009-10-23,150.0,152.0,146.8,148.7,5092738.0,758940300.0
2009-10-27,145.0,147.4,145.0,146.5,4028043.0,587839000.0
2009-10-28,145.3,146.3,141.1,141.7,5444958.0,776993200.0
2009-10-29,136.0,136.4,133.1,133.4,10827470.0,1455652000.0
2009-10-30,136.0,141.5,136.0,137.1,9203112.0,1279588000.0
2009-11-02,135.9,144.5,134.0,143.1,5292998.0,741548800.0
2009-11-03,143.0,143.1,137.2,137.9,5845259.0,813204000.0
2009-11-04,139.5,141.5,137.5,139.9,4027757.0,562976200.0
2009-11-05,138.3,139.4,137.0,137.8,3800464.0,524143100.0
2009-11-06,141.0,141.5,137.5,138.6,4382508.0,610435600.0
2009-11-09,140.0,140.1,137.9,138.9,3386449.0,469661900.0
2009-11-10,143.0,146.5,141.0,143.2,8561031.0,1230558000.0
2009-11-11,145.0,150.0,144.3,149.2,6707092.0,985847500.0
2009-11-12,153.0,153.0,144.7,146.9,9182345.0,1360916000.0
2009-11-13,151.0,152.0,147.4,148.5,5068845.0,754060200.0
2009-11-16,150.5,150.5,147.1,148.2,2791291.0,413885000.0
2009-11-17,147.5,149.8,145.0,148.8,3446755.0,506883000.0
2009-11-18,147.0,149.6,145.6,146.2,2959351.0,436293200.0
2009-11-19,146.2,146.5,143.8,145.2,2715321.0,395313200.0
2009-11-20,143.3,146.1,143.3,144.6,2362536.0,342077300.0
2009-11-23,145.0,148.5,145.0,148.1,3223010.0,472964800.0
2009-11-24,148.5,148.5,144.6,145.1,3300957.0,483303900.0
2009-11-25,148.6,149.0,146.0,147.1,3184805.0,469269300.0
2009-11-26,146.7,148.0,145.1,145.8,3054015.0,447754100.0
2009-11-27,142.1,144.8,138.0,139.0,5145125.0,726461900.0
2009-11-30,142.1,145.8,142.1,143.3,5118592.0,736517600.0
2009-12-01,144.3,147.0,143.4,146.6,3659189.0,531199200.0
2009-12-02,146.7,149.6,144.8,149.1,5249853.0,778235600.0
2009-12-03,150.0,150.5,148.1,150.0,3470210.0,519366400.0
2009-12-04,150.0,150.5,148.6,149.5,2240676.0,335090700.0
2009-12-07,149.7,150.0,146.0,147.4,3151323.0,465573100.0
2009-12-08,148.0,149.4,147.1,148.7,2291688.0,340117700.0
2009-12-09,148.0,149.0,145.1,148.5,2943750.0,435783800.0
2009-12-10,150.0,150.0,143.8,145.7,4888466.0,720811600.0
2009-12-11,145.1,158.0,145.1,157.3,10401350.0,1573621000.0
2009-12-14,156.5,161.0,152.8,159.6,5627857.0,882890200.0
2009-12-15,160.0,164.1,158.2,161.4,5648941.0,908462600.0
2009-12-16,160.8,165.4,158.4,159.1,4835563.0,777036400.0
2009-12-17,163.0,163.4,152.8,155.1,3822550.0,600818000.0
2009-12-18,151.0,153.3,150.4,152.4,5503316.0,836932700.0
2009-12-21,151.2,154.0,149.2,153.4,2434767.0,369173000.0
2009-12-22,155.8,155.8,153.6,154.2,2385617.0,369045200.0
2009-12-23,153.5,155.7,152.5,155.0,2777687.0,428217400.0
2009-12-24,157.2,162.5,156.1,161.6,2858125.0,456047000.0
2009-12-28,161.9,163.8,159.7,159.9,2225269.0,359970500.0
2009-12-29,163.0,163.1,158.8,160.8,1870808.0,300579200.0
2009-12-30,160.8,165.4,160.5,165.1,3370297.0,551549800.0
2009-12-31,166.5,169.0,166.0,168.5,2479338.0,415928500.0
2010-01-04,167.0,168.6,166.4,168.0,2252389.0,377378400.0
2010-01-05,167.3,173.0,167.1,171.8,4884702.0,830429400.0
2010-01-06,172.6,175.0,171.9,172.2,4655969.0,806897900.0
2010-01-07,172.2,173.3,165.0,165.6,5586199.0,934190600.0
2010-01-08,163.4,169.0,163.4,167.9,3995222.0,667967200.0
2010-01-11,169.2,175.0,169.2,170.8,3553913.0,609122200.0
2010-01-12,172.4,172.7,167.9,168.6,3144975.0,534011400.0
2010-01-13,167.4,174.0,167.0,170.9,6110877.0,1043505000.0
2010-01-14,173.4,174.4,171.3,172.4,3788707.0,653862500.0
2010-01-15,174.1,176.5,173.0,175.4,4084529.0,715198500.0
2010-01-18,174.7,175.2,168.0,169.7,5563643.0,953317600.0
2010-01-19,167.4,167.9,158.6,161.2,12207600.0,1988401000.0
2010-01-20,158.0,160.2,154.1,155.4,8810897.0,1386782000.0
2010-01-21,154.1,159.8,151.3,153.0,11482300.0,1777866000.0
2010-01-22,148.5,151.5,145.2,150.5,13856210.0,2054514000.0
2010-01-25,147.0,149.3,145.0,149.2,8718700.0,1283986000.0
2010-01-26,150.3,150.3,142.7,143.1,8211145.0,1194052000.0
2010-01-27,143.5,144.7,137.5,141.4,10244400.0,1443095000.0
2010-01-28,142.4,148.0,142.3,146.5,10272950.0,1494144000.0
2010-01-29,145.6,148.0,143.0,145.2,6764886.0,984512900.0
2010-02-01,144.4,144.4,139.2,141.0,7903880.0,1113501000.0
2010-02-02,143.8,144.4,140.8,141.9,6491201.0,923917900.0
2010-02-03,143.6,151.6,143.1,150.4,9781655.0,1451383000.0
2010-02-04,150.3,150.3,146.0,146.3,3859062.0,570446200.0
2010-02-05,140.0,142.8,137.6,138.4,11156680.0,1553698000.0
2010-02-08,136.1,139.6,136.1,137.7,6921375.0,953056300.0
2010-02-09,136.0,138.9,133.3,135.0,7116496.0,965898800.0
2010-02-10,137.9,139.3,135.3,138.8,6368680.0,875555800.0
2010-02-11,140.0,145.4,140.0,145.0,8222731.0,1184687000.0
2010-02-12,146.0,149.6,146.0,148.2,6599554.0,975065800.0
2010-02-17,154.1,154.5,150.2,151.4,5195149.0,788302600.0
2010-02-18,151.4,151.8,148.0,149.1,2892653.0,433335500.0
2010-02-19,149.6,149.6,142.4,142.7,3760149.0,543511000.0
2010-02-22,147.9,149.9,145.7,149.4,4735207.0,701886300.0
2010-02-23,147.0,152.0,146.5,151.6,4380549.0,655485600.0
2010-02-24,150.0,150.8,148.7,150.0,3365174.0,504510900.0
2010-02-25,151.0,152.0,148.4,149.4,2971736.0,446212100.0
2010-02-26,154.5,154.5,150.4,152.2,2993486.0,455225300.0
2010-03-01,154.0,155.0,153.2,155.0,3680536.0,566828100.0
2010-03-02,156.6,158.5,156.1,157.9,5116620.0,806915200.0
2010-03-03,158.5,159.2,156.5,159.0,2935739.0,462602600.0
2010-03-04,159.0,159.0,151.5,153.2,4299080.0,664944100.0
2010-03-05,154.0,158.8,153.5,158.3,5854763.0,914385000.0
2010-03-08,160.0,161.5,159.5,160.8,4983385.0,800071400.0
2010-03-09,159.5,160.8,157.2,159.7,2975503.0,474249300.0
2010-03-10,162.0,164.2,159.7,163.5,5003679.0,813628500.0
2010-03-11,164.0,164.0,159.6,163.2,3432752.0,556186000.0
2010-03-12,164.0,164.2,160.6,161.2,3440240.0,558091700.0
2010-03-15,158.7,167.9,158.6,167.5,5109644.0,842565200.0
2010-03-16,165.0,166.9,164.2,165.7,8932571.0,1477487000.0
2010-03-17,168.0,168.0,162.0,165.8,6718405.0,1111067000.0
2010-03-18,164.6,164.6,156.0,156.7,13989530.0,2222649000.0
2010-03-19,155.0,157.7,150.5,156.0,16433830.0,2523036000.0
2010-03-22,154.0,157.6,151.5,155.8,4736541.0,737015900.0
2010-03-23,157.3,158.5,156.3,158.2,4548215.0,716733200.0
2010-03-24,157.0,160.7,156.2,158.3,5731659.0,909450000.0
2010-03-25,161.5,161.5,157.2,157.9,4939771.0,782405000.0
2010-03-26,156.4,158.5,155.3,158.1,4484743.0,705786700.0
2010-03-29,158.5,160.3,158.1,159.5,3064067.0,487621200.0
2010-03-30,158.0,159.0,156.5,157.5,5115174.0,807121900.0
2010-03-31,158.5,158.5,155.4,155.8,3546679.0,555499800.0
2010-04-01,154.1,155.5,153.3,154.1,5868867.0,906114600.0
2010-04-07,158.0,158.0,154.7,156.0,10618740.0,1659629000.0
2010-04-08,155.5,158.5,155.3,157.8,4389061.0,691661400.0
2010-04-09,158.9,161.9,158.2,161.4,7294303.0,1170154000.0
2010-04-12,162.1,165.0,161.1,161.6,6335927.0,1033041000.0
2010-04-13,163.0,163.9,159.0,160.7,5655484.0,909859000.0
2010-04-14,162.0,162.2,160.7,160.9,2501941.0,404114100.0
2010-04-15,161.0,162.7,158.5,159.4,2759606.0,443258100.0
2010-04-16,160.0,160.0,156.8,158.5,3469183.0,547548400.0
2010-04-19,155.6,156.8,154.6,155.6,4234350.0,657880800.0
2010-04-20,156.0,157.4,156.0,156.7,3443308.0,540047000.0
2010-04-21,158.4,159.4,156.8,157.2,4446401.0,701990000.0
2010-04-22,154.5,159.0,154.4,157.9,3307626.0,520855400.0
2010-04-23,157.9,162.5,157.9,161.9,7191805.0,1159420000.0
2010-04-26,164.0,165.5,163.5,164.4,4857507.0,799550000.0
2010-04-27,163.1,163.1,160.5,160.7,3150751.0,508947600.0
2010-04-28,157.7,159.9,156.8,159.1,3386533.0,537745300.0
2010-04-29,159.3,161.3,159.3,160.0,3161813.0,506244500.0
2010-04-30,163.0,163.5,161.0,163.4,4326083.0,703733184.0
2010-05-03,162.0,165.6,161.3,164.4,4702501.0,769633216.0
2010-05-04,166.0,166.8,164.7,165.5,5092275.0,844594000.0
2010-05-05,162.1,162.9,160.0,160.6,4884924.0,788668600.0
2010-05-06,158.1,158.4,154.2,155.1,7447544.0,1163421000.0
2010-05-07,147.9,153.4,147.9,152.0,8732255.0,1323016000.0
2010-05-10,154.0,154.7,153.0,154.2,3964295.0,610348700.0
2010-05-11,156.0,156.0,153.8,154.2,7017696.0,1087375000.0
2010-05-12,152.8,154.0,149.5,151.3,8928349.0,1348501000.0
2010-05-13,156.0,159.0,155.0,158.9,11451680.0,1797494000.0
2010-05-14,157.3,163.2,157.3,161.4,8628159.0,1396479000.0
2010-05-17,159.0,159.2,153.1,154.2,9522958.0,1479588000.0
2010-05-18,154.2,155.8,153.2,154.9,4818986.0,744035600.0
2010-05-19,153.9,154.4,151.1,151.6,4505844.0,688789100.0
2010-05-20,152.0,153.0,146.1,149.2,7339635.0,1098089000.0
2010-05-24,145.0,149.2,145.0,147.8,7084373.0,1044345000.0
2010-05-25,145.0,146.0,142.0,142.4,7647284.0,1103207000.0
2010-05-26,142.4,149.4,142.4,148.6,9048751.0,1320610000.0
2010-05-27,147.0,151.9,146.4,150.6,5682745.0,849897200.0
2010-05-28,152.0,153.5,149.8,150.2,5513432.0,833177000.0
2010-05-31,150.8,150.8,148.5,150.2,2902828.0,434035900.0
2010-06-01,149.5,151.9,149.0,149.6,3373653.0,508354000.0
2010-06-02,150.3,152.5,149.0,151.8,3799128.0,574372200.0
2010-06-03,153.2,153.4,151.4,151.8,4380695.0,667159200.0
2010-06-04,152.6,153.9,150.0,150.9,3632082.0,550897500.0
2010-06-07,145.7,147.6,145.7,146.9,4697494.0,690991700.0
2010-06-08,146.1,146.7,142.3,143.7,11997830.0,1723793000.0
2010-06-09,142.5,143.6,136.8,137.4,21777920.0,3026895000.0
2010-06-10,134.1,134.2,126.9,127.4,29834570.0,3886489000.0
2010-06-11,133.0,134.1,130.199,132.9,15543910.0,2051275000.0
2010-06-14,136.5,136.9,130.6,131.5,8311793.0,1107616000.0
2010-06-15,130.3,130.9,125.6,127.4,12562810.0,1598815000.0
2010-06-17,126.8,127.0,123.1,125.0,14762450.0,1837960000.0
2010-06-18,124.0,130.5,120.4,129.699,25941310.0,3234906000.0
2010-06-21,133.0,133.9,130.1,132.2,10180520.0,1339471000.0
2010-06-22,132.2,132.8,125.2,126.0,13293170.0,1724712000.0
2010-06-23,124.0,128.5,121.5,124.9,21255710.0,2643359000.0
2010-06-24,126.0,129.699,126.0,126.3,7268426.0,925213100.0
2010-06-25,125.9,129.8,125.9,129.699,6207357.0,796107900.0
2010-06-28,130.1,131.9,128.9,130.199,5026432.0,656558100.0
2010-06-29,132.0,132.0,126.4,127.9,6121161.0,785713500.0
2010-06-30,127.0,131.0,127.0,130.5,5622972.0,726255700.0
2010-07-02,130.5,130.9,128.4,129.6,6054259.0,784070200.0
2010-07-05,130.0,131.5,128.3,130.4,3250504.0,424084500.0
2010-07-06,128.699,134.9,128.699,134.6,6430097.0,851637200.0
2010-07-07,134.5,136.9,133.1,136.0,7626666.0,1031236000.0
2010-07-08,139.0,139.3,136.3,137.3,4878546.0,671969500.0
2010-07-09,136.1,139.5,135.8,139.0,4820478.0,665682300.0
2010-07-12,139.5,139.5,137.5,138.8,2308763.0,320147200.0
2010-07-13,139.1,140.0,138.0,139.6,2990992.0,415484500.0
2010-07-14,140.0,141.0,136.2,138.4,4131618.0,573579200.0
2010-07-15,137.5,139.0,135.1,135.8,4516572.0,616568300.0
2010-07-16,135.0,138.8,134.2,138.4,3388946.0,462382100.0
2010-07-19,135.0,140.1,135.0,139.6,3457509.0,480254000.0
2010-07-20,140.0,140.1,136.6,137.6,2610998.0,361924500.0
2010-07-21,138.2,139.3,136.6,138.7,3367298.0,465401300.0
2010-07-22,137.2,138.6,136.5,137.1,3846876.0,527665600.0
2010-07-23,137.8,138.2,136.8,138.0,5221843.0,717861500.0
2010-07-26,137.2,139.2,137.2,138.3,5220840.0,721589800.0
2010-07-27,138.1,144.2,137.0,143.0,9205017.0,1300228000.0
2010-07-28,143.2,147.5,142.0,146.5,8684140.0,1267115000.0
2010-07-29,148.0,149.5,146.6,148.7,6776397.0,1004829000.0
2010-07-30,148.7,150.4,148.1,149.7,6222528.0,931270900.0
2010-08-02,152.0,152.5,150.8,151.3,3535103.0,535785400.0
2010-08-03,153.0,153.0,147.6,151.0,4997332.0,749668000.0
2010-08-04,150.3,153.8,150.1,153.3,3641841.0,554477000.0
2010-08-05,153.0,153.8,152.4,152.9,2223625.0,339907200.0
2010-08-06,153.0,153.0,151.6,152.8,2505280.0,382208500.0
2010-08-09,151.1,154.0,151.1,153.7,2240199.0,342279700.0
2010-08-10,153.2,155.8,153.0,155.0,5522008.0,855662800.0
2010-08-11,154.0,155.0,148.1,148.7,4784091.0,721005400.0
2010-08-12,145.6,145.6,142.5,143.3,8925888.0,1284313000.0
2010-08-13,144.4,147.7,143.9,144.8,6069554.0,883981500.0
2010-08-16,145.0,146.9,143.9,145.8,2925869.0,425639800.0
2010-08-17,147.5,147.5,145.3,146.9,1711220.0,250952400.0
2010-08-18,146.9,149.4,145.3,147.0,2936605.0,433765200.0
2010-08-19,149.7,151.8,148.3,148.9,5741797.0,860763100.0
2010-08-20,146.8,148.9,145.8,148.6,2669669.0,393842600.0
2010-08-23,149.5,150.0,146.6,148.1,1497666.0,221714900.0
2010-08-24,147.0,147.6,141.1,141.5,4434447.0,640214600.0
2010-08-25,140.2,140.2,135.7,138.5,7866728.0,1087493000.0
2010-08-26,137.0,140.7,137.0,140.5,4259382.0,595402900.0
2010-08-27,140.5,141.8,140.5,141.0,1716462.0,241969200.0
2010-08-30,142.5,144.4,142.4,143.5,3023936.0,434103800.0
2010-08-31,141.4,142.8,138.5,142.3,3039379.0,427927300.0
2010-09-01,140.8,143.3,140.8,142.5,3075881.0,437753700.0
2010-09-02,142.0,143.3,140.5,141.9,2601819.0,369229600.0
2010-09-03,140.4,146.7,140.4,145.2,4119451.0,592728100.0
2010-09-06,146.6,151.8,146.6,151.1,6812999.0,1019042000.0
2010-09-07,152.0,152.6,150.2,150.8,4417832.0,667875300.0
2010-09-08,150.8,151.5,148.6,149.2,4342728.0,649859300.0
2010-09-09,148.0,151.0,148.0,150.5,2088963.0,313422800.0
2010-09-10,151.0,151.0,149.6,149.8,2320939.0,348848900.0
2010-09-13,151.3,153.9,151.1,153.0,4139329.0,632885800.0
2010-09-14,153.6,154.7,153.3,154.0,3530152.0,543267000.0
2010-09-15,154.0,154.2,151.7,153.6,3204591.0,489746100.0
2010-09-16,154.6,156.0,152.6,154.6,3110061.0,481012900.0
2010-09-17,155.0,156.0,153.5,155.3,3389186.0,525959000.0
2010-09-20,155.3,158.0,153.4,157.7,4050934.0,634218700.0
2010-09-21,158.8,160.3,157.7,159.8,4360740.0,694164300.0
2010-09-22,160.0,160.8,156.8,157.5,3649501.0,580361700.0
2010-09-23,160.0,160.8,156.8,157.5,3649501.0,580361700.0
2010-09-24,160.4,160.8,158.0,160.6,3445161.0,552184900.0
2010-09-27,163.9,169.0,163.5,168.7,10246150.0,1713200000.0
2010-09-28,168.7,171.1,167.0,169.7,7081394.0,1198537000.0
2010-09-29,169.0,169.7,167.5,168.5,4831606.0,814462100.0
2010-09-30,168.5,170.5,168.0,169.6,4559852.0,771525400.0
2010-10-04,175.0,175.0,170.6,172.4,4199145.0,724352300.0
2010-10-05,171.5,171.8,167.7,168.3,3755032.0,637137900.0
2010-10-06,172.5,173.5,168.5,170.3,2669297.0,455068600.0
2010-10-07,173.0,173.0,166.5,167.8,4941463.0,832454400.0
2010-10-08,166.5,172.8,165.4,172.4,4972275.0,840920400.0
2010-10-11,174.5,178.0,172.1,176.1,7116157.0,1250700000.0
2010-10-12,176.2,186.4,176.0,182.3,8682540.0,1586566000.0
2010-10-13,185.0,190.2,184.0,187.6,7434730.0,1391405000.0
2010-10-14,189.5,193.0,181.0,182.8,6426272.0,1194697000.0
2010-10-15,178.2,188.0,178.2,184.0,5199343.0,964500500.0
2010-10-18,183.8,186.4,182.4,185.9,3622204.0,669297200.0
2010-10-19,184.5,185.0,181.4,184.3,4078623.0,745383800.0
2010-10-20,181.8,183.6,180.3,181.7,3832744.0,698370900.0
2010-10-21,183.7,188.0,181.0,186.1,4542922.0,842412300.0
2010-10-22,186.0,186.4,183.2,184.9,2230675.0,412245400.0
2010-10-25,186.5,187.2,184.6,185.5,2032205.0,377724100.0
2010-10-26,187.0,188.0,181.0,182.0,2791664.0,513456400.0
2010-10-27,182.0,184.0,178.3,178.7,2910649.0,524352900.0
2010-10-28,180.4,180.4,174.5,176.5,3066501.0,542742000.0
2010-10-29,177.2,182.1,175.0,177.5,4869726.0,872604000.0
2010-11-01,186.0,186.2,183.0,185.0,3233693.0,594595500.0
2010-11-02,188.0,188.0,183.0,185.3,3853103.0,713040900.0
2010-11-03,183.6,189.2,181.5,187.1,4239585.0,792740300.0
2010-11-04,184.5,184.8,178.6,181.3,12102410.0,2190541000.0
2010-11-05,183.0,185.0,180.0,182.8,5999695.0,1092709000.0
2010-11-08,184.0,184.0,177.8,178.9,8103168.0,1456802000.0
2010-11-09,177.0,182.9,176.6,181.5,6390741.0,1154777000.0
2010-11-10,180.0,182.3,177.5,178.0,6242038.0,1117993000.0
2010-11-11,181.0,181.2,174.0,177.1,8689089.0,1541796000.0
2010-11-12,175.8,177.8,174.5,175.3,6960976.0,1228077000.0
2010-11-15,178.1,180.0,176.8,179.3,4303063.0,769233500.0
2010-11-16,177.8,179.8,171.8,173.5,6668908.0,1171102000.0
2010-11-17,171.5,173.0,166.0,166.7,6621373.0,1123434000.0
2010-11-18,172.0,175.7,170.3,174.9,4402515.0,764386600.0
2010-11-19,176.5,176.9,171.1,176.2,2963816.0,519159200.0
2010-11-22,179.0,179.2,175.1,175.3,3492683.0,617752600.0
2010-11-23,174.0,174.2,168.6,169.3,5186287.0,886218200.0
2010-11-24,174.8,174.8,165.8,168.1,5495145.0,931034500.0
2010-11-25,170.0,170.0,166.0,166.1,4376604.0,732834900.0
2010-11-26,166.9,169.0,164.3,166.1,3688572.0,614271100.0
2010-11-29,168.0,172.1,165.0,171.9,4813004.0,811569500.0
2010-11-30,170.9,174.7,170.0,172.7,6265981.0,1080553000.0
2010-12-01,173.3,175.8,171.3,174.0,3891912.0,674737000.0
2010-12-02,177.0,177.4,175.3,177.0,3194022.0,562074500.0
2010-12-03,177.0,177.4,171.6,171.6,2923149.0,509755900.0
2010-12-06,170.2,177.1,170.2,175.3,4208575.0,738595300.0
2010-12-07,175.1,179.5,175.0,179.1,3687904.0,655311200.0
2010-12-08,179.3,179.3,173.1,175.2,3149961.0,552845800.0
2010-12-09,175.2,178.5,174.5,177.3,2238131.0,394787300.0
2010-12-10,177.3,182.5,177.3,182.1,4000892.0,720014500.0
2010-12-13,183.8,184.4,178.1,179.8,3438649.0,620754900.0
2010-12-14,182.2,182.2,178.5,182.0,3140195.0,569362900.0
2010-12-15,183.1,183.1,175.0,178.2,3872349.0,692247561.0
2010-12-16,178.5,179.5,173.0,173.8,4773078.0,834827723.0
2010-12-17,172.2,174.8,170.0,173.5,3749455.0,648730403.0
2010-12-20,174.5,174.5,168.6,171.2,3386040.0,578072466.0
2010-12-21,175.6,175.6,171.1,173.5,2496440.0,432554968.0
2010-12-22,174.5,175.0,171.1,174.0,2457316.0,425905687.0
2010-12-23,177.0,177.0,172.0,172.8,1858333.0,324531522.0
2010-12-24,174.9,174.9,171.3,173.7,866429.0,149684347.0
2010-12-28,169.5,172.5,169.5,172.4,1715529.0,293950327.0
2010-12-29,170.8,173.8,170.8,172.7,1767863.0,305485536.0
2010-12-30,172.8,175.0,170.3,171.7,3072827.0,525658123.0
2010-12-31,174.2,174.2,166.7,168.9,1651999.0,282445404.0
2011-01-03,169.9,174.8,169.0,174.4,2476618.0,427314993.0
2011-01-04,173.2,178.4,171.8,177.9,3327772.0,586237760.0
2011-01-05,178.5,179.7,177.9,179.1,1893699.0,338903648.0
2011-01-06,180.0,181.0,178.2,180.0,2856736.0,513638229.0
2011-01-07,179.1,180.6,177.3,178.0,1601135.0,286686131.0
2011-01-10,179.7,180.0,177.1,178.6,2123070.0,379262585.0
2011-01-11,180.3,180.3,178.0,179.7,2177599.0,390734294.0
2011-01-12,180.5,187.9,180.3,186.5,7734822.0,1434573467.0
2011-01-13,191.0,198.5,188.6,194.1,8261139.0,1593973385.0
2011-01-14,196.0,201.8,194.5,201.0,10851773.0,2167021942.0
2011-01-17,204.8,205.6,200.4,201.4,6435556.0,1307472165.0
2011-01-18,200.0,205.8,199.3,201.0,4843816.0,980306975.0
2011-01-19,202.8,203.2,199.9,200.8,3549517.0,712126475.0
2011-01-20,199.0,199.7,193.5,195.5,5460508.0,1068125730.0
2011-01-21,194.0,194.6,190.1,190.1,4821729.0,926164739.0
2011-01-24,191.5,194.0,189.1,190.1,3601260.0,688599863.0
2011-01-25,193.4,200.6,192.8,199.1,6764347.0,1341749391.0
2011-01-26,200.0,205.0,200.0,202.8,6852913.0,1389117804.0
2011-01-27,205.0,205.0,199.0,199.9,4308683.0,872325873.0
2011-01-28,204.6,204.6,199.0,203.4,4097766.0,829496172.0
2011-01-31,203.4,203.8,198.8,202.0,3592007.0,721726831.0
2011-02-01,202.2,208.2,199.4,200.4,4705406.0,953809704.0
2011-02-02,202.4,208.8,202.4,208.4,3184416.0,656370128.0
2011-02-07,211.0,212.0,202.0,203.2,5958202.0,1235757574.0
2011-02-08,203.4,204.4,193.1,193.8,9059590.0,1779607881.0
2011-02-09,194.1,197.4,190.0,190.8,8440521.0,1627098095.0
2011-02-10,190.3,194.9,187.0,187.4,7878481.0,1502350734.0
2011-02-11,191.8,198.8,191.1,197.3,9102530.0,1788484242.0
2011-02-14,202.0,206.2,200.0,202.6,7103495.0,1444932039.0
2011-02-15,202.4,203.0,198.4,202.4,3237764.0,650863221.0
2011-02-16,202.0,203.0,198.1,202.2,2898711.0,580213198.0
2011-02-17,200.2,205.0,199.8,203.6,3733436.0,754967133.0
2011-02-18,206.4,209.4,205.2,208.2,5377544.0,1118350610.0
2011-02-21,206.0,207.6,203.2,204.4,2805835.0,574236740.0
2011-02-22,204.4,204.4,196.0,196.2,5797720.0,1149587547.0
2011-02-23,193.3,195.4,191.0,193.4,6964866.0,1343768169.0
2011-02-24,192.9,198.1,192.9,195.5,5118408.0,1005837546.0
2011-02-25,197.4,201.2,197.1,199.6,3377277.0,672936181.0
2011-02-28,200.0,207.6,198.0,206.0,5254966.0,1072127728.0
2011-03-01,210.0,212.8,208.6,211.2,5959059.0,1252602419.0
2011-03-02,208.0,210.0,205.0,209.6,3247627.0,675105829.0
2011-03-03,209.8,213.0,206.6,211.6,3511244.0,737167428.0
2011-03-04,216.0,221.8,216.0,221.0,7144648.0,1566884001.0
2011-03-07,219.0,221.8,215.2,216.6,3545149.0,771711850.0
2011-03-08,216.0,222.6,213.4,222.2,3904353.0,848713449.0
2011-03-09,223.0,228.8,223.0,224.2,5961208.0,1349401680.0
2011-03-10,223.8,226.8,216.2,218.2,3030426.0,672497326.0
2011-03-11,215.8,221.6,213.6,216.6,5518293.0,1198189842.0
2011-03-14,224.0,224.2,215.8,224.0,3240352.0,713783126.0
2011-03-15,221.0,221.0,209.0,214.0,8214394.0,1748427828.0
2011-03-16,213.0,220.2,211.6,216.8,5756797.0,1244502154.0
2011-03-17,199.0,204.2,193.0,193.2,18908991.0,3745047258.0
2011-03-18,194.7,197.2,190.5,191.8,9834993.0,1897143463.0
2011-03-21,191.0,194.9,190.0,192.2,8686348.0,1666172736.0
2011-03-22,192.0,193.6,189.4,190.9,8297434.0,1584057449.0
2011-03-23,190.5,191.9,187.2,189.0,6134085.0,1161590100.0
2011-03-24,190.0,196.0,187.1,194.4,8276304.0,1587723022.0
2011-03-25,197.0,197.3,194.1,196.7,7876750.0,1541719155.0
2011-03-28,197.0,198.4,190.0,192.5,6384254.0,1232688548.0
2011-03-29,191.4,192.4,188.5,190.2,5431568.0,1031746751.0
2011-03-30,191.0,197.2,189.3,195.2,9277520.0,1804214148.0
2011-03-31,193.3,193.3,186.4,189.5,12560663.0,2370917384.0
2011-04-01,194.0,194.0,189.5,192.9,7031407.0,1343913600.0
2011-04-04,192.5,196.7,192.5,196.4,5651452.0,1103489330.0
2011-04-06,197.2,206.0,195.1,204.8,10480793.0,2109409189.0
2011-04-07,200.8,208.0,200.4,205.2,5295902.0,1083961923.0
2011-04-08,205.2,207.8,204.0,205.8,4103389.0,846776883.0
2011-04-11,207.0,207.0,199.5,200.2,4734069.0,953479198.0
2011-04-12,196.0,196.1,192.9,193.6,10505621.0,2043284120.0
2011-04-13,193.6,199.8,193.6,199.4,6030227.0,1189653988.0
2011-04-14,200.4,201.4,196.3,200.6,6171468.0,1226324005.0
2011-04-15,202.0,203.0,197.8,200.8,6417797.0,1287793528.0
2011-04-18,201.2,203.0,197.7,200.0,3650981.0,730588383.0
2011-04-19,195.1,202.0,195.1,200.4,4963728.0,988697877.0
2011-04-20,210.0,215.0,208.0,214.6,14245362.0,3014702380.0
2011-04-21,221.0,222.4,217.2,219.6,8111532.0,1788677664.0
2011-04-26,218.4,225.0,215.4,225.0,4476151.0,985813728.0
2011-04-27,226.8,230.8,214.0,218.6,7144967.0,1605887172.0
2011-04-28,226.0,226.0,219.4,222.4,4909630.0,1092364151.0
2011-04-29,222.6,222.6,216.2,221.0,4032448.0,881850585.0
2011-05-03,227.4,227.4,217.0,218.0,3496631.0,772071721.0
2011-05-04,210.8,212.4,207.6,210.6,7122307.0,1495864351.0
2011-05-05,207.0,217.0,207.0,211.8,4681866.0,998951355.0
2011-05-06,211.0,215.4,209.0,211.6,2803364.0,595463509.0
2011-05-09,212.4,216.0,207.2,209.8,4494498.0,948790132.0
2011-05-11,218.0,218.0,209.2,209.8,6873820.0,1463706074.0
2011-05-12,216.0,219.4,211.4,218.6,11277496.0,2443325693.0
2011-05-13,220.0,221.6,217.2,219.0,5193575.0,1137241907.0
2011-05-16,221.0,221.0,218.2,219.2,4641589.0,1018418198.0
2011-05-17,220.0,220.4,211.2,213.2,5801257.0,1245584740.0
2011-05-18,214.2,219.0,214.0,218.4,4351562.0,941668060.0
2011-05-19,223.8,224.0,217.6,220.6,4564950.0,1008880475.0
2011-05-20,222.6,224.0,219.6,220.2,2419994.0,536543985.0
2011-05-23,215.0,219.2,215.0,216.6,2500074.0,542845594.0
2011-05-24,217.0,217.0,212.0,213.0,4074350.0,873097192.0
2011-05-25,210.0,215.2,210.0,214.4,3681522.0,783245504.0
2011-05-26,210.6,218.0,210.6,217.8,2934379.0,633059097.0
2011-05-27,219.0,219.0,214.6,215.2,4345834.0,936839730.0
2011-05-30,213.0,219.6,212.6,218.2,3764066.0,817124193.0
2011-05-31,219.8,225.0,218.4,223.8,4822546.0,1067366605.0
2011-06-01,225.0,226.4,222.0,224.6,3960813.0,890174989.0
2011-06-02,223.6,223.6,220.0,220.6,3801320.0,841343722.0
2011-06-03,222.2,225.2,220.4,221.0,4922714.0,1097168051.0
2011-06-07,219.0,220.0,215.6,217.0,5411702.0,1174144294.0
2011-06-08,217.4,219.0,214.2,217.2,2778122.0,602181988.0
2011-06-09,216.0,216.0,207.0,210.8,9250792.0,1942407810.0
2011-06-10,212.0,212.8,202.0,204.8,7336889.0,1507063785.0
2011-06-13,201.8,207.2,200.0,206.6,3159254.0,646030200.0
2011-06-14,204.0,205.4,200.2,201.4,5779903.0,1173600293.0
2011-06-15,205.0,206.8,201.0,203.2,4845458.0,987857803.0
2011-06-16,199.0,200.4,196.6,197.1,6755485.0,1336135406.0
2011-06-17,193.0,196.9,187.2,188.8,11032805.0,2093075981.0
2011-06-20,198.0,198.2,194.4,196.9,11542764.0,2264404240.0
2011-06-21,198.0,203.8,192.9,203.2,6090538.0,1203600923.0
2011-06-22,211.0,211.0,207.6,208.6,8939453.0,1862919944.0
2011-06-23,208.8,208.8,204.4,205.6,3748135.0,771724444.0
2011-06-24,205.0,211.2,204.6,209.8,4726966.0,990384983.0
2011-06-27,206.0,209.4,205.6,207.2,3314935.0,688352444.0
2011-06-28,207.0,209.4,205.6,207.2,2889020.0,598999845.0
2011-06-29,208.4,209.4,203.8,204.4,3255769.0,670445000.0
2011-06-30,205.0,212.4,205.0,211.2,9598347.0,2016523499.0
2011-07-04,217.2,218.6,215.8,216.2,4213870.0,916150717.0
2011-07-05,214.6,215.8,213.4,215.0,2232869.0,478853811.0
2011-07-06,214.2,217.6,212.2,214.6,3116426.0,670825244.0
2011-07-07,216.0,218.0,213.8,214.8,2712506.0,584872573.0
2011-07-08,218.0,218.0,210.6,212.6,4729292.0,1011626174.0
2011-07-11,211.6,212.0,205.2,207.0,4441433.0,922973729.0
2011-07-12,204.0,204.0,198.4,200.4,4097763.0,827469331.0
2011-07-13,200.4,207.6,200.4,207.2,3447137.0,704055544.0
2011-07-14,208.4,211.0,207.8,209.2,4100795.0,858014134.0
2011-07-15,211.4,213.6,209.8,212.2,4956355.0,1050529048.0
2011-07-18,210.0,212.6,208.8,210.4,2263317.0,477492491.0
2011-07-19,210.4,210.4,205.2,207.4,4012267.0,832960409.0
2011-07-20,210.0,211.2,206.0,207.6,2662198.0,553785532.0
2011-07-21,207.6,208.0,203.0,203.6,4247530.0,871401103.0
2011-07-22,205.8,208.2,204.6,206.2,3116453.0,642404667.0
2011-07-25,205.0,206.0,201.6,204.2,3390906.0,693044842.0
2011-07-26,205.8,208.0,203.8,208.0,3407882.0,703856638.0
2011-07-27,209.6,209.8,205.4,206.0,4097784.0,852350320.0
2011-07-28,204.0,205.4,202.2,205.0,4434921.0,903554705.0
2011-07-29,203.4,204.0,201.6,202.8,3338825.0,676902719.0
2011-08-01,205.0,208.6,205.0,208.2,4378725.0,908934264.0
2011-08-02,207.8,208.0,205.6,206.8,2435406.0,503148246.0
2011-08-03,201.4,205.6,200.2,205.2,4722581.0,958812870.0
2011-08-04,207.0,207.2,202.6,203.4,2649765.0,540550037.0
2011-08-05,193.1,198.2,192.1,197.5,10026312.0,1951222529.0
2011-08-08,193.0,194.4,188.8,192.3,6923733.0,1328130072.0
2011-08-09,180.3,192.8,178.0,184.1,13138716.0,2419355152.0
2011-08-10,192.0,194.5,190.0,190.6,11432792.0,2199283164.0
2011-08-11,181.0,183.5,176.1,181.6,17987130.0,3243521237.0
2011-08-12,187.0,187.8,183.3,183.6,8031278.0,1487484805.0
2011-08-15,190.0,190.0,186.0,189.0,5938037.0,1117678295.0
2011-08-16,189.0,189.8,179.5,181.2,7724246.0,1411484386.0
2011-08-17,181.0,181.5,178.8,179.8,8060370.0,1452975490.0
2011-08-18,181.1,185.6,179.5,180.0,5785011.0,1052103145.0
2011-08-19,176.0,176.2,170.0,172.0,8188865.0,1413945085.0
2011-08-22,172.0,173.6,165.5,169.2,7318156.0,1237439450.0
2011-08-23,171.0,175.7,171.0,175.1,5180373.0,897567653.0
2011-08-24,179.8,179.9,173.8,174.8,5925525.0,1040990144.0
2011-08-25,179.0,179.0,174.9,175.2,2970854.0,523836200.0
2011-08-26,176.0,177.0,173.3,175.4,1868712.0,326615617.0
2011-08-29,178.0,181.2,175.6,179.6,3447544.0,613854795.0
2011-08-30,184.4,184.5,180.7,181.7,3256107.0,593427634.0
2011-08-31,183.0,185.5,180.9,185.0,3244205.0,594786932.0
2011-09-01,190.0,192.0,187.0,187.6,7064637.0,1341479689.0
2011-09-02,186.0,187.8,181.5,187.3,4124281.0,765271868.0
2011-09-05,183.0,184.5,181.6,182.2,3448554.0,632185757.0
2011-09-06,180.0,183.1,177.6,182.9,4938594.0,887965441.0
2011-09-07,183.8,189.7,183.5,187.7,5177527.0,968705081.0
2011-09-08,187.8,189.8,184.3,186.3,3151259.0,587860505.0
2011-09-09,188.0,188.5,183.1,184.5,2228806.0,412215563.0
2011-09-12,179.0,180.2,176.1,176.4,2879601.0,511064884.0
2011-09-14,180.0,180.1,172.0,178.5,5369171.0,944421445.0
2011-09-15,178.9,179.0,172.0,174.6,4303309.0,749977119.0
2011-09-16,178.0,179.0,175.2,178.3,3821347.0,677252447.0
2011-09-19,175.3,175.6,172.4,173.4,3391386.0,588371687.0
2011-09-20,174.0,175.2,171.0,171.9,4543158.0,784895770.0
2011-09-21,170.0,170.5,163.8,168.4,5736399.0,963560787.0
2011-09-22,162.5,162.8,156.2,156.6,9209643.0,1467669853.0
2011-09-23,155.0,160.5,151.6,159.0,8166116.0,1274517579.0
2011-09-26,156.0,159.5,154.4,155.9,5159562.0,805770270.0
2011-09-27,159.1,160.5,155.0,160.0,9603123.0,1510619928.0
2011-09-28,163.9,167.2,159.3,165.4,11675161.0,1911622536.0
2011-09-29,165.4,165.4,165.4,165.4,0.0,0.0
2011-09-30,167.2,169.1,161.5,164.2,15441102.0,2540883542.0
2011-10-03,163.0,163.0,147.2,149.0,10045227.0,1531159289.0
2011-10-04,149.0,149.4,139.9,145.6,9674481.0,1396775674.0
2011-10-06,157.2,163.6,152.2,163.0,9380825.0,1475073677.0
2011-10-07,171.1,175.0,166.6,170.9,9886733.0,1689441692.0
2011-10-10,171.4,173.0,165.2,168.6,3347104.0,560105006.0
2011-10-11,176.0,176.0,167.6,170.1,3947302.0,677437306.0
2011-10-12,170.0,176.5,167.4,173.3,3862764.0,668826750.0
2011-10-13,171.6,174.1,168.8,172.8,4936779.0,846724488.0
2011-10-14,178.0,178.7,170.0,172.6,4016342.0,700719292.0
2011-10-17,173.0,178.4,173.0,177.9,3702936.0,652085664.0
2011-10-18,174.8,174.8,167.0,167.4,4488469.0,761165790.0
2011-10-19,167.5,170.8,166.2,168.0,2815969.0,473546020.0
2011-10-20,163.7,166.7,160.0,163.0,4467559.0,726489842.0
2011-10-21,163.0,165.0,162.7,163.3,2517214.0,411217634.0
2011-10-24,168.9,174.6,167.1,172.5,4305628.0,737287413.0
2011-10-25,176.2,177.5,174.5,176.9,2998749.0,526504921.0
2011-10-26,175.5,178.0,173.4,177.1,3135233.0,550559833.0
2011-10-27,180.0,185.0,177.8,185.0,6260268.0,1140862170.0
2011-10-28,190.0,190.0,186.3,187.0,7173006.0,1345860678.0
2011-10-31,189.0,189.0,181.1,183.1,3476533.0,640558194.0
2011-11-01,176.6,178.7,173.7,177.5,4071743.0,720754994.0
2011-11-02,174.7,185.0,170.0,183.9,3939310.0,702655609.0
2011-11-03,180.0,185.2,176.2,179.4,4097071.0,741985716.0
2011-11-04,188.0,188.0,180.6,182.0,3300316.0,605308841.0
2011-11-07,183.6,184.0,174.2,174.4,6112485.0,1083575923.0
2011-11-08,171.0,173.0,162.0,164.9,14256322.0,2358916718.0
2011-11-09,167.0,169.6,164.6,166.5,5920267.0,991417059.0
2011-11-10,162.0,162.2,157.9,159.4,10793013.0,1727764294.0
2011-11-11,159.5,160.5,155.5,157.7,5246583.0,824643309.0
2011-11-14,159.9,162.8,159.5,160.0,7397607.0,1182680594.0
2011-11-15,155.2,157.7,155.2,157.3,5278524.0,823850001.0
2011-11-16,161.2,161.2,155.2,156.0,2888398.0,451452161.0
2011-11-17,154.2,154.4,152.7,153.9,4553717.0,701257747.0
2011-11-18,153.0,153.0,149.8,150.2,5780509.0,873683171.0
2011-11-21,147.3,156.4,147.3,153.6,5523836.0,846218285.0
2011-11-22,153.9,160.4,152.3,158.8,6944476.0,1087233681.0
2011-11-23,156.8,156.8,152.4,154.4,3156980.0,487196418.0
2011-11-24,151.0,157.7,151.0,156.8,2989116.0,463098254.0
2011-11-25,153.5,156.5,151.0,151.0,3156537.0,482271486.0
2011-11-28,151.0,152.4,145.5,146.5,6901912.0,1025733116.0
2011-11-29,145.5,149.0,139.8,146.8,11781812.0,1693551229.0
2011-11-30,147.0,147.2,144.0,145.2,6769602.0,984118845.0
2011-12-01,158.0,158.0,153.5,156.2,7692201.0,1191015584.0
2011-12-02,155.0,156.3,151.2,152.0,4548992.0,695531266.0
2011-12-05,153.0,154.6,150.9,153.0,3198702.0,488639445.0
2011-12-06,151.0,155.0,151.0,153.9,3423840.0,524540859.0
2011-12-07,156.0,156.3,152.3,155.3,4009051.0,617317506.0
2011-12-08,155.0,157.0,153.3,154.3,3348743.0,517366253.0
2011-12-09,152.2,152.2,146.8,148.8,4548239.0,679197977.0
2011-12-12,151.0,153.9,144.7,145.8,2781690.0,412864568.0
2011-12-13,144.1,149.8,142.5,148.9,3980032.0,582153903.0
2011-12-14,145.0,153.0,144.9,149.8,5463914.0,812877659.0
2011-12-15,146.6,152.0,146.0,150.2,4165191.0,622004377.0
2011-12-16,150.0,153.7,149.7,152.7,5614260.0,850919585.0
2011-12-19,152.4,154.5,149.4,153.8,3429987.0,521073880.0
2011-12-20,153.0,154.5,152.0,153.0,2355175.0,361700069.0
2011-12-21,157.5,157.5,153.9,156.2,2769033.0,430266023.0
2011-12-22,156.8,156.8,154.5,156.1,2134502.0,332870297.0
2011-12-23,157.0,159.3,156.4,159.0,2132117.0,336678284.0
2011-12-28,158.0,158.4,155.0,157.5,1804858.0,283334480.0
2011-12-29,154.0,156.4,154.0,156.0,1431458.0,222196020.0
2011-12-30,156.4,157.7,155.7,156.1,1297834.0,203020674.0
2012-01-03,159.0,160.0,157.8,159.0,2345274.0,371451913.0
2012-01-04,160.0,160.0,158.0,158.8,1854080.0,293925735.0
2012-01-05,159.0,159.8,156.8,157.4,3162115.0,499747875.0
2012-01-06,154.6,157.5,153.9,154.5,3034822.0,470292984.0
2012-01-09,154.6,155.9,150.3,155.2,2818144.0,432456946.0
2012-01-10,156.0,162.3,155.0,161.2,5691119.0,907735307.0
2012-01-11,161.8,168.7,161.0,167.2,6440427.0,1065853484.0
2012-01-12,168.5,169.2,166.8,167.7,5419454.0,909527768.0
2012-01-13,170.0,171.5,168.5,170.1,4417128.0,750861287.0
2012-01-16,169.1,170.4,166.4,170.1,2401487.0,406383182.0
2012-01-17,172.0,177.7,170.0,177.4,4438135.0,777354062.0
2012-01-18,180.0,182.3,177.0,181.0,6946243.0,1252834899.0
2012-01-19,182.3,184.3,178.3,179.5,5425392.0,982077283.0
2012-01-20,179.5,182.3,177.0,181.7,4286556.0,772453210.0
2012-01-26,182.5,183.7,181.8,182.9,2621348.0,479210101.0
2012-01-27,183.6,183.8,180.8,181.3,2255469.0,410536437.0
2012-01-30,185.0,186.0,183.9,184.4,5851260.0,1082965177.0
2012-01-31,186.0,190.0,186.0,189.7,8359712.0,1581220144.0
2012-02-01,191.0,191.0,181.1,183.7,5633839.0,1044031908.0
2012-02-02,188.0,188.4,185.0,187.4,4070157.0,758106455.0
2012-02-03,188.0,188.0,185.3,185.9,2636477.0,490965191.0
2012-02-06,187.6,187.8,185.2,185.8,3108920.0,578147128.0
2012-02-07,186.0,186.0,181.7,183.6,6622003.0,1212991204.0
2012-02-08,184.8,186.4,183.0,186.0,4107270.0,761750321.0
2012-02-09,185.0,189.9,184.9,189.6,4392407.0,827890663.0
2012-02-10,191.0,191.3,184.2,186.0,3221757.0,603004841.0
2012-02-13,188.9,188.9,185.6,187.6,1975704.0,370136467.0
2012-02-14,188.2,188.4,185.7,186.2,1906309.0,356376577.0
2012-02-15,187.5,195.1,186.1,193.7,4697363.0,903849902.0
2012-02-16,193.7,201.6,192.1,199.4,8255986.0,1639952867.0
2012-02-17,204.6,204.6,197.5,198.0,5850012.0,1167187359.0
2012-02-20,200.0,200.2,193.4,194.5,3627631.0,711858483.0
2012-02-21,191.5,195.0,191.5,193.6,2996592.0,579662522.0
2012-02-22,193.2,198.6,191.9,197.2,3395069.0,664830042.0
2012-02-23,200.0,201.0,197.6,199.9,3565118.0,711805711.0
2012-02-24,201.4,201.4,198.0,199.9,2321657.0,462762463.0
2012-02-27,199.2,200.0,195.2,197.2,2862041.0,564794113.0
2012-02-28,200.0,201.0,197.1,200.8,3600136.0,718625907.0
2012-02-29,203.6,203.6,199.6,202.0,4276405.0,859352877.0
2012-03-01,200.0,200.6,197.0,199.3,4699366.0,939555795.0
2012-03-02,200.0,201.4,199.2,200.0,2406009.0,481184556.0
2012-03-05,198.0,202.6,197.2,198.0,1886067.0,374211806.0
2012-03-06,199.7,199.7,195.5,195.9,3030375.0,596712149.0
2012-03-07,195.0,196.9,193.6,194.9,1999063.0,390494568.0
2012-03-08,194.9,198.5,194.1,197.4,2842378.0,558782751.0
2012-03-09,196.2,201.0,196.2,198.8,2482112.0,495048289.0
2012-03-12,198.0,200.0,196.7,199.8,1613770.0,319799131.0
2012-03-13,202.0,208.0,199.8,200.4,7548041.0,1541587928.0
2012-03-14,205.2,205.2,199.6,200.6,4574988.0,925568641.0
2012-03-15,213.0,213.0,205.0,208.8,9540558.0,1988897007.0
2012-03-16,212.0,220.0,210.6,217.0,8112346.0,1740432714.0
2012-03-19,217.0,224.2,216.6,220.4,7650064.0,1687599559.0
2012-03-20,221.0,221.0,215.4,216.8,7421601.0,1613182935.0
2012-03-21,216.8,220.4,215.4,216.8,3154570.0,685889679.0
2012-03-22,219.0,225.4,218.0,223.4,5909060.0,1314180893.0
2012-03-23,224.6,225.0,221.2,222.0,3852608.0,858654549.0
2012-03-26,220.0,221.6,216.6,219.8,2630890.0,576856525.0
2012-03-27,224.0,224.0,218.6,221.8,2498670.0,552402886.0
2012-03-28,220.2,222.0,219.2,220.6,1925219.0,423987642.0
2012-03-29,215.8,219.0,215.8,216.0,3031418.0,657617197.0
2012-03-30,215.0,217.6,210.6,216.6,4397562.0,940197345.0
2012-04-02,219.4,219.4,212.2,216.6,2419792.0,521151574.0
2012-04-03,220.8,223.4,219.8,222.8,4037976.0,895664682.0
2012-04-05,223.6,225.0,218.8,222.8,3047460.0,677538324.0
2012-04-10,218.6,222.4,218.4,221.0,2653107.0,586445379.0
2012-04-11,215.0,220.6,215.0,219.4,2928786.0,636948630.0
2012-04-12,220.0,223.0,219.6,222.6,3960611.0,879057462.0
2012-04-13,226.2,229.4,224.0,226.2,5128805.0,1158459457.0
2012-04-16,230.0,230.0,226.2,229.4,3090325.0,707630828.0
2012-04-17,232.2,232.2,226.8,229.0,3101523.0,711908223.0
2012-04-18,231.0,237.0,230.6,236.8,3887096.0,912668226.0
2012-04-19,240.0,240.2,236.0,237.2,3404837.0,811778823.0
2012-04-20,234.8,237.0,233.4,234.0,2771007.0,651189315.0
2012-04-23,235.0,240.0,234.0,236.6,2952772.0,700888971.0
2012-04-24,233.6,241.0,233.6,238.8,3418034.0,813649394.0
2012-04-25,239.0,239.0,226.8,227.6,6399506.0,1476972395.0
2012-04-26,230.2,233.8,228.2,233.4,3790131.0,873655763.0
2012-04-27,230.0,237.4,229.8,234.0,3863673.0,906603622.0
2012-04-30,237.0,245.4,236.6,243.8,3569644.0,860406508.0
2012-05-02,243.8,247.8,242.4,243.6,3767166.0,920957158.0
2012-05-03,243.2,248.8,243.2,246.8,2858954.0,705758709.0
2012-05-04,246.4,248.0,239.4,242.6,2843887.0,690452997.0
2012-05-07,231.0,232.6,227.0,230.8,5617372.0,1295078810.0
2012-05-08,233.0,235.0,228.6,231.2,2745267.0,636144950.0
2012-05-09,227.0,228.8,223.0,224.8,5194374.0,1168565410.0
2012-05-10,221.8,225.8,220.2,223.2,4863041.0,1078666074.0
2012-05-11,224.4,229.6,223.0,223.6,4989115.0,1128158597.0
2012-05-14,224.0,232.8,222.2,225.2,5698559.0,1301546141.0
2012-05-15,227.0,231.8,225.6,230.0,4124267.0,947251827.0
2012-05-16,228.0,228.4,215.6,219.6,5993292.0,1319310475.0
2012-05-17,214.0,229.2,214.0,225.0,8270082.0,1852533234.0
2012-05-18,219.2,227.8,218.0,224.0,5930085.0,1317931440.0
2012-05-21,219.0,220.6,213.4,216.4,5859230.0,1266337539.0
2012-05-22,216.8,217.2,210.0,210.6,7624095.0,1619260392.0
2012-05-23,204.6,212.2,203.6,210.0,8124129.0,1690096704.0
2012-05-24,210.0,217.0,208.4,214.4,4539592.0,968484539.0
2012-05-25,213.6,218.8,213.6,217.0,3986843.0,863737567.0
2012-05-28,216.0,216.6,212.6,213.6,2083035.0,445917125.0
2012-05-29,211.8,216.6,210.0,215.8,2918008.0,623259841.0
2012-05-30,215.0,216.2,211.6,215.4,5425677.0,1162030974.0
2012-05-31,215.0,217.0,211.4,213.4,3681138.0,788722977.0
2012-06-01,213.4,217.4,213.0,214.0,3034701.0,653167231.0
2012-06-04,208.0,209.6,204.4,208.6,3263313.0,678102909.0
2012-06-05,211.6,213.0,207.8,208.4,2854997.0,599469355.0
2012-06-06,212.0,217.6,210.0,216.2,3633867.0,776989293.0
2012-06-07,222.0,222.4,218.2,219.4,3197444.0,704338770.0
2012-06-08,224.0,224.0,219.4,220.6,2716353.0,600997546.0
2012-06-11,224.8,232.0,223.8,231.4,3597008.0,823506868.0
2012-06-12,226.0,227.6,224.8,225.8,2830291.0,641030870.0
2012-06-13,229.0,230.6,226.2,227.0,2214213.0,505327367.0
2012-06-14,228.0,228.4,224.6,225.0,2309451.0,523360506.0
2012-06-15,230.0,231.4,226.8,230.2,2659488.0,608734300.0
2012-06-18,235.0,237.8,233.6,235.2,2608036.0,614300985.0
2012-06-19,236.0,241.0,234.8,238.4,4564813.0,1089656714.0
2012-06-20,240.0,240.8,236.2,239.4,2189801.0,523330059.0
2012-06-21,233.0,235.2,228.4,228.8,4623491.0,1067895028.0
2012-06-22,223.4,224.4,222.2,222.8,3467336.0,774439017.0
2012-06-25,223.8,226.2,220.8,221.4,2612734.0,582991532.0
2012-06-26,221.4,222.8,217.0,218.6,3830490.0,837434170.0
2012-06-27,225.0,226.6,221.4,225.6,3380248.0,760027629.0
2012-06-28,225.0,226.2,217.4,219.2,4121135.0,909058749.0
2012-06-29,216.0,227.0,216.0,226.0,4645322.0,1038287387.0
2012-07-03,230.0,239.0,228.0,232.0,3599513.0,835364890.0
2012-07-04,240.0,240.6,232.8,233.8,2902324.0,683222950.0
2012-07-05,236.0,237.0,232.8,236.4,1519638.0,357239378.0
2012-07-06,238.0,238.8,233.2,235.6,1650440.0,389394386.0
2012-07-09,230.2,234.0,228.0,229.0,2053362.0,472380067.0
2012-07-10,229.0,232.8,227.8,230.4,1464567.0,337654806.0
2012-07-11,228.6,229.0,224.2,227.2,3465913.0,784786514.0
2012-07-12,224.4,224.4,219.4,220.4,4354252.0,961640825.0
2012-07-13,222.4,224.4,221.2,223.6,1827057.0,407591598.0
2012-07-16,228.0,228.0,222.0,225.2,2424184.0,543847670.0
2012-07-17,224.0,230.0,224.0,228.4,3315602.0,754927968.0
2012-07-18,227.0,227.6,220.2,222.0,4300254.0,958641296.0
2012-07-19,223.0,229.8,223.0,227.6,4857563.0,1102404064.0
2012-07-20,228.0,233.4,227.2,232.0,3245999.0,752882175.0
2012-07-23,225.4,228.8,224.8,227.4,3508518.0,797723064.0
2012-07-24,226.6,230.6,225.0,226.8,1910334.0,434883018.0
2012-07-25,226.8,228.2,224.0,224.8,2386310.0,538143409.0
2012-07-26,224.8,225.2,221.8,222.8,3020007.0,675154808.0
2012-07-27,226.0,230.8,224.6,229.0,3965226.0,904933878.0
2012-07-30,233.4,233.6,225.4,230.4,3790494.0,871298325.0
2012-07-31,231.8,232.6,229.0,231.8,3332187.0,770719620.0
2012-08-01,231.8,231.8,228.0,230.2,2388220.0,549310502.0
2012-08-02,231.0,231.8,228.0,230.0,1916360.0,440666644.0
2012-08-03,224.6,230.8,224.6,230.4,1856701.0,423635382.0
2012-08-06,234.4,237.8,233.2,233.6,2070763.0,486028723.0
2012-08-07,235.4,236.4,232.8,234.8,2293017.0,538710466.0
2012-08-08,235.0,237.8,234.2,235.6,3029371.0,714915478.0
2012-08-09,240.0,242.0,238.8,239.6,3090051.0,739740207.0
2012-08-10,238.0,238.0,228.0,232.8,6158169.0,1422154358.0
2012-08-13,229.8,232.8,226.0,228.4,5493240.0,1249293539.0
2012-08-14,230.8,231.0,228.0,230.4,3675641.0,844461802.0
2012-08-15,226.0,231.0,224.6,230.0,5829321.0,1327876143.0
2012-08-16,238.0,246.8,237.8,244.6,13233504.0,3205262792.0
2012-08-17,247.0,252.8,247.0,248.2,5756641.0,1438745284.0
2012-08-20,248.2,251.4,242.4,250.0,3034017.0,751733389.0
2012-08-21,251.4,251.4,245.8,248.4,2039765.0,505554793.0
2012-08-22,249.6,249.6,243.4,245.4,2119987.0,520625343.0
2012-08-23,245.0,249.0,244.0,248.0,2449689.0,605538671.0
2012-08-24,246.6,246.6,244.0,245.0,1940455.0,476192634.0
2012-08-27,245.6,247.0,244.0,245.0,1473144.0,361633762.0
2012-08-28,243.0,243.8,240.2,242.6,2087940.0,506198538.0
2012-08-29,241.6,243.4,239.8,242.6,2045870.0,493703840.0
2012-08-30,239.0,240.0,238.0,238.0,3209495.0,766599751.0
2012-08-31,237.6,240.0,236.0,237.0,2566496.0,610052648.0
2012-09-03,238.8,241.4,237.0,241.0,1986270.0,476165360.0
2012-09-04,240.0,240.0,236.6,237.6,1961924.0,466777562.0
2012-09-05,237.6,239.0,233.8,234.2,2663585.0,626334026.0
2012-09-06,234.0,239.6,233.0,239.2,1979547.0,468514133.0
2012-09-07,244.0,244.4,240.2,243.2,3063294.0,744024803.0
2012-09-10,247.0,247.0,244.2,245.4,2886817.0,708067162.0
2012-09-11,245.4,248.6,243.8,247.2,3585095.0,880822442.0
2012-09-12,249.0,251.0,247.8,250.4,3105448.0,775295890.0
2012-09-13,250.0,250.4,247.8,248.8,2552008.0,635784248.0
2012-09-14,260.6,260.6,255.2,255.6,4984047.0,1280316152.0
2012-09-17,260.0,260.0,254.0,255.2,2546690.0,651828421.0
2012-09-18,253.0,255.4,253.0,255.0,3063567.0,778747021.0
2012-09-19,252.0,257.6,252.0,255.6,2848120.0,727913477.0
2012-09-20,254.8,258.0,251.6,251.8,2906106.0,737492431.0
2012-09-21,251.8,255.6,249.0,254.0,2742098.0,694694451.0
2012-09-24,255.0,256.399,251.6,255.2,2267255.0,577659982.0
2012-09-25,256.6,256.6,254.0,256.2,1832541.0,467598297.0
2012-09-26,251.0,257.0,251.0,256.0,2470207.0,628883753.0
2012-09-27,256.0,263.0,254.6,262.2,5040264.0,1311326082.0
2012-09-28,265.0,265.0,262.0,264.2,3396966.0,894652075.0
2012-10-03,267.0,268.8,263.0,263.8,2804311.0,744662723.0
2012-10-04,265.0,266.4,262.2,264.6,2332149.0,615719396.0
2012-10-05,264.0,266.6,262.4,264.0,2685485.0,709912888.0
2012-10-08,260.0,262.0,258.2,260.6,2631053.0,684424412.0
2012-10-09,262.6,264.0,258.6,259.6,2403675.0,627489984.0
2012-10-10,258.2,260.2,256.2,259.8,1527896.0,395395193.0
2012-10-11,258.2,259.399,257.2,257.399,2375518.0,613142086.0
2012-10-12,257.0,259.6,257.0,258.8,1303460.0,336981378.0
2012-10-15,259.6,259.6,255.0,258.6,1448586.0,372160918.0
2012-10-16,260.6,261.399,259.0,260.0,1399569.0,364214659.0
2012-10-17,261.399,264.4,261.399,262.6,2241038.0,589359222.0
2012-10-18,262.2,264.4,259.399,260.0,2537618.0,663141782.0
2012-10-19,257.399,262.2,256.8,261.8,2167924.0,563135076.0
2012-10-22,261.6,266.0,260.0,265.6,2048509.0,540393823.0
2012-10-24,265.6,271.0,264.0,270.4,3617451.0,967814760.0
2012-10-25,271.4,273.0,270.4,271.8,3718074.0,1010028687.0
2012-10-26,269.8,274.6,265.0,266.8,3187189.0,856705918.0
2012-10-29,265.0,270.4,263.8,270.0,2147130.0,574566517.0
2012-10-30,270.0,272.0,267.2,271.6,3077408.0,831354083.0
2012-10-31,271.6,274.6,270.6,274.0,2699663.0,737031204.0
2012-11-01,274.0,276.0,270.8,275.8,2670537.0,732889943.0
2012-11-02,281.0,281.0,275.8,278.2,2928970.0,813811654.0
2012-11-05,275.0,277.8,274.0,275.6,2546054.0,702207938.0
2012-11-06,270.6,277.2,270.2,275.8,2285238.0,627911282.0
2012-11-07,275.6,276.0,272.0,275.6,2480210.0,682284713.0
2012-11-08,272.0,272.2,269.4,270.6,3009108.0,815089098.0
2012-11-09,268.4,273.0,266.4,267.0,3229901.0,866242632.0
2012-11-12,268.0,272.8,268.0,271.4,2754451.0,745026842.0
2012-11-13,272.0,274.4,268.8,270.2,3493249.0,948085295.0
2012-11-14,268.0,269.8,266.2,267.8,2934771.0,788559018.0
2012-11-15,255.0,257.399,248.8,249.2,11365664.0,2880657815.0
2012-11-16,245.0,249.0,243.2,248.2,8850305.0,2174565896.0
2012-11-19,246.0,246.8,242.4,246.0,5447990.0,1334626829.0
2012-11-20,248.6,254.0,248.6,251.6,4780834.0,1204920636.0
2012-11-21,251.0,258.8,251.0,258.0,4306511.0,1099315507.0
2012-11-22,258.399,260.6,256.399,259.6,2908530.0,754345320.0
2012-11-23,261.8,261.8,254.4,256.399,3734382.0,957693148.0
2012-11-26,254.6,255.6,251.2,252.4,3366661.0,852406648.0
2012-11-27,254.0,255.2,251.4,251.6,3348386.0,848024713.0
2012-11-28,249.2,254.0,249.2,253.6,3227549.0,814344167.0
2012-11-29,257.2,257.2,254.0,255.4,2992252.0,764018016.0
2012-11-30,252.8,255.0,251.4,253.2,4124562.0,1044157857.0
2012-12-03,250.6,251.4,244.4,245.4,5373337.0,1330037144.0
2012-12-04,245.8,249.0,244.0,244.8,4557377.0,1118337524.0
2012-12-05,245.0,251.4,239.2,250.2,5449021.0,1342072125.0
2012-12-06,250.2,254.2,247.0,252.8,4001975.0,1008813202.0
2012-12-07,255.0,255.0,250.0,251.0,2935892.0,739944185.0
2012-12-10,253.0,254.6,251.0,253.4,2528035.0,638234155.0
2012-12-11,250.6,253.4,248.2,252.6,3025517.0,760661911.0
2012-12-12,252.8,253.6,251.0,253.0,3280465.0,829122087.0
2012-12-13,251.0,253.2,250.8,252.8,2932722.0,738790556.0
2012-12-14,250.0,252.6,250.0,251.6,2259994.0,567990088.0
2012-12-17,250.0,251.2,245.8,249.4,3333098.0,826931769.0
2012-12-18,248.4,251.0,248.4,250.2,2436208.0,607734862.0
2012-12-19,251.2,251.2,247.4,249.4,3519628.0,877133305.0
2012-12-20,248.0,249.6,245.8,249.0,3344364.0,827065580.0
2012-12-21,247.0,248.2,245.6,247.8,2856522.0,704141763.0
2012-12-24,250.2,250.2,245.2,246.4,958581.0,236292733.0
2012-12-27,250.0,250.0,246.0,247.6,2779211.0,686690347.0
2012-12-28,251.0,251.2,247.2,250.0,2224786.0,554373035.0
2012-12-31,250.0,250.4,247.6,249.0,1317565.0,328709518.0
2013-01-02,251.0,258.399,250.6,257.399,5338180.0,1365885444.0
2013-01-03,261.0,261.6,256.2,259.6,4506468.0,1169723047.0
2013-01-04,260.399,260.6,256.6,259.2,2631098.0,679521613.0
2013-01-07,259.8,259.8,252.2,255.6,3956756.0,1010530725.0
2013-01-08,253.0,255.8,252.0,255.6,2970898.0,754148557.0
2013-01-09,256.8,257.8,252.6,253.2,3392003.0,862263683.0
2013-01-10,252.4,256.6,252.0,253.4,3105843.0,791429544.0
2013-01-11,253.8,256.399,253.2,255.2,3077127.0,784343994.0
2013-01-14,256.399,256.6,254.0,254.8,4234517.0,1080329407.0
2013-01-15,257.0,258.399,253.2,258.2,3425203.0,878498932.0
2013-01-16,260.399,268.8,258.399,267.2,7307147.0,1926470344.0
2013-01-17,267.2,269.2,263.0,267.4,7959056.0,2121782974.0
2013-01-18,269.6,271.8,268.6,270.4,4994136.0,1349645674.0
2013-01-21,272.8,273.0,268.0,268.4,4064225.0,1100217257.0
2013-01-22,270.0,270.4,267.0,269.0,2479741.0,667382561.0
2013-01-23,271.6,271.6,268.2,269.0,3270036.0,880928032.0
2013-01-24,268.0,272.0,267.2,270.8,2893611.0,782405403.0
2013-01-25,272.8,272.8,266.8,267.2,5161556.0,1391477158.0
2013-01-28,268.0,269.0,265.2,267.8,3004994.0,803614667.0
2013-01-29,267.8,269.4,266.0,267.2,2636896.0,704793925.0
2013-01-30,269.8,272.0,268.6,270.8,3222080.0,872522191.0
2013-01-31,272.8,272.8,270.2,271.4,2956210.0,802315333.0
2013-02-01,268.0,270.2,267.4,268.6,1706070.0,458031353.0
2013-02-04,273.6,273.6,268.4,268.8,2059403.0,557713994.0
2013-02-05,264.0,266.4,263.4,265.4,2658365.0,704087202.0
2013-02-06,267.2,267.2,264.8,267.0,1898500.0,505118609.0
2013-02-07,264.0,273.0,264.0,272.0,2932811.0,793126104.0
2013-02-08,272.0,273.0,267.4,270.6,3324504.0,896202173.0
2013-02-14,273.0,273.0,269.0,271.8,2347963.0,636018954.0
2013-02-15,272.4,276.6,270.0,274.4,2673888.0,731488146.0
2013-02-18,274.0,276.6,271.0,275.0,2412959.0,661986299.0
2013-02-19,275.4,278.6,274.8,275.0,4055320.0,1121740984.0
2013-02-20,274.0,278.8,274.0,276.6,3568653.0,986593175.0
2013-02-21,271.0,274.0,271.0,271.8,3829655.0,1043687914.0
2013-02-22,268.0,270.2,263.6,264.4,6139014.0,1631412847.0
2013-02-25,266.6,266.8,264.2,264.8,2353791.0,624799687.0
2013-02-26,263.0,269.2,263.0,267.0,3549350.0,948430318.0
2013-02-27,268.0,268.0,263.2,264.2,3479798.0,921771128.0
2013-02-28,263.0,268.6,262.6,268.2,4228787.0,1122166550.0
2013-03-01,270.4,271.0,266.0,268.6,3191203.0,855686188.0
2013-03-04,271.2,275.0,270.2,274.2,5322438.0,1447750206.0
2013-03-05,277.2,279.0,275.0,275.4,4676714.0,1296256552.0
2013-03-06,280.0,282.6,275.8,278.8,6541979.0,1828043342.0
2013-03-07,277.8,279.8,276.4,279.6,3053547.0,851432811.0
2013-03-08,282.0,284.8,280.6,284.4,4803157.0,1362078371.0
2013-03-11,285.0,286.0,279.2,281.6,3387213.0,955102399.0
2013-03-12,279.2,282.2,277.4,278.4,2952538.0,823971163.0
2013-03-13,282.0,282.0,275.0,278.2,3905104.0,1084737439.0
2013-03-14,278.2,278.2,274.0,275.8,5819978.0,1607648807.0
2013-03-15,274.6,278.0,272.4,274.2,17530962.0,4820629632.0
2013-03-18,273.2,273.6,263.0,263.2,9106134.0,2426404063.0
2013-03-19,268.4,268.6,257.0,259.2,8183454.0,2141634946.0
2013-03-20,258.0,265.0,256.2,262.8,6320511.0,1658960159.0
2013-03-21,250.0,260.0,240.0,252.4,17176301.0,4338138467.0
2013-03-22,250.0,251.4,245.0,245.4,12368308.0,3057356919.0
2013-03-25,243.0,244.6,239.4,240.8,10007275.0,2410934719.0
2013-03-26,243.4,250.2,243.0,248.4,7536150.0,1859720880.0
2013-03-27,255.0,255.0,250.0,250.6,5703024.0,1435791890.0
2013-03-28,254.0,254.0,246.2,246.8,5434173.0,1353899561.0
2013-04-02,242.0,246.0,241.0,242.8,5859899.0,1423324972.0
2013-04-03,244.6,245.8,241.6,242.8,4366723.0,1062702950.0
2013-04-04,244.6,245.8,241.6,242.8,4366723.0,1062702950.0
2013-04-05,240.0,242.0,237.0,237.2,4984423.0,1190814674.0
2013-04-08,240.0,242.8,239.0,241.2,4383506.0,1056163077.0
2013-04-09,245.0,248.4,245.0,247.6,5259721.0,1300686049.0
2013-04-10,249.4,251.8,248.0,249.4,4099018.0,1023559319.0
2013-04-11,250.6,253.0,249.2,250.4,4718239.0,1182896007.0
2013-04-12,251.0,251.6,248.8,250.0,4425694.0,1106765340.0
2013-04-15,247.0,247.6,244.4,246.0,2678105.0,658970762.0
2013-04-16,245.6,248.4,243.0,244.6,4615298.0,1133112389.0
2013-04-17,247.6,252.4,246.8,250.0,7106265.0,1774534776.0
2013-04-18,246.4,249.8,246.4,247.2,3124119.0,773304179.0
2013-04-19,249.8,254.6,247.6,253.0,4778154.0,1203759048.0
2013-04-22,254.0,256.6,252.2,255.0,3079419.0,783463113.0
2013-04-23,255.0,255.8,250.4,251.6,2395378.0,604595137.0
2013-04-24,255.0,255.2,252.2,254.4,3139302.0,797600086.0
2013-04-25,256.0,256.0,252.4,255.6,3474780.0,884782140.0
2013-04-26,259.2,260.0,258.0,259.0,3385956.0,876634635.0
2013-04-29,262.0,262.0,259.6,262.0,3418731.0,891867400.0
2013-04-30,267.0,268.6,264.4,266.2,4940443.0,1315425298.0
2013-05-02,267.0,275.6,263.4,273.4,6859919.0,1859247090.0
2013-05-03,282.0,282.0,270.0,271.0,3983208.0,1088768133.0
2013-05-06,276.0,276.0,273.0,274.8,2421961.0,664995716.0
2013-05-07,274.2,276.0,272.8,275.2,1421683.0,390366600.0
2013-05-08,275.2,277.0,270.8,274.6,1712909.0,468329031.0
2013-05-09,275.8,276.0,272.6,273.8,1654648.0,453196499.0
2013-05-10,275.0,277.0,272.2,276.8,1713456.0,470128598.0
2013-05-13,273.8,275.0,267.0,268.8,2568253.0,695575016.0
2013-05-14,269.0,272.6,266.4,269.8,3073792.0,827925860.0
2013-05-15,270.6,276.4,270.4,274.4,2897608.0,794054662.0
2013-05-16,288.0,295.4,283.0,292.2,12734719.0,3681983023.0
2013-05-20,293.0,310.0,293.0,309.4,12488601.0,3797409657.0
2013-05-21,308.0,309.0,302.4,304.0,6659453.0,2029690227.0
2013-05-22,304.0,308.0,300.0,303.0,3157760.0,959598423.0
2013-05-23,301.0,303.0,289.8,292.8,5457917.0,1613848967.0
2013-05-24,291.6,302.6,291.6,299.4,4505223.0,1348625486.0
2013-05-27,299.4,302.0,297.2,300.4,2258748.0,675750717.0
2013-05-28,300.0,304.8,298.8,304.2,2779156.0,838122793.0
2013-05-29,300.0,308.8,300.0,303.6,4047035.0,1231031809.0
2013-05-30,303.6,308.6,303.6,307.8,3627702.0,1109670626.0
2013-05-31,309.6,309.6,304.8,307.8,3939544.0,1210607122.0
2013-06-03,306.2,315.0,303.0,303.2,3508286.0,1081642561.0
2013-06-04,304.6,308.4,303.0,303.4,2929632.0,893305151.0
2013-06-05,300.0,303.2,300.0,300.4,2462172.0,741171736.0
2013-06-06,300.0,301.0,297.0,300.2,3470003.0,1039915748.0
2013-06-07,301.0,302.2,297.8,299.8,3289419.0,986442669.0
2013-06-10,300.0,314.0,300.0,305.2,3822798.0,1175504914.0
2013-06-11,306.0,311.8,303.0,304.8,3503277.0,1075337658.0
2013-06-13,300.2,305.0,292.2,297.8,6829854.0,2034530847.0
2013-06-14,300.0,303.4,300.0,300.8,2963513.0,894080391.0
2013-06-17,301.4,308.0,298.4,301.0,3270838.0,993610325.0
2013-06-18,300.6,304.0,298.4,300.6,3255819.0,979733459.0
2013-06-19,301.0,303.0,298.0,299.6,4637856.0,1390026556.0
2013-06-20,293.0,295.2,289.2,290.2,6211282.0,1808140161.0
2013-06-21,287.2,288.0,280.2,285.8,8791055.0,2501874915.0
2013-06-24,281.8,282.0,276.0,278.6,5629092.0,1569112442.0
2013-06-25,278.0,285.6,269.4,283.4,6855212.0,1914464342.0
2013-06-26,283.6,291.0,279.6,290.4,5154973.0,1470364548.0
2013-06-27,298.0,301.6,294.4,297.8,5130046.0,1528089972.0
2013-06-28,306.0,306.0,300.0,304.2,5078765.0,1540189205.0
2013-07-02,313.2,313.6,301.6,301.8,4078327.0,1250509798.0
2013-07-03,302.0,306.8,296.0,298.8,4772972.0,1444445137.0
2013-07-04,301.0,307.4,301.0,306.4,2919265.0,890495725.0
2013-07-05,309.0,310.0,306.0,308.4,2426016.0,747442518.0
2013-07-08,306.8,307.2,296.0,302.4,3889800.0,1175926547.0
2013-07-09,302.4,307.8,299.4,301.4,2764217.0,836712473.0
2013-07-10,305.0,305.8,301.0,304.4,3036046.0,920959322.0
2013-07-11,308.0,311.2,305.0,310.8,3144735.0,972052631.0
2013-07-12,311.2,312.6,306.8,309.8,1876819.0,581745432.0
2013-07-15,310.0,322.0,309.8,321.4,5251781.0,1674883654.0
2013-07-16,321.4,331.6,320.0,329.8,5900352.0,1941060466.0
2013-07-17,334.0,334.0,325.2,330.0,4741467.0,1563464842.0
2013-07-18,334.0,334.8,326.6,327.8,3217430.0,1059740280.0
2013-07-19,331.0,335.2,325.2,333.8,5014014.0,1660397177.0
2013-07-22,334.8,337.0,325.4,327.6,2966565.0,974962739.0
2013-07-23,326.4,333.0,326.4,332.6,3505868.0,1159942873.0
2013-07-24,330.0,334.0,329.8,330.8,2494604.0,828108261.0
2013-07-25,330.0,336.2,329.2,334.4,3230951.0,1078208737.0
2013-07-26,340.0,350.4,337.8,347.4,6269787.0,2171752925.0
2013-07-29,350.8,355.8,348.4,349.6,4946486.0,1736723636.0
2013-07-30,352.2,364.0,348.8,363.6,6616581.0,2366688746.0
2013-07-31,357.2,362.4,348.4,351.8,7117694.0,2517047810.0
2013-08-01,354.0,361.8,354.0,360.6,4451833.0,1592016980.0
2013-08-02,359.0,363.0,357.0,360.2,3379832.0,1216555308.0
2013-08-05,361.2,373.6,361.2,371.0,4008099.0,1476101920.0
2013-08-06,370.0,379.0,368.2,375.6,3944784.0,1477391461.0
2013-08-07,372.8,380.0,359.4,360.2,4884068.0,1799521041.0
2013-08-08,363.0,365.8,354.2,356.4,4025879.0,1440933578.0
2013-08-09,357.4,361.2,354.4,357.4,2325997.0,830788074.0
2013-08-12,357.0,369.6,353.2,367.4,3231566.0,1179962449.0
2013-08-13,366.0,372.8,365.6,370.0,3058826.0,1128557300.0
2013-08-14,370.0,370.0,370.0,370.0,0.0,0.0
2013-08-15,366.0,378.8,351.4,368.0,11849168.0,4343088632.0
2013-08-16,364.8,377.4,360.2,366.6,4873008.0,1796341994.0
2013-08-19,366.0,374.6,365.0,370.2,2192509.0,813808429.0
2013-08-20,370.0,373.8,362.2,364.0,4481915.0,1642032141.0
2013-08-21,360.2,363.6,357.0,360.0,3582697.0,1289504893.0
2013-08-22,353.0,360.4,351.0,360.0,4500996.0,1604005035.0
2013-08-23,358.0,360.0,353.2,355.8,3344605.0,1192800869.0
2013-08-26,352.2,359.6,352.0,356.8,2129462.0,759451931.0
2013-08-27,355.0,368.0,354.8,362.0,2871975.0,1036075125.0
2013-08-28,357.8,361.6,356.0,356.2,2741274.0,980983025.0
2013-08-29,357.0,363.6,356.6,361.8,2480779.0,894167590.0
2013-08-30,358.0,364.2,357.2,363.6,2383872.0,859278497.0
2013-09-02,369.2,377.2,367.0,376.4,4015869.0,1495941012.0
2013-09-03,377.8,384.8,376.6,379.8,3870876.0,1477226147.0
2013-09-04,377.8,385.0,376.2,379.0,3559848.0,1356460876.0
2013-09-05,385.0,388.6,382.6,387.6,4614506.0,1785728053.0
2013-09-06,389.0,389.8,383.0,387.0,3621297.0,1402303217.0
2013-09-09,388.8,392.4,387.0,390.4,2929414.0,1143804016.0
2013-09-10,396.0,399.0,395.0,399.0,3661956.0,1453565772.0
2013-09-11,400.0,405.8,399.4,402.2,3892853.0,1563007167.0
2013-09-12,400.0,413.2,398.6,412.8,4025430.0,1641878249.0
2013-09-13,407.0,414.2,406.2,410.8,3440870.0,1407636483.0
2013-09-16,418.0,422.4,415.8,421.2,3739304.0,1565138185.0
2013-09-17,421.6,422.0,415.6,418.8,4862073.0,2034907080.0
2013-09-18,411.0,412.2,400.6,402.4,6462526.0,2628307115.0
2013-09-19,411.2,415.6,408.0,410.2,6517215.0,2680321270.0
2013-09-23,410.2,413.0,405.6,409.2,3633295.0,1486056835.0
2013-09-24,411.2,411.2,401.0,402.6,4213515.0,1701972198.0
2013-09-25,400.0,410.0,400.0,409.6,2692157.0,1096112950.0
2013-09-26,407.2,413.0,404.2,409.0,2677353.0,1095627954.0
2013-09-27,409.0,418.2,409.0,417.8,3318124.0,1373485052.0
2013-09-30,406.0,413.2,405.0,406.8,3690132.0,1507986853.0
2013-10-02,402.4,418.8,402.4,415.0,3676146.0,1518491631.0
2013-10-03,419.6,420.0,416.0,419.8,2289466.0,957715090.0
2013-10-04,416.4,420.6,412.8,419.2,2472334.0,1032834300.0
2013-10-07,419.6,423.6,415.2,417.2,2028193.0,849851042.0
2013-10-08,418.0,427.4,416.8,426.0,3463327.0,1465075866.0
2013-10-09,416.0,417.8,412.0,413.8,5150684.0,2137000446.0
2013-10-10,411.8,413.4,408.4,409.8,3779694.0,1550690027.0
2013-10-11,419.0,421.0,416.0,419.0,3313232.0,1387011403.0
2013-10-15,423.0,425.0,420.0,421.8,3396038.0,1434959966.0
2013-10-16,425.0,425.0,417.6,421.4,1811888.0,762626156.0
2013-10-17,424.0,424.6,419.8,419.8,1619667.0,684850819.0
2013-10-18,422.0,432.0,421.0,429.8,3278972.0,1404326791.0
2013-10-21,448.0,455.0,445.0,447.8,4941841.0,2222866730.0
2013-10-22,444.0,447.0,438.8,439.2,3951542.0,1755965782.0
2013-10-23,449.0,449.0,430.0,430.2,3088742.0,1351024624.0
2013-10-24,425.2,429.2,421.0,428.8,3517981.0,1500641686.0
2013-10-25,423.0,428.6,423.0,426.2,2723391.0,1161572567.0
2013-10-28,429.8,439.6,429.6,433.0,2784272.0,1208922700.0
2013-10-29,433.0,434.0,410.8,418.4,6660914.0,2799750061.0
2013-10-30,422.0,429.2,422.0,428.6,3543839.0,1509209931.0
2013-10-31,422.0,427.0,420.0,423.2,3105915.0,1312348939.0
2013-11-01,420.0,425.8,420.0,422.6,2505781.0,1058117102.0
2013-11-04,426.2,426.2,414.4,416.8,3478188.0,1456082764.0
2013-11-05,415.0,415.6,407.0,411.8,4648027.0,1915249548.0
2013-11-06,415.0,415.0,409.4,412.0,2299209.0,948294185.0
2013-11-07,410.0,411.8,405.2,407.4,2933923.0,1198412441.0
2013-11-08,400.0,404.6,397.0,401.4,4618402.0,1853356174.0
2013-11-11,402.4,411.6,401.8,411.2,3966509.0,1614466471.0
2013-11-12,416.0,416.6,407.4,409.0,4189288.0,1725820149.0
2013-11-13,396.2,399.0,387.8,392.6,7272084.0,2872415722.0
2013-11-14,405.0,414.2,399.6,410.8,9829519.0,4000234637.0
2013-11-15,410.0,420.4,410.0,419.6,4791436.0,2004716901.0
2013-11-18,429.0,429.6,423.4,426.0,6818974.0,2905238429.0
2013-11-19,426.8,427.2,412.6,419.0,3963573.0,1664256358.0
2013-11-20,425.2,425.2,413.2,419.0,4196465.0,1753247219.0
2013-11-21,422.0,424.6,417.6,421.8,3074383.0,1294604400.0
2013-11-22,421.0,426.6,421.0,424.6,2699442.0,1143493920.0
2013-11-25,430.0,440.6,426.8,438.0,6405820.0,2795659997.0
2013-11-26,438.0,441.0,435.0,437.0,3710660.0,1621659742.0
2013-11-27,438.2,443.0,437.6,441.4,5236868.0,2308770478.0
2013-11-28,443.2,449.4,440.6,442.0,4569516.0,2038082164.0
2013-11-29,442.2,449.0,442.2,448.4,2947035.0,1315465185.0
2013-12-02,450.0,454.8,446.2,454.2,2832577.0,1278237386.0
2013-12-03,454.2,454.2,447.0,447.8,3217451.0,1448668985.0
2013-12-04,445.0,452.4,442.2,443.6,3509878.0,1564043685.0
2013-12-05,443.0,450.8,440.0,449.8,3529692.0,1583238374.0
2013-12-06,452.0,462.0,448.0,460.0,5369459.0,2457837089.0
2013-12-09,480.0,480.0,461.6,462.4,3727565.0,1742856432.0
2013-12-10,463.8,468.4,463.8,466.2,2390726.0,1115105421.0
2013-12-11,476.0,476.4,468.6,474.6,5438115.0,2573683396.0
2013-12-12,474.6,476.2,463.6,467.4,3247359.0,1522620182.0
2013-12-13,463.2,472.0,461.6,466.2,3430599.0,1605216260.0
2013-12-16,469.2,476.6,463.0,473.0,2756641.0,1293524235.0
2013-12-17,476.6,476.6,465.0,465.8,3146352.0,1481519551.0
2013-12-18,463.2,470.0,460.0,467.2,2962229.0,1378932399.0
2013-12-19,476.6,476.6,463.0,463.8,3157266.0,1479930478.0
2013-12-20,460.6,465.6,459.0,463.6,4464857.0,2064156236.0
2013-12-23,465.4,471.0,462.8,467.2,2937185.0,1371965407.0
2013-12-24,465.8,472.0,465.8,469.2,2288495.0,1074760001.0
2013-12-27,470.2,484.4,470.0,483.2,3508076.0,1678881322.0
2013-12-30,488.0,496.4,485.8,495.8,3879899.0,1912892489.0
2013-12-31,499.0,502.0,491.2,494.6,2963415.0,1468978383.0
2014-01-02,504.5,505.0,496.2,504.5,3219013.0,1610503090.0
2014-01-03,500.0,504.5,492.8,494.0,3720760.0,1858033704.0
2014-01-06,494.0,503.5,490.0,495.6,4075154.0,2031567795.0
2014-01-07,501.5,501.5,492.8,494.0,3003748.0,1488148573.0
2014-01-08,504.5,505.5,499.8,501.5,3774891.0,1896403916.0
2014-01-09,500.0,501.0,491.0,493.0,4496840.0,2227081346.0
2014-01-10,491.0,500.0,490.0,497.4,3685411.0,1826481019.0
2014-01-13,499.4,500.0,492.0,496.6,2665064.0,1318965973.0
2014-01-14,487.0,495.6,487.0,493.0,2708444.0,1334860585.0
2014-01-15,499.0,509.0,498.0,508.5,3980946.0,2001995459.0
2014-01-16,533.5,536.0,511.5,512.5,5257546.0,2744382336.0
2014-01-17,512.5,530.0,512.5,529.0,6748296.0,3529681406.0
2014-01-20,528.0,528.0,520.0,520.5,4727015.0,2475693741.0
2014-01-21,527.5,527.5,516.5,520.0,4024637.0,2100985533.0
2014-01-22,520.0,528.0,518.0,527.0,5601332.0,2940790825.0
2014-01-23,532.0,532.0,520.0,522.0,4133125.0,2164955208.0
2014-01-24,500.0,515.0,498.0,501.0,8255104.0,4182548996.0
2014-01-27,492.0,496.6,481.2,489.4,8738875.0,4305418015.0
2014-01-28,490.8,509.0,490.0,503.0,9013474.0,4532140341.0
2014-01-29,522.0,533.5,516.5,532.0,11770093.0,6204049352.0
2014-01-30,520.0,545.0,520.0,543.5,8129084.0,4331260794.0
2014-02-04,530.0,535.5,509.0,510.5,9741069.0,5093052526.0
2014-02-05,522.0,524.0,502.5,510.5,6814144.0,3496445600.0
2014-02-06,513.0,515.5,500.0,508.5,5927033.0,3005540847.0
2014-02-07,508.5,530.5,508.5,525.0,6818426.0,3559607108.0
2014-02-10,530.5,536.5,526.0,533.5,6553930.0,3491162182.0
2014-02-11,536.0,537.0,525.0,530.0,5032462.0,2675677945.0
2014-02-12,528.5,539.5,526.5,538.0,5506581.0,2940743184.0
2014-02-13,540.0,548.0,535.0,540.0,5266191.0,2853288585.0
2014-02-14,547.0,554.0,545.5,548.5,5674793.0,3119199970.0
2014-02-17,560.0,580.5,559.0,580.0,6456357.0,3685101263.0
2014-02-18,585.5,585.5,563.0,584.5,5920448.0,3413146310.0
2014-02-19,583.5,591.0,578.0,582.5,4937414.0,2888890418.0
2014-02-20,570.0,572.0,562.5,564.5,8549597.0,4856029138.0
2014-02-21,571.5,582.0,566.0,580.5,6007059.0,3456347911.0
2014-02-24,584.0,584.0,571.0,578.0,3172462.0,1826908961.0
2014-02-25,584.0,588.0,574.5,575.5,5196155.0,3020899542.0
2014-02-26,580.0,587.5,578.5,586.0,5004001.0,2918014180.0
2014-02-27,586.0,618.0,586.0,616.5,9576570.0,5817831899.0
2014-02-28,630.0,631.0,615.0,622.5,6331608.0,3940600077.0
2014-03-03,607.0,617.0,601.0,602.0,6754559.0,4122143481.0
2014-03-04,609.5,621.0,608.5,612.5,5481020.0,3359619187.0
2014-03-05,620.0,631.0,620.0,622.5,4478983.0,2800897354.0
2014-03-06,633.5,636.0,630.0,635.0,4289720.0,2719113969.0
2014-03-07,630.0,646.0,625.0,630.5,5068312.0,3208455924.0
2014-03-10,619.5,631.0,610.0,616.5,6189530.0,3842893386.0
2014-03-11,622.0,626.0,616.5,617.5,3771676.0,2343757028.0
2014-03-12,610.0,610.5,592.5,602.0,9298371.0,5605180621.0
2014-03-13,600.0,601.5,586.5,588.0,6989885.0,4156172854.0
2014-03-14,581.0,582.5,548.0,564.0,13677172.0,7712721221.0
2014-03-17,559.0,559.0,538.0,546.5,10311513.0,5648646566.0
2014-03-18,550.0,579.0,550.0,578.0,9607709.0,5464854129.0
2014-03-19,579.0,580.5,557.0,567.5,7113824.0,4037070833.0
2014-03-20,550.5,576.5,541.5,558.0,9080444.0,5084904515.0
2014-03-21,560.0,575.5,555.5,572.5,7536104.0,4292265432.0
2014-03-24,588.5,592.0,581.5,587.0,6099504.0,3570751676.0
2014-03-25,579.0,581.5,558.0,558.5,8026879.0,4545526506.0
2014-03-26,560.5,562.5,551.0,554.0,6452095.0,3593518971.0
2014-03-27,531.0,533.5,513.0,521.5,16934496.0,8836616581.0
2014-03-28,526.0,538.0,525.0,535.0,6992411.0,3724317580.0
2014-03-31,542.0,542.0,523.0,539.5,5885587.0,3147789885.0
2014-04-01,544.0,565.0,540.0,563.5,6249351.0,3480567051.0
2014-04-02,573.0,576.5,559.5,561.5,5196729.0,2935380121.0
2014-04-03,565.0,569.5,541.0,546.5,5574945.0,3065998836.0
2014-04-04,522.0,531.5,512.0,525.0,9582530.0,5017523213.0
2014-04-07,504.0,510.0,497.0,501.5,11435750.0,5745588861.0
2014-04-08,500.0,518.5,497.8,509.5,8420979.0,4295229271.0
2014-04-09,523.0,530.0,517.0,523.5,7383868.0,3854850698.0
2014-04-10,535.0,565.5,530.5,563.0,12854995.0,7046179812.0
2014-04-11,535.0,544.5,523.0,525.0,11275786.0,6022201012.0
2014-04-14,522.0,536.0,513.0,526.0,6339286.0,3322207672.0
2014-04-15,530.0,534.0,515.5,516.0,4175182.0,2183800647.0
2014-04-16,521.0,530.0,520.0,521.5,4128284.0,2162974753.0
2014-04-17,529.5,532.0,521.5,525.5,4021474.0,2117444284.0
2014-04-22,528.0,529.5,521.0,524.5,3362776.0,1764832470.0
2014-04-23,538.0,544.0,528.5,529.0,5374015.0,2876283202.0
2014-04-24,534.5,536.0,528.0,532.5,3152131.0,1674039961.0
2014-04-25,534.5,534.5,522.5,523.5,3292580.0,1729625462.0
2014-04-28,511.5,516.0,505.0,508.5,4898602.0,2492832431.0
2014-04-29,500.0,511.5,499.2,509.5,7300731.0,3672907054.0
2014-04-30,516.0,516.0,482.6,483.2,10772683.0,5312006258.0
2014-05-02,499.0,501.0,491.0,495.4,5888351.0,2920520458.0
2014-05-05,499.8,500.0,490.0,492.6,3844145.0,1894540094.0
2014-05-07,487.8,487.8,470.0,473.8,8147913.0,3870117584.0
2014-05-08,467.0,474.6,465.6,473.6,6385681.0,3003378649.0
2014-05-09,473.0,482.6,465.0,478.8,4243489.0,2020464463.0
2014-05-12,481.0,507.5,480.0,504.0,8631429.0,4309975198.0
2014-05-13,512.0,519.0,504.5,507.5,5444083.0,2789049108.0
2014-05-14,516.5,516.5,498.8,514.0,4010970.0,2043458742.0
2014-05-29,114.0,114.5,109.8,109.8,16112788.0,1802076982.0
2014-05-30,110.2,111.6,108.5,109.3,22190620.0,2436878563.0
2014-06-03,110.9,112.3,109.1,112.0,20932840.0,2317195958.0
2014-06-04,112.0,112.0,109.0,109.2,12881985.0,1416044861.0
2014-06-05,110.0,110.5,107.7,108.4,15327525.0,1667159368.0
2014-06-06,110.0,111.0,108.1,108.2,16504320.0,1805947612.0
2014-06-09,109.0,110.8,108.8,110.6,17606089.0,1938175977.0
2014-06-10,111.5,114.0,110.1,113.5,24787731.0,2788087705.0
2014-06-11,115.0,116.5,113.8,116.4,26990064.0,3119676936.0
2014-06-12,117.2,119.5,115.0,115.6,28603278.0,3357222412.0
2014-06-13,113.8,116.8,113.8,116.1,11284202.0,1308588647.0
2014-06-16,117.0,117.9,116.1,116.6,11759590.0,1373403035.0
2014-06-17,115.4,116.6,114.6,115.6,10908650.0,1262565380.0
2014-06-18,116.0,117.3,115.5,116.2,19113413.0,2222631603.0
2014-06-19,117.2,118.0,115.1,115.8,14234491.0,1653791500.0
2014-06-20,116.2,116.3,115.1,115.8,14509832.0,1677247659.0
2014-06-23,115.5,117.8,114.0,114.2,21119176.0,2448271989.0
2014-06-24,115.5,115.8,114.2,114.9,13376142.0,1537706605.0
2014-06-25,116.9,116.9,114.5,115.1,15620597.0,1801649824.0
2014-06-26,116.0,118.5,115.1,118.4,27221775.0,3188953127.0
2014-06-27,118.0,118.9,116.5,118.4,15671320.0,1849104463.0
2014-06-30,119.3,119.5,116.5,118.2,19318663.0,2282341315.0
2014-07-02,120.0,123.0,119.5,122.8,35545854.0,4306503794.0
2014-07-03,122.5,125.2,122.0,124.7,22444272.0,2780189719.0
2014-07-04,125.0,125.8,123.2,125.1,19648773.0,2450392928.0
2014-07-07,125.6,125.9,123.8,125.4,12221930.0,1526869223.0
2014-07-08,125.4,125.8,124.0,125.3,15597581.0,1946253065.0
2014-07-09,122.8,122.9,120.1,121.2,35637532.0,4339883044.0
2014-07-10,122.3,123.2,121.6,122.2,14100382.0,1726374536.0
2014-07-11,120.7,122.8,120.7,121.6,13282751.0,1619472114.0
2014-07-14,122.8,123.6,121.8,122.8,10284037.0,1264378039.0
2014-07-15,123.8,123.9,123.1,123.8,12423200.0,1533877640.0
2014-07-16,123.4,124.9,123.2,124.3,12880476.0,1596869497.0
2014-07-17,124.1,124.5,122.8,123.5,14633424.0,1804678933.0
2014-07-18,122.4,123.2,121.5,122.9,10523239.0,1291235817.0
2014-07-21,122.2,122.8,121.3,121.5,11639837.0,1419001406.0
2014-07-22,122.0,124.3,121.8,124.1,23328403.0,2873291239.0
2014-07-23,124.8,125.3,123.4,124.3,13463843.0,1675189319.0
2014-07-24,125.5,125.5,124.3,124.5,15863467.0,1978277233.0
2014-07-25,125.1,125.5,124.1,124.9,19947801.0,2492595449.0
2014-07-28,125.7,129.4,125.0,128.9,28624106.0,3664759558.0
2014-07-29,130.8,130.9,128.699,130.4,21549422.0,2802261897.0
2014-07-30,130.5,130.9,127.8,128.5,22124210.0,2861935137.0
2014-07-31,129.8,130.6,128.199,128.4,20130248.0,2593427291.0
2014-08-01,127.0,129.5,126.2,128.199,18198249.0,2336146757.0
2014-08-04,128.0,129.699,127.6,129.199,13285790.0,1713872321.0
2014-08-05,130.0,134.0,128.8,133.5,19708205.0,2594141792.0
2014-08-06,133.0,133.3,131.0,132.9,19572423.0,2592271072.0
2014-08-07,132.5,132.5,128.1,128.3,29541718.0,3843074547.0
2014-08-08,128.4,131.5,128.3,129.8,19905109.0,2587978673.0
2014-08-11,131.5,133.4,130.8,132.3,17531627.0,2318455500.0
2014-08-12,134.0,134.0,132.8,133.3,14914879.0,1990186030.0
2014-08-13,133.0,133.6,130.199,133.2,22748468.0,3009400906.0
2014-08-14,131.0,132.8,129.199,130.1,43482192.0,5673674600.0
2014-08-15,130.8,130.8,129.1,130.3,20450168.0,2657650934.0
2014-08-18,130.8,131.0,127.4,128.8,22042246.0,2836609859.0
2014-08-19,130.0,130.8,129.1,129.8,17034664.0,2209195942.0
2014-08-20,130.8,132.4,130.199,131.9,17210028.0,2264503998.0
2014-08-21,131.9,132.3,129.5,130.699,17315697.0,2262145262.0
2014-08-22,132.0,132.0,129.8,130.699,12537888.0,1640942393.0
2014-08-25,130.0,130.699,129.0,129.8,9878211.0,1281464111.0
2014-08-26,129.8,129.8,128.3,129.4,12351950.0,1594962667.0
2014-08-27,129.5,130.1,128.199,128.4,13841845.0,1786461974.0
2014-08-28,130.0,130.0,126.9,127.8,18543056.0,2378119140.0
2014-08-29,126.6,127.3,125.6,126.5,16337250.0,2064540426.0
2014-09-01,127.0,128.3,126.5,126.6,9734431.0,1240498192.0
2014-09-02,126.2,127.4,125.0,125.7,12868333.0,1618409437.0
2014-09-03,126.0,129.5,125.8,129.3,23804406.0,3048287483.0
2014-09-04,129.9,129.9,128.1,129.4,12454814.0,1606694362.0
2014-09-05,129.9,129.9,127.5,128.3,10162649.0,1302455503.0
2014-09-08,127.5,128.3,125.0,126.1,20154318.0,2537548077.0
2014-09-10,123.2,123.8,121.4,122.0,30303703.0,3711966592.0
2014-09-11,120.5,124.0,120.2,122.2,24769817.0,3031951868.0
2014-09-12,121.8,124.7,121.8,122.9,18589630.0,2293127147.0
2014-09-15,123.0,124.5,122.2,123.4,14479944.0,1789542928.0
2014-09-16,122.3,123.3,120.8,121.0,16137440.0,1969241807.0
2014-09-17,122.2,124.7,122.2,124.0,20319343.0,2516202771.0
2014-09-18,123.3,124.6,122.1,122.9,17457728.0,2150758382.0
2014-09-19,124.9,126.8,123.0,125.3,39803136.0,4982791829.0
2014-09-22,124.2,124.7,121.0,121.1,27144553.0,3323998999.0
2014-09-23,120.0,120.7,117.8,118.9,26560150.0,3170347431.0
2014-09-24,117.4,118.8,117.4,118.5,18011826.0,2130805357.0
2014-09-25,120.2,120.3,117.6,117.9,21364511.0,2545813320.0
2014-09-26,116.7,116.9,115.6,116.5,28102701.0,3269338438.0
2014-09-29,115.5,116.3,112.8,115.6,32637553.0,3742202837.0
2014-09-30,115.4,116.8,113.4,115.5,25082601.0,2890985961.0
2014-10-03,114.6,116.8,113.0,116.0,28841953.0,3316656284.0
2014-10-06,116.5,120.2,115.9,119.7,21772709.0,2582413671.0
2014-10-07,119.7,121.9,118.8,119.6,16838132.0,2028329666.0
2014-10-08,118.0,119.5,117.5,118.5,10588911.0,1255560976.0
2014-10-09,120.0,120.2,117.1,117.9,14580259.0,1729140218.0
2014-10-10,116.0,117.3,115.6,115.7,13597200.0,1579811635.0
2014-10-13,114.5,115.7,113.8,114.4,16021662.0,1835360027.0
2014-10-14,113.2,116.0,113.2,113.4,18539179.0,2118909643.0
2014-10-15,114.5,115.8,113.8,114.4,14919362.0,1713628409.0
2014-10-16,114.0,114.9,112.6,113.0,18460148.0,2098937108.0
2014-10-17,114.0,114.8,112.3,112.7,15068848.0,1708466123.0
2014-10-20,114.2,114.7,113.2,114.3,11555848.0,1317339619.0
2014-10-21,115.7,116.4,114.7,115.4,12020561.0,1387537225.0
2014-10-22,118.0,119.5,117.0,119.3,17515816.0,2074522621.0
2014-10-23,119.3,119.9,118.6,119.6,13041432.0,1555498630.0
2014-10-24,121.5,121.5,118.8,119.5,10935570.0,1308033272.0
2014-10-27,119.0,119.0,116.7,118.1,12729789.0,1498878930.0
2014-10-28,119.1,120.4,118.3,120.1,12241585.0,1462672600.0
2014-10-29,121.2,122.0,120.4,121.7,19025112.0,2307091181.0
2014-10-30,122.6,122.6,120.3,121.9,15111051.0,1839198482.0
2014-10-31,123.5,124.0,122.3,123.6,18432812.0,2268409725.0
2014-11-03,125.0,125.0,123.1,123.8,13474480.0,1667509355.0
2014-11-04,123.6,124.6,122.5,122.7,13219389.0,1633826762.0
2014-11-05,123.6,124.4,122.4,123.9,12033715.0,1488181967.0
2014-11-06,125.0,125.0,123.3,123.4,10068485.0,1247998118.0
2014-11-07,123.0,124.5,121.5,123.1,15458878.0,1900684223.0
2014-11-10,125.0,126.8,125.0,125.7,21291734.0,2678279072.0
2014-11-11,126.6,128.5,126.1,127.6,20598808.0,2629618055.0
2014-11-12,128.7,130.0,127.6,129.2,21958919.0,2832704435.0
2014-11-13,125.0,130.5,124.7,129.5,52956621.0,6769515652.0
2014-11-14,129.5,132.2,129.1,131.9,30984300.0,4051828296.0
2014-11-17,134.0,134.9,128.7,129.1,33960511.0,4442207749.0
2014-11-18,130.1,130.1,125.5,125.8,23726248.0,2999076879.0
2014-11-19,125.0,126.6,123.5,124.4,22032498.0,2748390361.0
2014-11-20,124.0,126.9,123.3,125.7,15668136.0,1970302394.0
2014-11-21,126.4,126.4,124.0,124.2,17908966.0,2240106810.0
2014-11-24,126.2,127.0,124.7,125.5,25370170.0,3183493683.0
2014-11-25,126.1,126.1,124.5,124.7,23323055.0,2922307071.0
2014-11-26,125.4,126.0,124.3,125.7,18661295.0,2337064897.0
2014-11-27,125.7,125.8,124.6,125.1,11371529.0,1421395441.0
2014-11-28,125.6,125.8,123.6,124.0,13033658.0,1624608260.0
2014-12-01,121.7,122.5,118.9,120.3,28083147.0,3380741657.0
2014-12-02,119.8,121.9,118.5,119.6,29697273.0,3555452741.0
2014-12-03,119.7,120.7,117.5,117.7,30842641.0,3659270978.0
2014-12-04,118.0,119.9,117.9,118.2,27618202.0,3281093527.0
2014-12-05,119.0,120.3,117.2,118.9,28858516.0,3438321055.0
2014-12-08,120.5,120.7,117.6,118.6,22699682.0,2706108130.0
2014-12-09,117.2,117.8,115.6,115.8,26145588.0,3042999147.0
2014-12-10,114.5,115.7,113.0,115.5,27226070.0,3118038300.0
2014-12-11,115.0,115.0,113.0,113.4,19147101.0,2177925768.0
2014-12-12,114.8,115.4,113.3,113.7,19504709.0,2228389800.0
2014-12-15,113.0,113.3,111.2,111.9,16768081.0,1878159492.0
2014-12-16,111.0,111.9,107.6,108.0,41282978.0,4503424621.0
2014-12-17,108.4,108.8,104.5,105.3,44216498.0,4687542007.0
2014-12-18,108.1,112.2,108.0,111.9,48643834.0,5354734757.0
2014-12-19,117.0,117.5,115.0,115.7,44037118.0,5110082042.0
2014-12-22,117.4,117.4,111.3,113.0,27797504.0,3155458612.0
2014-12-23,113.0,114.7,110.8,112.8,20692794.0,2330151686.0
2014-12-24,111.3,113.4,111.3,112.7,6493076.0,730949753.0
2014-12-29,115.5,115.5,112.2,113.4,11004415.0,1248693383.0
2014-12-30,114.7,114.7,112.6,113.3,12754497.0,1443651094.0
2014-12-31,112.5,113.8,112.1,112.5,9413488.0,1061515134.0
2015-01-02,113.6,113.6,111.3,112.8,10862542.0,1220211598.0
2015-01-05,113.5,115.3,112.8,113.5,21808993.0,2486086832.0
2015-01-06,114.0,120.5,113.6,120.0,43678255.0,5141581514.0
2015-01-07,123.5,124.5,122.6,124.4,40863410.0,5057406672.0
2015-01-08,127.5,127.8,125.6,127.3,35638986.0,4519758827.0
2015-01-09,129.0,129.0,126.5,127.2,31842127.0,4069000337.0
2015-01-12,129.0,129.0,126.2,127.1,17880972.0,2282035805.0
2015-01-13,125.3,128.3,125.2,127.8,16843125.0,2132819975.0
2015-01-14,126.7,127.7,125.1,126.0,16843739.0,2125967691.0
2015-01-15,125.2,127.0,124.1,126.9,16002378.0,2004988486.0
2015-01-16,125.0,125.0,121.6,121.9,25227234.0,3101842243.0
2015-01-19,124.3,125.2,122.2,123.0,21595530.0,2670949953.0
2015-01-20,123.5,124.8,123.3,124.1,10194009.0,1265262103.0
2015-01-21,126.2,128.9,125.2,128.7,33788560.0,4325056663.0
2015-01-22,130.5,132.0,129.7,131.6,39063807.0,5131141423.0
2015-01-23,134.6,134.9,131.1,132.7,29965533.0,3985633395.0
2015-01-26,136.7,137.1,134.3,137.0,34952624.0,4756450741.0
2015-01-27,138.0,138.0,133.0,136.0,24455759.0,3309848982.0
2015-01-28,136.9,137.0,134.7,136.9,16216906.0,2210620331.0
2015-01-29,136.0,136.4,133.8,134.6,14636100.0,1975268924.0
2015-01-30,135.5,135.5,129.5,132.0,29375696.0,3861282253.0
2015-02-02,129.9,136.8,129.9,135.8,17654028.0,2366613126.0
2015-02-03,135.5,137.3,133.0,135.1,14377641.0,1943465078.0
2015-02-04,135.5,136.1,133.3,133.9,9499394.0,1279103871.0
2015-02-05,137.0,137.0,133.0,135.2,18010768.0,2431559749.0
2015-02-06,136.8,136.8,134.0,134.2,10914852.0,1474924092.0
2015-02-09,133.6,133.6,131.8,132.6,12443319.0,1651506089.0
2015-02-10,132.6,134.0,132.0,133.0,14000857.0,1862360485.0
2015-02-11,134.0,134.0,131.4,131.6,12131156.0,1603931717.0
2015-02-12,130.0,130.9,128.0,129.6,24028028.0,3110803939.0
2015-02-13,129.6,132.3,129.1,130.2,15469704.0,2020402046.0
2015-02-16,130.1,132.3,130.0,130.5,10168868.0,1331246805.0
2015-02-17,130.0,132.0,130.0,130.8,8379920.0,1097939992.0
2015-02-18,131.1,131.4,129.5,129.9,7286722.0,948242274.0
2015-02-23,132.7,135.3,131.1,134.8,24232835.0,3231159166.0
2015-02-24,136.0,136.4,133.8,135.1,17218597.0,2322235490.0
2015-02-25,134.0,136.4,133.6,135.8,18941918.0,2563308846.0
2015-02-26,134.3,136.4,134.3,135.6,21657792.0,2937660291.0
2015-02-27,136.0,136.7,134.7,135.9,17961525.0,2445592412.0
2015-03-02,136.7,137.0,134.0,136.7,12685566.0,1722317205.0
2015-03-03,137.2,138.0,135.0,135.3,17615622.0,2410090571.0
2015-03-04,134.4,134.7,133.0,133.3,12376013.0,1656790475.0
2015-03-05,132.1,134.6,131.8,132.1,12315630.0,1632833710.0
2015-03-06,132.2,133.1,131.0,131.7,13871148.0,1828624393.0
2015-03-09,132.0,133.7,130.8,132.2,13163789.0,1746557225.0
2015-03-10,132.8,132.8,130.7,131.1,13021256.0,1711812415.0
2015-03-11,131.5,132.5,131.1,131.7,14168960.0,1866004184.0
2015-03-12,130.9,132.2,130.2,131.8,17080308.0,2242463120.0
2015-03-13,133.0,134.8,131.7,133.6,15454313.0,2056874574.0
2015-03-16,133.0,136.3,131.7,135.6,22713746.0,3064069786.0
2015-03-17,137.3,137.5,133.1,133.8,19181089.0,2590353243.0
2015-03-18,134.5,137.3,134.2,135.9,22928460.0,3118424616.0
2015-03-19,138.0,145.3,136.7,145.0,64092649.0,9008983020.0
2015-03-20,146.4,148.8,141.1,142.6,71270140.0,10304974670.0
2015-03-23,144.1,146.5,142.7,145.2,30768023.0,4457895575.0
2015-03-24,146.5,146.6,142.7,143.0,16676318.0,2401519732.0
2015-03-25,143.0,145.1,141.6,142.7,20819852.0,2978300595.0
2015-03-26,141.9,142.8,140.6,140.8,18603859.0,2632484317.0
2015-03-27,143.0,143.0,140.3,141.9,15824137.0,2234406552.0
2015-03-30,145.8,146.8,144.0,144.7,23524599.0,3422796265.0
2015-03-31,151.4,151.4,146.2,147.2,24094107.0,3561174153.0
2015-04-01,148.6,148.6,146.6,148.0,17165427.0,2535344495.0
2015-04-02,148.9,150.0,147.3,149.8,14679077.0,2180384548.0
2015-04-08,152.0,155.0,151.0,154.5,36667141.0,5589718326.0
2015-04-09,159.0,170.4,158.5,159.9,66854985.0,10888115064.0
2015-04-10,161.0,164.0,158.1,161.8,37095477.0,5936557279.0
2015-04-13,165.0,171.0,162.5,170.5,43723010.0,7281736745.0
2015-04-14,161.4,163.9,156.4,161.2,58987811.0,9535054253.0
2015-04-15,160.0,160.0,155.5,157.6,46318846.0,7299074444.0
2015-04-16,156.2,161.5,155.0,160.0,32520260.0,5157950894.0
2015-04-17,158.0,160.7,158.0,158.8,21772150.0,3468774909.0
2015-04-20,159.9,159.9,152.5,153.1,28448233.0,4423990731.0
2015-04-21,153.0,159.8,153.0,159.1,23255563.0,3674385527.0
2015-04-22,158.6,164.3,158.6,162.7,25276421.0,4100308813.0
2015-04-23,164.8,165.6,160.7,160.9,22779722.0,3720041603.0
2015-04-24,161.4,162.9,159.5,161.6,19135718.0,3085735797.0
2015-04-27,161.6,164.9,161.6,162.6,19957318.0,3260535520.0
2015-04-28,162.1,164.3,161.0,163.6,20240258.0,3304086889.0
2015-04-29,164.3,165.4,162.5,164.2,20721910.0,3397078049.0
2015-04-30,164.0,164.0,160.7,160.9,21427069.0,3463907358.0
2015-05-04,159.5,161.1,157.6,158.0,22296365.0,3541306209.0
2015-05-05,158.5,160.8,155.7,157.6,19543958.0,3087540220.0
2015-05-06,155.0,159.2,155.0,156.0,19532689.0,3068009559.0
2015-05-07,155.0,155.9,151.8,153.0,19846609.0,3054837956.0
2015-05-08,156.0,158.0,153.7,154.0,18108540.0,2813991851.0
2015-05-11,155.3,160.5,155.3,158.6,20799436.0,3301970956.0
2015-05-12,160.0,161.8,156.7,157.0,21883049.0,3486350879.0
2015-05-13,157.0,159.6,155.9,156.8,19515010.0,3068016897.0
2015-05-14,162.5,163.9,160.0,161.3,25890282.0,4181339562.0
2015-05-15,162.4,163.6,161.0,162.3,21641819.0,3515034407.0
2015-05-18,162.7,163.2,160.4,161.1,14011955.0,2264074931.0
2015-05-19,162.3,162.3,160.3,161.4,12579491.0,2033321460.0
2015-05-20,161.2,161.8,158.1,158.6,16456399.0,2623265677.0
2015-05-21,156.0,157.9,156.0,156.8,18025800.0,2827105123.0
2015-05-22,158.9,159.9,157.2,158.8,13982555.0,2225900708.0
2015-05-26,161.9,162.2,158.5,158.8,20910776.0,3346214629.0
2015-05-27,159.6,159.6,157.1,157.9,16379279.0,2593809473.0
2015-05-28,159.2,159.2,153.6,155.2,24286498.0,3786592744.0
2015-05-29,156.1,158.3,154.7,155.7,25152042.0,3929626147.0
2015-06-01,155.7,158.4,154.1,156.1,14858074.0,2329438811.0
2015-06-02,156.2,158.0,155.0,157.2,14758218.0,2314907079.0
2015-06-03,158.0,158.9,157.3,158.1,13953029.0,2207745974.0
2015-06-04,159.5,159.5,154.7,157.8,21292534.0,3354168947.0
2015-06-05,157.8,158.0,154.5,154.7,15070109.0,2352000319.0
2015-06-08,153.2,155.9,152.1,155.1,16895962.0,2613655328.0
2015-06-09,155.0,155.8,153.3,155.0,14262008.0,2200920746.0
2015-06-10,156.6,156.6,153.0,153.2,13478696.0,2084213283.0
2015-06-11,155.4,155.6,153.7,154.3,13415613.0,2074870626.0
2015-06-12,156.0,157.5,154.9,157.2,12360748.0,1929786565.0
2015-06-15,158.3,158.4,154.6,155.2,12399316.0,1936976819.0
2015-06-16,154.0,155.5,153.5,154.1,9635851.0,1487597861.0
2015-06-17,156.7,156.7,153.6,154.3,13205252.0,2047004555.0
2015-06-18,154.5,155.6,153.0,154.3,8858809.0,1369486116.0
2015-06-19,155.6,155.8,154.0,154.2,13683510.0,2120344159.0
2015-06-22,155.7,157.9,154.6,157.0,14329860.0,2235338022.0
2015-06-23,159.0,159.0,156.5,158.1,13925426.0,2198359180.0
2015-06-24,159.2,163.8,158.6,163.7,21820993.0,3525225500.0
2015-06-25,163.3,163.6,161.4,162.0,13786092.0,2237769226.0
2015-06-26,161.8,161.8,159.2,159.9,19385770.0,3106919305.0
2015-06-29,159.2,159.9,150.0,153.1,28302623.0,4358572607.0
2015-06-30,152.0,156.0,151.2,154.7,19856606.0,3058167694.0
2015-07-02,155.0,157.9,155.0,156.5,22641633.0,3545331440.0
2015-07-03,155.5,156.3,153.0,155.1,13168577.0,2038585446.0
2015-07-06,153.7,156.0,140.0,146.5,47555488.0,6928585658.0
2015-07-07,150.0,150.0,141.5,144.7,27019385.0,3907315209.0
2015-07-08,141.5,141.5,131.4,134.8,72909743.0,9880156105.0
2015-07-09,137.4,148.3,137.4,146.0,45436348.0,6535258212.0
2015-07-10,150.0,153.5,148.3,148.9,36068428.0,5397045840.0
2015-07-13,150.0,151.6,146.1,150.5,18856475.0,2821918943.0
2015-07-14,152.0,153.3,150.0,151.7,18064003.0,2734974486.0
2015-07-15,152.7,152.7,148.1,150.0,15568967.0,2328545634.0
2015-07-16,149.2,150.5,147.0,150.0,13052255.0,1949597536.0
2015-07-17,151.8,154.3,150.6,153.6,13958044.0,2142575052.0
2015-07-20,156.0,157.9,155.1,155.5,16117359.0,2519269528.0
2015-07-21,157.4,157.4,154.6,156.6,10842641.0,1693670757.0
2015-07-22,156.0,156.0,153.0,154.5,10289018.0,1586301064.0
2015-07-23,156.5,156.5,153.4,154.5,11387482.0,1760807138.0
2015-07-24,153.0,153.0,150.5,151.5,11377581.0,1728653161.0
2015-07-27,150.3,150.8,145.0,145.6,21263230.0,3114346941.0
2015-07-28,142.6,149.7,141.1,146.5,25150092.0,3669694400.0
2015-07-29,145.9,146.5,142.5,144.4,22689923.0,3273352127.0
2015-07-30,145.6,146.5,142.5,142.8,15637416.0,2252458602.0
2015-07-31,144.1,145.1,142.5,144.7,14412023.0,2075017410.0
2015-08-03,144.0,144.8,142.1,144.0,11535567.0,1655402497.0
2015-08-04,142.2,144.0,141.2,143.0,16430821.0,2341441774.0
2015-08-05,142.0,142.7,140.5,142.4,11755606.0,1666125300.0
2015-08-06,143.7,143.7,139.2,140.9,14192153.0,1997259203.0
2015-08-07,139.0,142.4,139.0,142.1,10787723.0,1525042660.0
2015-08-10,140.0,143.2,138.6,142.8,11273204.0,1591767232.0
2015-08-11,142.8,145.9,140.6,140.8,15363733.0,2197335365.0
2015-08-12,140.0,140.4,133.9,134.9,39624466.0,5384874841.0
2015-08-13,137.9,145.5,137.4,144.1,41726996.0,5944717717.0
2015-08-14,145.0,145.4,142.7,143.4,16236945.0,2338457399.0
2015-08-17,143.8,143.8,140.3,142.0,17206579.0,2442406275.0
2015-08-18,142.5,144.3,139.2,139.4,12764689.0,1805982172.0
2015-08-19,139.6,141.4,138.6,139.6,16701751.0,2335030089.0
2015-08-20,137.6,138.4,135.0,136.2,25920784.0,3532244398.0
2015-08-21,132.0,133.4,130.0,131.6,37570798.0,4961181646.0
2015-08-24,128.0,128.8,125.0,125.0,47662819.0,6003661697.0
2015-08-25,125.2,135.5,124.0,130.9,50911438.0,6637128968.0
2015-08-26,131.9,132.4,128.0,128.6,31856059.0,4139134328.0
2015-08-27,134.8,134.9,127.2,132.2,42911539.0,5621672016.0
2015-08-28,135.0,136.2,130.0,130.7,34237348.0,4541628024.0
2015-08-31,132.5,133.6,129.5,131.8,19690717.0,2581578897.0
2015-09-01,131.7,132.4,127.0,127.2,20415401.0,2646751297.0
2015-09-02,125.2,130.5,125.2,127.4,26117442.0,3330047742.0
2015-09-04,129.9,130.2,126.6,127.4,18271615.0,2333942849.0
2015-09-07,126.6,129.3,125.8,126.4,20902453.0,2662649496.0
2015-09-08,126.0,130.7,125.1,129.4,23654805.0,3029498646.0
2015-09-09,130.8,135.0,130.0,133.6,27559930.0,3647172143.0
2015-09-10,131.0,131.5,128.5,128.6,19136985.0,2488086404.0
2015-09-11,129.5,131.3,127.1,127.4,23620914.0,3050409649.0
2015-09-14,127.6,129.4,127.3,128.0,13123067.0,1682381082.0
2015-09-15,128.0,131.9,127.6,131.2,19857043.0,2588697533.0
2015-09-16,132.5,135.9,132.5,135.4,24674497.0,3319453864.0
2015-09-17,137.6,137.7,131.6,134.3,24112543.0,3258775566.0
2015-09-18,134.9,136.4,134.4,135.3,24299971.0,3292605972.0
2015-09-21,134.1,134.4,132.1,133.8,16577532.0,2214652123.0
2015-09-22,134.9,134.9,132.0,132.4,19485692.0,2601057112.0
2015-09-23,130.8,131.8,129.2,130.9,18242830.0,2380585441.0
2015-09-24,130.9,131.8,130.1,130.7,16019651.0,2092731540.0
2015-09-25,131.0,131.3,128.8,131.0,17783248.0,2316420600.0
2015-09-29,125.3,127.9,125.3,127.3,25050930.0,3178847146.0
2015-09-30,131.0,131.0,127.6,129.3,23769516.0,3081052356.0
2015-10-02,131.8,135.8,131.1,135.5,28503970.0,3813607470.0
2015-10-05,139.5,140.2,138.7,139.7,24743294.0,3452175015.0
2015-10-06,141.8,141.9,138.0,139.6,19053422.0,2656840074.0
2015-10-07,140.2,142.3,138.1,142.0,21423777.0,2999338734.0
2015-10-08,143.5,143.5,140.6,142.1,16995119.0,2412604244.0
2015-10-09,144.0,144.1,140.1,141.9,15730378.0,2233261589.0
2015-10-12,143.7,144.0,141.4,144.0,13815267.0,1971587201.0
2015-10-13,143.8,143.8,141.6,142.9,10375929.0,1479721636.0
2015-10-14,143.0,143.5,141.6,142.6,11251300.0,1603345918.0
2015-10-15,142.4,145.5,141.7,145.0,15304711.0,2210568232.0
2015-10-16,147.6,147.9,145.1,146.6,16099838.0,2359962506.0
2015-10-19,148.0,148.0,145.2,147.1,10468032.0,1534715003.0
2015-10-20,147.1,147.3,145.1,146.9,8932767.0,1308184240.0
2015-10-22,148.0,148.0,145.5,146.3,12481955.0,1825846341.0
2015-10-23,149.8,149.8,148.2,149.2,19077691.0,2841512989.0
2015-10-26,152.0,152.0,148.2,149.0,14734408.0,2202889982.0
2015-10-27,148.6,149.5,147.1,149.1,13824193.0,2052057819.0
2015-10-28,150.0,150.0,148.1,149.8,10527282.0,1571877293.0
2015-10-29,150.7,150.7,147.3,148.0,11031130.0,1640431073.0
2015-10-30,145.1,147.7,145.1,146.6,13196707.0,1932011390.0
2015-11-02,148.8,148.8,146.2,147.5,10822588.0,1597634568.0
2015-11-03,149.5,151.4,148.9,150.5,22482139.0,3382576667.0
2015-11-04,153.6,156.7,151.9,153.0,27648790.0,4247458871.0
2015-11-05,152.3,153.4,151.7,152.3,15731517.0,2398325869.0
2015-11-06,152.5,155.0,151.1,154.5,11207896.0,1723129379.0
2015-11-09,153.5,155.4,151.5,152.0,13988564.0,2144186710.0
2015-11-10,150.1,150.8,148.4,150.4,13943129.0,2088653684.0
2015-11-11,152.7,154.5,150.8,151.5,25560762.0,3914043528.0
2015-11-12,153.5,155.7,152.5,155.0,23088232.0,3567343911.0
2015-11-13,152.0,153.3,151.3,152.2,12992169.0,1980077142.0
2015-11-16,148.8,150.3,148.6,149.1,14105791.0,2109684646.0
2015-11-17,151.0,153.7,150.5,151.2,15549848.0,2368778686.0
2015-11-18,153.0,153.1,150.5,151.4,9576626.0,1452507906.0
2015-11-19,153.6,154.7,152.0,153.1,13314104.0,2038940700.0
2015-11-20,153.1,155.4,152.0,155.1,11150294.0,1713363305.0
2015-11-23,156.5,157.4,155.0,155.5,13409373.0,2096712994.0
2015-11-24,156.0,156.6,155.0,156.1,9906385.0,1543177720.0
2015-11-25,156.7,156.7,155.4,156.4,13077902.0,2040205863.0
2015-11-26,158.0,158.3,155.7,155.7,14044010.0,2207412398.0
2015-11-27,155.2,155.5,152.3,153.2,16407039.0,2517638027.0
2015-11-30,153.6,155.8,151.6,154.3,32671234.0,5032707854.0
2015-12-01,156.4,157.5,153.8,154.3,25975545.0,4028566386.0
2015-12-02,154.9,155.5,153.0,153.7,20711745.0,3188409519.0
2015-12-03,153.8,155.4,153.0,154.4,28096751.0,4335739633.0
2015-12-04,151.0,151.6,149.0,151.0,49898559.0,7495586612.0
2015-12-07,152.6,152.7,150.6,150.9,21270875.0,3217991220.0
2015-12-08,151.0,151.0,148.4,149.7,17790393.0,2660581929.0
2015-12-09,148.4,152.0,148.4,150.7,18826804.0,2838999043.0
2015-12-10,151.9,151.9,150.0,150.4,13447879.0,2029370782.0
2015-12-11,150.9,151.1,146.9,147.6,19677356.0,2926901999.0
2015-12-14,145.5,146.8,143.0,146.5,16805584.0,2446722623.0
2015-12-15,146.7,149.3,146.5,147.5,16121681.0,2387570017.0
2015-12-16,151.0,152.0,149.5,151.8,14423284.0,2175860863.0
2015-12-17,153.1,153.7,151.3,151.6,15988503.0,2433472915.0
2015-12-18,151.5,152.3,150.8,151.3,18276015.0,2768144540.0
2015-12-21,151.1,151.3,149.9,150.3,8975296.0,1351128616.0
2015-12-22,151.3,151.3,149.3,150.8,6942130.0,1043750185.0
2015-12-23,151.4,152.5,151.2,152.2,7423667.0,1127795912.0
2015-12-24,153.0,153.0,151.6,151.8,4784383.0,727884677.0
2015-12-28,152.4,152.5,150.6,150.9,6710219.0,1017621246.0
2015-12-29,151.7,152.0,150.3,150.8,7371486.0,1112850318.0
2015-12-30,151.9,152.4,150.5,150.7,7126584.0,1079749383.0
2015-12-31,151.5,152.7,151.1,152.5,6854089.0,1041952069.0
2016-01-04,151.4,152.0,148.7,149.1,16047213.0,2402627694.0
2016-01-05,148.8,150.5,146.6,147.4,16171969.0,2393377523.0
2016-01-06,145.7,146.9,145.1,146.0,15614519.0,2280396716.0
2016-01-07,144.6,146.0,140.0,140.2,23664491.0,3356817412.0
2016-01-08,140.8,143.7,140.8,142.6,18564802.0,2648564815.0
2016-01-11,138.2,141.3,137.7,138.0,22362124.0,3108050300.0
2016-01-12,137.0,139.8,135.9,136.1,22078580.0,3034118645.0
2016-01-13,137.1,140.0,137.0,137.4,23863234.0,3305173408.0
2016-01-14,135.5,138.5,135.0,137.1,26513641.0,3623885312.0
2016-01-15,137.2,139.4,136.3,137.0,23969812.0,3300509597.0
2016-01-18,135.0,137.6,134.3,136.0,21919138.0,2975647484.0
2016-01-19,136.0,140.0,136.0,139.8,22604872.0,3139543010.0
2016-01-20,136.9,137.6,133.8,135.4,26441962.0,3588168326.0
2016-01-21,136.2,138.7,133.1,133.1,30536391.0,4153669635.0
2016-01-22,136.1,139.7,136.1,139.0,24549064.0,3385967454.0
2016-01-25,140.0,144.7,139.4,144.3,31154604.0,4454169402.0
2016-01-26,142.1,143.5,140.6,141.8,25339129.0,3611657087.0
2016-01-27,143.9,144.5,139.0,140.5,27399036.0,3871827917.0
2016-01-28,140.5,143.4,139.4,141.6,24075438.0,3398219382.0
2016-01-29,141.1,145.0,141.1,144.9,28333807.0,4058754029.0
2016-02-01,146.3,147.1,144.8,147.0,20461010.0,2987476340.0
2016-02-02,147.7,147.7,144.0,145.6,17206088.0,2508546786.0
2016-02-03,142.2,142.2,140.0,141.6,22333481.0,3156490377.0
2016-02-04,143.0,143.1,141.5,141.9,16305725.0,2319344316.0
2016-02-05,142.7,144.5,142.1,143.9,12724486.0,1821429999.0
2016-02-11,137.2,138.7,134.1,135.9,36199192.0,4925743446.0
2016-02-12,132.7,134.9,132.1,133.3,24882572.0,3312530083.0
2016-02-15,136.7,138.6,135.3,138.2,21699418.0,2969121983.0
2016-02-16,138.2,140.4,138.2,139.3,15525620.0,2168058874.0
2016-02-17,141.0,141.5,137.3,138.2,17255623.0,2406547019.0
2016-02-18,142.0,142.5,139.2,142.3,20441753.0,2887306104.0
2016-02-19,141.0,142.7,140.3,141.2,12409816.0,1750617987.0
2016-02-22,141.0,142.2,140.5,141.7,9929873.0,1403548527.0
2016-02-23,142.5,142.8,140.6,141.9,11518408.0,1634276192.0
2016-02-24,141.7,141.7,138.6,140.4,15133469.0,2120219010.0
2016-02-25,140.4,141.0,138.7,139.0,10914811.0,1523904861.0
2016-02-26,140.8,143.2,140.8,142.7,17363138.0,2468745551.0
2016-02-29,142.7,142.8,139.6,141.9,14280154.0,2016311469.0
2016-03-01,142.0,144.6,141.5,144.5,15495668.0,2215725200.0
2016-03-02,147.1,148.5,145.8,148.3,24494602.0,3608342798.0
2016-03-03,149.0,149.0,146.0,147.6,15959001.0,2348042455.0
2016-03-04,148.5,149.4,145.5,147.2,19713216.0,2900649633.0
2016-03-07,148.0,148.6,145.5,146.5,13746135.0,2014765097.0
2016-03-08,145.3,146.9,144.1,146.3,11443398.0,1665409058.0
2016-03-09,145.0,145.8,143.4,145.7,14067392.0,2036768224.0
2016-03-10,145.1,146.2,144.8,145.0,10098636.0,1467310867.0
2016-03-11,144.8,148.5,144.3,148.1,17498941.0,2573937241.0
2016-03-14,149.0,153.5,148.4,153.3,29679645.0,4496817841.0
2016-03-15,150.8,153.5,150.6,151.3,16207912.0,2455605810.0
2016-03-16,150.8,151.5,149.2,150.9,13922389.0,2094617434.0
2016-03-17,153.0,153.5,151.0,152.3,13648090.0,2077900073.0
2016-03-18,159.0,159.2,155.8,157.9,52010024.0,8186653623.0
2016-03-21,158.6,158.7,157.1,158.1,18616859.0,2938231071.0
2016-03-22,159.9,159.9,158.0,159.5,19946868.0,3175977777.0
2016-03-23,159.8,159.9,158.4,159.7,15437949.0,2458602118.0
2016-03-24,159.0,159.8,157.7,158.8,18441336.0,2923115742.0
2016-03-29,159.0,159.0,157.0,157.3,16821224.0,2654765974.0
2016-03-30,159.0,159.5,157.9,158.2,20832229.0,3304315126.0
2016-03-31,159.3,159.3,157.1,158.4,17515647.0,2770418900.0
2016-04-01,159.6,159.6,157.8,158.5,16035756.0,2540682598.0
2016-04-05,157.0,157.0,154.4,156.6,14500421.0,2262255730.0
2016-04-06,157.6,159.1,157.0,159.0,17760189.0,2810256547.0
2016-04-07,159.9,162.0,159.6,161.8,21771425.0,3500903259.0
2016-04-08,160.5,161.0,159.2,160.0,15163620.0,2426671040.0
2016-04-11,158.2,160.8,158.2,159.5,9401820.0,1499878367.0
2016-04-12,159.9,160.2,159.2,160.0,12312707.0,1968370841.0
2016-04-13,162.0,164.7,161.2,164.5,32538517.0,5305223623.0
2016-04-14,165.5,167.2,161.5,165.0,25301265.0,4152151820.0
2016-04-15,164.5,165.5,163.4,165.3,11408552.0,1880256915.0
2016-04-18,165.0,166.0,164.1,165.7,9116719.0,1502276931.0
2016-04-19,165.6,166.5,163.4,165.7,13637095.0,2250030283.0
2016-04-20,165.5,165.5,161.5,161.9,15478170.0,2520935486.0
2016-04-21,163.0,164.3,162.1,163.5,13119646.0,2138098529.0
2016-04-22,161.0,163.0,160.2,162.8,8816777.0,1424378476.0
2016-04-25,160.4,161.0,159.6,159.9,10729099.0,1719102321.0
2016-04-26,161.0,162.0,158.8,161.8,8646796.0,1386253867.0
2016-04-27,160.2,160.3,158.4,159.5,11549814.0,1838571190.0
2016-04-28,160.7,162.6,160.0,161.0,18658830.0,3010574810.0
2016-04-29,160.0,160.3,158.8,158.9,10903878.0,1737328954.0
2016-05-03,158.9,158.9,155.1,155.3,15337768.0,2400437586.0
2016-05-04,155.7,155.7,153.4,154.5,16375047.0,2528596800.0
2016-05-05,153.0,154.7,152.5,153.2,13653426.0,2098838723.0
2016-05-06,153.3,155.5,152.2,153.9,15884287.0,2445076492.0
2016-05-09,155.5,155.8,154.2,155.1,9424497.0,1461395237.0
2016-05-10,154.3,156.7,154.3,156.4,11847505.0,1841481951.0
2016-05-11,158.4,158.4,156.0,156.5,11585331.0,1819195373.0
2016-05-12,156.6,156.6,154.0,154.2,13276595.0,2056402133.0
2016-05-13,155.6,156.3,153.7,155.1,18092191.0,2808471431.0
2016-05-16,156.1,160.3,155.8,159.9,21575864.0,3432888733.0
2016-05-17,162.3,164.3,160.9,162.9,22631130.0,3678038468.0
2016-05-18,161.0,162.4,160.0,161.1,20658347.0,3327170121.0
2016-05-19,155.3,159.1,155.3,157.2,35275128.0,5543207462.0
2016-05-20,155.3,159.2,155.3,158.5,19185549.0,3028031014.0
2016-05-23,159.6,161.6,158.8,159.1,12215689.0,1955847529.0
2016-05-24,160.0,161.0,159.6,160.5,12328071.0,1979319176.0
2016-05-25,163.0,164.8,162.8,164.5,21579995.0,3540016196.0
2016-05-26,164.9,164.9,162.5,163.8,14457778.0,2364775808.0
2016-05-27,165.0,171.8,164.5,171.2,41274891.0,6966025703.0
2016-05-30,171.2,172.5,169.4,169.9,21752920.0,3715085579.0
2016-05-31,172.0,173.7,171.0,173.3,56234547.0,9718479602.0
2016-06-01,172.0,172.9,169.8,170.4,17349933.0,2971165282.0
2016-06-02,170.0,170.5,168.4,170.2,21462089.0,3636835388.0
2016-06-03,170.3,172.3,169.5,170.8,27443699.0,4684158406.0
2016-06-06,170.1,174.0,170.1,173.8,17120058.0,2944536488.0
2016-06-07,175.0,176.8,174.5,176.6,17254734.0,3028985371.0
2016-06-08,176.6,176.6,174.6,175.9,18871883.0,3309336935.0
2016-06-10,178.5,178.5,174.8,175.1,20396824.0,3594879452.0
2016-06-13,170.1,171.8,169.2,169.5,21169298.0,3602746464.0
2016-06-14,168.8,169.4,167.6,168.3,17731787.0,2986353044.0
2016-06-15,167.7,174.1,167.3,173.0,18840580.0,3223739018.0
2016-06-16,172.8,173.0,168.4,168.8,15093895.0,2562074407.0
2016-06-17,170.5,171.3,167.5,168.9,17880408.0,3021573452.0
2016-06-20,170.0,171.2,169.0,170.7,9428268.0,1605047419.0
2016-06-21,172.0,173.3,171.0,172.9,10084306.0,1734247866.0
2016-06-22,173.1,177.9,172.9,177.1,19634245.0,3457368021.0
2016-06-23,176.0,176.4,173.3,176.1,12236741.0,2146506983.0
2016-06-24,174.8,177.6,168.1,173.8,30594530.0,5247317573.0
2016-06-27,170.1,172.1,170.1,170.9,15661330.0,2678713417.0
2016-06-28,167.0,170.8,167.0,170.5,17951859.0,3036946815.0
2016-06-29,170.4,172.7,170.4,172.4,13552935.0,2325334575.0
2016-06-30,174.9,176.6,173.7,176.1,16917010.0,2962109184.0
2016-07-04,178.1,179.5,177.0,178.9,16228007.0,2898010439.0
2016-07-05,179.0,179.0,176.1,176.4,9562057.0,1697454848.0
2016-07-06,174.1,175.5,173.0,174.3,11660048.0,2031134525.0
2016-07-07,175.0,177.4,174.6,176.3,8015900.0,1413189381.0
2016-07-08,177.2,178.4,176.4,177.0,13824855.0,2451202564.0
2016-07-11,179.9,180.8,179.2,180.0,12848546.0,2311643707.0
2016-07-12,181.7,181.7,178.5,180.9,13839536.0,2494586118.0
2016-07-13,180.8,181.7,180.4,181.2,11209328.0,2029435515.0
2016-07-14,180.6,184.0,179.9,183.5,12671391.0,2304097937.0
2016-07-15,184.3,186.2,183.1,184.8,15489093.0,2862778670.0
2016-07-18,184.0,185.8,183.7,185.0,10032868.0,1853042162.0
2016-07-19,184.5,185.0,183.1,183.3,11782810.0,2163178134.0
2016-07-20,184.4,186.0,183.5,185.6,13328952.0,2464057591.0
2016-07-21,186.2,186.5,184.3,184.6,14795435.0,2741260614.0
2016-07-22,185.0,185.6,183.6,185.2,7797326.0,1441018228.0
2016-07-25,186.9,188.0,185.2,188.0,7779949.0,1452650388.0
2016-07-26,186.2,189.7,186.2,186.3,14716619.0,2766853838.0
2016-07-27,186.0,189.0,186.0,189.0,12088449.0,2267984875.0
2016-07-28,187.5,189.4,186.6,189.0,11646147.0,2195560918.0
2016-07-29,189.1,189.8,186.5,186.5,13351285.0,2509782986.0
2016-08-01,187.0,187.7,184.2,184.5,20728597.0,3850390613.0
2016-08-03,182.0,183.0,181.5,181.5,18411964.0,3357171386.0
2016-08-04,182.7,183.6,181.7,182.6,9639668.0,1761753178.0
2016-08-05,183.0,186.1,182.5,184.6,10032639.0,1853936953.0
2016-08-08,186.2,188.9,186.2,188.8,11907448.0,2240854671.0
2016-08-09,188.5,189.5,187.5,188.2,8133303.0,1530894099.0
2016-08-10,187.1,189.0,187.0,188.0,7504565.0,1409837507.0
2016-08-11,186.8,188.7,186.8,188.7,11388699.0,2141054318.0
2016-08-12,190.5,191.5,187.5,187.8,18152988.0,3433003288.0
2016-08-15,188.0,191.7,188.0,191.1,13190627.0,2512678229.0
2016-08-16,195.5,197.5,193.6,195.4,24569283.0,4806127568.0
2016-08-17,195.4,197.9,191.7,193.0,18473251.0,3601159036.0
2016-08-18,205.0,205.0,199.7,203.0,41314120.0,8376213756.0
2016-08-19,205.0,205.0,201.6,201.8,12565303.0,2550190316.0
2016-08-22,202.0,204.8,201.4,204.8,11452880.0,2323841068.0
2016-08-23,204.2,205.4,202.4,203.6,8919309.0,1818878883.0
2016-08-24,203.6,204.6,200.4,201.0,13621565.0,2754284722.0
2016-08-25,202.0,202.0,199.5,199.5,10991731.0,2201423268.0
2016-08-26,199.2,202.6,199.2,200.4,8087753.0,1625797002.0
2016-08-29,200.8,202.2,200.0,201.4,9841567.0,1980118583.0
2016-08-30,202.8,205.0,202.0,204.8,11748201.0,2395398612.0
2016-08-31,205.0,205.0,201.0,201.8,15317560.0,3102824502.0
2016-09-01,201.0,203.4,200.8,202.6,13605995.0,2750477210.0
2016-09-02,202.6,204.6,201.2,201.8,16427579.0,3326356048.0
2016-09-05,204.6,210.6,203.6,210.2,18902330.0,3926198674.0
2016-09-06,210.0,216.8,209.0,215.0,19057213.0,4076833211.0
2016-09-07,216.0,216.4,211.2,213.2,17607103.0,3751778796.0
2016-09-08,211.6,216.0,211.4,215.0,15493743.0,3321783013.0
2016-09-09,214.6,216.2,212.2,213.8,20277736.0,4340665475.0
2016-09-12,210.0,210.6,206.4,207.0,19921257.0,4156561519.0
2016-09-13,209.0,211.6,207.2,208.0,14868264.0,3113344609.0
2016-09-14,206.6,209.6,206.6,208.6,7695966.0,1602648180.0
2016-09-15,208.0,212.2,208.0,209.8,18058088.0,3790313414.0
2016-09-19,211.8,212.2,207.6,209.4,18390853.0,3851201986.0
2016-09-20,210.0,210.2,208.0,209.0,12136871.0,2533149641.0
2016-09-21,208.6,211.4,207.6,211.2,11514914.0,2418223409.0
2016-09-22,214.0,215.8,213.2,214.6,17844513.0,3826304949.0
2016-09-23,213.4,220.8,212.6,218.2,24975771.0,5433215974.0
2016-09-26,217.4,217.4,212.2,213.0,18583621.0,3991885839.0
2016-09-27,215.0,217.4,214.0,215.8,14741682.0,3178935642.0
2016-09-28,214.0,217.2,214.0,216.6,8165201.0,1765869752.0
2016-09-29,218.0,218.4,216.0,217.6,11122088.0,2417848339.0
2016-09-30,215.2,216.8,213.0,213.0,14861460.0,3191784496.0
2016-10-03,216.4,217.6,215.6,216.8,10019132.0,2170036404.0
2016-10-04,217.2,217.6,215.4,217.4,7731679.0,1676022167.0
2016-10-05,216.6,217.4,215.8,217.4,6656378.0,1442520388.0
2016-10-06,218.0,218.0,216.6,217.4,10663786.0,2316394533.0
2016-10-07,216.6,217.4,215.4,216.2,8895336.0,1924643628.0
2016-10-11,217.4,218.2,214.4,215.8,12705818.0,2747296668.0
2016-10-12,213.6,214.2,211.0,213.4,16665287.0,3539844777.0
2016-10-13,211.0,213.2,209.4,210.0,16885861.0,3556877266.0
2016-10-14,208.4,211.0,208.4,209.0,14025330.0,2939028603.0
2016-10-17,209.0,210.0,207.2,208.8,9769912.0,2041113986.0
2016-10-18,209.4,213.2,209.0,212.4,12262915.0,2596151876.0
2016-10-19,211.4,214.4,211.4,212.8,7582360.0,1613228075.0
2016-10-20,214.0,215.4,213.4,214.2,8231296.0,1765659389.0
2016-10-24,213.8,215.4,212.2,215.4,15571635.0,3332197138.0
2016-10-25,216.2,216.2,214.8,214.8,8374373.0,1804338114.0
2016-10-26,213.0,215.8,212.2,212.2,8775101.0,1875468091.0
2016-10-27,212.6,213.4,210.0,210.6,10686453.0,2255892449.0
2016-10-28,210.6,210.8,205.2,208.0,17882318.0,3724800854.0
2016-10-31,209.0,209.0,205.8,205.8,12093873.0,2506363848.0
2016-11-01,207.8,209.6,207.2,207.2,15026009.0,3129281387.0
2016-11-02,205.0,206.4,203.4,204.4,13870431.0,2843476359.0
2016-11-03,202.4,203.4,200.8,202.0,17463544.0,3530910075.0
2016-11-04,199.8,202.2,199.5,200.0,17022950.0,3409636698.0
2016-11-07,199.0,206.8,199.0,204.2,16085437.0,3284761706.0
2016-11-08,205.8,207.2,204.4,205.6,12356468.0,2542176863.0
2016-11-09,206.8,206.8,199.5,202.4,33653255.0,6802193952.0
2016-11-10,206.4,209.4,206.0,208.2,18977456.0,3949177771.0
2016-11-11,203.0,203.8,200.0,200.0,45350234.0,9146457780.0
2016-11-14,195.8,196.0,192.2,192.6,50331583.0,9758863950.0
2016-11-15,190.0,194.0,189.7,193.2,30689644.0,5904881779.0
2016-11-16,196.0,199.5,195.5,196.9,27000250.0,5340476264.0
2016-11-17,195.0,197.7,193.4,194.8,27269639.0,5312292802.0
2016-11-18,195.1,197.5,193.8,195.4,17094291.0,3347551048.0
2016-11-21,195.1,195.6,192.0,193.6,15150470.0,2934705337.0
2016-11-22,195.9,196.3,194.1,195.8,13007935.0,2542708422.0
2016-11-23,196.2,196.3,193.5,194.3,15627291.0,3038221220.0
2016-11-24,193.5,194.1,191.7,192.2,15458127.0,2977433117.0
2016-11-25,193.2,193.8,192.1,193.0,7817377.0,1509982640.0
2016-11-28,193.0,196.8,193.0,195.3,16553522.0,3236083509.0
2016-11-29,197.0,197.8,193.0,193.0,19743663.0,3861700429.0
2016-11-30,192.9,194.5,192.1,193.7,17894203.0,3465297075.0
2016-12-01,195.0,195.4,193.3,194.5,15465024.0,3006512994.0
2016-12-02,191.0,191.5,189.6,191.0,31654894.0,6032311341.0
2016-12-05,190.0,192.6,189.2,190.0,14881257.0,2835691420.0
2016-12-06,191.9,192.4,189.6,189.9,10831263.0,2065730100.0
2016-12-07,190.7,191.4,189.6,190.2,9956402.0,1895165002.0
2016-12-08,192.8,193.4,190.1,190.9,15780970.0,3025395348.0
2016-12-09,189.0,190.4,186.4,188.2,22991719.0,4322204064.0
2016-12-12,189.9,189.9,184.4,185.1,21961359.0,4077438358.0
2016-12-13,187.0,187.0,184.8,186.3,16390467.0,3046584361.0
2016-12-14,188.0,189.5,186.8,186.8,18528913.0,3487964193.0
2016-12-15,185.4,186.2,182.8,184.0,23805460.0,4391037868.0
2016-12-16,182.3,184.6,182.3,183.9,21775966.0,3997763622.0
2016-12-19,182.2,183.1,182.2,182.2,10932822.0,1996300072.0
2016-12-20,182.0,183.7,180.6,181.7,12843113.0,2337207175.0
2016-12-21,181.7,183.5,181.7,182.2,11319237.0,2064566989.0
2016-12-22,183.3,183.8,181.2,181.5,15031371.0,2737195558.0
2016-12-23,181.0,181.0,179.6,179.7,16360785.0,2949592968.0
2016-12-28,181.0,185.3,180.3,183.6,18221383.0,3339599704.0
2016-12-29,183.0,189.4,183.0,187.6,22120093.0,4147598386.0
2016-12-30,190.0,190.8,189.0,189.7,13582454.0,2580538339.0
2017-01-03,188.0,191.1,188.0,189.4,9637272.0,1826290626.0
2017-01-04,190.4,190.5,188.1,189.0,11411490.0,2159543916.0
2017-01-05,191.0,194.2,190.7,193.3,20543005.0,3958289255.0
2017-01-06,196.2,196.8,194.7,195.1,20077760.0,3927288133.0
2017-01-09,196.7,196.9,195.2,195.6,13605277.0,2665537306.0
2017-01-10,197.5,198.0,196.1,198.0,15628780.0,3081477653.0
2017-01-11,200.0,201.4,198.7,200.8,20703850.0,4147633801.0
2017-01-12,201.0,201.0,196.6,198.8,16362476.0,3252369084.0
2017-01-13,199.0,200.2,198.7,199.7,10155934.0,2026404183.0
2017-01-16,199.7,199.7,196.0,196.7,11600274.0,2288331800.0
2017-01-17,199.9,199.9,197.5,197.7,8845604.0,1752563156.0
2017-01-18,198.6,199.8,198.0,199.7,10962405.0,2184016023.0
2017-01-19,200.6,200.6,198.3,199.5,9664250.0,1925007467.0
2017-01-20,199.0,199.4,197.7,197.7,7686725.0,1525183386.0
2017-01-23,196.4,199.3,196.4,197.8,7059398.0,1397812706.0
2017-01-24,198.9,198.9,196.9,197.8,8825373.0,1744430056.0
2017-01-25,201.0,201.0,199.2,200.8,17017199.0,3403754957.0
2017-01-26,202.4,205.4,201.8,205.0,21037878.0,4293309262.0
2017-01-27,205.6,205.6,204.2,204.4,8717396.0,1786274101.0
2017-02-01,202.0,206.8,200.8,206.6,19494245.0,3976775096.0
2017-02-02,207.0,208.4,204.4,205.2,14245064.0,2932256507.0
2017-02-03,205.4,206.4,202.4,205.0,12525535.0,2556501650.0
2017-02-06,206.4,207.4,204.4,207.4,9244792.0,1903964590.0
2017-02-07,206.0,207.4,204.4,205.4,11540961.0,2374053461.0
2017-02-08,204.4,205.2,202.4,204.0,15978068.0,3263240850.0
2017-02-09,205.6,207.0,204.2,204.2,12967234.0,2662843403.0
2017-02-10,205.4,206.0,202.4,202.6,13335776.0,2724042085.0
2017-02-13,203.0,205.0,203.0,203.6,11469706.0,2335487181.0
2017-02-14,203.2,203.8,202.8,202.8,11741212.0,2386059215.0
2017-02-15,202.2,207.8,202.2,206.6,20967951.0,4326117712.0
2017-02-16,210.0,213.0,208.0,212.0,30654514.0,6467603745.0
2017-02-17,213.6,215.0,211.8,212.2,18573582.0,3955659568.0
2017-02-20,213.2,215.2,212.6,214.0,14388585.0,3083097571.0
2017-02-21,213.6,214.8,210.0,211.0,14978211.0,3174280893.0
2017-02-22,212.0,215.0,212.0,215.0,14282531.0,3058698945.0
2017-02-23,215.6,216.4,214.0,214.8,15728062.0,3382555951.0
2017-02-24,213.4,214.2,211.2,211.2,17224457.0,3653114650.0
2017-02-27,211.0,213.6,209.6,210.2,14141432.0,2983639192.0
2017-02-28,210.8,211.6,207.0,207.0,16362243.0,3408305725.0
2017-03-01,207.0,207.4,205.0,206.8,19151883.0,3953516277.0
2017-03-02,210.6,211.0,206.4,206.4,15808759.0,3294015096.0
2017-03-03,206.0,208.8,204.2,207.2,16233580.0,3364526031.0
2017-03-06,206.6,210.4,206.6,209.2,11372312.0,2379269479.0
2017-03-07,208.8,212.6,208.8,211.8,12046358.0,2546145237.0
2017-03-08,210.2,212.6,210.2,212.2,10855929.0,2299237553.0
2017-03-09,213.0,213.0,209.2,209.8,14123866.0,2975523224.0
2017-03-10,209.4,212.8,209.2,212.4,15876601.0,3357387090.0
2017-03-13,213.0,215.8,212.8,215.4,20012750.0,4300337156.0
2017-03-14,216.0,216.0,213.8,214.6,15104670.0,3246080557.0
2017-03-15,213.0,215.6,213.0,214.6,10738632.0,2304140765.0
2017-03-16,217.6,220.8,216.2,220.8,27169372.0,5936368533.0
2017-03-17,222.2,222.8,220.8,222.0,22110796.0,4905002419.0
2017-03-20,222.0,228.2,221.8,228.2,24497641.0,5545683602.0
2017-03-21,228.0,229.8,223.8,228.8,28352992.0,6439050760.0
2017-03-22,224.0,227.0,223.4,225.2,24831244.0,5585760268.0
2017-03-23,221.8,223.6,218.2,223.0,39654843.0,8778048516.0
2017-03-24,223.2,225.4,222.4,225.2,16607909.0,3720124303.0
2017-03-27,225.2,228.4,223.2,224.8,20607592.0,4656873964.0
2017-03-28,227.0,227.0,224.8,226.0,14412946.0,3255041727.0
2017-03-29,230.0,230.2,226.6,228.0,16126457.0,3677926305.0
2017-03-30,229.2,229.2,225.2,225.2,17388185.0,3941060301.0
2017-03-31,225.4,226.4,222.6,222.8,16116998.0,3614003914.0
2017-04-03,226.0,226.0,222.4,225.2,13042390.0,2928030693.0
2017-04-05,228.0,228.8,226.2,228.8,21574677.0,4910641397.0
2017-04-06,227.8,228.8,226.4,228.0,11191221.0,2548372343.0
2017-04-07,228.0,228.2,224.2,227.2,14928165.0,3375015297.0
2017-04-10,228.0,228.4,225.4,226.4,7479213.0,1695819131.0
2017-04-11,228.0,228.0,224.2,225.0,9446922.0,2131423531.0
2017-04-12,225.4,231.0,225.2,231.0,15740467.0,3590179265.0
2017-04-13,229.6,233.8,228.8,230.6,20659980.0,4778128646.0
2017-04-18,231.0,231.8,228.0,228.0,14813343.0,3399433957.0
2017-04-19,228.0,231.4,228.0,230.2,16607985.0,3817387500.0
2017-04-20,232.6,236.6,231.6,236.6,21399865.0,5019072537.0
2017-04-21,237.6,239.6,233.8,236.4,16990163.0,4021812813.0
2017-04-24,240.0,240.0,236.6,238.0,14548614.0,3462593823.0
2017-04-25,238.8,242.8,237.2,242.8,18789716.0,4522490766.0
2017-04-26,243.8,244.6,240.4,241.6,20607333.0,5006443537.0
2017-04-27,242.2,245.0,239.4,244.6,17296815.0,4203733895.0
2017-04-28,244.8,244.8,242.4,243.4,13449535.0,3276489332.0
2017-05-02,245.0,248.4,244.8,248.4,19381149.0,4785083886.0
2017-05-04,247.6,247.6,242.8,243.8,23663993.0,5787209767.0
2017-05-05,243.2,244.0,241.8,243.8,14901527.0,3619003035.0
2017-05-08,247.2,247.2,243.4,244.8,19308767.0,4732245697.0
2017-05-09,248.0,250.8,245.6,250.8,19679502.0,4888213919.0
2017-05-10,252.0,255.4,249.2,250.4,29585623.0,7479275427.0
2017-05-11,249.6,255.0,249.4,254.6,20293953.0,5133149662.0
2017-05-12,256.2,259.2,255.2,258.2,25854155.0,6670980152.0
2017-05-15,259.6,260.6,257.8,259.0,21565437.0,5592279559.0
2017-05-16,261.6,261.6,256.2,258.8,22950129.0,5944770985.0
2017-05-17,260.8,261.2,258.2,259.8,18005770.0,4676894671.0
2017-05-18,257.0,271.4,257.0,264.0,54039295.0,14366834150.0
2017-05-19,266.0,271.2,265.2,268.4,29296891.0,7870401545.0
2017-05-22,271.6,276.8,270.4,275.4,27155898.0,7458038732.0
2017-05-23,279.0,280.6,271.8,275.2,34952505.0,9679227356.0
2017-05-24,275.6,275.8,269.0,273.6,23143763.0,6294594248.0
2017-05-25,273.4,277.2,273.4,277.2,18057011.0,4979064822.0
2017-05-26,275.6,279.0,275.4,278.0,16821442.0,4657081871.0
2017-05-29,278.0,278.2,274.0,274.8,16775468.0,4615246801.0
2017-05-31,274.8,277.0,267.4,267.6,37199378.0,10046997200.0
2017-06-01,267.0,272.8,262.8,271.2,31879531.0,8561159165.0
2017-06-02,275.6,275.6,269.4,270.0,18058922.0,4916785298.0
2017-06-05,271.8,273.6,269.0,271.6,12464553.0,3374718780.0
2017-06-06,272.2,273.8,271.6,273.6,12386827.0,3379855952.0
2017-06-07,274.6,275.6,270.8,272.8,13084272.0,3567880740.0
2017-06-08,272.8,274.4,271.4,273.4,14994316.0,4090755125.0
2017-06-09,277.8,283.4,276.2,277.4,69183612.0,19328649406.0
2017-06-12,271.2,274.8,269.4,270.6,38020407.0,10349820384.0
2017-06-13,273.6,273.6,271.0,272.4,23003533.0,6258624349.0
2017-06-14,274.0,277.4,273.0,277.4,22610380.0,6223742355.0
2017-06-15,277.0,277.0,273.0,273.0,18220693.0,5001136982.0
2017-06-16,272.8,276.4,272.6,272.6,20927343.0,5729605238.0
2017-06-19,274.8,279.0,274.2,278.8,16963532.0,4703706798.0
2017-06-20,282.8,283.8,279.2,280.0,16108404.0,4537991011.0
2017-06-21,280.2,281.6,277.0,279.2,16517148.0,4616142045.0
2017-06-22,282.6,283.8,280.4,281.6,15573926.0,4390913997.0
2017-06-23,282.6,282.8,280.2,280.2,12763476.0,3590169347.0
2017-06-26,281.0,285.0,280.8,284.0,16455438.0,4656409788.0
2017-06-27,284.6,288.4,282.8,288.0,20034778.0,5749918189.0
2017-06-28,284.0,287.0,282.0,282.8,25379040.0,7195834173.0
2017-06-29,287.0,287.2,282.6,284.0,15915273.0,4530158297.0
2017-06-30,279.0,280.6,277.4,279.2,20917886.0,5850473147.0
2017-07-03,278.4,280.8,277.8,280.8,12980644.0,3623301200.0
2017-07-04,278.8,279.2,266.4,269.2,39021127.0,10619460072.0
2017-07-05,266.6,273.4,260.4,271.0,44469113.0,11918570404.0
2017-07-06,274.6,275.0,271.2,271.8,16896004.0,4602529452.0
2017-07-07,267.8,270.6,267.0,269.0,18051304.0,4865553078.0
2017-07-10,270.0,272.0,269.4,271.6,13037177.0,3533962986.0
2017-07-11,273.8,279.0,273.8,278.4,18877039.0,5221278307.0
2017-07-12,279.6,283.2,279.0,281.2,15398833.0,4335438640.0
2017-07-13,285.6,286.4,282.6,284.4,18892847.0,5378774010.0
2017-07-14,285.0,285.4,282.4,284.8,11874513.0,3374541869.0
2017-07-17,288.0,288.8,284.2,285.0,14312139.0,4093517464.0
2017-07-18,286.6,287.4,285.2,286.8,11373710.0,3255641070.0
2017-07-19,289.8,298.8,288.8,298.0,28377010.0,8350418510.0
2017-07-20,299.8,300.0,296.0,297.0,15998923.0,4778842189.0
2017-07-21,298.0,300.6,295.0,297.0,11572492.0,3447343018.0
2017-07-24,298.0,302.8,297.2,302.2,15577849.0,4684907400.0
2017-07-25,302.4,304.8,301.6,301.6,18337415.0,5558750016.0
2017-07-26,303.0,303.6,298.0,301.0,15441362.0,4643829839.0
2017-07-27,303.0,308.6,301.6,308.4,17309216.0,5296190144.0
2017-07-28,304.6,307.4,303.0,304.8,22259614.0,6795274023.0
2017-07-31,305.4,314.4,305.4,313.4,21609121.0,6729305326.0
2017-08-01,309.0,317.4,309.0,314.4,20797165.0,6551839777.0
2017-08-02,315.0,317.8,311.8,312.6,18487436.0,5820236727.0
2017-08-03,310.8,312.6,308.0,308.6,23471273.0,7272977936.0
2017-08-04,311.2,315.4,309.8,311.4,17217901.0,5377473841.0
2017-08-07,315.4,321.4,315.0,320.6,21296305.0,6799570137.0
2017-08-08,320.4,328.6,320.0,328.6,22771430.0,7442227070.0
2017-08-09,326.0,333.0,326.0,330.2,26055300.0,8577585983.0
2017-08-10,328.0,330.4,322.8,326.6,27585584.0,9011053902.0
2017-08-11,314.0,319.2,310.2,310.6,57667931.0,18112520672.0
2017-08-14,314.0,324.8,314.0,324.0,30656758.0,9791815818.0
2017-08-15,328.0,330.4,318.8,318.8,23926140.0,7772540098.0
2017-08-16,319.4,324.6,319.4,323.2,23592733.0,7603507115.0
2017-08-17,340.4,341.0,329.4,329.4,44326795.0,14811353597.0
2017-08-18,324.6,329.4,323.6,325.8,24215583.0,7919045181.0
2017-08-21,330.0,330.4,326.0,326.0,15608008.0,5121530046.0
2017-08-22,328.0,329.2,324.0,324.0,14711626.0,4809936768.0
2017-08-24,333.0,333.0,325.2,327.4,23429770.0,7680277794.0
2017-08-25,329.0,329.0,322.6,328.4,19929522.0,6499758295.0
2017-08-28,327.0,329.0,321.4,323.0,22343373.0,7245720841.0
2017-08-29,320.2,322.0,314.6,319.8,22207064.0,7083439112.0
2017-08-30,325.6,327.6,323.0,326.6,17631515.0,5736477890.0
2017-08-31,326.6,330.4,326.6,329.0,17317121.0,5693113695.0
2017-09-01,331.8,332.2,326.2,326.2,23454734.0,7705307143.0
2017-09-04,325.0,326.0,321.4,322.0,15521481.0,5026783524.0
2017-09-05,323.2,326.0,321.2,321.8,13836022.0,4472337454.0
2017-09-06,320.8,325.6,319.2,324.2,17260324.0,5556168193.0
2017-09-07,326.6,326.8,320.4,320.6,16216841.0,5238324171.0
2017-09-08,323.2,324.0,321.4,321.8,10837901.0,3494045931.0
2017-09-11,322.8,330.8,322.2,330.8,23848866.0,7816160786.0
2017-09-12,335.0,335.2,330.4,333.0,15271955.0,5081026329.0
2017-09-13,335.0,335.0,330.6,334.0,14802934.0,4928712422.0
2017-09-14,335.0,339.4,333.8,337.0,19055410.0,6426337347.0
2017-09-15,337.0,340.6,334.2,338.8,24571497.0,8313775106.0
2017-09-18,341.0,346.0,341.0,346.0,18391711.0,6336397491.0
2017-09-19,348.4,349.6,343.4,344.2,21945708.0,7612238316.0
2017-09-20,343.0,347.4,343.0,346.4,13674167.0,4723840906.0
2017-09-21,345.0,348.4,344.4,347.2,14893320.0,5168202777.0
2017-09-22,344.0,347.2,343.2,346.2,14354595.0,4962259475.0
2017-09-25,345.2,345.8,340.4,341.6,22328070.0,7654223717.0
2017-09-26,330.0,339.2,328.6,337.6,34724499.0,11641183120.0
2017-09-27,337.6,341.6,337.0,338.4,13521570.0,4586924218.0
2017-09-28,338.4,340.6,333.0,333.0,17292632.0,5827536686.0
2017-09-29,334.6,337.4,333.2,336.2,12861135.0,4317367184.0
2017-10-03,345.6,346.8,341.6,346.8,18517760.0,6373964018.0
2017-10-04,348.4,351.0,348.0,349.4,11708684.0,4087576766.0
2017-10-06,353.4,353.6,350.2,352.0,13355238.0,4700925906.0
2017-10-09,352.0,353.0,348.6,349.0,13455864.0,4716539100.0
2017-10-10,350.8,352.6,349.8,351.2,10823170.0,3800731357.0
2017-10-11,351.2,352.6,349.4,351.6,17642355.0,6197491266.0
2017-10-12,352.0,353.8,350.2,350.2,14874040.0,5231749322.0
2017-10-13,347.2,350.2,346.4,349.2,20928347.0,7288594562.0
2017-10-16,352.0,355.6,350.4,355.6,17588494.0,6215968294.0
2017-10-17,356.4,356.4,353.0,354.8,12885350.0,4572056061.0
2017-10-18,349.6,354.8,349.6,354.6,11974333.0,4226714447.0
2017-10-19,356.2,356.4,345.6,346.2,21617366.0,7588814108.0
2017-10-20,348.0,350.6,348.0,349.6,14319859.0,5005396378.0
2017-10-23,351.6,351.6,347.4,348.6,9767821.0,3411226117.0
2017-10-24,347.2,349.6,345.4,347.4,15417200.0,5354649470.0
2017-10-25,348.2,352.6,348.0,352.0,12989841.0,4558568801.0
2017-10-26,348.8,350.6,346.4,347.0,15826872.0,5513592104.0
2017-10-27,348.0,348.6,346.4,347.8,16161754.0,5615097988.0
2017-10-30,353.0,353.0,349.0,349.6,16538825.0,5795863911.0
2017-10-31,352.0,352.4,349.4,349.8,12706629.0,4459777466.0
2017-11-01,352.0,360.4,351.6,360.0,22026178.0,7842799762.0
2017-11-02,360.8,364.6,357.6,361.8,17931996.0,6492219356.0
2017-11-03,364.6,368.4,363.6,368.0,16625181.0,6098355191.0
2017-11-06,369.6,379.6,364.6,377.0,25043422.0,9315767131.0
2017-11-07,380.4,391.0,380.2,391.0,25585700.0,9916950175.0
2017-11-08,387.2,398.6,382.4,385.6,43983824.0,17131124818.0
2017-11-09,385.2,392.4,385.2,387.8,23906595.0,9303831515.0
2017-11-10,383.4,390.8,383.4,385.4,17152006.0,6645933727.0
2017-11-13,385.0,392.0,385.0,387.6,17666194.0,6873409705.0
2017-11-14,394.0,394.0,387.4,388.0,20492898.0,7984262658.0
2017-11-15,383.8,388.0,383.0,383.0,23436345.0,9027172853.0
2017-11-16,388.2,393.8,384.0,391.8,32583706.0,12722793013.0
2017-11-17,397.0,405.0,397.0,403.4,34542285.0,13853648516.0
2017-11-20,405.4,420.0,405.4,420.0,35231740.0,14490489369.0
2017-11-21,425.0,439.6,420.8,430.0,50468370.0,21740032222.0
2017-11-22,437.0,438.0,424.4,426.8,39601842.0,17033994276.0
2017-11-23,425.0,432.0,418.2,419.6,32014753.0,13589536898.0
2017-11-24,418.8,424.0,414.6,415.8,33069910.0,13817191650.0
2017-11-27,416.0,417.0,410.0,411.4,25746296.0,10645753465.0
2017-11-28,408.0,419.4,402.2,419.2,39406800.0,16146293919.0
2017-11-29,422.2,422.8,410.8,411.6,27073413.0,11251410252.0
2017-11-30,398.8,405.4,398.0,398.0,55969740.0,22443740998.0
2017-12-01,398.0,402.0,385.0,385.0,79028748.0,30802276105.0
2017-12-04,384.0,397.8,377.2,388.4,46134931.0,17941958405.0
2017-12-05,380.0,386.0,376.0,376.0,44389024.0,16918175459.0
2017-12-06,375.0,381.4,365.2,366.0,58301277.0,21664725229.0
2017-12-07,373.8,379.4,367.2,378.0,39232605.0,14687297262.0
2017-12-08,381.0,394.8,380.2,394.0,41462488.0,16119721193.0
2017-12-11,389.4,406.4,389.2,405.4,32016735.0,12767710739.0
2017-12-12,407.0,410.8,391.4,393.2,32544146.0,13035291780.0
2017-12-13,395.0,399.4,387.4,395.6,22632354.0,8911793669.0
2017-12-14,401.0,402.6,392.6,397.2,16678498.0,6620888740.0
2017-12-15,392.4,394.6,389.0,389.0,23201046.0,9064185387.0
2017-12-18,394.4,398.6,389.0,394.2,20264916.0,7989289593.0
2017-12-19,404.0,404.0,398.8,401.2,21109022.0,8477174612.0
2017-12-20,398.6,400.4,396.8,397.4,13394104.0,5335774851.0
2017-12-21,397.0,402.4,395.2,399.8,18431377.0,7373741800.0
2017-12-22,403.8,405.8,400.8,405.8,16146080.0,6515707336.0
2017-12-27,407.8,407.8,401.0,401.2,16680601.0,6714266319.0
2017-12-28,404.0,408.2,402.2,408.2,11662053.0,4736662421.0
2017-12-29,408.0,408.0,403.4,406.0,16601658.0,6743113205.0
2018-01-02,408.0,418.0,407.6,417.8,24080505.0,10011333759.0
2018-01-03,424.0,426.8,419.0,422.2,22780154.0,9638247139.0
2018-01-04,427.0,432.4,424.2,431.8,27904538.0,11967516199.0
2018-01-05,436.4,436.4,428.2,433.2,19958447.0,8614181553.0
2018-01-08,436.2,439.2,433.8,438.6,17994826.0,7856873444.0
2018-01-09,441.0,446.4,439.0,443.8,24476517.0,10848563239.0
2018-01-10,445.8,446.2,440.0,440.4,18007353.0,7968681786.0
2018-01-11,436.0,438.0,429.4,429.4,27635787.0,11945763875.0
2018-01-12,431.8,442.2,430.8,442.2,19198950.0,8381049437.0
2018-01-15,445.4,448.8,433.2,433.2,23394615.0,10320307835.0
2018-01-16,436.0,444.8,435.0,444.2,20592159.0,9098469930.0
2018-01-17,443.0,449.0,439.2,449.0,24879570.0,11066596008.0
2018-01-18,452.6,454.0,444.8,447.8,21795983.0,9800450376.0
2018-01-19,452.2,453.0,448.0,452.4,14749167.0,6648682787.0
2018-01-22,455.0,460.0,450.4,460.0,19364906.0,8841470377.0
2018-01-23,466.2,474.6,463.6,474.6,23871965.0,11195015719.0
2018-01-24,474.0,474.4,466.8,469.0,24929026.0,11729418912.0
2018-01-25,466.2,468.2,458.0,458.0,27732428.0,12821918457.0
2018-01-26,464.2,471.2,464.0,471.2,22012532.0,10310863512.0
2018-01-29,473.8,476.6,466.4,471.6,22504576.0,10608507841.0
2018-01-30,463.2,469.6,461.2,461.8,22255680.0,10333929085.0
2018-01-31,455.6,468.4,455.2,463.6,27609235.0,12754796625.0
2018-02-01,466.0,466.8,460.0,460.0,17119372.0,7917368529.0
2018-02-02,459.0,460.0,451.0,452.4,24328782.0,11080880901.0
2018-02-05,433.8,445.8,432.8,441.0,40391973.0,17778459853.0
2018-02-06,423.0,425.4,407.2,410.0,86849711.0,36273328529.0
2018-02-07,430.0,432.8,413.2,414.8,61051730.0,25868888269.0
2018-02-08,418.8,424.0,414.0,420.2,35437925.0,14875058867.0
2018-02-09,403.0,411.0,398.0,407.4,69156760.0,27953813778.0
2018-02-12,412.8,419.8,409.6,409.6,33853960.0,14074697203.0
2018-02-13,419.2,425.6,418.0,422.4,23705127.0,9999016748.0
2018-02-14,428.6,435.0,426.4,433.6,22285259.0,9597172034.0
2018-02-15,444.4,447.0,441.8,447.0,16354787.0,7268700957.0
2018-02-20,450.0,453.0,444.8,445.8,20482027.0,9191828610.0
2018-02-21,448.6,458.0,447.2,458.0,20404622.0,9252271928.0
2018-02-22,455.0,455.2,446.4,446.4,22385045.0,10103931356.0
2018-02-23,454.0,454.6,449.4,453.4,14992072.0,6785912225.0
2018-02-26,456.0,457.0,448.4,453.0,21252148.0,9607595634.0
2018-02-27,458.0,458.0,442.2,446.0,22008908.0,9892031650.0
2018-02-28,439.0,440.0,431.0,432.2,32560086.0,14167754645.0
2018-03-01,430.0,447.4,428.0,447.0,27113483.0,11933604983.0
2018-03-02,437.0,440.6,436.0,436.0,25891511.0,11341295307.0
2018-03-05,436.0,439.6,425.0,425.0,24038693.0,10358473778.0
2018-03-06,435.0,444.0,430.0,438.6,24812525.0,10862231125.0
2018-03-07,435.2,441.2,430.0,434.2,19256638.0,8378697219.0
2018-03-08,440.0,444.0,438.0,443.0,17506389.0,7737290370.0
2018-03-09,445.0,448.2,445.0,447.0,13025075.0,5813403406.0
2018-03-12,455.4,460.0,454.8,460.0,25513013.0,11660311092.0
2018-03-13,460.0,462.8,455.8,462.8,18501646.0,8515214136.0
2018-03-14,457.4,463.8,453.6,463.6,22611788.0,10323250741.0
2018-03-15,459.2,470.0,458.0,468.6,24702582.0,11506628848.0
2018-03-16,467.0,472.8,465.2,465.2,23898970.0,11179189687.0
2018-03-19,465.0,470.4,461.8,461.8,16287008.0,7584356727.0
2018-03-20,456.4,468.4,456.0,466.6,21953314.0,10158755309.0
2018-03-21,472.2,475.6,460.6,462.6,28243967.0,13278686357.0
2018-03-22,451.6,459.0,438.6,439.4,71848311.0,32204686258.0
2018-03-23,405.0,424.8,405.0,420.0,308436765.0,126137963774.0
2018-03-26,419.4,431.0,412.4,426.6,47299723.0,19913240771.0
2018-03-27,435.2,438.6,430.2,432.2,42644182.0,18516918557.0
2018-03-28,420.0,427.4,411.4,412.2,48964699.0,20468643022.0
2018-03-29,414.0,417.0,405.2,409.6,41115421.0,16899465578.0
2018-04-03,404.6,412.4,400.6,409.4,32886586.0,13371121274.0
2018-04-04,408.2,412.0,397.6,397.6,35861711.0,14454636989.0
2018-04-06,404.8,409.6,400.4,405.8,26586340.0,10780751215.0
2018-04-09,408.0,414.6,404.2,410.0,21220762.0,8701467951.0
2018-04-10,413.0,418.6,409.4,417.2,25584002.0,10638297479.0
2018-04-11,421.0,425.6,417.2,419.6,23911389.0,10066634139.0
2018-04-12,422.4,423.6,408.8,413.2,20604298.0,8539267276.0
2018-04-13,416.6,416.8,407.2,408.0,19567202.0,8022094156.0
2018-04-16,406.8,407.8,399.2,403.0,24901230.0,10008327849.0
2018-04-17,403.2,406.6,395.0,397.2,28414345.0,11374214552.0
2018-04-18,404.2,405.0,393.4,400.0,28121104.0,11243801689.0
2018-04-19,404.0,407.2,400.6,405.8,21812372.0,8828937097.0
2018-04-20,406.0,406.8,398.4,400.2,18108773.0,7274225393.0
2018-04-23,397.6,400.2,393.6,394.0,19316986.0,7634859882.0
2018-04-24,396.6,399.4,394.2,396.6,14521724.0,5761424715.0
2018-04-25,390.8,393.0,384.8,386.8,34823644.0,13504684260.0
2018-04-26,388.0,390.6,377.2,382.2,34961200.0,13375029605.0
2018-04-27,390.0,390.8,383.0,388.4,26446726.0,10250314510.0
2018-04-30,392.4,393.6,389.2,391.0,12881205.0,5047874112.0
2018-05-02,391.0,396.8,391.0,393.4,19203910.0,7563806902.0
2018-05-03,389.4,390.6,384.4,385.0,23905086.0,9233995422.0
2018-05-04,389.6,389.6,382.0,382.8,19325968.0,7452372660.0
2018-05-07,388.0,388.8,375.4,380.0,34266791.0,13060999244.0
2018-05-08,384.0,393.6,382.0,390.6,33393975.0,12984708014.0
2018-05-09,395.0,396.8,390.6,394.6,20938751.0,8262082857.0
2018-05-10,399.0,406.6,398.0,406.2,31117306.0,12561825169.0
2018-05-11,412.0,415.0,408.0,408.8,24703301.0,10173481720.0
2018-05-14,415.0,416.8,409.0,411.8,20833909.0,8590661845.0
2018-05-15,411.8,412.6,398.0,398.0,33138167.0,13310822901.0
2018-05-16,398.6,398.8,390.6,396.2,29613558.0,11705698537.0
2018-05-17,424.0,424.2,409.2,411.0,69097901.0,28725821014.0
2018-05-18,414.2,415.0,408.0,411.0,21407723.0,8819022686.0
2018-05-21,416.6,418.0,408.0,408.0,21440433.0,8876491491.0
2018-05-23,412.8,414.4,407.0,407.0,24572225.0,10099409988.0
2018-05-24,411.0,411.4,402.6,407.0,17158987.0,6983939572.0
2018-05-25,403.0,407.6,401.6,404.0,16752353.0,6760907153.0
2018-05-28,407.6,407.6,401.2,405.2,13391312.0,5415467780.0
2018-05-29,403.8,406.2,402.0,402.0,12131694.0,4892039361.0
2018-05-30,400.2,400.2,395.0,395.0,23245403.0,9228414557.0
2018-05-31,396.8,401.8,395.2,399.2,36770396.0,14662389166.0
2018-06-01,401.6,404.0,398.2,404.0,23154943.0,9304187316.0
2018-06-04,413.0,415.0,408.8,415.0,31279329.0,12889333311.0
2018-06-05,418.8,420.0,415.4,420.0,25879169.0,10829017566.0
2018-06-06,421.2,425.0,420.8,425.0,23218762.0,9834396498.0
2018-06-07,431.0,431.6,425.8,429.2,24688648.0,10570668413.0
2018-06-08,426.6,426.6,412.6,415.0,28928220.0,12080890966.0
2018-06-11,420.0,421.0,415.6,419.0,15480976.0,6485765115.0
2018-06-12,420.4,422.4,416.2,417.4,12361698.0,5180315721.0
2018-06-13,420.0,420.0,415.0,415.2,12210371.0,5091525595.0
2018-06-14,417.6,417.6,408.6,412.0,17691467.0,7292241153.0
2018-06-15,416.0,417.0,408.4,410.0,23180404.0,9569324899.0
2018-06-19,410.0,410.0,395.2,396.8,34554216.0,13821602514.0
2018-06-20,400.0,404.6,397.4,400.2,22963740.0,9195918270.0
2018-06-21,404.4,405.0,396.2,396.8,20161454.0,8065948964.0
2018-06-22,395.6,400.4,391.2,397.4,20167800.0,7990101976.0
2018-06-25,395.0,397.8,388.4,388.8,21688209.0,8491586645.0
2018-06-26,384.0,390.4,380.0,386.0,29827048.0,11471719374.0
2018-06-27,386.0,387.6,377.4,377.4,28081870.0,10712999429.0
2018-06-28,375.0,382.4,373.4,379.0,27513679.0,10390695987.0
2018-06-29,380.0,393.8,380.0,393.8,28307465.0,11019043616.0
2018-07-03,395.0,395.0,381.6,390.8,25640221.0,9936670935.0
2018-07-04,389.2,390.8,381.8,383.0,15074945.0,5803722434.0
2018-07-05,383.0,388.0,379.2,385.6,13984065.0,5364961604.0
2018-07-06,387.0,389.2,380.4,386.6,18000963.0,6950457297.0
2018-07-09,394.2,398.0,392.2,396.0,18373223.0,7265342561.0
2018-07-10,396.0,398.0,386.2,386.8,26791391.0,10436860002.0
2018-07-11,378.0,382.2,375.0,379.4,24515081.0,9284249851.0
2018-07-12,378.0,384.8,376.8,380.0,15496184.0,5899711505.0
2018-07-13,386.8,386.8,380.0,381.0,12236915.0,4678756916.0
2018-07-16,383.6,386.2,380.4,381.4,11036993.0,4217112847.0
2018-07-17,380.0,380.6,375.0,375.8,15541560.0,5850242250.0
2018-07-18,380.4,383.0,376.0,378.0,13200548.0,4996447606.0
2018-07-19,378.0,380.6,375.2,375.6,10488882.0,3950992880.0
2018-07-20,375.8,377.6,371.6,376.6,17079527.0,6394979593.0
2018-07-23,377.6,377.6,369.2,371.0,19939375.0,7402504818.0
2018-07-24,374.0,375.6,371.8,375.2,20856611.0,7796825439.0
2018-07-25,378.2,380.0,376.4,379.8,18701043.0,7073348838.0
2018-07-26,381.8,382.8,370.4,374.8,22285509.0,8353540930.0
2018-07-27,371.0,374.0,369.8,373.0,14462929.0,5381027613.0
2018-07-30,370.0,370.8,361.6,367.2,25413455.0,9286033461.0
2018-07-31,361.0,361.8,353.4,355.2,36978659.0,13209744426.0
2018-08-01,360.8,361.2,353.0,355.0,25708741.0,9158262998.0
2018-08-02,352.8,354.4,340.4,345.0,40777013.0,14093093959.0
2018-08-03,348.2,354.6,346.6,349.8,30270747.0,10587786505.0
2018-08-06,357.8,357.8,350.0,353.0,21446403.0,7593836811.0
2018-08-07,355.0,358.4,348.6,357.0,18131302.0,6431111582.0
2018-08-08,366.6,366.6,360.6,364.0,25449715.0,9255511727.0
2018-08-09,367.0,375.4,365.0,372.6,26626507.0,9887474946.0
2018-08-10,375.4,375.6,364.6,370.0,19525508.0,7209597386.0
2018-08-13,363.0,364.6,360.2,361.0,16951441.0,6140502547.0
2018-08-14,355.0,358.0,341.8,348.6,40167471.0,13975044679.0
2018-08-15,343.0,344.0,335.0,336.0,37288416.0,12587697663.0
2018-08-16,320.0,332.6,319.0,325.8,69246930.0,22473272423.0
2018-08-17,335.0,338.8,333.6,337.0,42698939.0,14355366143.0
2018-08-20,343.2,352.4,342.4,350.8,34973182.0,12129963417.0
2018-08-21,355.0,355.0,345.6,350.6,22787446.0,7973613224.0
2018-08-22,354.0,360.6,349.4,359.4,28940119.0,10322599595.0
2018-08-23,363.0,363.2,354.0,359.0,20061919.0,7195647642.0
2018-08-24,353.0,358.0,352.6,354.0,17545124.0,6218584798.0
2018-08-27,359.4,361.0,356.2,361.0,13959775.0,5016120801.0
2018-08-28,365.0,368.8,361.4,365.4,20573345.0,7515940916.0
2018-08-29,365.0,366.0,357.8,360.8,15732722.0,5688273124.0
2018-08-30,361.2,362.6,355.4,357.4,12131375.0,4341993085.0
2018-08-31,339.6,343.6,338.0,340.0,51544845.0,17524559858.0
2018-09-03,333.4,335.2,328.6,332.8,27672896.0,9168154348.0
2018-09-04,329.2,341.0,329.0,338.6,18025607.0,6074168568.0
2018-09-05,332.2,333.4,323.2,324.8,31479425.0,10344925407.0
2018-09-06,316.0,322.8,312.0,314.6,44287451.0,14002701119.0
2018-09-07,313.2,319.6,309.6,316.8,39938047.0,12580758575.0
2018-09-10,318.8,322.0,311.8,313.6,24847539.0,7846844469.0
2018-09-11,313.6,314.0,307.2,308.0,29972185.0,9280993055.0
2018-09-12,312.0,312.4,305.2,308.4,23489734.0,7259802841.0
2018-09-13,314.8,323.8,314.0,323.8,30836213.0,9839865330.0
2018-09-14,330.0,331.8,328.0,330.0,26428478.0,8722510369.0
2018-09-17,325.0,326.0,318.6,319.2,18863537.0,6055431708.0
2018-09-18,315.0,323.4,311.0,318.0,24482875.0,7734147502.0
2018-09-19,320.0,326.8,319.2,321.6,20774346.0,6705439988.0
2018-09-20,329.0,329.0,321.2,324.2,19471441.0,6324594604.0
2018-09-21,327.6,334.4,326.0,334.4,30123052.0,9972405880.0
2018-09-24,332.2,332.4,326.0,327.8,18537726.0,6099118219.0
2018-09-26,331.4,332.6,328.0,330.0,23118115.0,7637072432.0
2018-09-27,333.2,333.2,321.8,325.4,19972795.0,6492568341.0
2018-09-28,327.6,327.6,321.2,323.2,16420799.0,5307303259.0
2018-10-02,325.0,325.0,315.0,317.0,21722687.0,6909856385.0
2018-10-03,313.0,319.6,313.0,316.0,13143988.0,4153947637.0
2018-10-04,315.4,315.4,307.0,308.4,22449211.0,6940560581.0
2018-10-05,305.0,307.8,302.4,305.0,21377602.0,6515745454.0
2018-10-08,305.8,306.8,299.0,299.0,22217251.0,6706752818.0
2018-10-09,300.0,301.4,293.8,293.8,26099026.0,7756459262.0
2018-10-10,294.0,296.8,285.6,286.4,33300721.0,9682929657.0
2018-10-11,274.0,274.6,265.0,267.0,67626040.0,18154309427.0
2018-10-12,277.0,289.6,273.0,288.4,54416265.0,15288533420.0
2018-10-15,291.6,291.6,278.0,282.8,27588752.0,7805209718.0
2018-10-16,283.2,283.8,273.2,281.4,25111529.0,6996768069.0
2018-10-18,286.0,286.0,273.4,281.0,21982489.0,6147208472.0
2018-10-19,275.2,286.2,273.4,282.0,25231456.0,7082417447.0
2018-10-22,282.0,293.8,280.6,291.2,28245575.0,8166203728.0
2018-10-23,293.0,293.0,277.0,277.8,30960896.0,8757471215.0
2018-10-24,282.6,284.8,272.0,275.8,26379754.0,7330458885.0
2018-10-25,266.8,270.0,265.0,269.0,31111906.0,8321286255.0
2018-10-26,269.0,269.8,259.4,260.0,26383457.0,6943417405.0
2018-10-29,264.6,264.6,255.0,260.0,24019681.0,6223185154.0
2018-10-30,256.0,258.0,251.4,252.2,29484819.0,7507062341.0
2018-10-31,257.2,267.0,256.6,267.0,34358127.0,8989294179.0
2018-11-01,275.0,283.2,271.4,277.8,41075613.0,11383296918.0
2018-11-02,295.0,303.8,289.4,303.6,66912440.0,19929349663.0
2018-11-05,294.6,296.4,286.8,292.4,27220707.0,7947280648.0
2018-11-06,294.8,294.8,286.0,292.0,23335427.0,6776253433.0
2018-11-07,293.4,301.8,286.0,293.4,25726022.0,7538664085.0
2018-11-08,301.0,301.6,292.0,293.6,30646347.0,9101575075.0
2018-11-09,287.6,287.6,278.2,279.2,28764444.0,8117498928.0
2018-11-12,275.4,276.8,270.0,270.6,27299303.0,7446841528.0
2018-11-13,262.0,275.4,260.0,274.4,33466976.0,8935609891.0
2018-11-14,276.0,276.6,270.2,272.2,21334990.0,5823137351.0
2018-11-15,284.0,288.8,277.6,288.0,46024464.0,13049800785.0
2018-11-16,290.0,291.4,285.8,290.4,25920320.0,7485051552.0
2018-11-19,293.0,294.8,289.4,291.2,18040808.0,5261725519.0
2018-11-20,284.2,285.0,280.8,281.6,17061588.0,4820875559.0
2018-11-21,277.4,291.4,277.0,289.6,22357879.0,6417643946.0
2018-11-22,295.2,297.6,290.6,295.0,19959478.0,5864498821.0
2018-11-23,293.0,294.6,287.4,291.2,12015790.0,3488588962.0
2018-11-26,293.0,298.6,291.8,298.0,15160911.0,4496202186.0
2018-11-27,299.4,303.8,296.4,303.8,27363126.0,8241724291.0
2018-11-28,307.0,315.0,304.8,314.8,34384748.0,10695221922.0
2018-11-29,320.0,320.8,309.2,312.0,38087387.0,11981886937.0
2018-11-30,312.8,315.0,308.4,312.0,23164493.0,7237738475.0
2018-12-03,328.0,328.2,320.0,324.8,35143989.0,11402534414.0
2018-12-04,326.2,328.4,320.2,328.4,25224551.0,8184725625.0
2018-12-05,318.0,323.8,316.0,321.0,26006699.0,8322231711.0
2018-12-06,312.2,316.8,303.8,304.2,31464150.0,9689369943.0
2018-12-07,304.8,313.8,304.8,310.6,30969630.0,9611713548.0
2018-12-10,304.2,309.0,303.6,308.0,17471804.0,5354125553.0
2018-12-11,309.8,313.6,308.2,311.2,17052744.0,5303638967.0
2018-12-12,316.0,318.8,314.6,316.8,16057644.0,5091410473.0
2018-12-13,318.0,320.8,316.8,318.6,14133698.0,4505836302.0
2018-12-14,311.2,312.4,307.8,308.8,17041560.0,5285130604.0
2018-12-17,310.8,310.8,305.4,308.8,13791123.0,4255125703.0
2018-12-18,302.4,305.6,300.2,302.8,18770121.0,5684086439.0
2018-12-19,301.0,304.8,300.8,303.0,14666479.0,4436088604.0
2018-12-20,300.2,305.0,299.6,301.6,16290305.0,4918382421.0
2018-12-21,298.2,318.6,297.0,315.2,41628409.0,12971090620.0
2018-12-24,315.2,315.2,308.6,310.6,14579845.0,4534628821.0
2018-12-27,312.0,316.8,307.0,309.6,17646140.0,5507256851.0
2018-12-28,311.0,312.8,308.4,310.0,11541991.0,3576147020.0
2018-12-31,310.0,317.2,310.0,314.0,9891851.0,3108378237.0
2019-01-02,315.0,315.0,306.2,306.6,15721297.0,4843091311.0
2019-01-03,304.0,309.4,302.8,305.0,16420034.0,5014756479.0
2019-01-04,300.4,311.0,300.4,310.6,19329055.0,5931853809.0
2019-01-07,318.0,318.8,313.6,317.6,24890962.0,7881080851.0
2019-01-08,318.0,318.6,312.0,315.6,16264928.0,5117192844.0
2019-01-09,319.8,327.6,319.4,327.6,31878589.0,10326149616.0
2019-01-10,329.0,329.8,323.2,329.0,24908010.0,8155421922.0
2019-01-11,330.8,334.6,329.2,331.2,20145214.0,6681194571.0
2019-01-14,329.6,329.6,320.2,321.8,18977242.0,6127183222.0
2019-01-15,325.0,330.8,323.2,330.0,16953757.0,5566098645.0
2019-01-16,330.0,331.0,325.2,331.0,16392202.0,5394384684.0
2019-01-17,335.0,338.0,330.6,331.2,23148086.0,7740993834.0
2019-01-18,335.0,337.8,333.8,337.0,15656802.0,5262974001.0
2019-01-21,338.0,344.4,336.2,340.0,19062984.0,6486329932.0
2019-01-22,342.0,342.0,330.8,335.8,21039177.0,7049959821.0
2019-01-23,330.6,335.6,330.6,333.2,16410980.0,5462082963.0
2019-01-24,332.2,333.0,326.8,330.2,17113453.0,5640516225.0
2019-01-25,335.0,343.8,333.4,343.8,31534946.0,10705602217.0
2019-01-28,344.4,349.0,340.4,341.6,22241461.0,7669243869.0
2019-01-29,339.2,342.8,336.8,342.4,15798763.0,5376804974.0
2019-01-30,342.0,344.2,339.0,344.2,13088458.0,4476056851.0
2019-01-31,349.8,351.0,345.2,346.0,24188407.0,8415634461.0
2019-02-01,352.0,352.0,345.4,348.0,13972725.0,4863623893.0
2019-02-04,349.0,349.0,344.8,347.6,5855460.0,2030077947.0
2019-02-08,343.2,347.4,338.0,345.6,14903478.0,5115512481.0
2019-02-11,346.0,352.8,343.8,352.0,17350791.0,6066677880.0
2019-02-12,350.8,353.0,348.2,351.4,15005092.0,5271634169.0
2019-02-13,349.2,350.4,345.4,347.8,22880021.0,7960736463.0
2019-02-14,345.6,345.8,340.6,341.8,19274742.0,6599142015.0
2019-02-15,338.0,340.0,331.2,333.8,18555426.0,6195752001.0
2019-02-18,335.0,341.4,335.0,339.8,12040177.0,4091163922.0
2019-02-19,341.8,343.8,336.8,336.8,9309584.0,3163775166.0
2019-02-20,340.0,344.2,334.8,341.0,17102440.0,5818048433.0
2019-02-21,339.0,343.8,338.8,343.2,11802629.0,4030786256.0
2019-02-22,338.4,344.0,338.2,344.0,13745950.0,4681282967.0
2019-02-25,348.0,348.8,341.6,343.8,17178146.0,5912942466.0
2019-02-26,345.0,345.2,339.8,343.0,13827959.0,4735880361.0
2019-02-27,343.0,344.8,339.0,340.2,15784631.0,5390927144.0
2019-02-28,342.0,342.6,334.6,335.8,18723997.0,6329897503.0
2019-03-01,337.4,341.0,333.4,336.2,17006913.0,5722453946.0
2019-03-04,337.0,348.6,335.0,346.8,28589024.0,9821268428.0
2019-03-05,345.8,362.0,343.8,361.4,36623409.0,13043053299.0
2019-03-06,365.2,370.0,359.2,362.0,29873868.0,10930087464.0
2019-03-07,361.8,361.8,353.2,355.2,17270705.0,6162720406.0
2019-03-08,348.0,351.6,343.2,347.0,25866691.0,8983966615.0
2019-03-11,350.0,356.6,347.4,354.8,18392591.0,6488061951.0
2019-03-12,363.0,363.0,358.4,361.0,16382668.0,5904137495.0
2019-03-13,358.4,360.6,356.0,358.4,12119730.0,4341801007.0
2019-03-14,358.4,360.6,356.2,357.6,12053400.0,4315513688.0
2019-03-15,358.6,363.6,357.2,359.0,16073845.0,5789434596.0
2019-03-18,361.2,368.8,360.8,368.8,19482780.0,7136919999.0
2019-03-19,367.4,370.0,366.2,370.0,15395110.0,5670966335.0
2019-03-20,369.4,371.2,367.0,370.0,16162580.0,5967971301.0
2019-03-21,368.0,370.6,361.8,363.0,21176941.0,7770308719.0
2019-03-22,363.0,369.6,357.6,365.0,25419228.0,9230951485.0
2019-03-25,352.8,356.2,351.8,353.8,20850523.0,7382934054.0
2019-03-26,353.6,356.0,347.0,351.4,16227292.0,5696478020.0
2019-03-27,350.0,358.0,350.0,354.6,13588869.0,4821531858.0
2019-03-28,353.0,354.4,350.8,354.0,10974495.0,3870676292.0
2019-03-29,356.0,361.8,354.0,361.0,17603625.0,6332375792.0
2019-04-01,367.8,368.0,364.8,365.0,14798725.0,5418350389.0
2019-04-02,370.0,370.0,365.4,366.0,13395056.0,4925996947.0
2019-04-03,372.0,379.4,369.0,378.0,27663576.0,10383265845.0
2019-04-04,376.0,379.6,373.0,376.0,13704181.0,5152333849.0
2019-04-08,380.0,381.6,376.4,380.2,16256581.0,6167662465.0
2019-04-09,375.8,383.8,375.8,383.6,14580090.0,5557487009.0
2019-04-10,383.0,389.4,379.8,388.8,15552576.0,6007119835.0
2019-04-11,396.0,400.4,391.0,391.4,33601497.0,13284195173.0
2019-04-12,390.0,393.8,387.4,393.8,12791161.0,4991303400.0
2019-04-15,395.6,398.4,388.2,388.2,14001061.0,5514307466.0
2019-04-16,390.0,394.0,385.0,393.6,13024291.0,5095319856.0
2019-04-17,393.6,397.8,392.6,395.6,12785801.0,5062095342.0
2019-04-18,393.0,395.6,388.6,391.6,13142202.0,5145434898.0
2019-04-23,391.8,395.6,389.0,393.0,13309338.0,5217915696.0
2019-04-24,397.8,397.8,390.0,393.0,15219647.0,5986178747.0
2019-04-25,390.0,391.8,382.6,382.8,15543878.0,6021221632.0
2019-04-26,380.0,385.8,380.0,384.0,12886453.0,4938041092.0
2019-04-29,384.0,391.8,384.0,390.6,13451044.0,5228427930.0
2019-04-30,386.0,390.4,384.4,388.0,9657162.0,3741571134.0
2019-05-02,390.0,391.4,384.0,391.4,9045685.0,3526526223.0
2019-05-03,387.2,389.6,384.6,387.8,9661796.0,3740555283.0
2019-05-06,373.0,377.4,370.2,375.6,22726831.0,8502209891.0
2019-05-07,376.2,381.2,374.0,380.8,17287049.0,6520233601.0
2019-05-08,379.0,395.0,376.4,384.8,34223197.0,13250930557.0
2019-05-09,384.8,387.6,375.6,375.6,19800539.0,7532670392.0
2019-05-10,377.4,387.8,375.0,382.0,25923621.0,9912397255.0
2019-05-14,369.0,377.0,369.0,370.6,26493139.0,9857015324.0
2019-05-15,373.8,378.4,373.2,374.0,16344765.0,6132263437.0
2019-05-16,367.0,376.0,365.6,365.6,22999863.0,8501845782.0
2019-05-17,367.2,367.6,355.0,355.8,22936991.0,8239772523.0
2019-05-20,349.6,352.6,342.0,342.0,26871329.0,9297999014.0
2019-05-21,338.8,348.2,336.8,341.2,22726295.0,7771755441.0
2019-05-22,339.6,342.6,337.2,339.0,19217841.0,6522111340.0
2019-05-23,335.0,336.6,323.2,326.0,36976879.0,12126643919.0
2019-05-24,327.8,332.8,324.6,324.8,21404288.0,7014140086.0
2019-05-27,321.4,328.6,316.8,323.8,19797153.0,6385055386.0
2019-05-28,324.0,332.4,323.6,325.6,28960336.0,9491383314.0
2019-05-29,321.2,327.6,321.2,322.0,19971599.0,6473337287.0
2019-05-30,325.4,326.0,321.6,324.4,12992745.0,4209044215.0
2019-05-31,324.0,331.6,323.8,326.0,18980287.0,6217440942.0
2019-06-03,329.8,333.6,327.2,333.6,20420961.0,6760631961.0
2019-06-04,333.0,333.6,326.2,327.2,19665110.0,6463610662.0
2019-06-05,335.2,335.8,327.8,331.0,18268207.0,6064231044.0
2019-06-06,332.0,332.8,326.0,330.4,12392764.0,4085969327.0
2019-06-10,335.0,343.8,334.2,343.0,23888423.0,8113846028.0
2019-06-11,343.6,345.0,341.2,344.6,17865553.0,6137007660.0
2019-06-12,341.8,342.2,335.2,337.4,17538487.0,5936348986.0
2019-06-13,335.4,336.0,327.2,334.2,20320099.0,6729569804.0
2019-06-14,334.6,336.8,329.2,330.0,14066039.0,4661192785.0
2019-06-17,331.8,335.4,328.6,329.0,10592982.0,3510587889.0
2019-06-18,333.0,336.4,330.0,334.0,11970079.0,3993180294.0
2019-06-19,344.0,347.8,342.0,347.2,23558956.0,8139397613.0
2019-06-20,349.0,354.0,348.0,354.0,19226151.0,6770775334.0
2019-06-21,357.4,357.4,349.0,354.4,20111025.0,7094849293.0
2019-06-24,354.6,357.4,352.4,355.8,10648069.0,3780729417.0
2019-06-25,354.0,354.8,348.0,349.4,11468559.0,4011742347.0
2019-06-26,343.0,350.6,343.0,349.0,10660430.0,3714297229.0
2019-06-27,350.4,354.6,350.4,352.8,11289540.0,3983295855.0
2019-06-28,353.0,353.0,348.6,352.6,12773981.0,4486460591.0
2019-07-02,367.8,367.8,360.2,362.4,22510870.0,8168546498.0
2019-07-03,359.8,360.8,357.2,360.4,10362622.0,3719795029.0
2019-07-04,361.0,364.2,359.2,360.0,6813628.0,2459936996.0
2019-07-05,360.0,361.0,357.6,359.8,5126913.0,1843366893.0
2019-07-08,355.0,355.8,351.0,351.0,10023962.0,3534557484.0
2019-07-09,350.4,351.4,347.0,350.8,9658204.0,3374651002.0
2019-07-10,352.0,357.4,352.0,356.8,12865621.0,4563796547.0
2019-07-11,356.6,360.8,356.0,357.2,8907307.0,3190017193.0
2019-07-12,360.0,360.0,354.8,355.0,8286973.0,2953632280.0
2019-07-15,356.0,360.8,349.8,360.8,11809455.0,4215986944.0
2019-07-16,364.6,364.6,361.0,362.6,10418687.0,3779418918.0
2019-07-17,359.6,364.4,358.6,363.2,9651769.0,3501691998.0
2019-07-18,360.0,361.2,356.6,356.6,10489401.0,3757011150.0
2019-07-19,358.0,363.0,357.8,361.8,8054720.0,2906693200.0
2019-07-22,359.0,361.4,355.8,357.6,8674217.0,3112721915.0
2019-07-23,357.4,360.4,356.0,358.6,8762748.0,3142831301.0
2019-07-24,363.0,370.0,361.2,365.6,17751719.0,6515566238.0
2019-07-25,371.0,373.2,368.8,372.4,13937749.0,5179207093.0
2019-07-26,370.6,376.0,369.4,370.2,11652441.0,4344555223.0
2019-07-29,367.8,373.2,367.8,372.2,11280011.0,4183616071.0
2019-07-30,372.0,377.8,371.2,373.2,10540964.0,3950412664.0
2019-07-31,369.0,372.4,367.0,368.2,10495521.0,3879221191.0
2019-08-01,372.4,373.8,368.0,370.0,12378256.0,4587539700.0
2019-08-02,361.0,362.0,355.2,355.8,25277955.0,9073260283.0
2019-08-05,350.0,351.0,340.6,340.6,30561976.0,10513301760.0
2019-08-06,330.0,342.0,328.2,337.2,31256564.0,10451657902.0
2019-08-07,337.2,342.0,336.0,338.6,15153029.0,5138012322.0
2019-08-08,341.0,346.2,340.6,342.4,15459615.0,5309719627.0
2019-08-09,346.6,347.0,338.4,338.4,13743977.0,4706602922.0
2019-08-12,339.0,344.0,338.8,340.0,12343341.0,4221060384.0
2019-08-13,336.4,339.4,334.0,334.0,13152402.0,4423927576.0
2019-08-14,343.0,345.0,337.4,340.0,17481734.0,5965908580.0
2019-08-15,326.8,334.8,325.8,330.4,30008735.0,9895034967.0
2019-08-16,327.2,329.4,326.0,326.4,23731488.0,7767201513.0
2019-08-19,330.8,338.4,330.8,336.8,21800145.0,7295116441.0
2019-08-20,337.2,339.8,333.4,333.4,15516860.0,5228254372.0
2019-08-21,333.0,336.2,332.4,332.6,10428368.0,3482796377.0
2019-08-22,335.0,335.6,331.0,331.0,10524994.0,3500663201.0
2019-08-23,331.4,336.0,330.0,334.2,11801354.0,3934540258.0
2019-08-26,323.0,326.0,320.6,326.0,22762840.0,7357052009.0
2019-08-27,324.0,327.8,324.0,326.2,17918758.0,5840462429.0
2019-08-28,325.4,327.0,318.0,319.0,22634739.0,7284578439.0
2019-08-29,318.0,320.6,312.2,320.2,25031076.0,7939547521.0
2019-08-30,327.0,327.2,321.0,324.8,19417590.0,6310685049.0
2019-09-02,327.6,331.6,325.0,331.2,16957154.0,5590193401.0
2019-09-03,333.0,333.8,328.4,329.2,13962630.0,4620753398.0
2019-09-04,333.2,341.8,333.0,341.2,22337389.0,7563170037.0
2019-09-05,345.0,346.0,335.8,341.4,18125571.0,6199532435.0
2019-09-06,344.0,345.0,339.6,343.4,13446348.0,4603844518.0
2019-09-09,345.8,346.0,340.0,342.4,8805778.0,3014472257.0
2019-09-10,344.0,345.0,338.8,340.2,10676488.0,3637771461.0
2019-09-11,341.0,347.8,339.4,346.0,15794903.0,5437022615.0
2019-09-12,350.2,351.0,347.2,349.4,15302176.0,5348208280.0
2019-09-13,350.0,350.6,346.6,349.6,9936410.0,3471327889.0
2019-09-16,346.0,346.6,339.8,346.6,23372263.0,8009399145.0
2019-09-17,343.2,345.4,340.6,343.6,9225687.0,3165507936.0
2019-09-18,344.0,345.6,341.6,343.0,7335407.0,2516701393.0
2019-09-19,342.6,343.2,338.0,338.4,9437921.0,3203338854.0
2019-09-20,340.8,340.8,334.2,337.6,19281922.0,6502176620.0
2019-09-23,336.4,338.4,335.2,335.8,8307566.0,2795298150.0
2019-09-24,335.0,338.2,334.2,335.6,10719005.0,3601237434.0
2019-09-25,331.0,332.4,328.0,328.4,17433778.0,5744797133.0
2019-09-26,335.4,335.4,330.0,332.4,12445742.0,4134843194.0
2019-09-27,330.0,331.4,328.6,329.4,10822038.0,3571077597.0
2019-09-30,324.0,332.4,323.4,330.2,14689552.0,4828990921.0
2019-10-02,323.2,326.6,323.2,325.0,17282236.0,5617417403.0
2019-10-03,323.2,326.0,322.0,325.2,15825550.0,5127169522.0
2019-10-04,326.8,327.0,320.0,322.8,12610140.0,4081176105.0
2019-10-08,322.0,327.6,322.0,323.8,15282570.0,4966541576.0
2019-10-09,321.6,323.2,318.2,318.2,17689295.0,5663482516.0
2019-10-10,319.4,322.6,317.4,318.8,16487008.0,5263090747.0
2019-10-11,324.0,328.0,323.0,324.8,19605498.0,6368323555.0
2019-10-14,327.0,330.6,324.0,328.2,24011589.0,7880529729.0
2019-10-15,329.4,331.6,327.6,328.8,14202519.0,4679498788.0
2019-10-16,330.0,332.0,328.0,331.0,13953191.0,4604688878.0
2019-10-17,332.8,332.8,328.4,331.0,10339120.0,3422301917.0
2019-10-18,332.0,334.2,330.2,331.0,9904468.0,3288989931.0
2019-10-21,329.6,330.2,324.8,324.8,13947162.0,4557080047.0
2019-10-22,325.0,327.8,324.8,327.6,10448427.0,3410907452.0
2019-10-23,324.8,325.8,319.6,320.0,19855257.0,6383619077.0
2019-10-24,319.0,320.6,316.6,319.0,18472498.0,5883604804.0
2019-10-25,320.4,320.4,316.6,316.6,15789881.0,5031021493.0
2019-10-28,316.4,323.6,316.2,322.0,17610356.0,5645180905.0
2019-10-29,323.0,323.8,317.0,317.0,19927333.0,6356999042.0
2019-10-30,316.0,319.4,314.6,316.2,13194838.0,4172787289.0
2019-10-31,321.0,322.0,318.4,320.8,16107518.0,5166392181.0
2019-11-01,319.6,322.2,318.8,321.6,10404101.0,3339565888.0
2019-11-04,322.0,327.8,322.0,327.6,14776025.0,4807694209.0
2019-11-05,330.0,334.0,327.4,333.0,22748099.0,7542584962.0
2019-11-06,333.2,334.8,331.2,334.0,12428539.0,4143667771.0
2019-11-07,333.0,333.6,326.8,333.6,15533405.0,5127356241.0
2019-11-08,335.0,335.2,326.2,327.2,16655874.0,5480660595.0
2019-11-11,327.0,327.2,322.0,323.0,15086985.0,4894795043.0
2019-11-12,326.4,330.2,325.2,330.2,15908142.0,5222699004.0
2019-11-13,331.6,331.6,325.4,327.4,15928263.0,5227068939.0
2019-11-14,320.0,323.8,318.0,319.8,25690697.0,8224633979.0
2019-11-15,323.0,323.0,318.8,320.0,13587498.0,4345687453.0
2019-11-18,322.0,330.0,320.8,330.0,25786661.0,8414867077.0
2019-11-19,333.0,336.6,330.4,336.6,24637015.0,8239053864.0
2019-11-20,335.6,337.6,332.6,335.6,13744314.0,4611201163.0
2019-11-21,332.0,332.0,328.0,329.4,13344246.0,4398236280.0
2019-11-22,332.4,333.8,330.0,333.6,10664922.0,3539689673.0
2019-11-25,341.8,341.8,337.8,338.8,17927101.0,6089196502.0
2019-11-26,341.0,342.0,333.8,335.6,29438082.0,9906385300.0
2019-11-27,337.0,338.8,334.0,335.0,11211983.0,3768125213.0
2019-11-28,335.0,340.2,333.6,338.0,18192478.0,6143782782.0
2019-11-29,334.2,335.2,329.0,331.8,13808549.0,4574323753.0
2019-12-02,335.0,335.0,331.6,333.0,10195685.0,3397967762.0
2019-12-03,329.0,332.6,326.6,331.0,12735550.0,4208497831.0
2019-12-04,327.8,329.4,325.4,328.6,12262656.0,4022568236.0
2019-12-05,333.6,333.6,329.0,330.0,11697752.0,3864651979.0
2019-12-06,333.6,336.4,332.2,335.6,15638497.0,5238554719.0
2019-12-09,335.0,337.8,333.8,336.2,9839548.0,3308435630.0
2019-12-10,333.2,338.8,332.8,336.8,10472081.0,3524940568.0
2019-12-11,339.0,340.4,337.0,340.0,12535555.0,4250639879.0
2019-12-12,344.8,351.4,343.6,349.0,33282651.0,11583726569.0
2019-12-13,360.0,361.8,356.6,361.0,32786878.0,11765587571.0
2019-12-16,362.8,364.4,358.0,359.8,19238938.0,6947055913.0
2019-12-17,368.2,373.0,363.4,371.2,32557133.0,12019056599.0
2019-12-18,380.0,380.0,373.2,377.6,31560449.0,11872884069.0
2019-12-19,374.6,375.6,370.4,375.6,18441112.0,6887291197.0
2019-12-20,378.0,378.0,372.2,375.2,21656659.0,8117618493.0
2019-12-23,378.0,378.0,373.8,377.8,11672033.0,4391275518.0
2019-12-24,379.0,379.8,376.8,376.8,6360485.0,2403547633.0
2019-12-27,378.8,385.4,378.2,384.0,19180036.0,7351190590.0
2019-12-30,381.4,384.6,381.2,383.2,14328612.0,5486565140.0
2019-12-31,379.0,380.2,374.6,375.6,10378526.0,3909899397.0
2020-01-02,375.8,384.8,375.6,382.4,13991006.0,5339844489.0
2020-01-03,388.0,390.0,381.2,383.0,15313106.0,5894345016.0
2020-01-06,380.0,380.0,375.4,377.4,12123194.0,4579164269.0
2020-01-07,380.8,387.8,380.0,385.6,17686346.0,6807794525.0
2020-01-08,382.4,385.8,379.2,382.0,15529153.0,5939016089.0
2020-01-09,390.0,390.0,387.0,390.0,15946820.0,6204440877.0
2020-01-10,394.8,399.2,392.0,398.6,25292041.0,10030082546.0
2020-01-13,400.0,406.4,397.4,406.4,27570261.0,11085382857.0
2020-01-14,410.0,413.0,396.6,400.4,26827634.0,10863864920.0
2020-01-15,397.2,403.0,396.2,398.8,15938138.0,6348068062.0
2020-01-16,399.0,403.0,396.4,400.0,13770626.0,5490470342.0
2020-01-17,400.0,400.6,396.0,399.0,13670846.0,5445721500.0
2020-01-20,405.0,405.0,396.0,396.0,13282412.0,5298844181.0
2020-01-21,395.0,395.0,383.4,385.4,24173392.0,9349941564.0
2020-01-22,387.4,392.8,382.6,391.0,18682305.0,7272503872.0
2020-01-23,389.6,389.8,379.0,385.6,18621253.0,7161285961.0
2020-01-24,387.0,388.6,383.4,385.8,8050690.0,3106177840.0
2020-01-29,384.2,389.6,381.0,383.2,31761022.0,12247521357.0
2020-01-30,386.0,389.0,370.2,375.0,24946774.0,9439561264.0
2020-01-31,380.2,384.8,371.4,373.0,20299052.0,7653062872.0
2020-02-03,378.0,383.2,369.6,380.0,28678448.0,10855939332.0
2020-02-04,390.0,393.6,384.8,393.0,28433595.0,11089845113.0
2020-02-05,400.0,400.0,387.4,392.2,22398578.0,8822351404.0
2020-02-06,398.0,400.0,392.2,400.0,17792132.0,7077740790.0
2020-02-07,399.2,402.4,394.6,402.4,14896702.0,5941868210.0
2020-02-10,395.6,401.0,395.0,400.6,16463493.0,6575890276.0
2020-02-11,405.0,411.0,403.6,409.0,23184178.0,9473537305.0
2020-02-12,410.0,413.6,408.2,411.0,17702662.0,7282363709.0
2020-02-13,416.0,416.6,413.2,416.4,17862969.0,7417627168.0
2020-02-14,415.0,420.0,413.4,415.0,13887305.0,5789567874.0
2020-02-17,410.6,419.8,410.2,416.6,10679538.0,4452365367.0
2020-02-18,413.0,414.4,407.4,408.2,13033177.0,5346215879.0
2020-02-19,410.0,414.6,408.6,411.4,12501005.0,5140487521.0
2020-02-20,416.0,416.0,405.6,410.0,16582652.0,6798445457.0
2020-02-21,406.0,408.4,400.0,401.0,17446042.0,7033970047.0
2020-02-24,393.2,395.8,390.0,390.4,23182425.0,9095302951.0
2020-02-25,390.8,402.8,390.4,401.6,24081019.0,9589497269.0
2020-02-26,397.6,403.8,395.6,399.6,18326061.0,7314707959.0
2020-02-27,399.0,401.6,394.4,399.2,19178474.0,7618588228.0
2020-02-28,391.4,391.8,384.4,386.0,31915446.0,12365897995.0
2020-03-02,384.6,394.6,384.6,389.6,23089586.0,9009748775.0
2020-03-03,393.0,398.8,393.0,394.0,21808968.0,8631161980.0
2020-03-04,396.0,396.0,390.8,394.0,19557990.0,7691008422.0
2020-03-05,398.0,406.8,394.0,406.2,27046138.0,10871236354.0
2020-03-06,398.0,400.2,395.0,395.8,30386573.0,12051591766.0
2020-03-09,380.0,385.0,373.6,377.4,36123868.0,13746137627.0
2020-03-10,382.0,389.4,376.0,383.0,31903957.0,12221834625.0
2020-03-11,383.0,384.6,377.0,378.4,20448218.0,7787449263.0
2020-03-12,368.0,369.4,361.8,363.6,38041810.0,13877578727.0
2020-03-13,336.0,368.0,336.0,365.0,57393066.0,20244342615.0
2020-03-16,356.0,357.8,337.0,341.8,49707672.0,17245386882.0
2020-03-17,341.8,354.8,338.0,349.8,42149378.0,14641994997.0
2020-03-18,343.0,355.2,330.0,334.0,44397013.0,15183693783.0
2020-03-19,343.0,350.6,325.2,343.0,59750190.0,20218287332.0
2020-03-20,355.0,364.4,349.2,359.6,52299073.0,18730755858.0
2020-03-23,340.2,359.4,340.2,348.0,38694210.0,13587732331.0
2020-03-24,361.0,367.8,358.0,365.2,36613469.0,13314342719.0
2020-03-25,375.0,381.6,373.4,380.0,36226858.0,13664404508.0
2020-03-26,386.0,386.0,376.0,381.8,29318892.0,11192997545.0
2020-03-27,390.0,390.0,381.8,382.4,28738698.0,11039662387.0
2020-03-30,371.8,380.0,371.6,376.6,21838731.0,8188543442.0
2020-03-31,385.2,386.0,370.8,380.2,22201304.0,8409876385.0
2020-04-01,383.6,383.6,372.4,374.4,23621274.0,8917624899.0
2020-04-02,370.0,379.8,369.6,379.8,12125930.0,4549654342.0
2020-04-03,372.0,376.4,372.0,376.4,14274200.0,5344489690.0
2020-04-06,380.0,384.0,376.6,381.4,13869052.0,5273704741.0
2020-04-07,387.6,387.6,382.0,387.6,18917053.0,7290528068.0
2020-04-08,387.8,387.8,382.6,385.0,15181347.0,5841274634.0
2020-04-09,390.0,391.4,386.6,391.4,15695986.0,6107483936.0
2020-04-14,396.0,397.6,392.4,395.0,26198961.0,10360211963.0
2020-04-15,400.6,400.6,395.0,395.0,20507375.0,8148899389.0
2020-04-16,399.0,406.8,395.0,406.8,28850995.0,11614129061.0
2020-04-17,417.0,419.6,406.2,409.6,29626871.0,12232207921.0
2020-04-20,409.6,411.0,406.6,408.6,15337344.0,6271264956.0
2020-04-21,410.4,410.4,396.6,400.6,20825176.0,8369321431.0
2020-04-22,397.0,409.8,396.0,409.4,17154222.0,6935650660.0
2020-04-23,410.0,415.0,407.4,411.6,17807176.0,7326114042.0
2020-04-24,405.0,410.4,404.4,406.4,12501504.0,5098214762.0
2020-04-27,412.8,415.0,410.2,413.0,15666254.0,6478894875.0
2020-04-28,415.0,417.2,412.4,417.2,13114086.0,5447427087.0
2020-04-29,418.0,419.0,413.6,417.0,13274008.0,5526382707.0
2020-05-04,408.8,408.8,400.0,400.0,24638326.0,9942441858.0
2020-05-05,401.2,407.6,400.6,406.0,12583081.0,5093289456.0
2020-05-06,406.6,412.2,405.8,410.0,19797850.0,8105124822.0
2020-05-07,411.6,411.6,407.2,407.2,12298259.0,5034932378.0
2020-05-08,412.6,418.2,411.6,418.2,22019272.0,9161298207.0
2020-05-11,425.0,435.0,423.6,435.0,33457407.0,14343128850.0
2020-05-12,428.2,434.8,425.8,431.0,22037699.0,9487820717.0
2020-05-13,428.2,438.2,426.2,429.6,24275797.0,10519762630.0
2020-05-14,444.0,447.0,426.6,430.6,32929988.0,14344839248.0
2020-05-15,430.0,435.6,420.0,421.2,24590944.0,10495191713.0
2020-05-18,419.0,425.4,416.8,423.0,20585062.0,8666976061.0
2020-05-19,430.2,433.0,425.6,430.0,19839689.0,8511587771.0
2020-05-20,434.6,440.0,432.0,440.0,21245444.0,9257707937.0
2020-05-21,436.4,437.8,431.4,433.4,18779513.0,8161588979.0
2020-05-22,427.0,427.0,410.0,412.4,37869791.0,15776750985.0
2020-05-25,410.0,417.6,406.0,416.6,19950427.0,8230189966.0
2020-05-26,422.4,428.4,419.2,425.4,15998175.0,6790586226.0
2020-05-27,423.2,423.2,414.2,420.0,20832345.0,8716093069.0
2020-05-28,421.0,421.0,404.2,408.2,28940426.0,11903950990.0
2020-05-29,405.8,413.4,404.0,410.4,29277964.0,11994649488.0
2020-06-01,419.4,429.8,419.2,429.0,22992560.0,9774167720.0
2020-06-02,436.0,436.0,429.2,430.4,17846183.0,7721343099.0
2020-06-03,436.0,437.4,426.2,432.6,20029115.0,8639848007.0
2020-06-04,435.0,435.0,428.6,435.0,18474128.0,7986632322.0
2020-06-05,434.0,434.2,426.6,434.2,26529493.0,11462465843.0
2020-06-08,435.0,435.8,427.0,430.0,19719614.0,8487280718.0
2020-06-09,432.0,435.0,428.2,433.8,18496805.0,8011913242.0
2020-06-10,437.0,447.4,435.8,446.2,33941613.0,15029570324.0
2020-06-11,450.8,455.4,442.0,442.4,26926939.0,12111817090.0
2020-06-12,434.6,444.4,433.0,441.0,17460548.0,7686142015.0
2020-06-15,435.0,444.4,432.2,433.6,16009645.0,6995208112.0
2020-06-16,449.4,452.8,445.4,448.8,22450726.0,10078558737.0
2020-06-17,451.8,453.6,445.0,450.6,14077793.0,6332609986.0
2020-06-18,452.4,458.0,445.2,458.0,18627367.0,8447912791.0
2020-06-19,458.0,465.6,456.4,460.4,25331845.0,11707647550.0
2020-06-22,460.0,474.6,459.2,474.2,25963341.0,12189885055.0
2020-06-23,480.0,498.6,475.2,497.4,31328313.0,15365544915.0
2020-06-24,502.0,505.0,490.8,490.8,23063468.0,11485184000.0
2020-06-26,486.4,493.0,483.6,485.0,17878260.0,8709012767.0
2020-06-29,481.0,493.8,481.0,486.0,22078976.0,10776246489.0
2020-06-30,488.2,500.0,488.2,498.6,22144458.0,11015961742.0
2020-07-02,503.0,519.0,503.0,518.5,31784539.0,16271344349.0
2020-07-03,520.0,529.0,511.5,524.5,21000756.0,10923179893.0
2020-07-06,524.0,529.0,516.0,520.0,23259692.0,12159008611.0
2020-07-07,519.0,531.0,512.0,516.0,25223637.0,13132485825.0
2020-07-08,515.5,546.5,515.5,543.0,27611987.0,14802662425.0
2020-07-09,545.0,564.0,544.0,563.0,26065868.0,14446319717.0
2020-07-10,549.0,562.0,546.0,546.5,23459574.0,12954539467.0
2020-07-13,540.5,556.0,540.0,541.0,20035936.0,10944033526.0
2020-07-14,529.0,535.5,517.5,525.0,25841762.0,13578299531.0
2020-07-15,538.5,543.0,530.5,543.0,22169178.0,11933986044.0
2020-07-16,539.0,542.0,511.0,513.0,27047086.0,14140916851.0
2020-07-17,519.0,530.0,517.0,521.0,17564370.0,9195983964.0
2020-07-20,521.0,527.5,513.0,522.5,12986886.0,6774535105.0
2020-07-21,548.5,564.0,544.0,564.0,29100071.0,16111805417.0
2020-07-22,553.0,563.0,537.5,539.0,20931057.0,11556316124.0
2020-07-23,546.0,557.5,543.0,557.0,19087975.0,10512026393.0
2020-07-24,542.0,547.0,525.0,528.0,28135030.0,14985766692.0
2020-07-27,530.0,538.0,515.0,520.0,18687366.0,9811576342.0
2020-07-28,535.0,544.5,529.0,543.5,21534552.0,11594077372.0
2020-07-29,536.5,542.5,533.0,541.5,12483240.0,6720889397.0
2020-07-30,547.0,549.5,532.0,535.0,13702876.0,7422271206.0
2020-07-31,540.0,550.0,534.0,534.0,15632568.0,8458738569.0
2020-08-03,536.0,541.5,528.0,539.0,18075999.0,9663103182.0
2020-08-04,546.0,556.5,540.0,550.0,20181191.0,11061979004.0
2020-08-05,557.5,561.0,551.0,561.0,15884977.0,8854658089.0
2020-08-06,560.5,564.0,543.5,555.5,20568693.0,11343525305.0
2020-08-07,559.0,559.0,499.4,527.5,62117088.0,32619798173.0
2020-08-10,510.0,518.0,501.0,502.0,48583880.0,24704120846.0
2020-08-11,511.0,526.0,510.0,513.5,25498516.0,13166764988.0
2020-08-12,512.0,523.0,504.0,520.5,18944953.0,9757001344.0
2020-08-13,528.0,531.0,510.0,510.0,27254634.0,14087534294.0
2020-08-14,502.5,514.0,501.5,506.5,17991410.0,9138505853.0
2020-08-17,508.5,515.0,502.0,504.5,14790866.0,7518269981.0
2020-08-18,515.0,516.5,509.0,512.0,13387278.0,6858288302.0
2020-08-19,516.0,520.0,506.0,506.0,11096267.0,5644803113.0
2020-08-20,508.0,509.0,502.0,508.0,14375595.0,7257117090.0
2020-08-21,516.5,524.5,512.0,518.0,18245052.0,9470727272.0
2020-08-24,537.5,548.0,535.0,548.0,27410112.0,14801866053.0
2020-08-25,548.0,549.0,537.0,544.5,18013351.0,9792212920.0
2020-08-26,553.5,555.0,546.0,551.5,15633424.0,8608606823.0
2020-08-27,554.0,560.0,547.0,558.0,17032210.0,9465271354.0
2020-08-28,554.0,558.0,540.5,540.5,22537720.0,12345301720.0
2020-08-31,554.5,554.5,530.5,530.5,21605432.0,11725601158.0
2020-09-01,537.5,547.0,531.0,539.0,19767347.0,10678566662.0
2020-09-02,555.0,555.0,543.5,545.0,14565280.0,7978062451.0
2020-09-03,546.0,548.5,533.0,534.0,17078694.0,9211927628.0
2020-09-04,517.0,524.5,513.0,518.0,33072898.0,17181207169.0
2020-09-07,516.0,524.5,510.0,511.0,18039821.0,9289086587.0
2020-09-08,517.0,520.0,502.0,508.5,18517667.0,9409542611.0
2020-09-09,502.0,508.5,501.5,504.0,17759577.0,8969361973.0
2020-09-10,514.0,518.5,506.0,506.0,13682286.0,7018636646.0
2020-09-11,509.0,518.5,506.5,516.0,12738928.0,6535474684.0
2020-09-14,521.5,537.5,518.5,529.5,19281617.0,10239694066.0
2020-09-15,535.5,538.5,527.5,529.5,11319351.0,6031387510.0
2020-09-16,538.0,538.0,530.5,534.5,10186221.0,5447963293.0
2020-09-17,535.0,536.0,522.0,527.0,11774020.0,6200838665.0
2020-09-18,520.0,525.0,510.5,525.0,21697409.0,11290861432.0
2020-09-21,522.0,527.5,512.0,516.5,10511440.0,5453114493.0
2020-09-22,513.0,518.5,510.0,511.5,12546363.0,6435265926.0
2020-09-23,512.0,521.5,510.0,514.0,12517681.0,6456682504.0
2020-09-24,510.0,512.0,505.0,505.0,14346974.0,7274710898.0
2020-09-25,510.0,511.5,502.0,503.5,13227131.0,6698534817.0
2020-09-28,505.0,509.5,503.5,506.0,10939965.0,5536419228.0
2020-09-29,515.0,515.5,505.5,505.5,11431318.0,5847157618.0
2020-09-30,512.5,520.0,509.0,511.5,10245124.0,5261135521.0
2020-10-05,530.0,530.0,521.5,525.0,18238541.0,9573793070.0
2020-10-06,527.5,529.5,525.5,527.5,7850605.0,4139145029.0
2020-10-07,530.0,536.0,526.5,535.0,11521712.0,6138778646.0
2020-10-08,538.0,538.0,531.5,535.0,8128914.0,4342355938.0
2020-10-09,537.5,545.0,535.0,539.5,15192469.0,8213727329.0
2020-10-12,545.0,557.0,543.5,557.0,18900366.0,10446612544.0
2020-10-14,568.0,574.0,560.5,573.5,25903930.0,14737446123.0
2020-10-15,570.0,570.0,548.5,552.0,15521653.0,8662202914.0
2020-10-16,559.0,563.5,552.0,557.0,10324933.0,5758463089.0
2020-10-19,562.0,568.5,558.5,561.5,9771820.0,5488767434.0
2020-10-20,566.5,566.5,558.5,564.5,9946356.0,5593221463.0
2020-10-21,568.5,573.0,562.0,566.5,12213549.0,6924287610.0
2020-10-22,566.0,567.5,553.0,563.5,12652343.0,7105149067.0
2020-10-23,560.5,564.5,557.0,561.5,7553740.0,4239428219.0
2020-10-27,565.0,588.5,560.5,585.0,28119254.0,16298074592.0
2020-10-28,587.5,604.0,584.0,601.0,24917543.0,14871901995.0
2020-10-29,589.0,614.0,587.5,605.0,23050469.0,13855721753.0
2020-10-30,597.0,610.0,584.5,591.0,24885040.0,14821385467.0
2020-11-02,593.0,603.5,586.5,601.5,15507502.0,9232586716.0
2020-11-03,597.0,603.5,595.0,598.0,16977351.0,10177617427.0
2020-11-04,574.0,599.5,573.5,588.5,28464389.0,16719223891.0
2020-11-05,610.0,625.0,609.0,625.0,25958683.0,16058050391.0
2020-11-06,626.5,627.0,606.0,614.5,21350255.0,13110895069.0
2020-11-09,630.5,633.0,620.0,622.5,17343105.0,10871353657.0
2020-11-10,608.0,611.0,585.0,595.0,36120280.0,21683310107.0
2020-11-11,561.0,585.0,551.0,551.0,66066996.0,37359629198.0
2020-11-12,570.0,586.0,570.0,577.0,32309427.0,18678261260.0
2020-11-13,590.0,602.0,581.0,602.0,28455415.0,16890154066.0
2020-11-16,600.0,603.0,585.5,597.0,19389831.0,11525779749.0
2020-11-17,596.0,596.0,581.5,581.5,19372101.0,11361988931.0
2020-11-18,586.0,591.0,580.0,589.0,13483128.0,7889781924.0
2020-11-19,586.0,587.0,573.0,573.0,15706593.0,9112478212.0
2020-11-20,578.0,592.0,575.5,588.0,16568025.0,9701020112.0
2020-11-23,599.0,600.0,586.0,586.0,20899493.0,12361111581.0
2020-11-24,587.0,590.0,579.0,584.0,15902803.0,9294297631.0
2020-11-25,589.5,594.0,571.0,573.0,20604545.0,11915051671.0
2020-11-26,578.5,586.0,575.0,586.0,11144124.0,6487044887.0
2020-11-27,586.0,594.5,583.0,583.0,11181079.0,6572380357.0
2020-11-30,582.0,584.5,563.0,563.0,32813194.0,18732935403.0
2020-12-01,573.0,581.0,571.5,578.0,22221870.0,12733963346.0
2020-12-02,584.5,584.5,568.0,574.0,13475083.0,7749524988.0
2020-12-03,584.5,589.0,579.5,589.0,15557202.0,9101743742.0
2020-12-04,589.0,593.0,587.0,588.5,14363453.0,8467054068.0
2020-12-07,592.5,592.5,579.5,583.5,12133321.0,7085423981.0
2020-12-08,588.0,590.5,582.5,583.0,9762277.0,5724547927.0
2020-12-09,591.0,591.0,583.0,585.0,9886397.0,5805136554.0
2020-12-10,580.0,582.5,577.5,578.0,10228363.0,5929666078.0
2020-12-11,590.0,590.0,582.5,588.0,12040557.0,7060512655.0
2020-12-14,585.5,585.5,570.0,571.0,21177179.0,12181587574.0
2020-12-15,571.0,572.0,560.0,560.0,23324922.0,13151780707.0
2020-12-16,563.5,571.5,553.0,571.5,17315367.0,9775393299.0
2020-12-17,580.0,583.0,574.0,583.0,13837248.0,8013666682.0
2020-12-18,586.0,586.0,574.5,580.0,19205794.0,11117554246.0
2020-12-21,580.5,580.5,571.0,572.0,13157070.0,7561030332.0
2020-12-22,574.5,578.0,567.5,572.5,10269761.0,5878273928.0
2020-12-23,568.0,574.5,566.5,571.0,11391543.0,6502122431.0
2020-12-24,570.0,571.5,556.0,556.0,13738600.0,7707672740.0
2020-12-28,539.5,542.0,519.0,519.0,60559725.0,32119139345.0
2020-12-29,530.0,539.0,526.0,530.5,36250049.0,19331590446.0
2020-12-30,542.0,563.0,539.0,559.5,29182959.0,16171925260.0
2020-12-31,565.0,569.0,559.5,564.0,13196109.0,7457110611.0
2021-01-04,558.0,583.0,557.5,572.5,20784101.0,11968673376.0
2021-01-05,572.0,586.5,565.5,583.5,18668061.0,10816494311.0
2021-01-06,585.0,599.0,585.0,596.5,25712527.0,15288562079.0
2021-01-07,580.5,584.5,568.5,568.5,39877643.0,22909263787.0
2021-01-08,568.5,578.0,567.5,573.0,22863792.0,13114406011.0
2021-01-11,581.0,602.0,581.0,591.0,38403073.0,22778819577.0
2021-01-12,586.5,596.5,586.0,590.0,20170790.0,11926523175.0
2021-01-13,589.5,602.5,588.5,596.0,22609570.0,13511176649.0
2021-01-14,608.0,629.5,607.0,629.5,36613986.0,22750322235.0
2021-01-15,629.5,646.0,618.0,645.0,30660064.0,19497359220.0
2021-01-18,638.5,667.5,635.5,657.0,33502829.0,21986252025.0
2021-01-19,665.0,673.5,648.0,655.0,30322011.0,20020648289.0
2021-01-20,671.0,680.0,658.0,679.5,36213541.0,24314609981.0
2021-01-21,680.5,700.0,674.0,682.5,27754649.0,19133097820.0
2021-01-22,690.0,699.5,684.5,691.0,30329537.0,20995805041.0
2021-01-25,707.0,767.5,702.5,766.5,46962411.0,34857124493.0
2021-01-26,745.0,749.0,715.5,718.5,49968534.0,36499179797.0
2021-01-27,716.0,729.0,698.5,701.5,37385988.0,26685279667.0
2021-01-28,700.0,719.5,681.0,681.0,37289825.0,25931525968.0
2021-01-29,695.0,717.0,681.5,681.5,33974509.0,23662535594.0
2021-02-01,698.0,727.5,698.0,712.0,28643429.0,20413388475.0
2021-02-02,740.0,748.0,723.5,724.5,26327061.0,19399571258.0
2021-02-03,734.0,739.5,723.0,736.0,16979833.0,12452188598.0
2021-02-04,725.0,742.5,710.5,735.5,23639193.0,17234709093.0
2021-02-05,748.0,757.0,732.5,733.0,18664841.0,13888078660.0
2021-02-08,748.0,750.0,735.0,736.5,14818290.0,10996932191.0
2021-02-09,745.5,748.5,737.0,740.5,10651844.0,7900954955.0
2021-02-10,759.0,770.0,751.5,761.0,16924664.0,12889470840.0
2021-02-11,763.0,763.0,749.0,757.0,10260559.0,7749504753.0
2021-02-16,762.5,766.5,741.0,745.0,23579965.0,17732825029.0
2021-02-17,741.0,763.0,730.5,757.5,16036516.0,12044879007.0
2021-02-18,767.0,775.5,745.0,747.5,24241947.0,18435079500.0
2021-02-19,747.0,747.5,726.0,741.0,22589560.0,16681618625.0
2021-02-22,749.5,749.5,711.0,713.5,27296535.0,19794768585.0
2021-02-23,697.0,722.0,697.0,707.0,26933971.0,19140483653.0
2021-02-24,709.5,715.5,680.0,687.0,41585608.0,28783111045.0
2021-02-25,700.0,717.0,691.5,691.5,24008360.0,16827614030.0
2021-02-26,669.0,686.5,662.5,662.5,37077103.0,24917065823.0
2021-03-01,692.0,697.0,679.0,697.0,27079038.0,18571644069.0
2021-03-02,712.0,722.0,692.5,698.0,23080003.0,16311046904.0
2021-03-03,698.0,723.0,690.0,723.0,18285294.0,13013561554.0
2021-03-04,702.0,709.5,690.0,690.0,24497606.0,17084111788.0
2021-03-05,668.5,695.0,667.0,679.0,27137066.0,18457588278.0
2021-03-08,683.5,689.0,641.0,642.5,36233199.0,23819030456.0
2021-03-09,632.0,664.5,613.0,644.0,38805403.0,24737311188.0
2021-03-10,670.0,670.0,652.0,658.5,23255672.0,15380501885.0
2021-03-11,658.5,683.5,657.5,680.5,20972740.0,14151202733.0
2021-03-12,694.0,694.5,647.5,650.5,25985928.0,17407186916.0
2021-03-15,650.0,653.0,621.0,628.0,35012854.0,22199001826.0
2021-03-16,639.0,643.5,625.0,630.5,19543472.0,12361190917.0
2021-03-17,624.5,639.0,622.0,624.5,19099051.0,11972069608.0
2021-03-18,635.0,651.5,632.0,640.5,22362704.0,14361460666.0
2021-03-19,628.0,638.5,624.0,628.0,22540279.0,14178638360.0
2021-03-22,630.5,643.5,629.5,633.5,14012535.0,8876749536.0
2021-03-23,644.5,644.5,626.5,628.5,14607658.0,9245367760.0
2021-03-24,631.0,637.5,616.0,623.5,18048966.0,11250251821.0
2021-03-25,600.0,622.0,588.5,606.0,44289707.0,26816372078.0
2021-03-26,606.0,632.0,605.5,622.0,24489458.0,15191051275.0
2021-03-29,620.0,622.0,600.5,612.0,29008349.0,17734706995.0
2021-03-30,613.5,621.0,606.5,609.5,20556407.0,12601669642.0
2021-03-31,618.0,621.5,609.0,610.0,15940007.0,9771061290.0
2021-04-01,627.5,656.0,621.5,654.0,32903056.0,20983286977.0
2021-04-07,653.0,658.0,623.5,629.5,27178435.0,17284277000.0
2021-04-08,614.0,629.0,614.0,620.0,247386283.0,148682130954.0
2021-04-09,629.0,629.0,615.5,620.5,22463721.0,13938508210.0
2021-04-12,616.0,619.5,603.0,613.5,27979807.0,17083865632.0
2021-04-13,613.5,622.0,607.0,608.0,18440227.0,11299730081.0
2021-04-14,621.0,625.0,615.5,623.5,17999746.0,11178711808.0
2021-04-15,623.5,623.5,610.5,620.0,14548616.0,8953514302.0
2021-04-16,620.0,632.5,616.0,632.0,20757051.0,12991323283.0
2021-04-19,630.0,644.0,620.0,627.0,20241398.0,12788967519.0
2021-04-20,620.0,626.0,618.0,622.5,15227980.0,9461630716.0
2021-04-21,614.5,616.0,608.0,609.0,20660889.0,12626278960.0
2021-04-22,621.5,624.5,616.0,621.0,15377713.0,9540018222.0
2021-04-23,627.5,632.0,621.0,632.0,16297503.0,10229264235.0
2021-04-26,632.0,640.0,625.5,628.5,14200054.0,8993173488.0
2021-04-27,623.5,625.0,616.5,623.5,13828525.0,8596239727.0
2021-04-28,621.0,628.0,617.5,628.0,11196968.0,7003461908.0
2021-04-29,639.5,639.5,628.5,631.5,12466380.0,7907101551.0
2021-04-30,627.5,627.5,620.0,623.0,11994726.0,7471779138.0
2021-05-03,619.5,624.5,616.5,624.5,7944284.0,4941793757.0
2021-05-04,624.5,625.0,619.0,622.0,6326570.0,3932824476.0
2021-05-05,615.5,617.0,610.5,610.5,11626909.0,7133404195.0
2021-05-06,614.5,619.0,602.5,610.5,21407572.0,13029878032.0
2021-05-07,613.0,613.0,600.0,600.0,17462909.0,10549714657.0
2021-05-10,599.0,608.0,590.0,595.0,20540009.0,12257647803.0
2021-05-11,582.0,586.0,566.5,584.5,34617590.0,20024473714.0
2021-05-12,584.5,603.0,584.5,598.5,22903915.0,13626240378.0
2021-05-13,593.0,595.0,580.0,580.0,17979776.0,10551371505.0
2021-05-14,577.0,588.0,574.0,583.0,16014087.0,9314450701.0
2021-05-17,593.0,604.5,589.0,600.5,19167047.0,11470569190.0
2021-05-18,607.0,609.5,599.5,607.5,12188444.0,7379704326.0
2021-05-20,611.0,615.5,603.5,609.0,15631656.0,9523152294.0
2021-05-21,600.0,600.0,583.5,588.5,40340844.0,23781668966.0
2021-05-24,586.5,588.0,576.5,585.5,16608372.0,9690484888.0
2021-05-25,589.5,613.0,588.5,610.0,27044587.0,16384026057.0
2021-05-26,624.5,624.5,612.0,618.0,18726374.0,11572417145.0
2021-05-27,610.0,613.0,602.0,605.5,25744926.0,15628668560.0
2021-05-28,608.0,612.0,601.0,601.5,15183086.0,9193575725.0
2021-05-31,612.0,619.5,603.5,619.0,15518200.0,9488556188.0
2021-06-01,619.0,632.0,617.0,628.0,18041560.0,11306860041.0
2021-06-02,634.0,640.0,625.5,628.5,16332063.0,10318073572.0
2021-06-03,628.5,629.5,612.0,615.5,12310451.0,7632225021.0
2021-06-04,610.0,614.5,606.0,611.5,18940490.0,11545288260.0
2021-06-07,611.0,611.5,598.5,600.5,19767396.0,11937603206.0
2021-06-08,606.0,606.0,597.0,601.0,10324239.0,6205312521.0
2021-06-09,600.0,606.0,597.5,603.0,7766899.0,4677955002.0
2021-06-10,605.0,608.5,598.0,600.5,11727606.0,7054660097.0
2021-06-11,608.5,608.5,596.0,596.0,14496695.0,8713136339.0
2021-06-15,605.0,605.0,592.0,600.0,11531430.0,6899536974.0
2021-06-16,597.0,598.5,594.5,596.5,9771103.0,5826298555.0
2021-06-17,594.0,599.0,591.5,599.0,13771836.0,8187760002.0
2021-06-18,602.0,608.0,599.5,603.0,12301606.0,7418483639.0
2021-06-21,600.0,600.0,582.5,590.5,23508586.0,13848594212.0
2021-06-22,589.0,589.0,571.5,573.5,30872900.0,17803545502.0
2021-06-23,580.0,583.0,573.0,582.5,18388447.0,10645900389.0
2021-06-24,584.0,587.5,580.0,583.0,10947302.0,6387238277.0
2021-06-25,588.5,600.0,584.0,598.5,19252093.0,11434596764.0
2021-06-28,603.0,606.0,592.0,595.5,11485959.0,6841164004.0
2021-06-29,600.0,601.0,588.0,590.5,14714259.0,8719405551.0
2021-06-30,597.5,597.5,584.0,584.0,13618352.0,8009048280.0
2021-07-02,598.5,598.5,572.5,574.5,24938624.0,14455213565.0
2021-07-05,570.0,572.0,548.5,554.0,43338133.0,24111867251.0
2021-07-06,552.0,563.0,549.0,559.0,19473053.0,10833366343.0
2021-07-07,552.0,553.5,538.5,548.5,30520727.0,16657004200.0
2021-07-08,540.0,543.5,523.5,528.0,45688533.0,24236307713.0
2021-07-09,525.0,542.0,509.5,538.5,42922226.0,22695343159.0
2021-07-12,549.5,551.0,522.5,534.5,30642691.0,16329216413.0
2021-07-13,541.0,562.5,533.0,555.5,33125942.0,18301042541.0
2021-07-14,560.0,563.0,554.0,556.5,19908293.0,11133066554.0
2021-07-15,561.5,572.0,560.5,565.0,20179717.0,11459242147.0
2021-07-16,567.0,569.5,557.0,564.0,14760058.0,8329381355.0
2021-07-19,560.0,560.0,545.5,549.5,16914661.0,9304894975.0
2021-07-20,549.0,556.0,539.0,542.5,19813313.0,10774124230.0
2021-07-21,542.5,544.5,530.0,538.0,20300976.0,10870166668.0
2021-07-22,545.0,549.0,537.0,544.0,15692401.0,8517327631.0
2021-07-23,546.0,546.5,529.0,531.0,16758793.0,8992755158.0
2021-07-26,510.0,512.5,489.2,490.0,82290642.0,41055111243.0
2021-07-27,465.4,480.8,438.8,446.0,108027219.0,49742780968.0
2021-07-28,451.0,460.6,422.0,447.20001,112864046.0,49651529589.0
2021-07-29,480.0,494.2,468.6,492.0,72896321.0,35108302945.0
2021-07-30,487.6,487.6,465.0,479.0,40460003.0,19288363721.0
2021-08-02,476.0,478.8,459.2,475.0,29445076.0,13807676609.0
2021-08-03,468.8,468.8,423.6,446.0,117812591.0,51535700520.0
2021-08-04,435.0,469.8,434.0,456.79999,46103478.0,21007883206.0
2021-08-05,452.6,464.4,432.6,439.0,58625939.0,26193545519.0
2021-08-06,444.8,460.4,440.0,453.60001,42946505.0,19468783995.0
2021-08-09,447.8,472.4,442.6,461.60001,40956433.0,18847164570.0
2021-08-10,478.0,493.0,473.2,486.20001,40881986.0,19749306230.0
2021-08-11,490.2,492.6,480.0,484.0,20145659.0,9769581009.0
2021-08-12,482.6,491.2,476.2,482.0,16350894.0,7896898173.0
2021-08-13,471.2,476.2,461.4,470.20001,26417507.0,12356849185.0
2021-08-16,463.6,466.4,449.0,453.79999,29020693.0,13186393497.0
2021-08-17,442.8,446.4,433.0,435.0,43144121.0,18887383621.0
2021-08-18,430.0,443.0,430.0,436.20001,26596939.0,11588410814.0
2021-08-19,448.0,450.8,419.2,421.20001,51101738.0,22060620838.0
2021-08-20,421.2,433.2,412.2,425.39999,52135904.0,22090583887.0
2021-08-23,440.0,444.0,431.6,433.79999,44618406.0,19545955504.0
2021-08-24,446.8,472.0,445.2,472.0,49519276.0,22718125103.0
2021-08-25,491.6,491.6,467.8,474.60001,41229670.0,19710168123.0
2021-08-26,474.6,480.8,468.4,471.79999,17297873.0,8181575517.0
2021-08-27,469.0,483.6,462.6,466.39999,23463441.0,11081578061.0
2021-08-30,464.2,468.4,457.6,465.79999,18475336.0,8532161084.0
2021-08-31,462.8,481.2,447.2,481.20001,52180434.0,24228211722.0
2021-09-01,485.0,494.6,477.8,488.39999,35295245.0,17192591083.0
2021-09-02,499.0,510.0,493.0,496.0,40472033.0,20302808466.0
2021-09-03,496.6,497.6,481.6,488.0,27140480.0,13229997777.0
2021-09-06,489.4,507.0,488.2,505.0,26773925.0,13405734316.0
2021-09-07,510.0,520.0,508.0,515.5,24963247.0,12901520207.0
2021-09-08,526.0,529.0,512.5,524.5,32995933.0,17246381866.0
2021-09-09,509.0,511.5,479.0,480.0,54090872.0,26716845932.0
2021-09-10,491.2,494.8,481.2,490.0,35671160.0,17407850102.0
2021-09-13,480.0,481.2,471.0,478.0,27815639.0,13236014143.0
2021-09-14,476.4,482.8,468.8,472.79999,19905281.0,9452753751.0
2021-09-15,458.0,464.0,451.2,453.39999,36166267.0,16534147402.0
2021-09-16,446.8,454.8,445.0,451.0,24519868.0,11017889134.0
2021-09-17,445.8,467.6,445.2,461.79999,23982628.0,11022213311.0
2021-09-20,456.6,457.4,448.0,454.20001,15513224.0,7033574393.0
2021-09-21,446.0,453.8,443.2,450.0,16556875.0,7429009446.0
2021-09-23,460.2,469.6,456.4,463.20001,22210868.0,10268429996.0
2021-09-24,461.4,473.4,456.2,460.20001,16656914.0,7730374456.0
2021-09-27,459.0,473.0,455.2,464.60001,17966998.0,8374944826.0
2021-09-28,467.0,476.2,464.6,469.79999,20947276.0,9885229622.0
2021-09-29,461.6,465.0,450.2,465.0,18250450.0,8374555194.0
2021-09-30,456.0,464.6,453.8,461.39999,17335451.0,7955884694.0
2021-10-04,470.0,470.0,454.4,457.0,11720256.0,5397644607.0
2021-10-05,446.2,453.6,445.4,450.0,11881767.0,5338521653.0
2021-10-06,454.0,454.0,445.6,446.39999,10847755.0,4864491045.0
2021-10-07,455.0,472.8,454.2,471.39999,14550659.0,6754438460.0
2021-10-08,490.0,490.0,472.0,481.79999,29806385.0,14375822788.0
2021-10-11,492.6,498.6,489.0,496.0,26204010.0,12950621628.0
2021-10-12,487.0,490.0,480.2,483.20001,16448461.0,7961751905.0
2021-10-15,491.8,500.0,484.4,495.60001,29126835.0,14382303387.0
2021-10-18,499.4,499.4,485.4,497.0,20730047.0,10183122125.0
2021-10-19,495.4,500.0,490.6,499.0,15427765.0,7654573809.0
2021-10-20,508.0,515.0,504.5,509.5,32724023.0,16674986498.0
2021-10-21,509.5,512.5,500.0,505.5,16682945.0,8443455536.0
2021-10-22,507.5,512.0,502.5,509.5,12743265.0,6485468814.0
2021-10-25,505.5,510.0,501.0,505.0,12257502.0,6188475752.0
2021-10-26,507.5,508.0,495.6,502.0,15309144.0,7680288911.0
2021-10-27,490.8,491.6,482.2,487.0,18715924.0,9118397631.0
2021-10-28,485.8,494.0,485.8,488.20001,13673231.0,6692673432.0
2021-10-29,486.8,488.4,481.0,481.0,16440521.0,7948322910.0
2021-11-01,476.4,476.8,465.0,469.60001,22649546.0,10654645372.0
2021-11-02,478.6,482.0,460.2,464.0,33005998.0,15457739395.0
2021-11-03,462.0,470.0,457.8,469.0,19362664.0,8976079256.0
2021-11-04,475.2,481.8,473.8,480.79999,16440685.0,7856704540.0
2021-11-05,472.0,474.2,465.2,467.39999,20019234.0,9394663973.0
2021-11-08,460.0,464.0,453.4,463.79999,22340751.0,10272692386.0
2021-11-09,469.0,471.0,459.6,464.0,13607437.0,6311329250.0
2021-11-10,469.0,486.8,466.0,483.60001,30617440.0,14609652414.0
2021-11-11,478.0,480.2,467.0,477.60001,36035177.0,17044523903.0
2021-11-12,487.8,491.4,481.8,485.20001,23829660.0,11587775581.0
2021-11-15,492.0,494.8,489.0,491.79999,19394604.0,9549753709.0
2021-11-16,497.4,509.0,494.2,502.5,28263210.0,14166900229.0
2021-11-17,504.0,509.0,498.6,509.0,21444520.0,10856515433.0
2021-11-18,502.0,503.5,492.8,496.79999,19321893.0,9600438645.0
2021-11-19,486.6,496.6,485.0,496.0,15212834.0,7484219170.0
2021-11-22,498.0,501.5,491.0,494.39999,14686779.0,7280701101.0
2021-11-23,484.0,485.8,479.0,481.20001,18725940.0,9023143389.0
2021-11-24,473.2,480.8,467.4,472.20001,26021973.0,12343857047.0
2021-11-25,472.2,482.4,471.0,477.79999,16939716.0,8088219295.0
2021-11-26,472.6,472.6,460.0,463.39999,32885505.0,15277027416.0
2021-11-29,462.0,471.2,461.4,462.39999,19509506.0,9076747728.0
2021-11-30,457.6,460.2,449.0,459.39999,35586276.0,16208091318.0
2021-12-01,462.6,473.6,461.4,468.79999,20341120.0,9536336590.0
2021-12-02,467.0,473.6,463.6,473.60001,17719866.0,8332256815.0
2021-12-03,468.8,468.8,457.6,462.60001,22496991.0,10392378475.0
2021-12-06,448.8,459.6,447.6,447.79999,30958158.0,13977197888.0
2021-12-07,457.8,464.0,451.6,463.79999,23235595.0,10647180784.0
2021-12-08,467.6,470.4,465.0,467.0,15173269.0,7098929946.0
2021-12-09,474.4,474.4,471.0,472.60001,13353686.0,6312132689.0
2021-12-10,471.0,474.0,461.6,463.39999,15230505.0,7109007876.0
2021-12-13,470.6,481.0,466.6,466.60001,22239831.0,10537949009.0
2021-12-14,460.0,465.6,457.4,459.79999,13651585.0,6286150670.0
2021-12-15,459.6,464.4,453.2,455.79999,13371932.0,6118942696.0
2021-12-16,452.0,455.2,448.2,452.60001,21029463.0,9484391320.0
2021-12-17,447.0,447.2,438.0,438.0,28284431.0,12472329741.0
2021-12-20,437.4,439.6,429.0,430.0,20413076.0,8851924659.0
2021-12-21,430.0,446.8,429.4,440.79999,17226545.0,7556986129.0
2021-12-22,450.0,450.8,440.4,443.0,13839639.0,6155372563.0
2021-12-23,454.0,468.8,449.2,461.79999,32952274.0,15173596895.0
2021-12-24,468.6,468.6,459.0,460.20001,9507329.0,4406418101.0
2021-12-28,457.8,459.2,445.0,450.39999,18949609.0,8527441446.0
2021-12-29,443.6,445.6,440.4,444.79999,9589399.0,4253456849.0
2021-12-30,446.4,450.8,442.0,443.39999,7664650.0,3420853544.0
2021-12-31,462.0,462.0,455.2,456.79999,9875225.0,4535144939.0
2022-01-03,459.8,463.0,453.0,453.79999,6021146.0,2745406075.0
2022-01-04,455.4,458.0,445.4,450.0,13562081.0,6088207771.0
2022-01-05,442.4,444.0,429.0,430.60001,31926972.0,13846955913.0
2022-01-06,421.0,437.2,421.0,437.0,22394447.0,9643080332.0
2022-01-07,445.0,448.4,438.4,443.0,20813417.0,9222097187.0
2022-01-10,448.0,457.2,442.4,453.20001,19560762.0,8847206421.0
2022-01-11,458.0,462.0,454.2,460.0,16405167.0,7525440937.0
2022-01-12,471.8,480.8,469.2,480.79999,28274536.0,13453489710.0
2022-01-13,486.0,486.0,472.4,475.20001,18308659.0,8732653582.0
2022-01-14,462.0,474.2,462.0,473.39999,13722780.0,6437061285.0
2022-01-17,472.0,473.8,464.0,465.60001,12682742.0,5918669526.0
2022-01-18,467.8,471.0,450.8,452.79999,23537795.0,10791349023.0
2022-01-19,453.0,458.0,450.0,455.79999,17490032.0,7942235899.0
2022-01-20,442.0,472.0,442.0,471.60001,29536303.0,13697507104.0
2022-01-21,468.8,478.4,467.0,474.79999,26820113.0,12677085496.0
2022-01-24,470.0,473.6,465.8,469.60001,14677184.0,6882589379.0
2022-01-25,459.4,468.0,459.4,466.79999,24998708.0,11590644646.0
2022-01-26,470.0,476.6,466.0,473.60001,21619270.0,10192130941.0
2022-01-27,465.0,467.0,457.8,463.0,20507145.0,9455166921.0
2022-01-28,463.0,464.0,455.6,460.0,15027473.0,6916078907.0
2022-01-31,461.4,472.4,459.0,472.0,11429491.0,5356797004.0
2022-02-04,483.0,483.0,471.0,479.0,15930509.0,7616780204.0
2022-02-07,482.0,482.0,470.2,478.0,15382223.0,7312050446.0
2022-02-08,474.6,476.0,469.0,470.0,18754239.0,8833336146.0
2022-02-09,480.0,483.6,476.6,482.79999,23365228.0,11220834225.0
2022-02-10,488.0,488.0,475.8,484.39999,18808693.0,9062644182.0
2022-02-11,478.8,483.6,472.4,477.0,15523403.0,7412182007.0
2022-02-14,470.2,472.6,465.4,472.0,12861260.0,6051234310.0
2022-02-15,472.0,474.6,466.4,470.0,13889441.0,6527542007.0
2022-02-16,477.0,477.0,471.2,476.20001,12209598.0,5791775286.0
2022-02-17,476.2,479.6,472.0,479.0,12923901.0,6155226665.0
2022-02-18,479.0,482.8,468.0,470.0,24032950.0,11424566219.0
2022-02-21,464.2,466.8,440.6,445.39999,46042457.0,20797554435.0
2022-02-22,432.2,445.2,432.2,444.79999,30562929.0,13401460073.0
2022-02-23,442.4,451.4,442.4,445.0,20241593.0,9032581492.0
2022-02-24,436.2,439.6,423.6,427.79999,33972108.0,14606032206.0
2022-02-25,432.4,439.0,420.2,424.0,25527592.0,10903490925.0
2022-02-28,420.0,425.4,414.4,421.20001,26849319.0,11244576931.0
2022-03-01,421.2,439.0,420.4,431.0,19308969.0,8287152488.0
2022-03-02,427.0,434.8,422.8,423.39999,14011686.0,5993045514.0
2022-03-03,422.8,426.4,415.4,418.79999,19870075.0,8324243977.0
2022-03-04,403.0,406.2,400.0,403.20001,41553093.0,16744182240.0
2022-03-07,389.0,397.2,381.0,388.0,39878587.0,15542073699.0
2022-03-08,389.0,396.4,380.4,383.20001,32260710.0,12438151685.0
2022-03-09,383.2,390.8,370.0,384.79999,33209737.0,12580449648.0
2022-03-10,395.4,398.8,381.2,385.0,24062703.0,9328893319.0
2022-03-11,369.0,375.4,360.0,367.79999,48435608.0,17764065851.0
2022-03-14,353.0,359.6,330.0,331.79999,66910165.0,23161899121.0
2022-03-15,305.2,333.2,297.0,298.0,118398276.0,36732201469.0
2022-03-16,315.2,370.8,310.4,367.0,107736861.0,36894643424.0
2022-03-17,401.0,401.0,373.6,390.0,69692613.0,27026306015.0
2022-03-18,380.0,392.8,371.0,381.0,37714558.0,14335811261.0
2022-03-21,392.2,392.4,370.4,372.39999,30703044.0,11623169924.0
2022-03-22,370.0,389.0,362.0,388.0,31006056.0,11693148062.0
2022-03-23,399.0,403.6,385.2,389.0,42256861.0,16689414029.0
2022-03-24,373.0,381.6,365.0,366.0,46931459.0,17498814444.0
2022-03-25,358.6,368.4,351.0,356.39999,38297070.0,13701108854.0
2022-03-28,358.0,372.6,354.0,366.39999,26933320.0,9838436921.0
2022-03-29,371.0,380.4,370.0,377.20001,20901992.0,7860991814.0
2022-03-30,383.0,388.6,380.2,380.60001,26951872.0,10346238235.0
2022-03-31,382.4,382.4,372.6,374.20001,14589554.0,5481517905.0
2022-04-01,367.0,378.8,362.2,378.79999,14496674.0,5400206964.0
2022-04-04,388.8,391.0,383.8,390.0,15665556.0,6072683221.0
2022-04-06,383.0,385.0,380.0,381.0,17127923.0,6542733571.0
2022-04-07,375.6,383.6,373.8,374.39999,15874056.0,5988239618.0
2022-04-08,370.0,372.2,366.0,369.60001,19600870.0,7229872455.0
2022-04-11,366.0,366.2,353.0,353.60001,22788891.0,8134832014.0
2022-04-12,363.8,372.6,358.6,366.39999,26409818.0,9673661576.0
2022-04-13,366.0,379.0,361.8,373.60001,21642119.0,8060083509.0
2022-04-14,378.8,379.0,372.6,374.39999,15160373.0,5692242832.0
2022-04-19,365.8,367.6,361.0,364.0,17741106.0,6466378256.0
2022-04-20,364.6,368.8,361.6,362.0,10853604.0,3954556819.0
2022-04-21,352.0,356.2,343.0,348.0,25738562.0,8981529950.0
2022-04-22,334.8,343.0,334.2,340.60001,28031299.0,9492674293.0
2022-04-25,332.2,338.6,325.2,327.39999,25788422.0,8541441823.0
2022-04-26,332.2,341.6,330.6,335.79999,27288328.0,9166022626.0
2022-04-27,332.0,338.6,328.2,334.79999,23408627.0,7841694443.0
2022-04-28,340.6,340.6,331.2,339.79999,21233188.0,7139684910.0
2022-04-29,339.0,388.0,337.4,377.39999,47467097.0,17416538204.0
2022-05-03,379.0,384.8,365.4,380.0,25571291.0,9653230997.0
2022-05-04,374.4,375.8,366.2,368.39999,14101831.0,5210118240.0
2022-05-05,375.8,378.0,366.4,366.39999,21393922.0,7943627121.0
2022-05-06,352.6,355.4,347.0,349.20001,22923262.0,8047736871.0
2022-05-10,332.0,345.4,330.0,341.20001,28398736.0,9625533995.0
2022-05-11,339.6,362.0,339.6,350.39999,24348791.0,8581870600.0
2022-05-12,342.8,352.2,341.8,344.20001,20022898.0,6926588849.0
2022-05-13,350.0,357.2,350.0,354.39999,19487577.0,6902170419.0
2022-05-16,360.0,362.4,347.2,350.0,15558023.0,5485265300.0
2022-05-17,354.4,369.4,354.4,368.39999,30117051.0,10958899113.0
2022-05-18,375.2,375.2,358.0,365.60001,28343560.0,10299307581.0
2022-05-19,342.0,343.6,334.0,341.79999,60149532.0,20388186584.0
2022-05-20,348.0,354.8,346.0,352.20001,28325659.0,9918517452.0
2022-05-23,349.6,350.6,342.0,346.79999,17034672.0,5897417610.0
2022-05-24,342.8,347.6,336.4,338.0,19699960.0,6706153712.0
2022-05-25,334.8,339.8,334.0,334.0,21553207.0,7245483918.0
2022-05-26,335.0,335.8,330.0,334.20001,18496371.0,6153040768.0
2022-05-27,345.6,347.8,338.2,341.79999,20760810.0,7116127406.0
2022-05-30,345.8,351.2,344.4,350.0,22298377.0,7773740796.0
2022-05-31,349.0,363.0,346.4,362.39999,64756621.0,23316293289.0
2022-06-01,362.0,366.2,357.8,360.39999,26920272.0,9728483572.0
2022-06-02,355.0,360.6,353.8,359.0,14182488.0,5066372935.0
2022-06-06,362.0,369.4,356.0,367.60001,23900121.0,8641627925.0
2022-06-07,372.0,374.8,363.0,367.60001,27086986.0,10014602784.0
2022-06-08,375.0,391.4,373.2,391.39999,47476909.0,18251431120.0
2022-06-09,404.0,406.8,389.0,394.79999,39147100.0,15534387000.0
2022-06-10,384.4,398.2,383.0,396.39999,29755765.0,11715111840.0
2022-06-13,383.6,386.8,373.6,377.0,24938012.0,9469439263.0
2022-06-14,372.4,378.4,367.4,376.0,16307664.0,6080672023.0
2022-06-15,376.0,382.2,375.2,379.79999,21242678.0,8037916132.0
2022-06-16,376.0,382.4,364.0,367.60001,22143706.0,8202777815.0
2022-06-17,361.8,374.6,361.8,369.39999,19483010.0,7202701520.0
2022-06-20,370.0,374.0,364.6,370.79999,11639693.0,4295087327.0
2022-06-21,371.8,381.0,370.2,381.0,15013276.0,5676243706.0
2022-06-22,380.8,380.8,370.0,370.0,13714137.0,5146621248.0
2022-06-23,371.8,379.4,369.0,375.0,12620777.0,4731541678.0
2022-06-24,379.4,386.0,374.2,384.20001,18197838.0,6940912420.0
2022-06-27,387.0,400.2,374.6,378.20001,57400982.0,22098932703.0
2022-06-28,372.8,373.4,356.4,365.79999,58585070.0,21280735497.0
2022-06-29,360.0,370.4,356.2,365.0,34975785.0,12740401126.0
2022-06-30,360.0,363.6,354.0,354.39999,33385197.0,11943779457.0
2022-07-04,354.4,356.4,344.4,347.0,38455595.0,13459613393.0
2022-07-05,348.0,353.4,347.4,348.79999,19486553.0,6813335399.0
2022-07-06,349.0,353.0,340.8,347.60001,24822317.0,8584681483.0
2022-07-07,343.2,351.6,342.8,351.60001,18985683.0,6614921541.0
2022-07-08,357.2,357.2,348.6,352.60001,18754352.0,6594435267.0
2022-07-11,344.4,346.2,340.2,342.39999,20598133.0,7049756973.0
2022-07-12,338.6,340.8,336.2,337.79999,17307064.0,5851406735.0
2022-07-13,338.6,341.2,335.0,335.39999,17134245.0,5778623253.0
2022-07-14,334.6,337.4,332.0,335.0,16774995.0,5612694759.0
2022-07-15,330.0,332.4,323.2,325.0,26328504.0,8620244652.0
2022-07-18,326.4,333.8,321.0,332.60001,20372247.0,6691327196.0
2022-07-19,331.4,338.4,330.0,333.20001,12655564.0,4219284350.0
2022-07-20,342.0,342.8,338.0,338.60001,15982772.0,5437362471.0
2022-07-21,335.0,336.6,329.2,334.0,19107287.0,6365385743.0
2022-07-22,337.6,339.6,330.0,332.0,15081236.0,5031086902.0
2022-07-25,329.6,330.0,321.6,326.39999,16847756.0,5480305247.0
2022-07-26,324.6,330.4,323.2,329.39999,13863359.0,4538649832.0
2022-07-27,325.0,327.8,320.0,320.20001,19816350.0,6391684517.0
2022-07-28,324.6,325.8,320.0,320.79999,15349399.0,4942120036.0
2022-07-29,320.8,323.4,305.0,306.79999,37194352.0,11534928096.0
2022-08-01,302.0,304.8,299.6,299.60001,39993630.0,12079935501.0
2022-08-02,295.2,295.8,288.0,295.0,42691346.0,12463117000.0
2022-08-03,299.0,306.4,298.0,302.60001,27403685.0,8279787726.0
2022-08-04,307.8,312.0,305.2,312.0,19792022.0,6135442465.0
2022-08-05,313.4,314.0,304.2,307.60001,16442481.0,5051926694.0
2022-08-08,302.4,305.8,298.2,299.39999,15046951.0,4524987105.0
2022-08-09,300.0,304.4,296.4,298.0,14193448.0,4251639398.0
2022-08-10,299.6,299.8,292.2,295.60001,15358607.0,4527799671.0
2022-08-11,299.2,304.6,298.2,303.60001,14861997.0,4475383063.0
2022-08-12,304.6,304.6,300.2,304.20001,10981685.0,3325123968.0
2022-08-15,301.8,305.8,299.0,300.39999,11622138.0,3501151012.0
2022-08-16,302.0,306.0,292.6,303.0,23529966.0,7049536942.0
2022-08-17,303.0,305.8,297.0,303.20001,17616313.0,5307986123.0
2022-08-18,316.0,316.0,309.4,312.60001,32206273.0,10075428795.0
2022-08-19,312.6,320.0,312.2,315.0,23266775.0,7366823403.0
2022-08-22,312.2,315.6,308.2,310.60001,14775320.0,4616631942.0
2022-08-23,312.0,314.0,309.0,312.79999,13530189.0,4212688236.0
2022-08-24,313.8,315.4,307.4,310.0,13050814.0,4052924856.0
2022-08-25,312.6,325.4,312.6,325.0,19441009.0,6230189351.0
2022-08-26,330.2,330.8,321.4,324.20001,18576228.0,6033768222.0
2022-08-29,319.0,324.8,316.8,323.0,12394983.0,3994891708.0
2022-08-30,323.0,323.8,313.8,323.60001,14042944.0,4487786371.0
2022-08-31,315.0,334.6,314.8,327.20001,26206525.0,8547599001.0
2022-09-01,327.0,333.6,324.0,324.60001,23932337.0,7860184590.0
2022-09-02,323.8,330.6,322.2,328.60001,25490848.0,8331245791.0
2022-09-05,324.0,324.8,316.0,319.0,20370608.0,6514278105.0
2022-09-06,319.0,321.6,311.6,314.20001,16233176.0,5099395572.0
2022-09-07,309.2,312.4,306.2,311.60001,15178496.0,4693055880.0
2022-09-08,306.8,310.6,300.2,301.79999,23574804.0,7162855154.0
2022-09-09,299.0,309.4,299.0,307.0,17162625.0,5244168478.0
2022-09-13,308.6,308.8,304.4,304.79999,17173715.0,5262293784.0
2022-09-14,300.4,304.2,299.0,299.60001,17988979.0,5407892183.0
2022-09-15,299.2,302.4,299.2,300.0,13321901.0,4001259617.0
2022-09-16,297.4,299.4,293.2,293.20001,24944190.0,7361831657.0
2022-09-19,292.2,292.8,288.2,289.0,22924233.0,6653187631.0
2022-09-20,292.4,296.6,292.4,293.39999,15136256.0,4454161074.0
2022-09-21,290.4,291.4,286.0,286.0,16093175.0,4642284965.0
2022-09-22,282.0,285.4,279.2,283.0,17537491.0,4949062056.0
2022-09-23,278.6,281.4,275.0,275.0,19674705.0,5458007410.0
2022-09-26,273.2,287.6,273.2,283.20001,24646712.0,6971035398.0
2022-09-27,282.4,283.2,275.2,280.79999,22729235.0,6349926990.0
2022-09-28,279.8,279.8,273.4,274.0,22159591.0,6121750510.0
2022-09-29,278.2,283.8,268.2,270.60001,20159158.0,5539714589.0
2022-09-30,266.8,276.4,263.6,266.39999,22458387.0,6014748399.0
2022-10-03,264.0,266.8,259.4,263.79999,13987290.0,3677985214.0
2022-10-05,274.8,280.0,271.2,279.0,18141455.0,5020412119.0
2022-10-06,279.0,282.6,275.0,277.79999,10374051.0,2884643290.0
2022-10-07,273.8,274.4,270.0,270.60001,9981032.0,2714042198.0
2022-10-10,266.0,268.4,262.8,263.79999,15679704.0,4158716898.0
2022-10-11,261.6,262.4,254.2,254.60001,21324035.0,5471081377.0
2022-10-12,251.0,264.0,248.0,253.60001,32025105.0,8086479520.0
2022-10-13,254.4,255.0,246.2,246.2,22159044.0,5543701791.0
2022-10-14,250.0,258.8,248.4,249.2,31457117.0,7963716201.0
2022-10-17,245.2,250.8,240.8,247.2,26319069.0,6445322534.0
2022-10-18,252.0,256.6,249.4,254.39999,22129580.0,5605506972.0
2022-10-19,251.6,252.6,243.6,244.0,20957367.0,5182927747.0
2022-10-20,237.0,239.2,231.0,232.39999,49410926.0,11558522041.0
2022-10-21,232.0,236.4,230.2,232.8,26545936.0,6207433510.0
2022-10-24,224.0,226.0,205.2,206.2,85067932.0,18235594802.0
2022-10-25,202.0,215.6,198.6,206.39999,73016944.0,15057096339.0
2022-10-26,204.8,218.4,202.2,211.60001,50349233.0,10691691421.0
2022-10-27,221.2,222.0,211.8,213.2,42717088.0,9287007941.0
2022-10-28,210.0,211.4,200.0,200.8,40832142.0,8295820033.0
2022-10-31,201.8,216.6,199.0,205.60001,49512538.0,10317200179.0
2022-11-01,207.8,231.8,207.8,227.39999,77842280.0,17278380058.0
2022-11-02,225.6,232.0,220.0,230.60001,35145104.0,7972954274.0
2022-11-03,226.0,230.2,220.2,221.39999,30634922.0,6874778662.0
2022-11-04,224.4,247.4,224.4,238.60001,67156433.0,16041578954.0
2022-11-07,233.8,249.6,231.6,245.39999,43980248.0,10732444385.0
2022-11-08,243.4,252.0,242.8,245.8,23541345.0,5800512566.0
2022-11-09,244.0,248.4,233.8,236.8,31658705.0,7550803431.0
2022-11-10,229.0,234.4,229.0,231.39999,23257794.0,5377821005.0
2022-11-11,253.0,260.8,245.4,258.39999,53013204.0,13379987102.0
2022-11-14,269.2,276.6,257.2,260.60001,48396603.0,12793448150.0
2022-11-15,262.0,288.2,258.2,288.0,63102526.0,17667319307.0
2022-11-16,285.6,296.8,280.0,294.39999,61785142.0,17874981984.0
2022-11-17,298.6,299.4,281.2,292.0,69820587.0,20347072222.0
2022-11-18,300.0,302.8,286.4,287.79999,44759245.0,13194749910.0
2022-11-21,282.2,286.6,274.6,283.20001,31308860.0,8835178376.0
2022-11-22,280.2,286.4,274.6,277.39999,28461436.0,7935212584.0
2022-11-23,277.8,284.8,277.4,282.0,23380469.0,6584599929.0
2022-11-24,286.4,289.4,279.0,280.39999,17174522.0,4856963853.0
2022-11-25,277.0,277.8,268.4,273.0,31317632.0,8521458805.0
2022-11-28,259.0,271.4,259.0,270.0,33498674.0,8932255366.0
2022-11-29,276.4,286.0,273.8,285.79999,33140777.0,9288042698.0
2022-11-30,283.6,292.6,280.0,287.20001,46633723.0,13336875384.0
2022-12-01,298.0,303.8,292.6,294.39999,45550089.0,13516781502.0
2022-12-02,296.0,299.6,291.6,296.0,25087186.0,7412911366.0
2022-12-05,310.0,317.0,302.4,314.0,59827141.0,18632821345.0
2022-12-06,307.8,313.8,307.2,311.79999,29059056.0,9015662366.0
2022-12-07,309.8,318.6,299.0,300.20001,41107551.0,12734708222.0
2022-12-08,304.2,318.0,304.2,317.39999,34092432.0,10688852348.0
2022-12-09,318.8,326.6,314.4,325.60001,40400176.0,13010690391.0
2022-12-12,318.4,324.8,315.4,317.60001,20509991.0,6532116382.0
2022-12-13,316.0,325.0,315.6,318.39999,20313254.0,6497226484.0
2022-12-14,322.2,327.8,318.4,325.0,24238494.0,7865015446.0
2022-12-15,325.0,326.6,316.0,317.60001,18962052.0,6040826831.0
2022-12-16,314.0,321.4,311.6,316.79999,25128603.0,7968428489.0
2022-12-19,320.4,328.8,316.8,320.39999,24897178.0,8007002012.0
2022-12-20,318.8,318.8,306.4,309.39999,29056421.0,9031816188.0
2022-12-21,311.0,313.2,308.0,311.0,15323874.0,4762831049.0
2022-12-22,319.0,325.8,316.4,323.79999,24251750.0,7812816080.0
2022-12-23,318.0,326.0,317.2,320.20001,15502697.0,4990075213.0
2022-12-28,325.0,329.6,321.8,326.20001,24188394.0,7890186357.0
2022-12-29,323.0,336.0,323.0,335.20001,30087456.0,9991287673.0
2022-12-30,339.0,343.8,331.4,334.0,27211337.0,9169263906.0
2023-01-03,334.0,345.8,328.8,345.20001,29957513.0,10134792220.0
2023-01-04,350.0,361.0,349.0,361.0,37429922.0,13322863971.0
2023-01-05,358.0,362.2,343.6,347.79999,40803927.0,14350263612.0
2023-01-06,353.6,359.4,346.8,349.39999,27092487.0,9537398638.0
2023-01-09,355.0,362.4,351.6,362.0,28323733.0,10162059272.0
2023-01-10,365.0,365.8,357.0,362.39999,19854116.0,7160873145.0
2023-01-11,369.8,378.8,366.6,373.79999,35722217.0,13341772544.0
2023-01-12,379.0,379.6,356.4,364.0,40547528.0,14789004984.0
2023-01-13,364.6,372.4,356.2,371.39999,20970696.0,7669191824.0
2023-01-16,372.2,376.4,364.0,370.20001,19986153.0,7414939067.0
2023-01-17,370.6,375.6,366.0,373.79999,16103837.0,5963511569.0
2023-01-18,380.0,381.0,371.0,380.0,27122730.0,10250085861.0
2023-01-19,377.0,385.0,374.6,382.79999,17351698.0,6617317560.0
2023-01-20,390.0,392.2,385.0,391.79999,16863710.0,6573674938.0
2023-01-26,400.0,406.8,398.4,406.79999,23729091.0,9555141834.0
2023-01-27,410.2,416.6,409.0,415.0,18625209.0,7685459557.0
2023-01-30,407.6,411.0,384.0,387.20001,53626689.0,21117886294.0
2023-01-31,390.0,397.0,373.8,382.20001,55756238.0,21309340456.0
2023-02-01,385.6,387.0,373.6,385.0,31418879.0,11975418789.0
2023-02-02,389.0,392.0,381.2,383.0,23755405.0,9212435672.0
2023-02-03,381.6,386.6,375.4,385.0,25941959.0,9885038548.0
2023-02-06,375.2,380.0,368.6,376.79999,25591052.0,9592556756.0
2023-02-07,381.0,386.0,377.4,380.0,19801656.0,7560574438.0
2023-02-08,383.8,386.8,377.8,382.20001,17269537.0,6601541109.0
2023-02-09,381.2,397.0,380.0,395.60001,26660695.0,10411377591.0
2023-02-10,395.0,397.2,382.6,383.39999,24606130.0,9553892006.0
2023-02-13,379.2,388.6,376.6,386.60001,20355691.0,7782878399.0
2023-02-14,387.0,387.6,378.0,378.60001,17932457.0,6831837559.0
2023-02-15,382.2,382.2,372.4,377.0,16498472.0,6203887780.0
2023-02-16,380.8,392.8,379.0,382.60001,21914350.0,8467285346.0
2023-02-17,385.2,387.4,373.0,373.79999,17721575.0,6704215655.0
2023-02-20,371.6,378.8,369.2,377.0,12312675.0,4611823354.0
2023-02-21,375.2,375.4,358.2,361.79999,29313236.0,10690717967.0
2023-02-22,355.6,363.0,347.6,356.0,33151555.0,11783068387.0
2023-02-23,350.8,363.4,348.4,356.0,19433112.0,6926891168.0
2023-02-24,351.0,355.2,347.4,349.39999,24415893.0,8549028187.0
2023-02-27,345.0,354.4,342.8,349.39999,20480043.0,7154268934.0
2023-02-28,352.2,357.6,343.6,343.60001,26006206.0,9075437622.0
2023-03-01,347.4,370.8,346.0,368.79999,35607254.0,12867704100.0
2023-03-02,368.2,369.0,362.4,362.79999,14796574.0,5402223022.0
2023-03-03,372.2,374.8,364.4,367.60001,17784504.0,6570474541.0
2023-03-06,364.0,368.6,360.6,363.0,12628083.0,4598925385.0
2023-03-07,362.8,368.8,355.0,357.0,17037998.0,6137583971.0
2023-03-08,350.0,351.6,345.0,349.60001,21208344.0,7385431276.0
2023-03-09,348.0,349.2,340.2,340.20001,17274863.0,5954164935.0
2023-03-10,333.0,338.2,330.6,331.60001,37596411.0,12533775053.0
2023-03-13,340.4,351.6,337.4,344.79999,27127633.0,9329027129.0
2023-03-14,341.4,352.6,339.0,341.60001,21324692.0,7365989508.0
2023-03-15,350.4,353.8,344.2,344.60001,16570551.0,5773864536.0
2023-03-16,340.4,345.0,333.8,336.0,23728825.0,8035602057.0
2023-03-17,340.8,346.6,339.4,339.39999,29033159.0,9926040093.0
2023-03-20,337.0,339.4,331.0,334.79999,20437066.0,6833299619.0
2023-03-21,334.8,347.0,330.4,343.60001,21276362.0,7210706944.0
2023-03-22,347.0,353.6,346.2,347.20001,19654793.0,6873877002.0
2023-03-23,353.6,375.8,352.4,375.60001,46850205.0,17188995531.0
2023-03-24,380.0,387.4,374.8,376.79999,33215505.0,12590328306.0
2023-03-27,374.6,378.0,362.6,362.79999,25798653.0,9482608808.0
2023-03-28,366.8,381.0,366.8,378.20001,31337657.0,11776617712.0
2023-03-29,397.0,397.6,382.0,384.79999,36095299.0,14010524765.0
2023-03-30,389.8,389.8,380.2,385.0,25243232.0,9710991382.0
2023-03-31,390.0,394.0,384.0,385.79999,25957481.0,10092564504.0
2023-04-03,389.0,391.0,385.0,388.20001,18773494.0,7283136350.0
2023-04-04,383.2,388.6,382.2,385.0,14254252.0,5484701478.0
2023-04-06,384.0,387.6,380.6,385.39999,14945689.0,5735688750.0
2023-04-11,389.0,390.0,371.4,376.60001,21931068.0,8304864538.0
2023-04-12,371.0,371.6,354.2,357.20001,40470596.0,14607065137.0
2023-04-13,350.0,364.0,347.4,363.20001,24956481.0,8897620125.0
2023-04-14,366.4,368.2,359.0,365.39999,12744724.0,4633061402.0
2023-04-17,364.6,372.0,360.4,371.0,15710199.0,5769985870.0
2023-04-18,371.0,371.0,361.0,365.39999,13686354.0,4986471516.0
2023-04-19,363.0,363.0,355.0,357.20001,16279391.0,5827612230.0
2023-04-20,357.2,361.6,355.6,357.0,10530854.0,3765348573.0
2023-04-21,353.2,355.6,346.0,349.20001,16523648.0,5780344446.0
2023-04-24,347.2,350.8,338.0,345.0,20470625.0,7023120389.0
2023-04-25,341.6,341.6,333.0,338.39999,20949955.0,7056476865.0
2023-04-26,335.8,352.2,335.4,348.20001,25018346.0,8637974033.0
2023-04-27,347.0,348.0,340.2,345.0,14757831.0,5078333682.0
2023-04-28,348.0,354.8,343.8,344.39999,15394102.0,5356891792.0
2023-05-02,352.0,354.4,342.2,345.79999,8648798.0,3003103170.0
2023-05-03,339.6,343.0,336.2,339.39999,10551544.0,3573459370.0
2023-05-04,340.6,343.6,333.0,337.79999,17579228.0,5936738264.0
2023-05-05,343.4,347.0,338.2,342.79999,14814925.0,5079655993.0
2023-05-08,344.0,347.6,337.6,340.79999,10715881.0,3652510235.0
2023-05-09,338.2,339.2,328.2,328.39999,23541440.0,7831370563.0
2023-05-10,327.0,331.4,325.4,329.60001,15572919.0,5117818935.0
2023-05-11,332.6,333.6,323.2,326.39999,17571687.0,5746565382.0
2023-05-12,331.8,334.4,327.0,328.20001,17991214.0,5943372305.0
2023-05-15,325.0,344.4,325.0,341.0,23740493.0,8025510416.0
2023-05-16,348.0,348.0,342.8,344.79999,14121222.0,4865134531.0
2023-05-17,346.0,349.8,341.2,342.79999,19562717.0,6766317221.0
2023-05-18,341.2,343.0,329.4,339.79999,34412000.0,11559354011.0
2023-05-19,333.0,335.8,329.0,333.20001,22685856.0,7538059155.0
2023-05-22,331.8,344.4,328.2,340.20001,20042131.0,6765009287.0
2023-05-23,345.2,345.6,334.0,335.60001,15019611.0,5098105798.0
2023-05-24,331.2,336.8,330.6,332.39999,13547979.0,4515574915.0
2023-05-25,329.8,330.6,318.4,322.39999,26028377.0,8426578871.0
2023-05-29,327.2,327.2,311.2,313.20001,28838839.0,9139977298.0
2023-05-30,311.8,318.2,307.6,316.20001,21736553.0,6812911047.0
2023-05-31,314.6,314.6,306.0,310.60001,32131907.0,9981997875.0
2023-06-01,312.6,323.4,311.2,315.39999,22951704.0,7292374057.0
2023-06-02,327.6,334.2,323.4,334.20001,32055423.0,10589659557.0
2023-06-05,336.0,338.8,330.0,338.20001,19890895.0,6676336755.0
2023-06-06,338.0,339.2,329.0,331.20001,16700158.0,5572482384.0
2023-06-07,340.0,340.0,334.6,335.60001,18254900.0,6159602765.0
2023-06-08,332.8,335.2,328.2,334.79999,13133723.0,4361434994.0
2023-06-09,336.4,340.0,333.8,336.0,16184167.0,5451645038.0
2023-06-12,340.0,340.0,334.2,338.39999,13488760.0,4557765581.0
2023-06-13,339.6,348.4,338.0,344.79999,23119808.0,7957106270.0
2023-06-14,346.6,353.4,344.0,345.60001,22081967.0,7691036374.0
2023-06-15,353.0,355.0,348.0,355.0,25008358.0,8813278392.0
2023-06-16,359.0,364.4,355.8,363.0,35853943.0,12946982000.0
2023-06-19,359.6,360.0,350.4,357.20001,20273905.0,7189369317.0
2023-06-20,354.0,359.2,347.2,350.0,16283873.0,5713762131.0
2023-06-21,341.6,346.0,337.0,340.39999,19304438.0,6568809205.0
2023-06-23,340.0,340.8,333.0,337.0,13898721.0,4679575009.0
2023-06-26,335.6,339.4,330.2,332.79999,18157220.0,6064114639.0
2023-06-27,332.8,344.4,332.8,341.39999,17490624.0,5959539790.0
2023-06-28,340.0,341.0,333.8,336.20001,15887756.0,5353375868.0
2023-06-29,339.0,339.0,331.2,333.60001,13517437.0,4513065378.0
2023-06-30,331.0,333.8,329.4,331.60001,16197039.0,5367017503.0
2023-07-03,331.8,340.0,331.8,338.0,14198462.0,4784258458.0
2023-07-04,336.4,341.2,336.2,339.20001,9439642.0,3197624156.0
2023-07-05,339.8,341.0,333.2,335.39999,9861945.0,3314699528.0
2023-07-06,332.2,337.0,325.4,326.79999,19781825.0,6504989785.0
2023-07-07,323.2,331.6,320.0,326.60001,21595356.0,7015522376.0
2023-07-10,333.8,335.8,327.4,328.79999,17287899.0,5712851267.0
2023-07-11,332.6,335.6,330.2,333.79999,12361269.0,4120721943.0
2023-07-12,338.6,341.0,335.8,340.0,16847310.0,5716051811.0
2023-07-13,350.0,350.6,347.0,349.79999,27315463.0,9530812910.0
2023-07-14,354.8,354.8,348.8,352.60001,21213481.0,7461794508.0
2023-07-18,351.8,351.8,335.0,336.39999,29147987.0,9911756962.0
2023-07-19,330.6,333.8,327.0,333.0,21913296.0,7240460689.0
2023-07-20,336.0,341.8,330.6,332.79999,16564481.0,5556791373.0
2023-07-21,332.8,337.4,331.0,333.0,11843920.0,3952114060.0
2023-07-24,328.6,331.0,323.8,325.0,17451591.0,5702816771.0
2023-07-25,337.0,345.6,335.0,345.0,29203653.0,9931910111.0
2023-07-26,344.8,344.8,338.2,341.0,14941840.0,5092535339.0
2023-07-27,346.0,346.4,340.4,343.79999,13651548.0,4698584231.0
2023-07-28,343.8,352.0,338.6,350.39999,22244305.0,7739027960.0
2023-07-31,360.0,363.0,350.8,354.39999,36796567.0,13119805014.0
2023-08-01,356.0,361.0,347.2,354.0,23436211.0,8303605274.0
2023-08-02,351.6,352.4,340.2,343.39999,21038298.0,7251316786.0
2023-08-03,342.0,347.8,339.0,342.20001,16661383.0,5745551264.0
2023-08-04,348.6,350.6,339.2,343.39999,19099499.0,6574571115.0
2023-08-07,340.2,341.8,338.0,341.20001,9480118.0,3221321551.0
2023-08-08,334.4,337.2,333.4,334.79999,15381749.0,5149851528.0
2023-08-09,333.0,338.2,332.0,337.20001,11917732.0,3989808437.0
2023-08-10,337.2,341.6,335.6,339.79999,11185881.0,3786436144.0
2023-08-11,338.8,341.6,334.6,335.79999,12303930.0,4141506048.0
2023-08-14,328.0,334.4,327.8,333.20001,15754526.0,5226439815.0
2023-08-15,331.2,335.0,330.6,332.60001,10787439.0,3587997385.0
2023-08-16,329.8,331.0,327.6,328.79999,16484843.0,5424343870.0
2023-08-17,320.6,335.8,320.6,332.79999,28817958.0,9486311330.0
2023-08-18,329.4,332.8,325.0,325.0,18108794.0,5944608803.0
2023-08-21,321.0,325.8,318.0,318.0,25696855.0,8249693136.0
2023-08-22,318.2,324.6,314.4,319.0,24679965.0,7873317693.0
2023-08-23,320.0,321.4,317.0,318.0,17244848.0,5498780349.0
2023-08-24,321.0,328.0,321.0,325.20001,22340826.0,7249199294.0
2023-08-25,322.6,323.8,320.0,320.0,12542511.0,4032148392.0
2023-08-28,330.6,333.6,324.8,325.20001,19402834.0,6356409937.0
2023-08-29,325.4,332.0,325.4,329.39999,15382479.0,5067422706.0
2023-08-30,333.8,334.0,325.0,325.79999,15190035.0,4992667676.0
2023-08-31,331.0,331.8,322.0,325.0,49737237.0,16198347014.0
2023-09-04,330.0,334.6,328.4,333.39999,30748869.0,10160809676.0
2023-09-05,332.0,335.0,327.4,329.0,13250752.0,4370874310.0
2023-09-06,329.0,329.0,323.2,327.60001,16488562.0,5381303850.0
2023-09-07,326.6,327.2,320.2,321.60001,16724228.0,5391223905.0
2023-09-11,315.4,325.4,315.4,324.0,18808064.0,6040944631.0
2023-09-12,328.0,328.0,319.8,322.0,10399333.0,3355116160.0
2023-09-13,326.0,326.0,319.0,320.20001,10662703.0,3421558267.0
2023-09-14,322.4,322.6,318.4,319.79999,10153112.0,3249440578.0
2023-09-15,320.0,321.8,317.0,317.20001,19218155.0,6120466277.0
2023-09-18,317.2,319.0,312.2,312.20001,14736625.0,4644323052.0
2023-09-19,312.8,314.8,308.8,312.39999,15579978.0,4858993927.0
2023-09-20,312.6,312.6,308.0,309.20001,13663748.0,4232881515.0
2023-09-21,306.8,308.4,302.0,303.0,19116385.0,5800506675.0
2023-09-22,302.0,314.0,300.2,313.60001,21236877.0,6532964150.0
2023-09-25,311.4,311.6,303.2,304.39999,18307015.0,5598702553.0
2023-09-26,301.0,303.6,298.2,300.0,15924558.0,4792868840.0
2023-09-27,298.0,304.2,298.0,302.0,14203461.0,4279249839.0
2023-09-28,301.8,302.6,296.4,297.39999,15604031.0,4656643911.0
2023-09-29,297.6,308.4,297.2,306.20001,11252646.0,3427495227.0
2023-10-03,302.0,302.0,296.4,300.60001,15122710.0,4529560053.0
2023-10-04,299.8,300.0,295.4,297.60001,10942209.0,3255192428.0
2023-10-05,299.8,303.6,298.6,299.79999,10801914.0,3248496149.0
2023-10-06,303.8,307.4,301.8,305.20001,11076858.0,3377586513.0
2023-10-09,307.6,308.8,302.0,307.0,11396304.0,3494379463.0
2023-10-10,308.0,314.8,306.0,308.20001,16445252.0,5092537962.0
2023-10-11,314.0,314.6,310.4,311.0,16424531.0,5127315924.0
2023-10-12,316.6,317.2,314.8,316.60001,13451541.0,4253651016.0
2023-10-13,312.8,313.0,305.4,306.79999,13367440.0,4126234792.0
2023-10-16,308.8,308.8,300.2,301.20001,12452816.0,3763941347.0
2023-10-17,304.6,304.6,300.0,302.20001,9202480.0,2778330474.0
2023-10-18,300.2,301.6,297.4,300.0,12001017.0,3597465826.0
2023-10-19,295.2,297.6,291.2,291.20001,17216427.0,5071175711.0
2023-10-20,287.4,290.2,286.2,289.0,19212180.0,5532516610.0
2023-10-24,287.0,289.8,282.6,283.0,21619960.0,6162879368.0
2023-10-25,292.4,296.4,285.2,287.79999,17506229.0,5096837025.0
2023-10-26,286.8,290.2,283.0,287.60001,11446711.0,3278486902.0
2023-10-27,287.6,294.6,287.0,292.79999,16455031.0,4795573277.0
2023-10-30,291.6,297.8,290.8,295.39999,14357754.0,4228011953.0
2023-10-31,295.4,295.4,288.0,289.20001,13727382.0,3984600481.0
2023-11-01,288.8,290.0,284.4,287.0,11006036.0,3157915344.0
2023-11-02,290.0,294.2,286.8,288.60001,10477412.0,3037345195.0
2023-11-03,292.2,304.2,291.4,302.60001,21575201.0,6455647414.0
2023-11-06,309.8,314.2,307.2,312.60001,26863379.0,8358214297.0
2023-11-07,312.6,314.0,306.2,308.60001,13397743.0,4143070769.0
2023-11-08,309.4,314.6,307.4,308.39999,12879809.0,4001595292.0
2023-11-09,305.0,308.8,305.0,306.79999,10272208.0,3148081937.0
2023-11-10,304.6,304.6,301.2,302.79999,9871831.0,2987541086.0
2023-11-13,302.2,311.8,300.2,309.79999,13586029.0,4154169988.0
2023-11-14,311.8,312.0,305.6,307.79999,12477388.0,3842261223.0
2023-11-15,316.6,323.6,314.0,322.60001,32454690.0,10350836032.0
2023-11-16,330.0,330.0,316.2,324.79999,35296026.0,11408055349.0
2023-11-17,323.6,323.6,313.2,315.20001,21970164.0,6964405195.0
2023-11-20,316.2,328.8,316.2,326.60001,27782719.0,9006002433.0
2023-11-21,330.4,332.6,323.6,324.79999,24188659.0,7943866990.0
2023-11-22,328.0,330.0,322.0,324.39999,14169841.0,4616781447.0
2023-11-23,326.6,329.6,323.6,329.20001,14531153.0,4757635404.0
2023-11-24,329.6,329.6,320.0,321.20001,15236522.0,4930730514.0
2023-11-27,325.0,325.0,318.0,322.79999,12232068.0,3932052873.0
2023-11-28,324.4,324.4,317.0,319.60001,15153725.0,4845979129.0
2023-11-29,323.0,324.0,313.6,317.0,16856744.0,5350805912.0
2023-11-30,317.4,327.0,317.0,327.0,30308092.0,9825334888.0
2023-12-01,324.8,325.8,319.0,319.0,15149684.0,4879489488.0
2023-12-04,323.0,324.2,315.2,316.79999,14907238.0,4757921362.0
2023-12-05,321.0,321.0,305.0,308.79999,23730039.0,7365272819.0
2023-12-06,306.6,314.8,302.4,311.60001,15896242.0,4923099459.0
2023-12-07,309.0,311.2,304.0,307.79999,13703651.0,4202919809.0
2023-12-08,307.4,309.2,301.0,305.60001,16600566.0,5058680831.0
2023-12-11,300.8,308.6,298.4,307.20001,18402157.0,5572601512.0
2023-12-12,307.0,311.8,306.2,311.39999,12995914.0,4023372817.0
2023-12-13,309.6,310.8,304.4,307.0,14145125.0,4349541594.0
2023-12-14,310.0,314.0,304.6,306.39999,17198776.0,5291009888.0
2023-12-15,311.0,319.4,309.0,314.39999,30917917.0,9741462274.0
2023-12-18,309.6,312.6,309.6,311.60001,12094993.0,3761863748.0
2023-12-19,311.0,314.4,306.6,311.79999,12530326.0,3892814250.0
2023-12-20,316.2,318.2,312.2,314.20001,14187408.0,4471236272.0
2023-12-21,309.2,313.6,309.0,312.60001,10167030.0,3167141141.0
2023-12-22,317.0,317.0,263.6,274.0,147014902.0,40572370982.0
2023-12-27,282.2,291.0,282.2,285.0,64471032.0,18422333099.0
2023-12-28,285.0,295.6,284.8,293.0,37840686.0,10982107841.0
2023-12-29,295.0,295.8,289.6,293.60001,19624685.0,5748957744.0
2024-01-02,300.0,305.0,294.4,296.60001,23354069.0,6962383856.0
2024-01-03,294.0,301.6,292.4,300.60001,20391718.0,6085147367.0
2024-01-04,304.4,304.4,298.0,298.79999,20217430.0,6060645067.0
2024-01-05,295.4,296.6,289.6,292.20001,23745017.0,6955882327.0
2024-01-08,294.4,294.6,285.2,288.0,16718452.0,4808945707.0
2024-01-09,286.0,289.2,283.4,283.60001,16927478.0,4836417346.0
2024-01-10,282.0,285.2,276.8,280.20001,19146068.0,5366550706.0
2024-01-11,280.6,292.4,280.0,287.39999,20604580.0,5923778710.0
2024-01-12,285.6,293.0,284.8,288.39999,15770055.0,4564846573.0
2024-01-15,290.0,293.8,287.6,289.39999,16334371.0,4735733149.0
2024-01-16,283.8,288.8,280.0,282.39999,22236094.0,6296367933.0
2024-01-17,277.0,278.8,272.2,274.60001,36114167.0,9920052518.0
2024-01-18,274.6,279.2,271.2,277.60001,24604079.0,6776282696.0
2024-01-19,275.0,282.6,268.2,271.20001,26897479.0,7357692839.0
2024-01-22,270.6,271.6,260.2,262.20001,33654810.0,8880717645.0
2024-01-23,266.8,278.2,263.2,272.0,35610787.0,9683595311.0
2024-01-24,279.6,284.4,272.2,281.79999,33863638.0,9417935656.0
2024-01-25,285.0,292.0,280.8,290.79999,34160783.0,9841462621.0
2024-01-26,288.2,290.2,281.2,282.79999,24815795.0,7079875596.0
2024-01-29,286.0,288.4,279.4,282.0,20159014.0,5699930982.0
2024-01-30,277.2,280.0,273.0,273.79999,21505998.0,5913403599.0
2024-01-31,273.8,278.0,268.4,270.60001,20052974.0,5438242133.0
2024-02-01,270.0,277.8,268.0,271.60001,17329472.0,4720877744.0
2024-02-02,284.6,287.6,275.0,279.39999,31053753.0,8741240897.0
2024-02-05,278.4,283.4,273.8,279.60001,20456590.0,5693719708.0
2024-02-06,279.8,292.6,279.6,290.79999,28856902.0,8307954181.0
2024-02-07,295.0,297.0,288.8,292.20001,26343654.0,7718411659.0
2024-02-08,290.0,293.2,286.4,287.20001,17910672.0,5168657520.0
2024-02-09,284.6,287.4,281.4,287.20001,6732059.0,1913725595.0
2024-02-14,287.0,291.2,282.0,290.0,11567444.0,3330238325.0
2024-02-15,288.6,290.0,285.0,285.39999,12568028.0,3601580022.0
2024-02-16,285.6,291.8,280.4,291.79999,17215356.0,4948591634.0
2024-02-19,291.4,291.4,283.8,284.79999,15415304.0,4415094331.0
2024-02-20,287.0,287.8,280.4,284.20001,15773028.0,4459365127.0
2024-02-21,280.8,294.6,280.8,288.79999,23947218.0,6932698628.0
2024-02-22,288.2,291.4,286.8,291.39999,12441270.0,3603265882.0
2024-02-23,290.0,296.4,287.0,290.79999,13229798.0,3842413526.0
2024-02-26,287.4,290.2,285.4,287.20001,12412426.0,3559023840.0
2024-02-27,286.2,286.2,278.2,284.60001,23612599.0,6662498545.0
2024-02-28,285.0,285.8,276.4,277.0,25903478.0,7245008449.0
2024-02-29,275.2,279.0,274.6,277.20001,29721885.0,8231584617.0
2024-03-01,273.0,279.0,271.8,277.39999,27952651.0,7713358074.0
2024-03-04,277.4,280.0,274.8,276.20001,13832089.0,3823469208.0
2024-03-05,270.2,273.2,266.2,268.20001,26055083.0,7021429162.0
2024-03-06,266.0,277.0,265.8,274.60001,23289346.0,6357883429.0
2024-03-07,274.8,275.6,269.2,271.0,17159729.0,4665844767.0
2024-03-08,272.0,275.6,270.0,270.0,12416156.0,3380545324.0
2024-03-11,271.2,278.6,271.2,278.60001,17866889.0,4936584620.0
2024-03-12,282.0,292.6,280.2,290.79999,36531141.0,10506831805.0
2024-03-13,291.4,294.0,288.6,290.60001,20074418.0,5850784424.0
2024-03-14,289.4,294.0,286.8,289.20001,14227432.0,4114240447.0
2024-03-15,283.0,286.2,279.6,283.79999,29183023.0,8265577655.0
2024-03-18,282.2,291.4,282.2,289.79999,19633305.0,5654374640.0
2024-03-19,289.0,291.2,285.0,285.0,15635351.0,4493812251.0
2024-03-20,285.4,290.2,283.0,288.79999,15622235.0,4499879183.0
2024-03-21,295.2,298.2,289.6,291.20001,36868686.0,10838694493.0
2024-03-22,287.4,290.4,282.4,288.79999,26432205.0,7578583691.0
2024-03-25,288.8,290.6,285.0,288.60001,21127168.0,6091145042.0
2024-03-26,286.0,300.6,286.0,299.39999,33998571.0,10047178514.0
2024-03-27,296.0,307.6,295.8,302.0,38753084.0,11767791351.0
2024-03-28,302.0,309.6,301.4,303.79999,30000843.0,9153818094.0
2024-04-02,309.0,312.4,307.8,309.20001,26561604.0,8219109343.0
2024-04-03,312.0,312.0,306.4,308.39999,19696947.0,6080044192.0
2024-04-05,309.6,311.6,304.4,310.0,13582369.0,4191612734.0
2024-04-08,305.2,311.0,304.4,305.39999,21656541.0,6642553971.0
2024-04-09,307.4,308.8,303.0,305.0,17879375.0,5461280620.0
2024-04-10,306.4,315.2,306.4,314.20001,24730145.0,7718209929.0
2024-04-11,309.8,316.6,309.0,315.0,18834968.0,5912379640.0
2024-04-12,314.0,318.0,309.4,309.60001,23031342.0,7201400890.0
2024-04-15,304.6,308.8,303.8,304.39999,18295291.0,5593339139.0
2024-04-16,301.2,308.4,300.0,301.79999,19691636.0,5979713952.0
2024-04-17,301.8,304.0,297.8,300.79999,14410544.0,4332377122.0
2024-04-18,302.2,308.8,298.6,304.39999,19058907.0,5817112793.0
2024-04-19,303.4,305.4,299.6,303.79999,19472600.0,5891457574.0
2024-04-22,308.0,322.6,306.8,320.39999,41133325.0,13065634056.0
2024-04-23,326.0,333.6,325.2,332.39999,43821652.0,14443015826.0
2024-04-24,337.8,345.0,335.4,344.20001,41472682.0,14131709369.0
2024-04-25,340.2,346.4,336.4,339.39999,27727556.0,9447179394.0
2024-04-26,340.0,351.8,340.0,348.39999,29599531.0,10298055730.0
2024-04-29,348.4,354.8,345.2,347.60001,25416523.0,8909313770.0
2024-04-30,349.6,350.8,344.0,347.20001,15957023.0,5549476351.0
2024-05-02,349.0,361.2,345.4,360.39999,22479610.0,8048229558.0
2024-05-03,371.0,372.6,360.6,364.39999,23592345.0,8612647977.0
2024-05-06,364.6,373.0,363.0,370.20001,26208326.0,9662184937.0
2024-05-07,367.4,371.2,363.4,365.79999,19408056.0,7119649470.0
2024-05-08,366.4,371.8,359.8,361.39999,20058148.0,7307654402.0
2024-05-09,361.0,370.0,360.4,369.79999,16026030.0,5882164677.0
2024-05-10,373.8,374.2,365.0,371.0,15693045.0,5809252084.0
2024-05-13,368.6,380.0,368.0,378.20001,20558084.0,7727774454.0
2024-05-14,381.0,384.8,378.6,381.79999,21603101.0,8251923622.0
2024-05-16,400.0,401.0,394.6,397.0,58430778.0,23268551890.0
2024-05-17,397.0,400.2,394.2,395.0,27916392.0,11081611102.0
2024-05-20,397.0,399.8,392.8,395.0,22331961.0,8829405381.0
2024-05-21,393.4,393.4,379.6,383.60001,30679849.0,11791772111.0
2024-05-22,379.2,386.8,376.6,384.39999,22374764.0,8564093703.0
2024-05-23,380.6,384.0,376.4,381.79999,18323988.0,6982435896.0
2024-05-24,378.2,382.6,374.8,377.0,19143321.0,7222647941.0
2024-05-27,372.0,377.6,362.4,377.39999,32132068.0,11927773448.0
2024-05-28,377.2,386.0,373.4,380.20001,16614787.0,6330014080.0
2024-05-29,377.4,379.8,369.6,371.0,27378220.0,10232747364.0
2024-05-30,370.0,374.2,365.8,368.0,22006500.0,8119057639.0
2024-05-31,371.2,379.0,359.8,359.79999,40035868.0,14674997389.0
2024-06-03,366.8,379.0,366.6,375.0,28125374.0,10465478719.0
2024-06-04,375.0,379.6,373.8,377.39999,18043066.0,6808408201.0
2024-06-05,377.6,387.8,377.6,380.79999,20205424.0,7734931399.0
2024-06-06,387.4,391.0,379.0,381.60001,18888938.0,7252563273.0
2024-06-07,383.0,384.6,372.8,374.79999,25247259.0,9484569639.0
2024-06-11,367.4,377.8,367.4,373.79999,26496779.0,9897549378.0
2024-06-12,373.8,377.8,369.6,370.79999,14960058.0,5568239314.0
2024-06-13,376.4,380.6,373.6,379.79999,15337042.0,5782500207.0
2024-06-14,382.8,383.6,378.6,379.79999,20859332.0,7947024569.0
2024-06-17,376.2,385.8,374.8,381.20001,15281150.0,5828851506.0
2024-06-18,381.4,383.8,377.0,377.0,14278934.0,5421694736.0
2024-06-19,380.4,391.0,378.4,389.0,22313477.0,8621510893.0
2024-06-20,392.0,392.0,385.6,387.60001,14049005.0,5458760162.0
2024-06-21,383.8,385.2,378.0,381.39999,25855005.0,9865327581.0
2024-06-24,377.6,381.0,374.0,380.39999,12919565.0,4877042793.0
2024-06-25,381.8,385.0,378.6,382.0,12789522.0,4886651275.0
2024-06-26,379.2,383.0,377.0,382.0,11886907.0,4523976740.0
2024-06-27,379.6,380.0,372.2,374.39999,17513758.0,6579329993.0
2024-06-28,371.6,376.0,370.8,372.39999,15561097.0,5808359575.0
2024-07-02,367.0,376.2,365.2,369.20001,27266647.0,10065077874.0
2024-07-03,366.8,380.8,366.8,379.39999,22256951.0,8344723464.0
2024-07-04,386.8,386.8,378.6,382.39999,15437093.0,5903308155.0
2024-07-05,384.8,385.6,378.8,379.79999,10522095.0,4013583387.0
2024-07-08,381.8,383.2,375.6,378.60001,11623215.0,4404429857.0
2024-07-09,377.0,382.2,376.0,381.0,13024401.0,4937581755.0
2024-07-10,385.2,385.8,376.8,377.60001,15586645.0,5939592207.0
2024-07-11,379.4,386.0,378.2,384.79999,16590064.0,6361566091.0
2024-07-12,390.8,397.2,389.2,397.0,27521352.0,10843285355.0
2024-07-15,393.2,397.0,388.6,390.20001,13680185.0,5356488154.0
2024-07-16,386.0,387.4,377.8,378.0,19061149.0,7266853576.0
2024-07-17,375.0,377.4,368.4,371.79999,25857823.0,9626459946.0
2024-07-18,368.0,371.6,367.0,369.20001,18944747.0,7004246008.0
2024-07-19,366.6,368.4,363.0,364.0,23088518.0,8436931105.0
2024-07-22,367.2,375.8,365.4,373.20001,16960926.0,6308844632.0
2024-07-23,375.0,376.4,366.0,366.20001,12104461.0,4468643968.0
2024-07-24,365.8,369.6,360.6,363.20001,11800216.0,4296613335.0
2024-07-25,360.2,361.6,351.0,351.20001,25787277.0,9109434950.0
2024-07-26,352.8,358.4,352.4,354.39999,13267324.0,4713926982.0
2024-07-29,359.8,362.0,353.8,358.20001,12872249.0,4621511204.0
2024-07-30,355.4,357.6,352.4,353.60001,9749595.0,3449679960.0
2024-07-31,352.2,366.8,351.0,362.20001,20304313.0,7342932634.0
2024-08-01,363.8,368.6,363.6,365.60001,12412285.0,4542267305.0
2024-08-02,360.8,365.4,356.2,358.20001,17707597.0,6362989242.0
2024-08-05,352.0,364.2,349.0,356.60001,22963458.0,8149877925.0
2024-08-06,360.6,363.4,349.4,354.39999,17674374.0,6271399997.0
2024-08-07,355.2,365.4,355.2,363.39999,15840290.0,5741644841.0
2024-08-08,361.2,374.4,359.4,368.20001,18811540.0,6937667976.0
2024-08-09,371.4,376.0,368.4,370.0,16353916.0,6076519265.0
2024-08-12,372.0,376.6,370.0,375.0,10215275.0,3820531726.0
2024-08-13,376.0,380.6,375.6,378.60001,13590391.0,5139849633.0
2024-08-14,378.6,379.4,369.4,373.79999,18692686.0,6972998414.0
2024-08-15,366.2,374.8,364.2,368.39999,21443850.0,7911688768.0
2024-08-16,372.0,375.2,368.8,372.60001,16414338.0,6118049481.0
2024-08-19,377.6,377.6,371.2,372.60001,15210162.0,5682955534.0
2024-08-20,372.8,373.8,369.0,370.39999,11852608.0,4396264807.0
2024-08-21,367.4,373.8,365.2,371.60001,11647083.0,4321314134.0
2024-08-22,374.8,377.8,371.2,377.79999,16786859.0,6292362555.0
2024-08-23,377.0,378.6,373.6,375.60001,13055635.0,4915768223.0
2024-08-26,378.0,384.8,377.6,382.0,16251125.0,6187192968.0
2024-08-27,378.0,382.6,377.2,381.79999,13675535.0,5201725475.0
2024-08-28,383.0,383.0,372.4,374.20001,14602521.0,5488468925.0
2024-08-29,370.0,378.0,369.0,377.60001,12890430.0,4823697844.0
2024-08-30,377.6,385.6,376.8,382.0,30873303.0,11814702142.0
2024-09-02,380.0,383.2,376.4,377.79999,13878671.0,5266962582.0
2024-09-03,378.0,381.4,374.8,378.20001,9814885.0,3712928885.0
2024-09-04,374.2,376.6,371.2,372.79999,13278870.0,4953267380.0
2024-09-05,370.4,376.6,370.4,373.39999,9576319.0,3573609644.0
2024-09-09,370.0,371.2,365.2,371.20001,20078164.0,7403940509.0
2024-09-10,369.2,370.6,366.0,368.60001,12303441.0,4541788101.0
2024-09-11,366.6,370.6,365.0,370.20001,12043623.0,4427792878.0
2024-09-12,371.0,377.0,369.6,372.60001,13800366.0,5155819382.0
2024-09-13,372.8,376.8,372.8,374.79999,11013765.0,4126159335.0
2024-09-16,372.6,377.8,370.4,377.79999,7689238.0,2888661599.0
2024-09-17,372.0,381.4,372.0,380.0,10147851.0,3843832264.0
2024-09-19,379.6,389.8,376.6,388.79999,25801963.0,9956351927.0
2024-09-20,390.0,393.4,383.8,388.60001,28407069.0,11037802946.0
2024-09-23,388.0,392.0,385.2,387.60001,15223032.0,5901921827.0
2024-09-24,393.0,402.2,389.4,402.20001,42919010.0,17036649591.0
2024-09-25,418.0,418.0,401.4,405.39999,40112126.0,16419449388.0
2024-09-26,408.0,430.0,406.8,430.0,50254878.0,21170861674.0
2024-09-27,443.2,444.8,432.6,437.79999,57154793.0,25050353600.0
2024-09-30,449.6,457.4,434.2,444.60001,75459468.0,33640909924.0
2024-10-02,450.0,479.6,449.2,470.0,48766943.0,22740694506.0
2024-10-03,471.0,476.6,453.2,466.20001,31600782.0,14666391360.0
2024-10-04,470.0,479.0,462.2,477.60001,24663665.0,11687744228.0
2024-10-07,479.8,482.4,469.6,478.39999,25334387.0,12100493260.0
2024-10-08,472.0,476.8,438.6,438.60001,70468024.0,31910928585.0
2024-10-09,449.0,453.0,424.0,434.20001,46372903.0,20395255847.0
2024-10-10,438.0,448.6,436.4,438.79999,33111230.0,14647696645.0
2024-10-14,440.8,440.8,424.0,436.0,30316807.0,13164335484.0
2024-10-15,433.8,433.8,412.6,417.0,33478410.0,14096594793.0
2024-10-16,415.0,425.8,412.6,415.79999,22490256.0,9408091928.0
2024-10-17,418.0,426.8,410.0,412.60001,16476899.0,6891360483.0
2024-10-18,412.6,435.6,411.4,430.79999,25963857.0,11032073978.0
2024-10-21,430.6,431.4,419.2,421.0,16334100.0,6931274444.0
2024-10-22,423.2,423.6,418.0,421.60001,11027704.0,4640118297.0
2024-10-23,423.0,432.2,416.6,428.20001,14656951.0,6257381250.0
2024-10-24,425.0,425.6,419.6,422.0,11202752.0,4728256741.0
2024-10-25,427.6,427.6,418.6,421.0,11951879.0,5042478403.0
2024-10-28,421.0,422.2,413.6,417.20001,15551935.0,6490536102.0
2024-10-29,419.4,423.4,415.2,418.39999,13797786.0,5779088134.0
2024-10-30,413.6,418.0,410.6,411.0,17895482.0,7390929003.0
2024-10-31,410.4,418.8,404.6,404.60001,22753709.0,9311202110.0
2024-11-01,406.0,422.4,406.0,419.20001,21086569.0,8772957316.0
2024-11-04,423.0,423.8,416.0,419.0,11706119.0,4907800634.0
2024-11-05,415.2,427.8,415.2,427.79999,15270863.0,6467649437.0
2024-11-06,425.0,426.2,413.2,419.79999,20755203.0,8721758302.0
2024-11-07,417.0,429.6,414.4,428.39999,19924018.0,8451854957.0
2024-11-08,435.0,436.0,419.4,420.79999,19389836.0,8248754864.0
2024-11-11,412.0,415.6,409.4,413.20001,22857586.0,9415370362.0
2024-11-12,409.4,413.8,403.0,403.79999,27303282.0,11097703325.0
2024-11-13,397.2,407.2,396.0,403.79999,28307185.0,11330712756.0
2024-11-14,401.6,415.0,397.8,403.39999,34898922.0,14209879823.0
2024-11-15,404.0,407.0,399.0,401.0,29061324.0,11694318621.0
2024-11-18,405.2,413.4,401.6,404.20001,20493537.0,8334918073.0
2024-11-19,406.6,409.0,403.4,406.20001,13879296.0,5642160961.0
2024-11-20,408.2,413.8,406.2,410.79999,15005135.0,6154781898.0
2024-11-21,409.4,411.4,407.0,407.60001,12501718.0,5113866289.0
2024-11-22,408.8,412.4,399.6,400.60001,16949546.0,6864777347.0
2024-11-25,400.0,402.4,393.8,395.20001,27888308.0,11050846352.0
2024-11-26,392.2,399.2,392.2,393.79999,16940574.0,6691211866.0
2024-11-27,394.6,406.2,392.0,402.79999,16685594.0,6663311548.0
2024-11-28,401.4,404.2,397.4,400.0,13067643.0,5231565698.0
2024-11-29,395.0,402.8,395.0,398.0,15626995.0,6222578704.0
2024-12-02,398.0,401.6,395.6,399.79999,13334410.0,5315344071.0
2024-12-03,403.2,404.4,394.4,404.39999,18362569.0,7349822394.0
2024-12-04,402.2,405.6,399.8,403.20001,14053234.0,5659584173.0
2024-12-05,403.4,406.6,400.8,405.20001,13314801.0,5387437368.0
2024-12-06,406.8,414.6,405.0,412.60001,27711445.0,11355635110.0
2024-12-09,406.2,421.2,406.2,418.79999,22461949.0,9280106150.0
2024-12-10,430.0,431.0,410.4,411.20001,30282843.0,12685586317.0
2024-12-11,414.8,415.0,407.2,409.79999,13098201.0,5375397926.0
2024-12-12,414.0,422.8,409.2,415.60001,23414258.0,9764008489.0
2024-12-13,413.0,415.0,408.6,409.79999,16296064.0,6700157586.0
2024-12-16,410.0,411.4,403.8,405.60001,14059845.0,5717887485.0
2024-12-17,402.0,408.0,401.8,402.60001,16779048.0,6775381419.0
2024-12-18,408.0,408.8,404.0,406.0,14906072.0,6055022951.0
2024-12-19,402.2,422.0,401.4,415.20001,34671236.0,14310455150.0
2024-12-20,414.2,429.8,414.2,426.39999,44834041.0,19091460065.0
2024-12-23,430.6,431.0,416.2,420.20001,20856154.0,8789976430.0
2024-12-24,421.0,421.6,417.6,420.0,7873769.0,3304033747.0
2024-12-27,417.6,421.0,415.6,417.39999,13545082.0,5658808228.0
2024-12-30,418.0,421.8,415.8,419.0,13515622.0,5658833713.0
2024-12-31,417.2,421.4,415.8,417.0,10867280.0,4549301806.0
2025-01-02,417.0,425.0,413.6,416.0,20733037.0,8663880815.0
2025-01-03,418.0,419.0,410.4,414.20001,16843241.0,6981757015.0
2025-01-06,415.0,415.0,407.2,409.39999,16869318.0,6913962011.0
2025-01-07,380.6,392.8,376.6,379.60001,142920468.0,54765124550.0
2025-01-08,371.2,379.8,365.6,369.20001,95456188.0,35455056165.0
2025-01-09,365.0,379.4,365.0,373.39999,60578450.0,22635953876.0
2025-01-10,373.6,379.4,369.6,369.60001,37053933.0,13862840308.0
2025-01-13,364.8,371.6,364.8,366.0,34785015.0,12807672283.0
2025-01-14,365.6,379.6,365.6,375.0,40623785.0,15194363089.0
2025-01-15,373.4,385.4,373.0,380.0,29158255.0,11078584830.0
2025-01-16,384.0,386.6,376.6,382.39999,26141103.0,9980555775.0
2025-01-17,381.0,382.2,378.4,379.79999,17138321.0,6508060710.0
2025-01-20,380.2,392.8,380.2,389.79999,31141403.0,12097853995.0
2025-01-21,392.0,392.2,386.4,387.39999,25249668.0,9804257217.0
2025-01-22,385.0,388.6,381.0,383.39999,17859069.0,6847451534.0
2025-01-23,383.0,386.0,379.6,381.20001,21256810.0,8126061004.0
2025-01-24,383.2,392.4,382.2,390.60001,24079119.0,9365230981.0
2025-01-27,388.0,398.0,388.0,395.60001,23605938.0,9317464987.0
2025-01-28,401.0,406.0,399.0,401.20001,14203491.0,5712247749.0
2025-02-03,400.0,404.8,394.2,404.20001,27917841.0,11162153158.0
2025-02-04,409.2,421.2,407.0,420.79999,31276268.0,13026602852.0
2025-02-05,421.6,421.6,410.0,417.79999,32129392.0,13372038998.0
2025-02-06,416.2,420.4,413.4,420.39999,19585105.0,8177045145.0
2025-02-07,420.4,432.4,417.8,428.20001,34567530.0,14741790890.0
2025-02-10,429.6,439.8,428.8,437.0,31411302.0,13701174483.0
2025-02-11,440.0,441.2,425.6,427.39999,30893563.0,13324637665.0
2025-02-12,429.0,444.6,426.0,444.20001,38264929.0,16740640484.0
2025-02-13,449.0,464.6,437.0,442.0,60985718.0,27423907000.0
2025-02-14,449.8,474.8,446.6,474.79999,74519223.0,34511558043.0
2025-02-17,506.0,512.0,485.0,493.60001,126223580.0,63032650373.0
2025-02-18,494.2,513.0,493.8,503.5,62529454.0,31471019731.0
2025-02-19,500.0,500.5,493.2,497.79999,34127174.0,16979621053.0
2025-02-20,491.2,493.0,482.6,486.79999,34549151.0,16830027103.0
2025-02-21,505.0,517.0,499.4,517.0,73545153.0,37396803472.0
2025-02-24,522.0,522.0,497.2,497.20001,67542767.0,34199696303.0
2025-02-25,477.8,491.0,476.4,484.79999,56509529.0,27378431338.0
2025-02-26,488.0,508.0,487.8,501.5,40489654.0,20234072819.0
2025-02-27,503.5,512.0,491.6,495.39999,38902820.0,19434077170.0
2025-02-28,492.8,497.8,476.0,478.60001,52160819.0,25187448106.0
2025-03-03,483.6,497.0,479.8,483.20001,32752021.0,15971446262.0
2025-03-04,479.0,493.0,473.2,491.0,31124964.0,15131838819.0
2025-03-05,502.0,509.0,498.0,505.5,35165757.0,17704409771.0
2025-03-06,521.0,544.0,521.0,544.0,79683892.0,42493519327.0
2025-03-07,539.0,547.0,529.0,533.5,46494425.0,24958094063.0
2025-03-10,528.0,537.5,512.0,516.5,34415026.0,17943129937.0
2025-03-11,501.5,520.0,500.5,517.5,33852768.0,17316782894.0
2025-03-12,523.0,525.0,505.0,512.0,28031056.0,14392005064.0
2025-03-13,513.0,516.0,499.2,507.5,27326941.0,13847803125.0
2025-03-14,513.0,531.0,507.5,521.5,30711707.0,16031719897.0
2025-03-17,532.0,534.5,522.0,524.5,22096160.0,11643059956.0
2025-03-18,538.5,543.5,533.5,541.0,33639833.0,18122094127.0
2025-03-19,542.5,545.0,534.0,540.0,31604153.0,17070297193.0
2025-03-20,540.5,541.0,518.0,519.5,49845030.0,26156573461.0
2025-03-21,518.0,526.0,505.5,511.5,42260479.0,21649092742.0
2025-03-24,514.0,517.5,504.5,513.0,24598555.0,12575591612.0
2025-03-25,513.0,515.5,501.0,502.0,27744935.0,14019727299.0
2025-03-26,502.0,510.5,502.0,506.5,17310634.0,8757798653.0
2025-03-27,509.0,516.0,502.0,509.0,17595617.0,8980372215.0
2025-03-28,511.5,516.5,503.5,509.5,18594342.0,9479836573.0
2025-03-31,505.0,507.5,494.6,497.0,28036973.0,13996725056.0
2025-04-01,501.0,511.5,500.0,504.0,19518013.0,9865122834.0
2025-04-02,505.0,509.0,499.2,504.0,14247546.0,7168421768.0
2025-04-03,493.0,500.5,491.2,497.79999,29219618.0,14472384655.0
2025-04-07,441.8,462.4,431.0,435.39999,123364114.0,54994755337.0
2025-04-08,440.8,451.2,430.0,440.39999,65120104.0,28693494122.0
2025-04-09,426.0,447.0,419.0,441.20001,66484213.0,28808415200.0
2025-04-10,460.0,461.6,443.0,444.79999,57799983.0,26103188937.0
2025-04-11,440.0,452.6,432.0,443.39999,46594597.0,20558649803.0
2025-04-14,453.0,459.2,448.8,454.0,30346489.0,13773742810.0
2025-04-15,464.6,464.6,451.6,456.0,20245398.0,9242295261.0
2025-04-16,450.6,451.6,440.2,448.0,27322773.0,12171376987.0
2025-04-17,450.4,462.0,449.8,458.0,24479822.0,11188898166.0
2025-04-22,460.0,462.8,453.2,460.39999,24043746.0,11018599361.0
2025-04-23,476.0,479.4,471.4,474.20001,27001392.0,12813463812.0
2025-04-24,477.0,477.8,465.0,471.0,18912016.0,8907706047.0
2025-04-25,480.0,485.8,475.0,478.20001,28746958.0,13792345464.0
2025-04-28,482.4,482.4,474.8,478.20001,13805160.0,6604528885.0
2025-04-29,477.8,478.4,469.0,473.0,16367401.0,7747651768.0
2025-04-30,475.0,477.2,469.4,477.20001,15312733.0,7270748051.0
2025-05-02,478.2,489.8,477.4,487.79999,13240838.0,6439557580.0
2025-05-06,491.6,496.8,485.2,495.39999,19813305.0,9767609921.0
2025-05-07,509.0,509.5,489.6,489.79999,25616342.0,12734545275.0
2025-05-08,487.0,502.0,486.6,498.0,19815740.0,9857527579.0
2025-05-09,500.0,503.5,492.0,494.60001,13777285.0,6836991138.0
2025-05-12,504.0,521.5,499.0,517.5,35846811.0,18321323029.0
2025-05-13,520.0,520.0,505.5,506.0,23119901.0,11791025229.0
2025-05-14,512.0,521.0,510.5,521.0,24294663.0,12575314990.0
2025-05-15,531.5,532.0,515.0,520.0,32799956.0,17065523305.0
2025-05-16,509.5,517.0,506.5,508.0,21334027.0,10891135108.0
2025-05-19,508.0,517.0,502.5,514.0,22457714.0,11478846719.0
2025-05-20,512.5,517.5,511.5,517.0,15792185.0,8134553615.0
2025-05-21,519.0,524.5,515.5,520.5,18924042.0,9840860343.0
2025-05-22,520.0,520.0,513.0,516.5,14281176.0,7365728261.0
2025-05-23,517.0,520.5,512.0,518.0,16262610.0,8391879100.0
2025-05-26,515.0,517.0,508.0,510.0,17286567.0,8831775563.0
2025-05-27,508.5,514.5,507.0,512.0,14986877.0,7662280393.0
2025-05-28,513.0,515.0,502.5,506.0,16813826.0,8524415387.0
2025-05-29,508.0,512.0,503.5,510.5,19368449.0,9841396854.0
2025-05-30,506.0,506.5,496.0,498.20001,28284004.0,14120266011.0
2025-06-02,493.0,499.2,489.6,498.39999,13086586.0,6470361936.0
2025-06-03,504.0,505.5,501.0,505.0,14609189.0,7349685813.0
2025-06-04,510.0,513.0,507.0,512.0,18378499.0,9381794220.0
2025-06-05,517.5,517.5,509.0,515.0,19329282.0,9920483987.0
2025-06-06,515.5,516.5,511.0,515.0,13137101.0,6748560436.0
2025-06-09,520.0,521.0,512.5,518.0,18481403.0,9562039279.0
2025-06-10,519.5,520.0,508.5,513.5,17039003.0,8750221807.0
2025-06-11,517.0,518.0,514.5,518.0,14784979.0,7638611029.0
2025-06-12,518.0,518.0,508.0,510.0,13368048.0,6852634106.0
2025-06-13,510.5,515.5,506.0,510.0,19085310.0,9726477858.0
2025-06-16,507.0,512.0,504.5,509.5,13784320.0,7000122902.0
2025-06-17,514.0,514.0,506.5,513.5,11524031.0,5885938318.0
2025-06-18,510.0,511.0,503.5,508.0,15187515.0,7682822926.0
2025-06-19,503.0,506.0,496.0,498.0,19387767.0,9674346454.0
2025-06-20,504.5,505.5,496.0,505.5,20622275.0,10364144211.0
2025-06-23,498.2,504.0,494.6,504.0,14252887.0,7125785747.0
2025-06-24,508.0,511.0,504.0,509.5,17768858.0,9026969175.0
2025-06-25,512.0,515.0,508.0,512.5,17592461.0,8995907936.0
2025-06-26,512.0,513.0,507.5,513.0,15000643.0,7665270925.0
2025-06-27,512.0,514.5,510.0,513.0,15181667.0,7767266508.0
2025-06-30,509.0,511.5,503.0,503.0,18464531.0,9333594435.0
2025-07-02,508.0,508.5,500.0,501.5,18203168.0,9151284157.0
2025-07-03,500.0,503.5,493.8,501.0,18956331.0,9443903354.0
2025-07-04,493.0,501.5,493.0,496.79999,14658173.0,7281073913.0
2025-07-07,495.2,502.0,494.0,502.0,11631687.0,5811563401.0
2025-07-08,505.0,505.0,500.0,504.5,13172857.0,6624679645.0
2025-07-09,504.0,504.0,495.0,497.60001,17820435.0,8865465138.0
2025-07-10,497.6,499.6,494.2,496.60001,14032556.0,6966268294.0
2025-07-11,497.0,505.0,496.6,496.60001,19225560.0,9638599671.0
2025-07-14,497.0,501.5,496.0,500.0,11704663.0,5842438558.0
2025-07-15,502.5,518.0,500.0,517.5,27446891.0,13994302488.0
2025-07-16,520.0,526.0,516.0,516.5,23250693.0,12100620325.0
2025-07-17,519.5,519.5,511.0,517.0,13735794.0,7090524506.0
2025-07-18,525.0,525.0,516.5,519.0,13781113.0,7169387742.0
2025-07-21,522.5,522.5,514.5,521.5,13273287.0,6881569649.0
2025-07-22,521.5,526.0,519.0,526.0,17600260.0,9212230395.0
2025-07-23,530.0,552.0,527.0,552.0,46744850.0,25434771177.0
2025-07-24,553.5,560.0,548.0,557.0,24180342.0,13418168013.0
2025-07-25,552.0,555.0,546.0,550.5,19886923.0,10940833555.0
2025-07-28,550.5,558.0,546.5,555.5,14661199.0,8117934809.0
2025-07-29,551.5,556.5,546.0,555.0,16847424.0,9283870276.0
2025-07-30,550.0,556.0,542.5,549.0,19362555.0,10639648067.0
2025-07-31,547.0,559.0,545.0,550.0,20453269.0,11289881284.0
2025-08-01,551.5,554.5,533.5,535.0,21203861.0,11508370653.0
2025-08-04,536.0,551.5,533.0,550.0,17340007.0,9463004774.0
2025-08-05,554.5,559.0,549.0,559.0,17347823.0,9630857457.0
2025-08-06,560.0,570.0,558.0,568.5,20737133.0,11754214981.0
2025-08-07,571.0,572.0,560.5,567.0,16940382.0,9595241622.0
2025-08-08,567.0,568.5,557.5,561.0,13305719.0,7471482286.0
2025-08-11,561.0,562.5,553.5,561.0,11790350.0,6586953996.0
2025-08-12,557.5,564.5,556.0,559.5,13827897.0,7729499696.0
2025-08-13,568.0,586.0,566.0,586.0,37596415.0,21761779473.0
2025-08-14,600.0,600.0,589.0,590.0,36339315.0,21598286488.0
2025-08-15,587.0,596.5,584.5,592.0,22176876.0,13122452831.0
2025-08-18,594.0,596.0,587.0,587.0,17590658.0,10403063174.0
2025-08-19,588.0,597.0,583.0,592.5,16359474.0,9665673921.0
2025-08-20,589.0,594.5,585.5,590.5,15952765.0,9407128004.0
2025-08-21,590.5,597.0,589.5,593.0,14290178.0,8479961596.0
2025-08-22,599.0,606.5,595.5,600.0,19378950.0,11636897211.0
2025-08-25,608.5,621.0,608.0,614.5,25694519.0,15801902006.0
2025-08-26,612.0,618.0,609.5,609.5,20656474.0,12655282002.0
2025-08-27,613.0,614.5,595.0,599.0,21263402.0,12841741312.0
2025-08-28,595.0,599.0,590.0,594.0,21712370.0,12897917091.0
2025-08-29,595.5,605.0,594.0,596.5,18234935.0,10915508651.0
2025-09-01,605.0,610.0,601.5,605.0,15958837.0,9659266534.0
2025-09-02,605.5,608.5,599.0,600.5,14808157.0,8931988423.0
2025-09-03,606.5,613.0,596.0,598.5,15523985.0,9342307314.0
2025-09-04,605.0,605.0,591.0,592.5,18003934.0,10709235662.0
2025-09-05,599.5,609.0,595.5,605.5,19047729.0,11491491838.0
2025-09-08,605.5,619.0,605.0,617.5,21815489.0,13369898978.0
2025-09-09,620.0,628.0,617.5,627.0,19871460.0,12402857764.0
2025-09-10,630.0,639.0,628.0,633.5,19193376.0,12190312543.0
2025-09-11,633.0,633.0,624.0,629.5,18191860.0,11453335654.0
2025-09-12,645.0,649.0,642.0,643.5,20780375.0,13422728502.0
2025-09-15,646.0,648.5,637.5,643.5,16371242.0,10535685021.0
2025-09-16,647.0,649.5,640.5,645.0,13339685.0,8609542624.0
2025-09-17,646.5,663.5,645.0,661.5,22349048.0,14682542772.0
2025-09-18,662.0,664.5,635.5,642.0,29989898.0,19432788713.0
2025-09-19,647.0,647.0,638.0,642.5,20805608.0,13371042984.0
2025-09-22,642.0,643.5,634.0,641.0,12899662.0,8240895170.0
2025-09-23,641.5,643.5,627.0,635.5,15293080.0,9697688016.0
2025-09-24,633.5,651.0,628.0,648.5,18440788.0,11854753855.0
2025-09-25,651.0,659.0,643.5,650.0,17384258.0,11337641855.0
2025-09-26,645.0,653.0,640.0,644.0,19504951.0,12617897920.0
2025-09-29,649.5,664.5,647.5,660.0,20489556.0,13492727746.0
2025-09-30,658.0,666.5,657.5,663.0,20610633.0,13653530623.0
2025-10-02,667.5,683.0,665.5,676.5,17137745.0,11602077362.0
2025-10-03,677.0,680.0,670.0,673.5,7125093.0,4802401785.0
2025-10-06,675.0,682.5,670.0,677.5,7828323.0,5290177514.0
2025-10-08,680.0,680.0,669.5,675.0,10540730.0,7110636784.0
2025-10-09,675.0,681.0,665.5,675.5,14454705.0,9752967437.0
2025-10-10,669.0,669.0,647.5,651.5,19904705.0,13051085790.0
2025-10-13,630.0,648.5,622.5,639.0,38012175.0,24133784941.0
2025-10-14,642.5,644.0,617.0,621.0,26797863.0,16792282108.0
2025-10-15,624.5,633.0,620.5,627.0,18381023.0,11538283646.0
2025-10-16,626.0,629.0,615.5,620.0,14285465.0,8878516698.0
2025-10-17,618.5,620.5,602.5,608.0,18654519.0,11370789563.0
2025-10-20,624.0,632.5,621.5,627.5,14963360.0,9379379881.0
2025-10-21,643.0,644.0,630.0,630.5,14171988.0,9028696332.0
2025-10-22,626.0,629.0,616.5,623.5,9979448.0,6212763895.0
2025-10-23,620.0,636.0,618.0,633.0,12419348.0,7782734766.0
2025-10-24,639.0,641.5,633.5,637.5,11997034.0,7648872118.0
2025-10-27,649.0,656.0,646.0,656.0,16043970.0,10461683006.0
2025-10-28,656.0,656.0,641.0,645.0,16295470.0,10562802667.0
2025-10-30,657.0,664.0,645.0,651.0,21772780.0,14256261211.0
2025-10-31,651.5,655.0,629.0,629.0,20578283.0,13087941470.0
2025-11-03,630.5,634.0,622.5,628.0,11591004.0,7277219053.0
2025-11-04,631.0,640.0,625.5,629.0,14972125.0,9460748363.0
2025-11-05,621.0,632.0,613.0,629.0,13309811.0,8309972605.0
2025-11-06,629.5,645.5,629.5,644.0,13081287.0,8382246994.0
2025-11-07,638.0,643.0,628.5,634.0,13314360.0,8434344187.0
2025-11-10,641.0,651.0,641.0,649.5,14513815.0,9386838459.0
2025-11-11,662.0,662.0,641.0,650.0,13087772.0,8483781693.0
2025-11-12,655.0,658.5,652.0,657.0,13658568.0,8960743999.0
2025-11-13,649.5,660.0,645.0,656.0,17299913.0,11283368344.0
2025-11-14,645.0,659.0,640.0,641.0,19956444.0,12900520613.0
2025-11-17,640.0,642.5,633.0,636.5,13794477.0,8785917134.0
2025-11-18,628.0,641.0,620.5,623.5,18818609.0,11791388064.0
2025-11-19,627.5,631.5,619.5,622.5,13959708.0,8712756872.0
2025-11-20,626.5,630.5,615.5,621.0,14015988.0,8688329736.0
2025-11-21,610.0,615.0,606.0,610.0,23732050.0,14481878345.0
2025-11-24,615.0,627.5,613.5,624.5,22376801.0,13930485181.0
2025-11-25,633.0,635.0,620.5,625.0,14877620.0,9326512821.0
2025-11-26,628.5,630.0,618.0,619.5,14429595.0,8976231354.0
2025-11-27,618.0,620.5,609.0,611.5,15493209.0,9503092331.0
2025-11-28,611.5,617.0,608.5,611.5,13216245.0,8086903031.0
2025-12-01,613.5,623.0,613.0,619.5,12643338.0,7813043126.0
2025-12-02,625.5,626.0,615.0,617.0,11460186.0,7090479118.0
2025-12-03,616.0,616.0,608.5,611.0,11002158.0,6722780099.0
2025-12-04,610.0,613.0,605.0,612.0,15329748.0,9330280581.0
2025-12-05,605.0,611.0,604.0,610.0,14638391.0,8902501918.0
2025-12-08,607.5,609.5,604.0,605.0,13421327.0,8134379992.0
2025-12-09,609.5,610.0,596.0,602.5,17431321.0,10484820078.0
2025-12-10,602.0,603.0,595.0,603.0,14750743.0,8842611858.0
2025-12-11,609.0,612.0,599.0,601.5,12480887.0,7536004575.0
2025-12-12,608.0,616.0,601.5,616.0,17825495.0,10871536434.0
2025-12-15,606.0,608.5,602.0,603.0,15165502.0,9186457680.0
2025-12-16,602.5,603.0,592.0,596.5,15987678.0,9521250035.0
2025-12-17,597.0,606.0,594.5,605.0,14824785.0,8913471531.0
2025-12-18,601.0,606.0,599.0,605.0,10153604.0,6118191950.0
2025-12-19,610.0,617.5,607.0,614.0,17765762.0,10899320074.0
2025-12-22,620.0,621.5,610.0,614.5,13868060.0,8519903911.0
2025-12-23,613.5,614.5,601.5,602.0,15623392.0,9448325534.0
2025-12-24,598.0,604.5,598.0,603.0,7324553.0,4407029326.0
2025-12-29,606.0,611.0,596.0,596.5,18502650.0,11132678825.0
2025-12-30,598.5,601.0,594.0,600.0,13582535.0,8129374890.0
2025-12-31,597.5,602.5,596.0,599.0,10838209.0,6491607235.0
2026-01-02,600.5,624.5,600.5,623.0,16200058.0,10010377766.0
2026-01-05,624.0,628.0,615.5,624.5,19947025.0,12449753888.0
2026-01-06,627.0,638.5,626.0,632.5,24168431.0,15313854511.0
2026-01-07,627.5,629.5,615.0,624.5,21378622.0,13276699447.0
2026-01-08,618.5,621.0,610.0,616.0,18742539.0,11517454670.0
2026-01-09,616.0,617.0,610.0,611.0,17813669.0,10905861546.0
2026-01-12,616.0,627.5,613.5,623.0,27530129.0,17094929270.0
2026-01-13,637.0,639.0,622.5,627.5,24212695.0,15223559034.0
2026-01-14,634.0,638.5,626.0,633.0,28677291.0,18145947867.0
2026-01-15,631.0,632.5,618.5,622.0,26194252.0,16373184856.0
2026-01-16,627.0,630.0,613.5,617.5,20616793.0,12738149855.0
2026-01-19,613.5,614.5,608.5,610.0,13233330.0,8085158357.0
2026-01-20,601.0,607.0,598.0,601.0,24332228.0,14637834605.0
2026-01-21,598.0,606.0,598.0,602.5,16003431.0,9625116160.0
2026-01-22,604.5,605.5,596.0,597.5,27168713.0,16278457326.0
2026-01-23,597.5,602.0,595.0,595.0,19177660.0,11445681352.0
2026-01-26,595.0,605.0,594.0,599.5,17439619.0,10437731314.0
2026-01-27,600.0,610.5,598.5,607.0,23887447.0,14458720764.0
2026-01-28,613.0,623.0,610.5,621.0,25577066.0,15812292185.0
2026-01-29,614.5,625.0,612.5,622.0,22951530.0,14255212249.0
2026-01-30,615.0,619.5,605.5,606.0,21479886.0,13126677309.0
2026-02-02,598.0,604.5,590.5,598.5,27926332.0,16667624948.0
2026-02-03,598.5,601.5,561.0,581.0,65128647.0,37562016592.0
2026-02-04,572.0,574.5,558.0,558.0,60374834.0,34030535809.0
2026-02-05,550.0,561.5,541.0,558.5,79306977.0,43460897175.0
2026-02-06,546.0,557.5,543.0,547.5,35402860.0,19472346757.0
2026-02-09,550.0,562.5,550.0,560.0,26375723.0,14680203940.0
2026-02-10,563.0,566.0,547.0,551.0,29211865.0,16193933207.0
2026-02-11,543.0,550.5,543.0,548.0,23759058.0,12991880860.0
2026-02-12,537.0,541.0,530.5,535.5,39790780.0,21258224270.0
2026-02-13,525.5,534.5,525.0,532.0,26900740.0,14233832931.0
2026-02-16,530.0,535.0,527.5,533.0,7224483.0,3838968116.0
2026-02-20,531.5,533.0,518.0,522.0,21351884.0,11171863721.0
2026-02-23,529.0,543.0,528.0,538.0,22136687.0,11883268465.0
2026-02-24,534.5,534.5,516.0,520.0,36134943.0,18828896718.0
2026-02-25,522.5,529.0,522.0,522.5,22838866.0,11981117681.0
2026-02-26,529.0,529.5,512.0,512.0,25547825.0,13216109120.0
2026-02-27,510.5,530.5,510.5,518.0,32229030.0,16775665867.0
2026-03-02,511.5,520.0,507.0,514.0,30816358.0,15821425593.0
2026-03-03,518.0,525.5,510.5,510.5,27370602.0,14133900989.0
2026-03-04,506.0,515.0,498.8,506.0,32965198.0,16643464030.0
2026-03-05,509.5,515.5,501.5,502.0,23955443.0,12163766343.0
2026-03-06,504.0,522.0,502.0,519.0,30359878.0,15683394735.0
2026-03-09,502.5,517.5,502.5,516.0,31383491.0,16052535231.0
2026-03-10,525.0,556.0,525.0,553.5,57862244.0,31475868607.0
2026-03-11,578.0,578.0,548.0,552.0,47623240.0,26800185739.0
2026-03-12,550.5,557.0,541.5,546.5,19663840.0,10765396713.0
2026-03-13,546.5,558.5,543.0,547.5,17183958.0,9462012419.0
2026-03-16,551.0,565.5,543.5,558.5,24217363.0,13507363424.0
2026-03-17,563.0,566.0,549.0,550.0,22872974.0,12710928714.0
2026-03-18,546.5,552.0,542.5,550.5,21350876.0,11686255183.0
2026-03-19,528.0,529.5,512.0,513.0,59432770.0,30817089730.0
2026-03-20,505.0,519.0,505.0,508.0,24924662.0,12743703970.0
2026-03-23,497.8,506.0,495.2,498.39999,35123702.0,17559957951.0
2026-03-24,508.0,520.0,500.0,514.0,29358876.0,14963361208.0
2026-03-25,519.0,521.5,502.0,505.5,37353909.0,19007548341.0
2026-03-26,501.0,507.5,495.0,495.60001,22623215.0,11307241718.0
2026-03-27,491.2,498.2,487.6,493.39999,20345920.0,10020206761.0
2026-03-30,485.0,485.8,476.0,481.60001,28410968.0,13670376544.0
2026-03-31,484.4,492.0,480.0,484.0,25801397.0,12507937762.0
2026-04-01,504.0,504.0,493.0,496.60001,21275055.0,10596437231.0
2026-04-02,496.0,496.0,485.0,489.20001,17030828.0,8323962107.0
2026-04-08,504.5,510.0,501.0,508.0,32856156.0,16614494503.0
2026-04-09,506.5,514.5,503.0,508.5,20722763.0,10554284710.0
2026-04-10,508.0,514.0,501.0,504.5,20671874.0,10457128808.0
2026-04-13,498.4,503.0,487.8,490.0,21140848.0,10393383636.0
2026-04-14,497.4,497.4,486.2,493.20001,17833779.0,8763884160.0
2026-04-15,500.0,510.0,497.4,499.0,20288791.0,10201937466.0
2026-04-16,506.5,517.0,504.0,517.0,22559081.0,11541632076.0
2026-04-17,512.0,517.0,506.0,510.5,13747249.0,7009728114.0
2026-04-20,509.5,526.5,504.5,522.5,23428202.0,12193689233.0
2026-04-21,523.0,525.5,515.5,519.0,13113816.0,6812361511.0
2026-04-22,513.5,514.5,502.0,504.0,23170931.0,11719281824.0
2026-04-23,500.0,502.0,495.2,495.20001,23497267.0,11673754494.0
2026-04-24,487.0,495.0,487.0,493.39999,18566187.0,9112153775.0
2026-04-27,490.0,491.0,478.0,478.60001,45048027.0,21735615526.0
2026-04-28,476.0,481.6,472.0,473.79999,25793090.0,12262359027.0
2026-04-29,474.6,480.6,474.6,479.20001,19321018.0,9231869057.0
2026-04-30,474.0,474.8,463.2,467.79999,38406905.0,17984606396.0
2026-05-04,469.8,478.8,469.8,473.0,23758824.0,11254449932.0
2026-05-05,469.0,472.4,465.6,472.20001,13004679.0,6105172560.0
2026-05-06,470.6,473.4,460.2,463.0,44367227.0,20599413728.0
2026-05-07,472.2,481.0,472.2,477.39999,40989511.0,19507507505.0
2026-05-08,475.0,475.6,468.4,471.39999,25207039.0,11871680730.0
2026-05-11,465.0,471.2,463.6,464.39999,27814648.0,12955479731.0
2026-05-12,462.0,469.0,457.2,457.20001,32469707.0,14973394609.0
2026-05-13,456.0,465.8,454.0,462.60001,26616535.0,12264446593.0
2026-05-14,474.2,479.6,458.6,460.20001,39339032.0,18379271970.0
2026-05-15,459.0,462.6,454.2,456.39999,26449868.0,12109673878.0
2026-05-18,455.0,457.8,445.8,449.20001,29497076.0,13273741961.0
2026-05-19,449.2,468.8,448.6,460.0,33736701.0,15552380252.0
2026-05-20,460.0,463.4,453.6,455.20001,18927606.0,8661844074.0
2026-05-21,460.0,460.0,438.4,439.0,39653795.0,17646360645.0
2026-05-22,442.2,445.0,438.8,441.39999,23998219.0,10609807754.0
