时间,实际交易动作,是否持仓,大盘状态,代码,名称,现价,日线风控,客观缠论信号,60m笔方向,15分信号,决策理由,日线A中枢ZD,日线C中枢ZD,锁定ZG,15m_DIF,15m_DEA,底分型成立
2026-05-11 14:50:18,观望,是,安全,603317,天味食品,15.86,安全,无信号,向下,无信号,客观缠论信号为无信号，60分钟笔方向向下，中枢震荡，观望,12.56,12.98,17.28,-0.1495,-0.2039,否
2026-05-11 14:50:18,观望,是,安全,600660,福耀玻璃,59.38,安全,无信号,向上,无信号,客观缠论信号为无信号，60分钟笔方向向上，中枢震荡，观望,60.10,56.86,59.60,-0.0743,-0.0291,否
2026-05-11 14:50:18,观望,是,安全,600938,中国海油,36.30,安全,无信号,向下,无信号,客观缠论信号为无信号，60分钟笔方向向下，中枢震荡，观望,34.06,35.29,37.85,-0.0952,-0.1310,否
2026-05-11 14:50:18,二买,是,安全,600895,张江高科,38.40,安全,二买,向下,无信号,客观缠论信号为二买，60分钟笔方向向下（寻底模式），因此实际交易动作是二买（笔方向向下时优先买点）,36.90,36.21,36.20,0.1907,0.2118,否
2026-05-11 14:50:18,二买,是,安全,000429,粤高速A,12.87,安全,二买,向下,无信号,客观缠论信号为二买，60分钟笔方向向下（寻底模式），因此实际交易动作是二买（笔方向向下时优先买点）,12.70,12.58,12.89,0.0729,0.0512,否
2026-05-11 14:50:18,二卖,是,安全,002415,海康威视,35.34,安全,二卖+二买,向上,无信号,客观缠论信号为二卖、二买，60分钟笔方向向上（冲顶模式），因此实际交易动作是二卖（笔方向向上时优先卖点）,31.96,33.30,36.35,-0.0856,0.0102,否
2026-05-11 14:50:18,观望,是,安全,hk01810,小米集团,31.76,安全,二买,向上,无信号,客观缠论信号为二买，60分钟笔方向向上，中枢震荡，观望,32.78,30.26,32.22,0.0802,0.0821,否
2026-05-11 14:50:18,二买,是,安全,513130,恒生科技ETF,0.64,安全,二买,向下,无信号,客观缠论信号为二买，60分钟笔方向向下（寻底模式），因此实际交易动作是二买（笔方向向下时优先买点）,0.61,0.61,0.63,0.0010,0.0008,否
2026-05-11 14:50:18,二买,是,安全,515790,光伏ETF,1.12,安全,二买,向下,无信号,客观缠论信号为二买，60分钟笔方向向下（寻底模式），因此实际交易动作是二买（笔方向向下时优先买点）,1.03,1.08,1.08,0.0064,0.0073,否
2026-05-11 14:50:18,观望,是,安全,513360,教育ETF,0.50,安全,二买,向上,无信号,客观缠论信号为二买，60分钟笔方向向上，中枢震荡，观望,0.49,0.50,0.50,-0.0007,-0.0007,否
2026-05-11 14:50:18,观望,否,安全,sh000001,上证指数,4227.06,安全,二买,向上,无信号,客观缠论信号为二买，60分钟笔方向向上，中枢震荡，观望,4101.83,4079.77,4180.21,12.5844,11.4363,否
2026-05-11 14:50:18,观望,否,安全,510300,沪深300ETF,4.96,安全,二卖,向下,无信号,客观缠论信号为二卖，60分钟笔方向向下，中枢震荡，观望,4.68,4.75,4.91,0.0189,0.0166,否
2026-05-11 14:50:18,观望,否,安全,588000,科创50ETF,1.80,安全,二卖,向下,无信号,客观缠论信号为二卖，60分钟笔方向向下，中枢震荡，观望,1.55,1.55,1.77,0.0174,0.0166,否
2026-05-11 14:50:18,二卖,否,安全,512400,有色金属ETF,2.20,安全,二卖+二买,向上,无信号,客观缠论信号为二卖、二买，60分钟笔方向向上（冲顶模式），因此实际交易动作是二卖（笔方向向上时优先卖点）,2.10,2.17,2.23,0.0018,0.0032,否
2026-05-11 14:50:18,观望,否,安全,512690,酒ETF,0.48,日线破位,二卖,向下,无信号,客观缠论信号为二卖，60分钟笔方向向下，中枢震荡，观望,0.48,0.48,0.48,-0.0004,-0.0005,否
2026-05-11 14:50:18,观望,否,安全,159227,航空航天ETF,1.39,日线破位,二买,向上,顶背驰,客观缠论信号为二买，60分钟笔方向向上，中枢震荡，观望,1.43,1.41,1.37,0.0093,0.0114,否
2026-05-11 14:50:18,观望,否,安全,159992,创新药ETF,0.84,安全,二卖,向下,无信号,客观缠论信号为二卖，60分钟笔方向向下，中枢震荡，观望,0.81,0.83,0.84,0.0040,0.0014,否
2026-05-11 14:50:18,观望,否,安全,515050,通信ETF,3.29,安全,二买,向上,无信号,客观缠论信号为二买，60分钟笔方向向上，中枢震荡，观望,2.30,2.33,3.09,0.0392,0.0388,否
2026-05-11 14:50:18,观望,否,安全,159915,创业板ETF,3.93,安全,二买,向上,无信号,客观缠论信号为二买，60分钟笔方向向上，中枢震荡，观望,3.25,3.27,3.82,0.0316,0.0278,否
2026-05-11 14:50:18,观望,否,安全,588200,科创芯片ETF,3.42,安全,一卖+二卖,向下,无信号,客观缠论信号为一卖、二卖，60分钟笔方向向下，中枢震荡，观望,2.41,2.65,3.34,0.0410,0.0397,否
2026-05-11 14:50:18,观望,否,安全,159755,电池ETF,1.23,安全,一卖+二卖,向下,无信号,客观缠论信号为一卖、二卖，60分钟笔方向向下，中枢震荡，观望,1.03,1.17,1.26,-0.0028,-0.0037,否
2026-05-11 14:50:18,观望,否,安全,159899,软件ETF,0.89,安全,二买,向上,无信号,客观缠论信号为二买，60分钟笔方向向上，中枢震荡，观望,0.87,0.89,0.87,0.0022,0.0026,否
2026-05-11 14:50:18,二买,否,安全,601668,中国建筑,4.99,安全,二买,向下,无信号,客观缠论信号为二买，60分钟笔方向向下（寻底模式），因此实际交易动作是二买（笔方向向下时优先买点）,4.88,4.91,4.99,0.0208,0.0176,否
2026-05-11 14:50:18,二卖,否,安全,601288,农业银行,6.81,安全,二卖+一买,向上,无信号,客观缠论信号为二卖、一买，60分钟笔方向向上（冲顶模式），因此实际交易动作是二卖（笔方向向上时优先卖点）,6.73,6.85,6.95,-0.0188,-0.0219,否
2026-05-11 14:50:18,二买,否,安全,601728,中国电信,6.14,安全,二买,向下,顶背驰,客观缠论信号为二买，60分钟笔方向向下（寻底模式），因此实际交易动作是二买（笔方向向下时优先买点）,5.75,5.76,6.00,0.0346,0.0300,否
2026-05-11 14:50:18,观望,否,安全,600276,恒瑞医药,53.38,安全,二卖,向下,无信号,客观缠论信号为二卖，60分钟笔方向向下，中枢震荡，观望,52.67,52.41,53.92,0.1029,0.0050,否
2026-05-11 14:50:18,二卖,否,安全,600177,雅戈尔,7.82,安全,二卖+二买,向上,无信号,客观缠论信号为二卖、二买，60分钟笔方向向上（冲顶模式），因此实际交易动作是二卖（笔方向向上时优先卖点）,7.66,7.25,7.82,0.0143,0.0066,否
2026-05-11 14:50:18,二买,否,安全,600887,伊利股份,28.05,安全,二卖+二买,向下,无信号,客观缠论信号为二卖、二买，60分钟笔方向向下（寻底模式），因此实际交易动作是二买（笔方向向下时优先买点）,27.22,27.36,27.83,0.1398,0.1221,否
2026-05-11 14:50:18,二买,否,安全,601138,工业富联,65.47,安全,二卖+二买,向下,无信号,客观缠论信号为二卖、二买，60分钟笔方向向下（寻底模式），因此实际交易动作是二买（笔方向向下时优先买点）,58.00,61.86,66.91,0.5465,0.4251,否
2026-05-11 14:50:18,二卖,否,安全,688041,海光信息,347.51,安全,二卖+二买,向上,无信号,客观缠论信号为二卖、二买，60分钟笔方向向上（冲顶模式），因此实际交易动作是二卖（笔方向向上时优先卖点）,246.00,271.06,343.17,4.6749,3.6321,否
2026-05-11 14:50:18,二卖,否,安全,688981,中芯国际,122.37,安全,二卖,向上,无信号,客观缠论信号为二卖，60分钟笔方向向上（冲顶模式），因此实际交易动作是二卖（笔方向向上时优先卖点）,100.13,115.74,124.57,0.0683,0.0739,否
2026-05-11 14:50:18,二卖,否,安全,601225,陕西煤业,23.81,安全,二卖,向上,无信号,客观缠论信号为二卖，60分钟笔方向向上（冲顶模式），因此实际交易动作是二卖（笔方向向上时优先卖点）,22.32,22.30,26.00,-0.0847,-0.0987,否
2026-05-11 14:50:18,二买,否,安全,601998,中信银行,8.26,安全,二卖+二买,向下,无信号,客观缠论信号为二卖、二买，60分钟笔方向向下（寻底模式），因此实际交易动作是二买（笔方向向下时优先买点）,7.98,8.16,8.31,-0.0020,-0.0097,否
2026-05-11 14:50:18,观望,否,安全,600900,长江电力,26.98,安全,二卖,向下,无信号,客观缠论信号为二卖，60分钟笔方向向下，中枢震荡，观望,26.66,26.60,27.01,-0.0124,-0.0071,否
2026-05-11 14:50:18,二卖,否,安全,002507,涪陵榨菜,12.38,安全,二卖,向上,无信号,客观缠论信号为二卖，60分钟笔方向向上（冲顶模式），因此实际交易动作是二卖（笔方向向上时优先卖点）,12.32,12.28,12.41,-0.0247,-0.0211,否
2026-05-11 14:50:18,二卖,否,安全,000338,潍柴动力,33.60,安全,二卖+二买,向上,无信号,客观缠论信号为二卖、二买，60分钟笔方向向上（冲顶模式），因此实际交易动作是二卖（笔方向向上时优先卖点）,25.92,23.75,33.85,-0.0335,-0.0765,否
2026-05-11 14:50:18,二卖,否,安全,000538,云南白药,52.61,日线破位,二卖,向上,无信号,客观缠论信号为二卖，60分钟笔方向向上（冲顶模式），因此实际交易动作是二卖（笔方向向上时优先卖点）,55.40,54.40,52.75,0.0038,-0.0069,否
2026-05-11 14:50:18,观望,否,安全,000858,五粮液,91.75,日线破位,二卖,向下,无信号,客观缠论信号为二卖，60分钟笔方向向下，中枢震荡，观望,101.59,101.08,98.40,-0.1917,-0.2455,否
2026-05-11 14:50:18,二卖,否,安全,000423,东阿阿胶,53.89,安全,二卖+二买,向上,顶背驰,客观缠论信号为二卖、二买，60分钟笔方向向上（冲顶模式），因此实际交易动作是二卖（笔方向向上时优先卖点）,53.51,52.11,54.45,0.0624,0.0665,否
2026-05-11 14:50:18,二买,否,安全,000333,美的集团,80.65,安全,二卖+二买,向下,无信号,客观缠论信号为二卖、二买，60分钟笔方向向下（寻底模式），因此实际交易动作是二买（笔方向向下时优先买点）,79.17,78.91,80.89,0.0469,0.1072,否
2026-05-11 14:50:18,观望,否,安全,000001,平安银行,11.27,安全,无信号,向下,无信号,客观缠论信号为无信号，60分钟笔方向向下，中枢震荡，观望,11.30,11.03,11.39,-0.0156,-0.0228,否
2026-05-11 14:50:18,二买,否,安全,000651,格力电器,40.42,安全,二卖+二买,向下,无信号,客观缠论信号为二卖、二买，60分钟笔方向向下（寻底模式），因此实际交易动作是二买（笔方向向下时优先买点）,40.00,40.10,40.19,0.1281,0.1356,否
2026-05-11 14:50:18,观望,否,安全,000895,双汇发展,27.09,安全,二卖,向下,无信号,客观缠论信号为二卖，60分钟笔方向向下，中枢震荡，观望,26.66,26.51,27.87,0.0328,-0.0249,否
2026-05-11 14:50:18,观望,否,安全,hk03690,美团,84.55,安全,一卖+二卖,向下,无信号,客观缠论信号为一卖、二卖，60分钟笔方向向下，中枢震荡，观望,83.75,82.15,84.55,0.0856,-0.0426,否
2026-05-11 14:50:18,二买,否,安全,hk03896,金山云,8.45,安全,二卖+二买,向下,无信号,客观缠论信号为二卖、二买，60分钟笔方向向下（寻底模式），因此实际交易动作是二买（笔方向向下时优先买点）,7.86,7.80,8.39,0.0396,0.0628,否
2026-05-11 14:50:18,二卖,否,安全,hk00700,腾讯,464.80,日线破位,二卖+二买,向上,无信号,客观缠论信号为二卖、二买，60分钟笔方向向上（冲顶模式），因此实际交易动作是二卖（笔方向向上时优先卖点）,494.60,486.20,473.40,-0.7820,-0.5616,否
2026-05-11 14:50:18,观望,否,安全,hk09988,阿里巴巴,133.80,安全,二买,向上,无信号,客观缠论信号为二买，60分钟笔方向向上，中枢震荡，观望,142.40,126.70,134.20,-1.2556,-1.1352,否
2026-05-11 14:50:18,二买,否,安全,hk01024,快手,51.75,安全,二买,向下,无信号,客观缠论信号为二买，60分钟笔方向向下（寻底模式），因此实际交易动作是二买（笔方向向下时优先买点）,56.95,51.00,48.80,0.5096,0.5934,否
2026-05-11 14:50:18,二卖,否,安全,hk06618,京东健康,46.18,安全,二卖+二买,向上,顶背驰,客观缠论信号为二卖、二买，60分钟笔方向向上（冲顶模式），因此实际交易动作是二卖（笔方向向上时优先卖点）,46.16,46.10,46.58,0.2150,0.1184,否
2026-05-11 14:50:18,二买,否,安全,hk06862,海底捞,15.16,安全,二买,向下,无信号,客观缠论信号为二买，60分钟笔方向向下（寻底模式），因此实际交易动作是二买（笔方向向下时优先买点）,14.22,14.16,15.21,0.1000,0.0837,否

2026-05-11 15:13:15,观望,是,安全,603317,天味食品,15.84,安全,无信号,向下,无信号,客观缠论信号为无信号，60分钟笔方向向下，中枢震荡，观望,12.56,12.98,17.28,-0.1321,-0.1896,否
2026-05-11 15:13:15,观望,是,安全,600660,福耀玻璃,59.40,安全,无信号,向上,无信号,客观缠论信号为无信号，60分钟笔方向向上，中枢震荡，观望,60.10,56.86,59.60,-0.0790,-0.0391,否
2026-05-11 15:13:15,观望,是,安全,600938,中国海油,36.25,安全,无信号,向下,无信号,客观缠论信号为无信号，60分钟笔方向向下，中枢震荡，观望,34.06,35.29,37.85,-0.0956,-0.1239,否
2026-05-11 15:13:15,二买,是,安全,600895,张江高科,38.45,安全,二买,向下,无信号,客观缠论信号为二买，60分钟笔方向向下（寻底模式），因此实际交易动作是二买（笔方向向下时优先买点）,36.90,36.21,36.20,0.1774,0.2050,否
2026-05-11 15:13:15,二买,是,安全,000429,粤高速A,12.90,安全,二买,向下,无信号,客观缠论信号为二买，60分钟笔方向向下（寻底模式），因此实际交易动作是二买（笔方向向下时优先买点）,12.70,12.58,12.91,0.0772,0.0564,否
2026-05-11 15:13:15,二买,是,安全,hk01810,小米集团,31.76,安全,二买,向下,无信号,客观缠论信号为二买，60分钟笔方向向下（寻底模式），因此实际交易动作是二买（笔方向向下时优先买点）,32.78,30.26,32.44,0.0802,0.0821,否
2026-05-11 15:13:15,二买,是,安全,513130,恒生科技ETF,0.64,安全,二买,向下,无信号,客观缠论信号为二买，60分钟笔方向向下（寻底模式），因此实际交易动作是二买（笔方向向下时优先买点）,0.61,0.61,0.63,0.0011,0.0008,否
2026-05-11 15:13:15,观望,是,安全,515790,光伏ETF,1.12,安全,二买,向上,无信号,客观缠论信号为二买，60分钟笔方向向上，中枢震荡，观望,1.03,1.08,1.09,0.0062,0.0071,否
2026-05-11 15:13:15,观望,否,安全,sh000001,上证指数,4225.02,安全,二买,向上,顶背驰,客观缠论信号为二买，60分钟笔方向向上，中枢震荡，观望,4101.83,4079.77,4180.21,12.5126,11.9918,否
2026-05-11 15:13:15,观望,否,安全,510300,沪深300ETF,4.96,安全,二卖,向下,无信号,客观缠论信号为二卖，60分钟笔方向向下，中枢震荡，观望,4.68,4.75,4.91,0.0187,0.0171,否
2026-05-11 15:13:15,观望,否,安全,588000,科创50ETF,1.81,安全,二卖,向下,无信号,客观缠论信号为二卖，60分钟笔方向向下，中枢震荡，观望,1.55,1.55,1.77,0.0172,0.0167,否
2026-05-11 15:13:15,二卖,否,安全,512400,有色金属ETF,2.21,安全,二卖+二买,向上,无信号,客观缠论信号为二卖、二买，60分钟笔方向向上（冲顶模式），因此实际交易动作是二卖（笔方向向上时优先卖点）,2.10,2.17,2.23,0.0022,0.0030,否
2026-05-11 15:13:15,观望,否,安全,512690,酒ETF,0.48,日线破位,二卖,向下,无信号,客观缠论信号为二卖，60分钟笔方向向下，中枢震荡，观望,0.48,0.48,0.48,-0.0003,-0.0005,否
2026-05-11 15:13:15,观望,否,安全,159227,航空航天ETF,1.39,日线破位,二买,向上,顶背驰,客观缠论信号为二买，60分钟笔方向向上，中枢震荡，观望,1.43,1.41,1.37,0.0089,0.0109,否
2026-05-11 15:13:15,观望,否,安全,159992,创新药ETF,0.85,安全,二卖,向下,无信号,客观缠论信号为二卖，60分钟笔方向向下，中枢震荡，观望,0.81,0.83,0.85,0.0044,0.0020,否
2026-05-11 15:13:15,观望,否,安全,515050,通信ETF,3.30,安全,二买,向上,无信号,客观缠论信号为二买，60分钟笔方向向上，中枢震荡，观望,2.30,2.33,3.09,0.0384,0.0387,否
2026-05-11 15:13:15,观望,否,安全,159915,创业板ETF,3.95,安全,二买,向上,无信号,客观缠论信号为二买，60分钟笔方向向上，中枢震荡，观望,3.25,3.27,3.82,0.0318,0.0286,否
2026-05-11 15:13:15,观望,否,安全,588200,科创芯片ETF,3.43,安全,一卖+二卖,向下,无信号,客观缠论信号为一卖、二卖，60分钟笔方向向下，中枢震荡，观望,2.41,2.65,3.34,0.0399,0.0397,否
2026-05-11 15:13:15,观望,否,安全,159755,电池ETF,1.23,安全,二卖,向下,无信号,客观缠论信号为二卖，60分钟笔方向向下，中枢震荡，观望,1.03,1.17,1.26,-0.0022,-0.0034,否
2026-05-11 15:13:15,观望,否,安全,159899,软件ETF,0.89,安全,二买,向上,无信号,客观缠论信号为二买，60分钟笔方向向上，中枢震荡，观望,0.87,0.89,0.87,0.0021,0.0025,否
2026-05-11 15:13:15,观望,否,安全,513360,教育ETF,0.50,安全,二买,向上,无信号,客观缠论信号为二买，60分钟笔方向向上，中枢震荡，观望,0.49,0.50,0.50,-0.0007,-0.0007,否
2026-05-11 15:13:15,二买,否,安全,601668,中国建筑,5.00,安全,二买,向下,无信号,客观缠论信号为二买，60分钟笔方向向下（寻底模式），因此实际交易动作是二买（笔方向向下时优先买点）,4.88,4.91,5.00,0.0212,0.0183,否
2026-05-11 15:13:15,观望,否,安全,601288,农业银行,6.81,安全,二卖,向下,无信号,客观缠论信号为二卖，60分钟笔方向向下，中枢震荡，观望,6.73,6.85,6.95,-0.0169,-0.0209,否
2026-05-11 15:13:15,二买,否,安全,601728,中国电信,6.14,安全,二买,向下,顶背驰,客观缠论信号为二买，60分钟笔方向向下（寻底模式），因此实际交易动作是二买（笔方向向下时优先买点）,5.75,5.76,6.00,0.0344,0.0309,否
2026-05-11 15:13:15,观望,否,安全,600276,恒瑞医药,53.52,安全,二卖,向下,无信号,客观缠论信号为二卖，60分钟笔方向向下，中枢震荡，观望,52.67,52.41,53.92,0.1159,0.0272,否
2026-05-11 15:13:15,二卖,否,安全,600177,雅戈尔,7.79,安全,二卖+二买,向上,无信号,客观缠论信号为二卖、二买，60分钟笔方向向上（冲顶模式），因此实际交易动作是二卖（笔方向向上时优先卖点）,7.66,7.25,7.82,0.0108,0.0075,否
2026-05-11 15:13:15,二买,否,安全,600887,伊利股份,28.06,安全,二卖+二买,向下,无信号,客观缠论信号为二卖、二买，60分钟笔方向向下（寻底模式），因此实际交易动作是二买（笔方向向下时优先买点）,27.22,27.36,27.83,0.1341,0.1245,否
2026-05-11 15:13:15,二买,否,安全,601138,工业富联,65.85,安全,二卖+二买,向下,无信号,客观缠论信号为二卖、二买，60分钟笔方向向下（寻底模式），因此实际交易动作是二买（笔方向向下时优先买点）,58.00,61.86,66.91,0.5653,0.4531,否
2026-05-11 15:13:15,二卖,否,安全,688041,海光信息,349.18,安全,二卖+二买,向上,无信号,客观缠论信号为二卖、二买，60分钟笔方向向上（冲顶模式），因此实际交易动作是二卖（笔方向向上时优先卖点）,246.00,271.06,343.17,4.7617,3.8580,否
2026-05-11 15:13:15,二卖,否,安全,688981,中芯国际,122.52,安全,二卖,向上,无信号,客观缠论信号为二卖，60分钟笔方向向上（冲顶模式），因此实际交易动作是二卖（笔方向向上时优先卖点）,100.13,115.74,124.57,0.0628,0.0717,否
2026-05-11 15:13:15,观望,否,安全,601225,陕西煤业,23.83,安全,二卖,向下,无信号,客观缠论信号为二卖，60分钟笔方向向下，中枢震荡，观望,22.32,22.30,24.57,-0.0813,-0.0952,否
2026-05-11 15:13:15,二买,否,安全,601998,中信银行,8.26,安全,二卖+二买,向下,无信号,客观缠论信号为二卖、二买，60分钟笔方向向下（寻底模式），因此实际交易动作是二买（笔方向向下时优先买点）,7.98,8.16,8.31,-0.0007,-0.0079,否
2026-05-11 15:13:15,观望,否,安全,600900,长江电力,27.01,安全,二卖,向下,无信号,客观缠论信号为二卖，60分钟笔方向向下，中枢震荡，观望,26.66,26.60,27.01,-0.0116,-0.0080,否
2026-05-11 15:13:15,二卖,否,安全,002507,涪陵榨菜,12.40,安全,二卖,向上,无信号,客观缠论信号为二卖，60分钟笔方向向上（冲顶模式），因此实际交易动作是二卖（笔方向向上时优先卖点）,12.32,12.28,12.41,-0.0233,-0.0216,否
2026-05-11 15:13:15,二卖,否,安全,000338,潍柴动力,33.53,安全,二卖+二买,向上,无信号,客观缠论信号为二卖、二买，60分钟笔方向向上（冲顶模式），因此实际交易动作是二卖（笔方向向上时优先卖点）,25.92,23.75,33.85,-0.0240,-0.0660,否
2026-05-11 15:13:15,二卖,否,安全,000538,云南白药,52.62,日线破位,二卖,向上,无信号,客观缠论信号为二卖，60分钟笔方向向上（冲顶模式），因此实际交易动作是二卖（笔方向向上时优先卖点）,55.40,54.40,52.75,0.0028,-0.0050,否
2026-05-11 15:13:15,观望,否,安全,000858,五粮液,91.81,日线破位,二卖,向下,无信号,客观缠论信号为二卖，60分钟笔方向向下，中枢震荡，观望,101.59,101.08,98.40,-0.1729,-0.2310,否
2026-05-11 15:13:15,二买,否,安全,000423,东阿阿胶,53.88,安全,二卖+二买,向下,顶背驰,客观缠论信号为二卖、二买，60分钟笔方向向下（寻底模式），因此实际交易动作是二买（笔方向向下时优先买点）,53.51,52.11,54.45,0.0561,0.0644,否
2026-05-11 15:13:15,观望,否,安全,000333,美的集团,80.67,安全,二买,向上,无信号,客观缠论信号为二买，60分钟笔方向向上，中枢震荡，观望,79.17,78.91,80.89,0.0279,0.0913,否
2026-05-11 15:13:15,观望,否,安全,000001,平安银行,11.28,安全,无信号,向下,无信号,客观缠论信号为无信号，60分钟笔方向向下，中枢震荡，观望,11.30,11.03,11.39,-0.0131,-0.0209,否
2026-05-11 15:13:15,二买,否,安全,000651,格力电器,40.46,安全,二卖+二买,向下,无信号,客观缠论信号为二卖、二买，60分钟笔方向向下（寻底模式），因此实际交易动作是二买（笔方向向下时优先买点）,40.00,40.10,40.19,0.1195,0.1323,否
2026-05-11 15:13:15,观望,否,安全,000895,双汇发展,27.15,安全,二卖,向下,无信号,客观缠论信号为二卖，60分钟笔方向向下，中枢震荡，观望,26.66,26.51,27.87,0.0375,-0.0124,否
2026-05-11 15:13:15,二卖,否,安全,002415,海康威视,35.36,安全,二卖+二买,向上,无信号,客观缠论信号为二卖、二买，60分钟笔方向向上（冲顶模式），因此实际交易动作是二卖（笔方向向上时优先卖点）,31.96,33.30,36.35,-0.1048,-0.0128,否
2026-05-11 15:13:15,观望,否,安全,hk03690,美团,84.55,安全,一卖+二卖,向下,无信号,客观缠论信号为一卖、二卖，60分钟笔方向向下，中枢震荡，观望,83.75,82.15,84.55,0.0856,-0.0426,否
2026-05-11 15:13:15,二买,否,安全,hk03896,金山云,8.45,安全,二卖+二买,向下,无信号,客观缠论信号为二卖、二买，60分钟笔方向向下（寻底模式），因此实际交易动作是二买（笔方向向下时优先买点）,7.86,7.80,8.39,0.0396,0.0628,否
2026-05-11 15:13:15,二卖,否,安全,hk00700,腾讯,464.80,日线破位,二卖+二买,向上,无信号,客观缠论信号为二卖、二买，60分钟笔方向向上（冲顶模式），因此实际交易动作是二卖（笔方向向上时优先卖点）,494.60,486.20,473.40,-0.7820,-0.5616,否
2026-05-11 15:13:15,观望,否,安全,hk09988,阿里巴巴,133.80,安全,二买,向上,无信号,客观缠论信号为二买，60分钟笔方向向上，中枢震荡，观望,142.40,126.70,134.20,-1.2556,-1.1352,否
2026-05-11 15:13:15,二买,否,安全,hk01024,快手,51.75,安全,二买,向下,无信号,客观缠论信号为二买，60分钟笔方向向下（寻底模式），因此实际交易动作是二买（笔方向向下时优先买点）,56.95,51.00,48.80,0.5096,0.5934,否
2026-05-11 15:13:15,二卖,否,安全,hk06618,京东健康,46.18,安全,二卖+二买,向上,顶背驰,客观缠论信号为二卖、二买，60分钟笔方向向上（冲顶模式），因此实际交易动作是二卖（笔方向向上时优先卖点）,46.16,46.10,46.58,0.2150,0.1184,否
2026-05-11 15:13:15,二买,否,安全,hk06862,海底捞,15.16,安全,二买,向下,无信号,客观缠论信号为二买，60分钟笔方向向下（寻底模式），因此实际交易动作是二买（笔方向向下时优先买点）,14.22,14.16,15.21,0.1000,0.0837,否

2026-05-11 16:15:17,观望,是,安全,603317,天味食品,15.84,安全,无信号,向下,无信号,客观缠论信号为无信号，60分钟笔方向向下，中枢震荡，观望,12.56,12.98,17.28,-0.1321,-0.1896,否
2026-05-11 16:15:17,观望,是,安全,600660,福耀玻璃,59.40,安全,无信号,向上,无信号,客观缠论信号为无信号，60分钟笔方向向上，中枢震荡，观望,58.98,58.50,59.60,-0.0790,-0.0391,否
2026-05-11 16:15:17,观望,是,安全,600938,中国海油,36.25,安全,无信号,向下,无信号,客观缠论信号为无信号，60分钟笔方向向下，中枢震荡，观望,34.06,35.29,37.85,-0.0956,-0.1239,否
2026-05-11 16:15:17,二买,是,安全,600895,张江高科,38.45,安全,二买,向下,无信号,客观缠论信号为二买，60分钟笔方向向下（寻底模式），因此实际交易动作是二买（笔方向向下时优先买点）,33.37,36.90,36.20,0.1774,0.2050,否
2026-05-11 16:15:17,二买,是,安全,000429,粤高速A,12.90,安全,二买,向下,无信号,客观缠论信号为二买，60分钟笔方向向下（寻底模式），因此实际交易动作是二买（笔方向向下时优先买点）,12.71,12.58,12.91,0.0772,0.0564,否
2026-05-11 16:15:17,二买,是,安全,hk01810,小米集团,31.76,安全,二买,向下,无信号,客观缠论信号为二买，60分钟笔方向向下（寻底模式），因此实际交易动作是二买（笔方向向下时优先买点）,32.78,30.26,32.44,0.0802,0.0821,否
2026-05-11 16:15:17,二买,是,安全,513130,恒生科技ETF,0.64,安全,二买,向下,无信号,客观缠论信号为二买，60分钟笔方向向下（寻底模式），因此实际交易动作是二买（笔方向向下时优先买点）,0.61,0.61,0.63,0.0011,0.0008,否
2026-05-11 16:15:17,观望,是,安全,515790,光伏ETF,1.12,安全,二买,向上,无信号,客观缠论信号为二买，60分钟笔方向向上，中枢震荡，观望,1.08,1.10,1.09,0.0062,0.0071,否
2026-05-11 16:15:17,观望,否,安全,sh000001,上证指数,4225.02,安全,二买,向上,顶背驰,客观缠论信号为二买，60分钟笔方向向上，中枢震荡，观望,4101.83,4079.77,4180.21,12.5126,11.9918,否
2026-05-11 16:15:17,观望,否,安全,510300,沪深300ETF,4.96,安全,二卖,向下,无信号,客观缠论信号为二卖，60分钟笔方向向下，中枢震荡，观望,4.68,4.75,4.91,0.0187,0.0171,否
2026-05-11 16:15:17,观望,否,安全,588000,科创50ETF,1.81,安全,二卖,向下,无信号,客观缠论信号为二卖，60分钟笔方向向下，中枢震荡，观望,1.55,1.55,1.77,0.0172,0.0167,否
2026-05-11 16:15:17,二卖,否,安全,512400,有色金属ETF,2.21,安全,二卖+二买,向上,无信号,客观缠论信号为二卖、二买，60分钟笔方向向上（冲顶模式），因此实际交易动作是二卖（笔方向向上时优先卖点）,2.10,2.17,2.23,0.0022,0.0030,否
2026-05-11 16:15:17,观望,否,安全,512690,酒ETF,0.48,日线破位,二卖,向下,无信号,客观缠论信号为二卖，60分钟笔方向向下，中枢震荡，观望,0.48,0.48,0.48,-0.0003,-0.0005,否
2026-05-11 16:15:17,观望,否,安全,159227,航空航天ETF,1.39,日线破位,二买,向上,顶背驰,客观缠论信号为二买，60分钟笔方向向上，中枢震荡，观望,1.43,1.41,1.37,0.0089,0.0109,否
2026-05-11 16:15:17,观望,否,安全,159992,创新药ETF,0.85,安全,二卖,向下,无信号,客观缠论信号为二卖，60分钟笔方向向下，中枢震荡，观望,0.81,0.83,0.85,0.0044,0.0020,否
2026-05-11 16:15:17,观望,否,安全,515050,通信ETF,3.30,安全,二买,向上,无信号,客观缠论信号为二买，60分钟笔方向向上，中枢震荡，观望,2.30,2.33,3.09,0.0384,0.0387,否
2026-05-11 16:15:17,观望,否,安全,159915,创业板ETF,3.95,安全,二买,向上,无信号,客观缠论信号为二买，60分钟笔方向向上，中枢震荡，观望,3.25,3.27,3.82,0.0318,0.0286,否
2026-05-11 16:15:17,观望,否,安全,588200,科创芯片ETF,3.43,安全,一卖+二卖,向下,无信号,客观缠论信号为一卖、二卖，60分钟笔方向向下，中枢震荡，观望,2.41,2.65,3.34,0.0399,0.0397,否
2026-05-11 16:15:17,观望,否,安全,159755,电池ETF,1.23,安全,二卖,向下,无信号,客观缠论信号为二卖，60分钟笔方向向下，中枢震荡，观望,1.03,1.17,1.26,-0.0022,-0.0034,否
2026-05-11 16:15:17,观望,否,安全,159899,软件ETF,0.89,安全,二买,向上,无信号,客观缠论信号为二买，60分钟笔方向向上，中枢震荡，观望,0.87,0.89,0.87,0.0021,0.0025,否
2026-05-11 16:15:17,观望,否,安全,513360,教育ETF,0.50,安全,二买,向上,无信号,客观缠论信号为二买，60分钟笔方向向上，中枢震荡，观望,0.49,0.50,0.50,-0.0007,-0.0007,否
2026-05-11 16:15:17,二买,否,安全,601668,中国建筑,5.00,安全,二买,向下,无信号,客观缠论信号为二买，60分钟笔方向向下（寻底模式），因此实际交易动作是二买（笔方向向下时优先买点）,5.00,4.91,5.00,0.0212,0.0183,否
2026-05-11 16:15:17,观望,否,安全,601288,农业银行,6.81,安全,二卖,向下,无信号,客观缠论信号为二卖，60分钟笔方向向下，中枢震荡，观望,6.53,6.53,6.95,-0.0169,-0.0209,否
2026-05-11 16:15:17,二买,否,安全,601728,中国电信,6.14,安全,二买,向下,顶背驰,客观缠论信号为二买，60分钟笔方向向下（寻底模式），因此实际交易动作是二买（笔方向向下时优先买点）,6.24,5.91,6.00,0.0344,0.0309,否
2026-05-11 16:15:17,观望,否,安全,600276,恒瑞医药,53.52,安全,二卖,向下,无信号,客观缠论信号为二卖，60分钟笔方向向下，中枢震荡，观望,52.67,52.41,53.92,0.1159,0.0272,否
2026-05-11 16:15:17,二卖,否,安全,600177,雅戈尔,7.79,安全,二卖+二买,向上,无信号,客观缠论信号为二卖、二买，60分钟笔方向向上（冲顶模式），因此实际交易动作是二卖（笔方向向上时优先卖点）,7.66,7.50,7.82,0.0108,0.0075,否
2026-05-11 16:15:17,二买,否,安全,600887,伊利股份,28.06,安全,二卖+二买,向下,无信号,客观缠论信号为二卖、二买，60分钟笔方向向下（寻底模式），因此实际交易动作是二买（笔方向向下时优先买点）,27.75,27.36,27.83,0.1341,0.1245,否
2026-05-11 16:15:17,二买,否,安全,601138,工业富联,65.85,安全,二卖+二买,向下,无信号,客观缠论信号为二卖、二买，60分钟笔方向向下（寻底模式），因此实际交易动作是二买（笔方向向下时优先买点）,62.70,63.20,66.91,0.5653,0.4531,否
2026-05-11 16:15:17,二卖,否,安全,688041,海光信息,349.18,安全,二卖+二买,向上,无信号,客观缠论信号为二卖、二买，60分钟笔方向向上（冲顶模式），因此实际交易动作是二卖（笔方向向上时优先卖点）,246.00,271.06,343.17,4.7617,3.8580,否
2026-05-11 16:15:17,二卖,否,安全,688981,中芯国际,122.52,安全,二卖,向上,无信号,客观缠论信号为二卖，60分钟笔方向向上（冲顶模式），因此实际交易动作是二卖（笔方向向上时优先卖点）,124.60,115.74,124.57,0.0628,0.0717,否
2026-05-11 16:15:17,观望,否,安全,601225,陕西煤业,23.83,安全,二卖,向下,无信号,客观缠论信号为二卖，60分钟笔方向向下，中枢震荡，观望,22.32,22.30,24.57,-0.0813,-0.0952,否
2026-05-11 16:15:17,二买,否,安全,601998,中信银行,8.26,安全,二卖+二买,向下,无信号,客观缠论信号为二卖、二买，60分钟笔方向向下（寻底模式），因此实际交易动作是二买（笔方向向下时优先买点）,7.98,8.16,8.31,-0.0007,-0.0079,否
2026-05-11 16:15:17,观望,否,安全,600900,长江电力,27.01,安全,二卖,向下,无信号,客观缠论信号为二卖，60分钟笔方向向下，中枢震荡，观望,26.66,26.60,27.01,-0.0116,-0.0080,否
2026-05-11 16:15:17,二卖,否,安全,002507,涪陵榨菜,12.40,安全,二卖,向上,无信号,客观缠论信号为二卖，60分钟笔方向向上（冲顶模式），因此实际交易动作是二卖（笔方向向上时优先卖点）,12.32,12.28,12.41,-0.0233,-0.0216,否
2026-05-11 16:15:17,二卖,否,安全,000338,潍柴动力,33.53,安全,二卖+二买,向上,无信号,客观缠论信号为二卖、二买，60分钟笔方向向上（冲顶模式），因此实际交易动作是二卖（笔方向向上时优先卖点）,25.92,23.75,33.85,-0.0240,-0.0660,否
2026-05-11 16:15:17,二卖,否,安全,000538,云南白药,52.62,日线破位,二卖,向上,无信号,客观缠论信号为二卖，60分钟笔方向向上（冲顶模式），因此实际交易动作是二卖（笔方向向上时优先卖点）,55.40,54.40,52.75,0.0028,-0.0050,否
2026-05-11 16:15:17,观望,否,安全,000858,五粮液,91.81,日线破位,二卖,向下,无信号,客观缠论信号为二卖，60分钟笔方向向下，中枢震荡，观望,101.59,101.08,98.40,-0.1729,-0.2310,否
2026-05-11 16:15:17,二买,否,安全,000423,东阿阿胶,53.88,安全,二卖+二买,向下,顶背驰,客观缠论信号为二卖、二买，60分钟笔方向向下（寻底模式），因此实际交易动作是二买（笔方向向下时优先买点）,53.51,52.11,54.45,0.0561,0.0644,否
2026-05-11 16:15:17,观望,否,安全,000333,美的集团,80.67,安全,二买,向上,无信号,客观缠论信号为二买，60分钟笔方向向上，中枢震荡，观望,79.17,78.91,80.89,0.0279,0.0913,否
2026-05-11 16:15:17,观望,否,安全,000001,平安银行,11.28,安全,无信号,向下,无信号,客观缠论信号为无信号，60分钟笔方向向下，中枢震荡，观望,11.30,11.03,11.39,-0.0131,-0.0209,否
2026-05-11 16:15:17,二买,否,安全,000651,格力电器,40.46,安全,二卖+二买,向下,无信号,客观缠论信号为二卖、二买，60分钟笔方向向下（寻底模式），因此实际交易动作是二买（笔方向向下时优先买点）,40.28,40.10,40.19,0.1195,0.1323,否
2026-05-11 16:15:17,观望,否,安全,000895,双汇发展,27.15,安全,二卖,向下,无信号,客观缠论信号为二卖，60分钟笔方向向下，中枢震荡，观望,26.77,26.51,27.87,0.0375,-0.0124,否
2026-05-11 16:15:17,二卖,否,安全,002415,海康威视,35.36,安全,二卖+二买,向上,无信号,客观缠论信号为二卖、二买，60分钟笔方向向上（冲顶模式），因此实际交易动作是二卖（笔方向向上时优先卖点）,31.96,33.30,36.35,-0.1048,-0.0128,否
2026-05-11 16:15:17,观望,否,安全,hk03690,美团,84.55,安全,一卖+二卖,向下,无信号,客观缠论信号为一卖、二卖，60分钟笔方向向下，中枢震荡，观望,83.75,82.15,84.55,0.0856,-0.0426,否
2026-05-11 16:15:17,二买,否,安全,hk03896,金山云,8.45,安全,二卖+二买,向下,无信号,客观缠论信号为二卖、二买，60分钟笔方向向下（寻底模式），因此实际交易动作是二买（笔方向向下时优先买点）,7.86,7.80,8.39,0.0396,0.0628,否
2026-05-11 16:15:17,二卖,否,安全,hk00700,腾讯,464.80,日线破位,二卖+二买,向上,无信号,客观缠论信号为二卖、二买，60分钟笔方向向上（冲顶模式），因此实际交易动作是二卖（笔方向向上时优先卖点）,494.60,486.20,473.40,-0.7820,-0.5616,否
2026-05-11 16:15:17,观望,否,安全,hk09988,阿里巴巴,133.80,安全,二买,向上,无信号,客观缠论信号为二买，60分钟笔方向向上，中枢震荡，观望,142.40,126.70,134.20,-1.2556,-1.1352,否
2026-05-11 16:15:17,二买,否,安全,hk01024,快手,51.75,安全,二买,向下,无信号,客观缠论信号为二买，60分钟笔方向向下（寻底模式），因此实际交易动作是二买（笔方向向下时优先买点）,56.95,51.00,48.80,0.5096,0.5934,否
2026-05-11 16:15:17,二卖,否,安全,hk06618,京东健康,46.18,安全,二卖+二买,向上,顶背驰,客观缠论信号为二卖、二买，60分钟笔方向向上（冲顶模式），因此实际交易动作是二卖（笔方向向上时优先卖点）,46.16,46.10,46.58,0.2150,0.1184,否
2026-05-11 16:15:17,二买,否,安全,hk06862,海底捞,15.16,安全,二买,向下,无信号,客观缠论信号为二买，60分钟笔方向向下（寻底模式），因此实际交易动作是二买（笔方向向下时优先买点）,14.22,14.16,15.21,0.1000,0.0837,否

2026-05-12 10:00:40,观望,是,安全,603317,天味食品,16.13,安全,无信号,向下,无信号,客观缠论信号为无信号，60分钟笔方向向下，中枢震荡，观望,12.56,12.98,17.28,-0.0939,-0.1704,否
2026-05-12 10:00:40,观望,是,安全,600660,福耀玻璃,59.42,安全,无信号,向上,无信号,客观缠论信号为无信号，60分钟笔方向向上，中枢震荡，观望,58.98,58.50,59.60,-0.0801,-0.0473,否
2026-05-12 10:00:40,观望,是,安全,600938,中国海油,36.28,安全,无信号,向下,无信号,客观缠论信号为无信号，60分钟笔方向向下，中枢震荡，观望,34.06,35.29,37.85,-0.0924,-0.1176,否
2026-05-12 10:00:40,二买,是,安全,600895,张江高科,37.75,安全,二买,向下,无信号,客观缠论信号为二买，60分钟笔方向向下（寻底模式），因此实际交易动作是二买（笔方向向下时优先买点）,33.37,36.90,36.20,0.1092,0.1858,否
2026-05-12 10:00:40,二买,是,安全,000429,粤高速A,12.97,安全,二买,向下,无信号,客观缠论信号为二买，60分钟笔方向向下（寻底模式），因此实际交易动作是二买（笔方向向下时优先买点）,12.71,12.58,12.91,0.0888,0.0671,否
2026-05-12 10:00:40,观望,是,安全,hk01810,小米集团,31.76,安全,二买,向上,无信号,客观缠论信号为二买，60分钟笔方向向上，中枢震荡，观望,32.78,30.26,31.92,0.0802,0.0821,否
2026-05-12 10:00:40,二买,是,安全,513130,恒生科技ETF,0.64,安全,二买,向下,无信号,客观缠论信号为二买，60分钟笔方向向下（寻底模式），因此实际交易动作是二买（笔方向向下时优先买点）,0.61,0.61,0.63,0.0012,0.0009,否
2026-05-12 10:00:40,观望,是,安全,515790,光伏ETF,1.11,安全,二买,向上,无信号,客观缠论信号为二买，60分钟笔方向向上，中枢震荡，观望,1.08,1.10,1.09,0.0043,0.0062,否
2026-05-12 10:00:40,观望,否,安全,sh000001,上证指数,4220.60,安全,二买,向上,顶背驰,客观缠论信号为二买，60分钟笔方向向上，中枢震荡，观望,4101.83,4079.77,4180.21,11.3387,11.8304,否
2026-05-12 10:00:40,观望,否,安全,510300,沪深300ETF,4.97,安全,二卖,向下,无信号,客观缠论信号为二卖，60分钟笔方向向下，中枢震荡，观望,4.68,4.75,4.91,0.0183,0.0175,否
2026-05-12 10:00:40,观望,否,安全,588000,科创50ETF,1.79,安全,二卖,向下,无信号,客观缠论信号为二卖，60分钟笔方向向下，中枢震荡，观望,1.55,1.55,1.77,0.0135,0.0158,否
2026-05-12 10:00:40,二卖,否,安全,512400,有色金属ETF,2.20,安全,二卖+二买,向上,顶背驰,客观缠论信号为二卖、二买，60分钟笔方向向上（冲顶模式），因此实际交易动作是二卖（笔方向向上时优先卖点）,2.10,2.17,2.23,0.0028,0.0030,否
2026-05-12 10:00:40,观望,否,安全,512690,酒ETF,0.47,日线破位,二卖,向下,无信号,客观缠论信号为二卖，60分钟笔方向向下，中枢震荡，观望,0.48,0.48,0.48,-0.0008,-0.0006,否
2026-05-12 10:00:40,观望,否,安全,159227,航空航天ETF,1.37,日线破位,二买,向上,顶背驰,客观缠论信号为二买，60分钟笔方向向上，中枢震荡，观望,1.43,1.41,1.37,0.0052,0.0091,否
2026-05-12 10:00:40,观望,否,安全,159992,创新药ETF,0.84,安全,二卖,向下,无信号,客观缠论信号为二卖，60分钟笔方向向下，中枢震荡，观望,0.81,0.83,0.85,0.0037,0.0026,否
2026-05-12 10:00:40,观望,否,安全,515050,通信ETF,3.35,安全,二买,向上,无信号,客观缠论信号为二买，60分钟笔方向向上，中枢震荡，观望,2.30,2.33,3.09,0.0422,0.0396,否
2026-05-12 10:00:40,观望,否,安全,159915,创业板ETF,3.95,安全,二买,向上,无信号,客观缠论信号为二买，60分钟笔方向向上，中枢震荡，观望,3.25,3.27,3.82,0.0312,0.0295,否
2026-05-12 10:00:40,观望,否,安全,588200,科创芯片ETF,3.42,安全,一卖+二卖,向下,无信号,客观缠论信号为一卖、二卖，60分钟笔方向向下，中枢震荡，观望,2.41,2.65,3.34,0.0351,0.0383,否
2026-05-12 10:00:40,观望,否,安全,159755,电池ETF,1.21,安全,二卖,向下,无信号,客观缠论信号为二卖，60分钟笔方向向下，中枢震荡，观望,1.03,1.17,1.26,-0.0049,-0.0037,否
2026-05-12 10:00:40,观望,否,安全,159899,软件ETF,0.88,安全,二买,向上,无信号,客观缠论信号为二买，60分钟笔方向向上，中枢震荡，观望,0.87,0.89,0.87,0.0002,0.0018,否
2026-05-12 10:00:40,观望,否,安全,513360,教育ETF,0.50,安全,二买,向上,无信号,客观缠论信号为二买，60分钟笔方向向上，中枢震荡，观望,0.49,0.50,0.50,-0.0006,-0.0007,否
2026-05-12 10:00:40,二买,否,安全,601668,中国建筑,5.02,安全,二买,向下,无信号,客观缠论信号为二买，60分钟笔方向向下（寻底模式），因此实际交易动作是二买（笔方向向下时优先买点）,5.00,4.91,5.00,0.0240,0.0202,否
2026-05-12 10:00:40,观望,否,安全,601288,农业银行,6.82,安全,二卖,向下,无信号,客观缠论信号为二卖，60分钟笔方向向下，中枢震荡，观望,6.53,6.53,6.95,-0.0117,-0.0179,否
2026-05-12 10:00:40,二买,否,安全,601728,中国电信,6.18,安全,二买,向下,顶背驰,客观缠论信号为二买，60分钟笔方向向下（寻底模式），因此实际交易动作是二买（笔方向向下时优先买点）,6.24,5.91,6.00,0.0381,0.0332,否
2026-05-12 10:00:40,观望,否,安全,600276,恒瑞医药,53.88,安全,二卖,向下,无信号,客观缠论信号为二卖，60分钟笔方向向下，中枢震荡，观望,52.67,52.41,53.92,0.1350,0.0594,否
2026-05-12 10:00:40,二卖,否,安全,600177,雅戈尔,7.81,安全,二卖+二买,向上,无信号,客观缠论信号为二卖、二买，60分钟笔方向向上（冲顶模式），因此实际交易动作是二卖（笔方向向上时优先卖点）,7.66,7.50,7.82,0.0079,0.0078,否
2026-05-12 10:00:40,二买,否,安全,600887,伊利股份,28.16,安全,二卖+二买,向下,无信号,客观缠论信号为二卖、二买，60分钟笔方向向下（寻底模式），因此实际交易动作是二买（笔方向向下时优先买点）,27.75,27.36,27.83,0.1411,0.1307,否
2026-05-12 10:00:40,二买,否,安全,601138,工业富联,64.76,安全,二卖+二买,向下,顶背驰,客观缠论信号为二卖、二买，60分钟笔方向向下（寻底模式），因此实际交易动作是二买（笔方向向下时优先买点）,62.70,63.20,66.91,0.3930,0.4410,否
2026-05-12 10:00:40,二卖,否,安全,688041,海光信息,341.72,安全,二卖+二买,向上,顶背驰,客观缠论信号为二卖、二买，60分钟笔方向向上（冲顶模式），因此实际交易动作是二卖（笔方向向上时优先卖点）,246.00,271.06,343.17,3.6014,3.8425,否
2026-05-12 10:00:40,二卖,否,安全,688981,中芯国际,122.68,安全,二卖,向上,顶背驰,客观缠论信号为二卖，60分钟笔方向向上（冲顶模式），因此实际交易动作是二卖（笔方向向上时优先卖点）,124.60,115.74,124.57,0.1115,0.0869,否
2026-05-12 10:00:40,观望,否,安全,601225,陕西煤业,23.92,安全,二卖,向下,无信号,客观缠论信号为二卖，60分钟笔方向向下，中枢震荡，观望,22.32,22.30,24.57,-0.0619,-0.0847,否
2026-05-12 10:00:40,观望,否,安全,600900,长江电力,27.10,安全,二卖,向下,无信号,客观缠论信号为二卖，60分钟笔方向向下，中枢震荡，观望,26.66,26.60,27.01,0.0013,-0.0057,否
2026-05-12 10:00:40,二买,否,安全,300274,阳光电源,141.45,安全,二买,向下,无信号,客观缠论信号为二买，60分钟笔方向向下（寻底模式），因此实际交易动作是二买（笔方向向下时优先买点）,136.10,142.08,136.28,0.4414,0.8544,否
2026-05-12 10:00:40,二卖,否,安全,002507,涪陵榨菜,12.36,安全,二卖,向上,无信号,客观缠论信号为二卖，60分钟笔方向向上（冲顶模式），因此实际交易动作是二卖（笔方向向上时优先卖点）,12.32,12.28,12.41,-0.0269,-0.0233,否
2026-05-12 10:00:40,二卖,否,安全,000338,潍柴动力,32.29,安全,二卖+二买,向上,无信号,客观缠论信号为二卖、二买，60分钟笔方向向上（冲顶模式），因此实际交易动作是二卖（笔方向向上时优先卖点）,25.92,23.75,33.85,-0.1418,-0.0800,否
2026-05-12 10:00:40,二卖,否,安全,000538,云南白药,52.60,日线破位,二卖,向上,顶背驰,客观缠论信号为二卖，60分钟笔方向向上（冲顶模式），因此实际交易动作是二卖（笔方向向上时优先卖点）,55.40,54.40,52.75,0.0041,-0.0011,否
2026-05-12 10:00:40,观望,否,安全,000858,五粮液,91.05,日线破位,二卖,向下,无信号,客观缠论信号为二卖，60分钟笔方向向下，中枢震荡，观望,101.59,101.08,98.40,-0.2437,-0.2302,否
2026-05-12 10:00:40,二买,否,安全,000423,东阿阿胶,53.88,安全,二卖+二买,向下,顶背驰,客观缠论信号为二卖、二买，60分钟笔方向向下（寻底模式），因此实际交易动作是二买（笔方向向下时优先买点）,53.51,52.11,54.45,0.0463,0.0587,否
2026-05-12 10:00:40,观望,否,安全,000333,美的集团,80.70,安全,二买,向上,无信号,客观缠论信号为二买，60分钟笔方向向上，中枢震荡，观望,79.17,78.91,80.89,0.0246,0.0699,否
2026-05-12 10:00:40,观望,否,安全,000001,平安银行,11.26,安全,无信号,向下,无信号,客观缠论信号为无信号，60分钟笔方向向下，中枢震荡，观望,11.30,11.03,11.39,-0.0120,-0.0178,否
2026-05-12 10:00:40,二买,否,安全,000651,格力电器,40.67,安全,二卖+二买,向下,无信号,客观缠论信号为二卖、二买，60分钟笔方向向下（寻底模式），因此实际交易动作是二买（笔方向向下时优先买点）,40.28,40.10,40.19,0.1421,0.1354,否
2026-05-12 10:00:40,观望,否,安全,000895,双汇发展,27.09,安全,二卖,向下,无信号,客观缠论信号为二卖，60分钟笔方向向下，中枢震荡，观望,26.77,26.51,27.87,0.0318,0.0036,否
2026-05-12 10:00:40,二卖,否,安全,002415,海康威视,35.07,安全,二卖+二买,向上,无信号,客观缠论信号为二卖、二买，60分钟笔方向向上（冲顶模式），因此实际交易动作是二卖（笔方向向上时优先卖点）,31.96,33.30,36.35,-0.1562,-0.0594,否
2026-05-12 10:00:40,观望,否,安全,hk03690,美团,85.15,安全,一卖+二卖,向下,无信号,客观缠论信号为一卖、二卖，60分钟笔方向向下，中枢震荡，观望,83.75,82.15,84.55,0.3308,0.1857,否
2026-05-12 10:00:40,二买,否,安全,hk03896,金山云,8.31,安全,二卖+二买,向下,无信号,客观缠论信号为二卖、二买，60分钟笔方向向下（寻底模式），因此实际交易动作是二买（笔方向向下时优先买点）,7.86,7.80,8.39,0.0029,0.0318,否
2026-05-12 10:00:40,二卖,否,安全,hk00700,腾讯,466.40,日线破位,二卖+二买,向上,底背驰,客观缠论信号为二卖、二买，60分钟笔方向向上（冲顶模式），因此实际交易动作是二卖（笔方向向上时优先卖点）,494.60,486.20,473.40,-0.9361,-1.3415,否
2026-05-12 10:00:40,观望,否,安全,hk09988,阿里巴巴,135.20,安全,二买,向上,无信号,客观缠论信号为二买，60分钟笔方向向上，中枢震荡，观望,129.60,126.70,134.20,-0.6800,-0.9013,否
2026-05-12 10:00:40,二买,否,安全,hk01024,快手,55.00,安全,二买,向下,无信号,客观缠论信号为二买，60分钟笔方向向下（寻底模式），因此实际交易动作是二买（笔方向向下时优先买点）,56.95,44.22,48.80,0.6525,0.4691,否
2026-05-12 10:00:40,二卖,否,安全,hk06618,京东健康,45.90,日线破位,二卖+二买,向上,无信号,客观缠论信号为二卖、二买，60分钟笔方向向上（冲顶模式），因此实际交易动作是二卖（笔方向向上时优先卖点）,46.16,46.10,46.58,0.1646,0.1928,否
2026-05-12 10:00:40,二买,否,安全,hk06862,海底捞,15.35,安全,二买,向下,无信号,客观缠论信号为二买，60分钟笔方向向下（寻底模式），因此实际交易动作是二买（笔方向向下时优先买点）,15.27,15.31,15.21,0.1738,0.1411,否

2026-05-12 10:20:16,观望,是,警戒,603317,天味食品,16.09,安全,无信号,向下,无信号,客观缠论信号为无信号，60分钟笔方向向下，中枢震荡，观望,12.56,12.98,17.28,-0.0496,-0.1308,否
2026-05-12 10:20:16,观望,是,警戒,600660,福耀玻璃,59.38,安全,无信号,向上,底背驰,客观缠论信号为无信号，60分钟笔方向向上，中枢震荡，观望,58.98,58.50,59.60,-0.0873,-0.0616,否
2026-05-12 10:20:16,观望,是,警戒,600938,中国海油,36.38,安全,无信号,向下,无信号,客观缠论信号为无信号，60分钟笔方向向下，中枢震荡，观望,34.06,35.29,37.85,-0.0758,-0.1044,否
2026-05-12 10:20:16,二买,是,警戒,600895,张江高科,37.63,安全,二买,向下,无信号,客观缠论信号为二买，60分钟笔方向向下（寻底模式），因此实际交易动作是二买（笔方向向下时优先买点）,33.37,36.90,36.20,0.0057,0.1297,否
2026-05-12 10:20:16,二买,是,警戒,000429,粤高速A,12.94,安全,二买,向下,无信号,客观缠论信号为二买，60分钟笔方向向下（寻底模式），因此实际交易动作是二买（笔方向向下时优先买点）,12.71,12.58,12.91,0.0900,0.0717,否
2026-05-12 10:20:16,观望,是,警戒,hk01810,小米集团,31.92,安全,二买,向上,无信号,客观缠论信号为二买，60分钟笔方向向上，中枢震荡，观望,32.78,30.26,31.92,0.0702,0.0711,否
2026-05-12 10:20:16,二买,是,警戒,513130,恒生科技ETF,0.64,安全,二买,向下,无信号,客观缠论信号为二买，60分钟笔方向向下（寻底模式），因此实际交易动作是二买（笔方向向下时优先买点）,0.61,0.61,0.63,0.0011,0.0010,否
2026-05-12 10:20:16,观望,是,警戒,515790,光伏ETF,1.12,安全,二买,向上,无信号,客观缠论信号为二买，60分钟笔方向向上，中枢震荡，观望,1.08,1.10,1.09,0.0040,0.0058,否
2026-05-12 10:20:16,观望,否,警戒,sh000001,上证指数,4220.60,安全,二买,向上,顶背驰,客观缠论信号为二买，60分钟笔方向向上，中枢震荡，观望,4101.83,4079.77,4180.21,11.3387,11.8304,否
2026-05-12 10:20:16,观望,否,警戒,510300,沪深300ETF,4.96,安全,二卖,向下,无信号,客观缠论信号为二卖，60分钟笔方向向下，中枢震荡，观望,4.68,4.75,4.91,0.0176,0.0175,否
2026-05-12 10:20:16,观望,否,警戒,588000,科创50ETF,1.80,安全,二卖,向下,无信号,客观缠论信号为二卖，60分钟笔方向向下，中枢震荡，观望,1.55,1.55,1.77,0.0124,0.0151,否
2026-05-12 10:20:16,二卖,否,警戒,512400,有色金属ETF,2.20,安全,二卖+二买,向上,顶背驰,客观缠论信号为二卖、二买，60分钟笔方向向上（冲顶模式），因此实际交易动作是二卖（笔方向向上时优先卖点）,2.10,2.17,2.23,0.0023,0.0029,否
2026-05-12 10:20:16,观望,否,警戒,512690,酒ETF,0.47,日线破位,二卖,向下,无信号,客观缠论信号为二卖，60分钟笔方向向下，中枢震荡，观望,0.48,0.48,0.48,-0.0010,-0.0007,否
2026-05-12 10:20:16,观望,否,警戒,159227,航空航天ETF,1.36,日线破位,二买,向上,顶背驰,客观缠论信号为二买，60分钟笔方向向上，中枢震荡，观望,1.43,1.41,1.37,0.0033,0.0079,否
2026-05-12 10:20:16,观望,否,警戒,159992,创新药ETF,0.84,安全,二卖,向下,无信号,客观缠论信号为二卖，60分钟笔方向向下，中枢震荡，观望,0.81,0.83,0.85,0.0034,0.0028,否
2026-05-12 10:20:16,观望,否,警戒,515050,通信ETF,3.33,安全,二买,向上,无信号,客观缠论信号为二买，60分钟笔方向向上，中枢震荡，观望,2.30,2.33,3.09,0.0419,0.0401,否
2026-05-12 10:20:16,观望,否,警戒,159915,创业板ETF,3.94,安全,二买,向上,无信号,客观缠论信号为二买，60分钟笔方向向上，中枢震荡，观望,3.25,3.27,3.82,0.0299,0.0296,否
2026-05-12 10:20:16,观望,否,警戒,588200,科创芯片ETF,3.42,安全,一卖+二卖,向下,无信号,客观缠论信号为一卖、二卖，60分钟笔方向向下，中枢震荡，观望,2.41,2.65,3.34,0.0336,0.0373,否
2026-05-12 10:20:16,观望,否,警戒,159755,电池ETF,1.21,安全,二卖,向下,无信号,客观缠论信号为二卖，60分钟笔方向向下，中枢震荡，观望,1.03,1.17,1.26,-0.0058,-0.0041,否
2026-05-12 10:20:16,观望,否,警戒,159899,软件ETF,0.87,安全,二买,向上,无信号,客观缠论信号为二买，60分钟笔方向向上，中枢震荡，观望,0.87,0.89,0.87,-0.0007,0.0013,否
2026-05-12 10:20:16,观望,否,警戒,513360,教育ETF,0.50,安全,二买,向上,无信号,客观缠论信号为二买，60分钟笔方向向上，中枢震荡，观望,0.49,0.50,0.50,-0.0006,-0.0007,否
2026-05-12 10:20:16,二买,否,警戒,601668,中国建筑,5.03,安全,二买,向下,无信号,客观缠论信号为二买，60分钟笔方向向下（寻底模式），因此实际交易动作是二买（笔方向向下时优先买点）,5.00,4.91,5.00,0.0254,0.0212,否
2026-05-12 10:20:16,观望,否,警戒,601288,农业银行,6.81,安全,二卖,向下,无信号,客观缠论信号为二卖，60分钟笔方向向下，中枢震荡，观望,6.53,6.53,6.95,-0.0109,-0.0165,否
2026-05-12 10:20:16,二买,否,警戒,601728,中国电信,6.18,安全,二买,向下,顶背驰,客观缠论信号为二买，60分钟笔方向向下（寻底模式），因此实际交易动作是二买（笔方向向下时优先买点）,6.24,5.91,6.00,0.0391,0.0344,否
2026-05-12 10:20:16,观望,否,警戒,600276,恒瑞医药,53.87,安全,二卖,向下,无信号,客观缠论信号为二卖，60分钟笔方向向下，中枢震荡，观望,52.67,52.41,53.92,0.1650,0.0805,否
2026-05-12 10:20:16,二卖,否,警戒,600177,雅戈尔,7.81,安全,二卖+二买,向上,无信号,客观缠论信号为二卖、二买，60分钟笔方向向上（冲顶模式），因此实际交易动作是二卖（笔方向向上时优先卖点）,7.66,7.50,7.82,0.0071,0.0076,否
2026-05-12 10:20:16,二买,否,警戒,600887,伊利股份,28.20,安全,二卖+二买,向下,无信号,客观缠论信号为二卖、二买，60分钟笔方向向下（寻底模式），因此实际交易动作是二买（笔方向向下时优先买点）,27.75,27.36,27.83,0.1415,0.1329,否
2026-05-12 10:20:16,二买,否,警戒,601138,工业富联,64.13,安全,二卖+二买,向下,顶背驰,客观缠论信号为二卖、二买，60分钟笔方向向下（寻底模式），因此实际交易动作是二买（笔方向向下时优先买点）,62.70,63.20,66.91,0.2917,0.4111,否
2026-05-12 10:20:16,二卖,否,警戒,688041,海光信息,343.11,安全,二卖+二买,向上,无信号,客观缠论信号为二卖、二买，60分钟笔方向向上（冲顶模式），因此实际交易动作是二卖（笔方向向上时优先卖点）,246.00,271.06,343.17,3.2945,3.7329,否
2026-05-12 10:20:16,二卖,否,警戒,688981,中芯国际,122.31,安全,二卖,向上,顶背驰,客观缠论信号为二卖，60分钟笔方向向上（冲顶模式），因此实际交易动作是二卖（笔方向向上时优先卖点）,124.60,115.74,124.57,0.0766,0.0848,否
2026-05-12 10:20:16,观望,否,警戒,601225,陕西煤业,23.84,安全,二卖,向下,无信号,客观缠论信号为二卖，60分钟笔方向向下，中枢震荡，观望,22.32,22.30,24.57,-0.0602,-0.0798,否
2026-05-12 10:20:16,观望,否,警戒,600900,长江电力,27.14,安全,二卖,向下,无信号,客观缠论信号为二卖，60分钟笔方向向下，中枢震荡，观望,26.66,26.60,27.01,0.0097,-0.0026,否
2026-05-12 10:20:16,二买,否,警戒,300274,阳光电源,142.16,安全,二买,向下,无信号,客观缠论信号为二买，60分钟笔方向向下（寻底模式），因此实际交易动作是二买（笔方向向下时优先买点）,136.10,142.08,136.28,0.3122,0.7460,否
2026-05-12 10:20:16,二卖,否,警戒,002507,涪陵榨菜,12.34,安全,二卖,向上,无信号,客观缠论信号为二卖，60分钟笔方向向上（冲顶模式），因此实际交易动作是二卖（笔方向向上时优先卖点）,12.32,12.28,12.41,-0.0290,-0.0245,否
2026-05-12 10:20:16,二卖,否,警戒,000338,潍柴动力,32.40,安全,二卖+二买,向上,无信号,客观缠论信号为二卖、二买，60分钟笔方向向上（冲顶模式），因此实际交易动作是二卖（笔方向向上时优先卖点）,25.92,23.75,33.85,-0.1965,-0.1033,否
2026-05-12 10:20:16,二卖,否,警戒,000538,云南白药,52.60,日线破位,二卖,向上,顶背驰,客观缠论信号为二卖，60分钟笔方向向上（冲顶模式），因此实际交易动作是二卖（笔方向向上时优先卖点）,55.40,54.40,52.75,0.0013,-0.0007,否
2026-05-12 10:20:16,观望,否,警戒,000858,五粮液,90.83,日线破位,二卖,向下,无信号,客观缠论信号为二卖，60分钟笔方向向下，中枢震荡，观望,101.59,101.08,98.40,-0.2846,-0.2411,否
2026-05-12 10:20:16,二买,否,警戒,000423,东阿阿胶,53.52,安全,二卖+二买,向下,顶背驰,客观缠论信号为二卖、二买，60分钟笔方向向下（寻底模式），因此实际交易动作是二买（笔方向向下时优先买点）,53.51,52.11,54.45,0.0131,0.0496,否
2026-05-12 10:20:16,观望,否,警戒,000333,美的集团,80.48,安全,二买,向上,无信号,客观缠论信号为二买，60分钟笔方向向上，中枢震荡，观望,79.17,78.91,80.89,-0.0058,0.0547,否
2026-05-12 10:20:16,观望,否,警戒,000001,平安银行,11.24,安全,无信号,向下,无信号,客观缠论信号为无信号，60分钟笔方向向下，中枢震荡，观望,11.30,11.03,11.39,-0.0130,-0.0168,否
2026-05-12 10:20:16,二买,否,警戒,000651,格力电器,40.59,安全,二卖+二买,向下,无信号,客观缠论信号为二卖、二买，60分钟笔方向向下（寻底模式），因此实际交易动作是二买（笔方向向下时优先买点）,40.28,40.10,40.19,0.1363,0.1356,否
2026-05-12 10:20:16,观望,否,警戒,000895,双汇发展,27.07,安全,二卖,向下,无信号,客观缠论信号为二卖，60分钟笔方向向下，中枢震荡，观望,26.77,26.51,27.87,0.0291,0.0087,否
2026-05-12 10:20:16,二卖,否,警戒,002415,海康威视,34.81,安全,二卖+二买,向上,无信号,客观缠论信号为二卖、二买，60分钟笔方向向上（冲顶模式），因此实际交易动作是二卖（笔方向向上时优先卖点）,31.96,33.30,36.35,-0.1996,-0.0874,否
2026-05-12 10:20:16,观望,否,警戒,hk03690,美团,85.05,安全,一卖+二卖,向下,无信号,客观缠论信号为一卖、二卖，60分钟笔方向向下，中枢震荡，观望,83.75,82.15,84.55,0.4026,0.2605,否
2026-05-12 10:20:16,二买,否,警戒,hk03896,金山云,8.26,安全,二卖+二买,向下,无信号,客观缠论信号为二卖、二买，60分钟笔方向向下（寻底模式），因此实际交易动作是二买（笔方向向下时优先买点）,7.86,7.80,8.39,-0.0236,0.0139,否
2026-05-12 10:20:16,二卖,否,警戒,hk00700,腾讯,463.60,日线破位,二卖+二买,向上,底背驰,客观缠论信号为二卖、二买，60分钟笔方向向上（冲顶模式），因此实际交易动作是二卖（笔方向向上时优先卖点）,494.60,486.20,473.40,-1.0055,-1.2743,否
2026-05-12 10:20:16,观望,否,警戒,hk09988,阿里巴巴,135.60,安全,二买,向上,无信号,客观缠论信号为二买，60分钟笔方向向上，中枢震荡，观望,129.60,126.70,134.20,-0.6481,-0.8949,否
2026-05-12 10:20:16,二买,否,警戒,hk01024,快手,54.25,安全,二买,向下,无信号,客观缠论信号为二买，60分钟笔方向向下（寻底模式），因此实际交易动作是二买（笔方向向下时优先买点）,56.95,44.22,48.80,0.7338,0.5221,否
2026-05-12 10:20:16,二卖,否,警戒,hk06618,京东健康,45.90,日线破位,二卖+二买,向上,无信号,客观缠论信号为二卖、二买，60分钟笔方向向上（冲顶模式），因此实际交易动作是二卖（笔方向向上时优先卖点）,46.16,46.10,46.58,0.1646,0.1928,否
2026-05-12 10:20:16,二买,否,警戒,hk06862,海底捞,15.18,日线破位,二买,向下,无信号,客观缠论信号为二买，60分钟笔方向向下（寻底模式），因此实际交易动作是二买（笔方向向下时优先买点）,15.27,15.31,15.21,0.1501,0.1473,否

2026-05-12 10:43:13,观望,是,警戒,603317,天味食品,16.06,安全,无信号,向下,无信号,客观缠论信号为无信号，60分钟笔方向向下，中枢震荡，观望,12.56,12.98,17.28,-0.0324,-0.1111,否
2026-05-12 10:43:13,观望,是,警戒,600660,福耀玻璃,59.28,安全,无信号,向上,底背驰,客观缠论信号为无信号，60分钟笔方向向上，中枢震荡，观望,58.98,58.50,59.60,-0.0949,-0.0682,否
2026-05-12 10:43:13,观望,是,警戒,600938,中国海油,36.23,安全,无信号,向下,顶背驰,客观缠论信号为无信号，60分钟笔方向向下，中枢震荡，观望,34.06,35.29,37.85,-0.0780,-0.0991,否
2026-05-12 10:43:13,观望,是,警戒,600895,张江高科,37.66,安全,二买,向上,无信号,客观缠论信号为二买，60分钟笔方向向上，中枢震荡，观望,33.37,36.90,38.17,-0.0345,0.0968,否
2026-05-12 10:43:13,二买,是,警戒,000429,粤高速A,12.97,安全,二买,向下,无信号,客观缠论信号为二买，60分钟笔方向向下（寻底模式），因此实际交易动作是二买（笔方向向下时优先买点）,12.71,12.58,13.12,0.0923,0.0758,否
2026-05-12 10:43:13,观望,是,警戒,hk01810,小米集团,31.92,安全,二买,向上,无信号,客观缠论信号为二买，60分钟笔方向向上，中枢震荡，观望,32.78,30.26,31.92,0.0702,0.0711,否
2026-05-12 10:43:13,二买,是,警戒,513130,恒生科技ETF,0.64,安全,二买,向下,无信号,客观缠论信号为二买，60分钟笔方向向下（寻底模式），因此实际交易动作是二买（笔方向向下时优先买点）,0.61,0.61,0.63,0.0010,0.0010,否
2026-05-12 10:43:13,观望,是,警戒,515790,光伏ETF,1.13,安全,二买,向上,无信号,客观缠论信号为二买，60分钟笔方向向上，中枢震荡，观望,1.08,1.10,1.09,0.0047,0.0055,否
2026-05-12 10:43:13,观望,否,警戒,sh000001,上证指数,4217.89,安全,二买,向上,顶背驰,客观缠论信号为二买，60分钟笔方向向上，中枢震荡，观望,4101.83,4079.77,4180.21,9.9433,11.2582,否
2026-05-12 10:43:13,观望,否,警戒,510300,沪深300ETF,4.97,安全,二卖,向下,无信号,客观缠论信号为二卖，60分钟笔方向向下，中枢震荡，观望,4.68,4.75,4.91,0.0170,0.0174,否
2026-05-12 10:43:13,观望,否,警戒,588000,科创50ETF,1.81,安全,无信号,向上,无信号,客观缠论信号为无信号，60分钟笔方向向上，中枢震荡，观望,1.55,1.55,1.77,0.0125,0.0146,否
2026-05-12 10:43:13,二买,否,警戒,512400,有色金属ETF,2.19,安全,二卖+二买,向下,顶背驰,客观缠论信号为二卖、二买，60分钟笔方向向下（寻底模式），因此实际交易动作是二买（笔方向向下时优先买点）,2.10,2.17,2.23,0.0010,0.0025,否
2026-05-12 10:43:13,二卖,否,警戒,512690,酒ETF,0.47,日线破位,二卖,向上,无信号,客观缠论信号为二卖，60分钟笔方向向上（冲顶模式），因此实际交易动作是二卖（笔方向向上时优先卖点）,0.48,0.48,0.48,-0.0013,-0.0008,否
2026-05-12 10:43:13,观望,否,警戒,159227,航空航天ETF,1.36,日线破位,二买,向上,顶背驰,客观缠论信号为二买，60分钟笔方向向上，中枢震荡，观望,1.43,1.41,1.37,0.0016,0.0067,否
2026-05-12 10:43:13,观望,否,警戒,159992,创新药ETF,0.84,安全,无信号,向上,无信号,客观缠论信号为无信号，60分钟笔方向向上，中枢震荡，观望,0.81,0.83,0.84,0.0031,0.0029,否
2026-05-12 10:43:13,观望,否,警戒,515050,通信ETF,3.33,安全,二买,向上,无信号,客观缠论信号为二买，60分钟笔方向向上，中枢震荡，观望,2.30,2.33,3.09,0.0414,0.0403,否
2026-05-12 10:43:13,观望,否,警戒,159915,创业板ETF,3.94,安全,二买,向上,无信号,客观缠论信号为二买，60分钟笔方向向上，中枢震荡，观望,3.25,3.27,3.82,0.0288,0.0294,否
2026-05-12 10:43:13,观望,否,警戒,588200,科创芯片ETF,3.46,安全,一卖+二卖,向下,无信号,客观缠论信号为一卖、二卖，60分钟笔方向向下，中枢震荡，观望,2.41,2.65,3.34,0.0347,0.0368,否
2026-05-12 10:43:13,观望,否,警戒,159755,电池ETF,1.20,安全,一卖+二卖,向下,无信号,客观缠论信号为一卖、二卖，60分钟笔方向向下，中枢震荡，观望,1.03,1.17,1.22,-0.0066,-0.0046,否
2026-05-12 10:43:13,观望,否,警戒,159899,软件ETF,0.87,安全,二买,向上,无信号,客观缠论信号为二买，60分钟笔方向向上，中枢震荡，观望,0.87,0.89,0.87,-0.0012,0.0008,否
2026-05-12 10:43:13,观望,否,警戒,513360,教育ETF,0.50,安全,二买,向上,无信号,客观缠论信号为二买，60分钟笔方向向上，中枢震荡，观望,0.49,0.50,0.50,-0.0006,-0.0006,否
2026-05-12 10:43:13,二买,否,警戒,601668,中国建筑,5.02,安全,二买,向下,无信号,客观缠论信号为二买，60分钟笔方向向下（寻底模式），因此实际交易动作是二买（笔方向向下时优先买点）,5.00,4.91,5.03,0.0253,0.0220,否
2026-05-12 10:43:13,观望,否,警戒,601288,农业银行,6.81,安全,二卖,向下,无信号,客观缠论信号为二卖，60分钟笔方向向下，中枢震荡，观望,6.53,6.53,6.95,-0.0101,-0.0152,否
2026-05-12 10:43:13,二买,否,警戒,601728,中国电信,6.17,安全,二买,向下,顶背驰,客观缠论信号为二买，60分钟笔方向向下（寻底模式），因此实际交易动作是二买（笔方向向下时优先买点）,6.24,5.91,6.00,0.0372,0.0355,否
2026-05-12 10:43:13,观望,否,警戒,600276,恒瑞医药,53.74,安全,二卖,向下,顶背驰,客观缠论信号为二卖，60分钟笔方向向下，中枢震荡，观望,52.67,52.41,53.92,0.1763,0.0997,否
2026-05-12 10:43:13,二卖,否,警戒,600177,雅戈尔,7.83,安全,二卖+二买,向上,无信号,客观缠论信号为二卖、二买，60分钟笔方向向上（冲顶模式），因此实际交易动作是二卖（笔方向向上时优先卖点）,7.66,7.50,7.82,0.0080,0.0077,否
2026-05-12 10:43:13,二买,否,警戒,600887,伊利股份,28.09,安全,二卖+二买,向下,顶背驰,客观缠论信号为二卖、二买，60分钟笔方向向下（寻底模式），因此实际交易动作是二买（笔方向向下时优先买点）,27.75,27.36,27.83,0.1203,0.1297,否
2026-05-12 10:43:13,二买,否,警戒,601138,工业富联,64.32,安全,二卖+二买,向下,顶背驰,客观缠论信号为二卖、二买，60分钟笔方向向下（寻底模式），因此实际交易动作是二买（笔方向向下时优先买点）,62.70,63.20,64.59,0.1429,0.3222,否
2026-05-12 10:43:13,二卖,否,警戒,688041,海光信息,357.70,安全,二卖+二买,向上,无信号,客观缠论信号为二卖、二买，60分钟笔方向向上（冲顶模式），因此实际交易动作是二卖（笔方向向上时优先卖点）,246.00,271.06,343.17,4.2381,3.7836,否
2026-05-12 10:43:13,二买,否,警戒,688981,中芯国际,123.35,安全,二卖+二买,向下,无信号,客观缠论信号为二卖、二买，60分钟笔方向向下（寻底模式），因此实际交易动作是二买（笔方向向下时优先买点）,124.60,115.74,124.57,0.1259,0.0908,否
2026-05-12 10:43:13,观望,否,警戒,601225,陕西煤业,23.82,安全,二卖,向下,无信号,客观缠论信号为二卖，60分钟笔方向向下，中枢震荡，观望,22.32,22.30,24.57,-0.0618,-0.0737,否
2026-05-12 10:43:13,观望,否,警戒,600900,长江电力,27.12,安全,二卖,向下,无信号,客观缠论信号为二卖，60分钟笔方向向下，中枢震荡，观望,26.66,26.60,27.16,0.0163,0.0035,否
2026-05-12 10:43:13,观望,否,警戒,300274,阳光电源,143.77,安全,二买,向上,无信号,客观缠论信号为二买，60分钟笔方向向上，中枢震荡，观望,136.10,142.08,142.38,0.2292,0.5519,否
2026-05-12 10:43:13,二卖,否,警戒,002507,涪陵榨菜,12.32,安全,二卖,向上,无信号,客观缠论信号为二卖，60分钟笔方向向上（冲顶模式），因此实际交易动作是二卖（笔方向向上时优先卖点）,12.32,12.28,12.33,-0.0338,-0.0275,否
2026-05-12 10:43:13,二卖,否,警戒,000338,潍柴动力,32.93,安全,二卖+二买,向上,无信号,客观缠论信号为二卖、二买，60分钟笔方向向上（冲顶模式），因此实际交易动作是二卖（笔方向向上时优先卖点）,25.92,23.75,33.85,-0.2142,-0.1449,否
2026-05-12 10:43:13,二卖,否,警戒,000538,云南白药,52.60,日线破位,二卖,向上,顶背驰,客观缠论信号为二卖，60分钟笔方向向上（冲顶模式），因此实际交易动作是二卖（笔方向向上时优先卖点）,55.40,54.40,52.75,-0.0045,-0.0019,否
2026-05-12 10:43:13,二卖,否,警戒,000858,五粮液,90.57,日线破位,二卖,向上,无信号,客观缠论信号为二卖，60分钟笔方向向上（冲顶模式），因此实际交易动作是二卖（笔方向向上时优先卖点）,101.59,101.08,91.95,-0.3673,-0.2809,否
2026-05-12 10:43:13,二卖,否,警戒,000423,东阿阿胶,53.32,安全,二卖+二买,向上,顶背驰,客观缠论信号为二卖、二买，60分钟笔方向向上（冲顶模式），因此实际交易动作是二卖（笔方向向上时优先卖点）,53.51,52.11,54.10,-0.0519,0.0187,否
2026-05-12 10:43:13,观望,否,警戒,000333,美的集团,80.35,安全,二买,向上,无信号,客观缠论信号为二买，60分钟笔方向向上，中枢震荡，观望,79.17,78.91,80.89,-0.0464,0.0234,否
2026-05-12 10:43:13,观望,否,警戒,000001,平安银行,11.28,安全,无信号,向下,无信号,客观缠论信号为无信号，60分钟笔方向向下，中枢震荡，观望,11.30,11.03,11.39,-0.0096,-0.0146,否
2026-05-12 10:43:13,二买,否,警戒,000651,格力电器,40.40,安全,二卖+二买,向下,无信号,客观缠论信号为二卖、二买，60分钟笔方向向下（寻底模式），因此实际交易动作是二买（笔方向向下时优先买点）,40.28,40.10,40.19,0.1019,0.1266,否
2026-05-12 10:43:13,二卖,否,警戒,000895,双汇发展,26.94,安全,二卖,向上,无信号,客观缠论信号为二卖，60分钟笔方向向上（冲顶模式），因此实际交易动作是二卖（笔方向向上时优先卖点）,26.77,26.51,27.43,0.0086,0.0104,否
2026-05-12 10:43:13,二卖,否,警戒,002415,海康威视,35.03,安全,二卖+二买,向上,无信号,客观缠论信号为二卖、二买，60分钟笔方向向上（冲顶模式），因此实际交易动作是二卖（笔方向向上时优先卖点）,31.96,33.30,36.35,-0.2384,-0.1412,否
2026-05-12 10:43:13,观望,否,警戒,hk03690,美团,85.05,安全,一卖+二卖,向下,无信号,客观缠论信号为一卖、二卖，60分钟笔方向向下，中枢震荡，观望,83.75,82.15,84.55,0.4026,0.2605,否
2026-05-12 10:43:13,二买,否,警戒,hk03896,金山云,8.19,安全,二卖+二买,向下,无信号,客观缠论信号为二卖、二买，60分钟笔方向向下（寻底模式），因此实际交易动作是二买（笔方向向下时优先买点）,7.86,7.80,8.39,-0.0512,-0.0077,否
2026-05-12 10:43:13,观望,否,警戒,hk00700,腾讯,463.80,日线破位,二卖,向下,底背驰,客观缠论信号为二卖，60分钟笔方向向下，中枢震荡，观望,494.60,486.20,474.40,-1.1035,-1.2142,否
2026-05-12 10:43:13,观望,否,警戒,hk09988,阿里巴巴,134.90,安全,二买,向上,无信号,客观缠论信号为二买，60分钟笔方向向上，中枢震荡，观望,129.60,126.70,134.20,-0.4210,-0.6484,否
2026-05-12 10:43:13,二买,否,警戒,hk01024,快手,53.70,安全,二卖+二买,向下,无信号,客观缠论信号为二卖、二买，60分钟笔方向向下（寻底模式），因此实际交易动作是二买（笔方向向下时优先买点）,56.95,44.22,52.65,0.7452,0.5667,否
2026-05-12 10:43:13,二卖,否,警戒,hk06618,京东健康,45.40,日线破位,二卖+二买,向上,无信号,客观缠论信号为二卖、二买，60分钟笔方向向上（冲顶模式），因此实际交易动作是二卖（笔方向向上时优先卖点）,46.16,46.10,45.88,0.0691,0.1578,否
2026-05-12 10:43:13,二买,否,警戒,hk06862,海底捞,15.05,日线破位,二买,向下,无信号,客观缠论信号为二买，60分钟笔方向向下（寻底模式），因此实际交易动作是二买（笔方向向下时优先买点）,15.27,15.31,15.21,0.1060,0.1363,否

2026-05-12 11:05:17,观望,是,安全,603317,天味食品,16.15,安全,无信号,向下,无信号,客观缠论信号为无信号，60分钟笔方向向下，中枢震荡，观望,12.56,12.98,17.28,0.0011,-0.0736,否
2026-05-12 11:05:17,观望,是,安全,600660,福耀玻璃,59.39,安全,无信号,向上,底背驰,客观缠论信号为无信号，60分钟笔方向向上，中枢震荡，观望,58.98,58.50,59.60,-0.0869,-0.0756,否
2026-05-12 11:05:17,观望,是,安全,600938,中国海油,36.13,安全,无信号,向下,顶背驰,客观缠论信号为无信号，60分钟笔方向向下，中枢震荡，观望,34.06,35.29,37.85,-0.0883,-0.0941,否
2026-05-12 11:05:17,观望,是,安全,600895,张江高科,37.95,安全,二买,向上,无信号,客观缠论信号为二买，60分钟笔方向向上，中枢震荡，观望,33.37,36.90,38.17,-0.0538,0.0433,否
2026-05-12 11:05:17,二买,是,安全,000429,粤高速A,12.96,安全,二买,向下,无信号,客观缠论信号为二买，60分钟笔方向向下（寻底模式），因此实际交易动作是二买（笔方向向下时优先买点）,12.71,12.58,13.12,0.0912,0.0816,否
2026-05-12 11:05:17,观望,是,安全,hk01810,小米集团,31.92,安全,二买,向上,无信号,客观缠论信号为二买，60分钟笔方向向上，中枢震荡，观望,32.78,30.26,31.92,0.0702,0.0711,否
2026-05-12 11:05:17,二买,是,安全,513130,恒生科技ETF,0.64,安全,二买,向下,无信号,客观缠论信号为二买，60分钟笔方向向下（寻底模式），因此实际交易动作是二买（笔方向向下时优先买点）,0.61,0.61,0.63,0.0012,0.0010,否
2026-05-12 11:05:17,观望,是,安全,515790,光伏ETF,1.13,安全,二买,向上,无信号,客观缠论信号为二买，60分钟笔方向向上，中枢震荡，观望,1.08,1.10,1.09,0.0055,0.0055,否
2026-05-12 11:05:17,观望,否,安全,sh000001,上证指数,4227.76,安全,二买,向上,无信号,客观缠论信号为二买，60分钟笔方向向上，中枢震荡，观望,4101.83,4079.77,4180.21,10.0921,11.0250,否
2026-05-12 11:05:17,观望,否,安全,510300,沪深300ETF,4.97,安全,二卖,向下,无信号,客观缠论信号为二卖，60分钟笔方向向下，中枢震荡，观望,4.68,4.75,4.91,0.0171,0.0174,否
2026-05-12 11:05:17,观望,否,安全,588000,科创50ETF,1.83,安全,无信号,向上,无信号,客观缠论信号为无信号，60分钟笔方向向上，中枢震荡，观望,1.55,1.55,1.77,0.0153,0.0147,否
2026-05-12 11:05:17,二买,否,安全,512400,有色金属ETF,2.21,安全,二卖+二买,向下,底背驰,客观缠论信号为二卖、二买，60分钟笔方向向下（寻底模式），因此实际交易动作是二买（笔方向向下时优先买点）,2.10,2.17,2.23,0.0015,0.0021,否
2026-05-12 11:05:17,二卖,否,安全,512690,酒ETF,0.47,日线破位,二卖,向上,无信号,客观缠论信号为二卖，60分钟笔方向向上（冲顶模式），因此实际交易动作是二卖（笔方向向上时优先卖点）,0.48,0.48,0.48,-0.0015,-0.0010,否
2026-05-12 11:05:17,观望,否,安全,159227,航空航天ETF,1.36,日线破位,二买,向上,无信号,客观缠论信号为二买，60分钟笔方向向上，中枢震荡，观望,1.43,1.41,1.37,-0.0004,0.0043,否
2026-05-12 11:05:17,观望,否,安全,159992,创新药ETF,0.84,安全,无信号,向上,无信号,客观缠论信号为无信号，60分钟笔方向向上，中枢震荡，观望,0.81,0.83,0.84,0.0025,0.0028,否
2026-05-12 11:05:17,观望,否,安全,515050,通信ETF,3.33,安全,二买,向上,顶背驰,客观缠论信号为二买，60分钟笔方向向上，中枢震荡，观望,2.30,2.33,3.09,0.0396,0.0403,否
2026-05-12 11:05:17,观望,否,安全,159915,创业板ETF,3.95,安全,二买,向上,无信号,客观缠论信号为二买，60分钟笔方向向上，中枢震荡，观望,3.25,3.27,3.82,0.0284,0.0292,否
2026-05-12 11:05:17,观望,否,安全,588200,科创芯片ETF,3.49,安全,一卖+二卖,向下,无信号,客观缠论信号为一卖、二卖，60分钟笔方向向下，中枢震荡，观望,2.41,2.65,3.34,0.0413,0.0381,否
2026-05-12 11:05:17,观望,否,安全,159755,电池ETF,1.21,安全,一卖+二卖,向下,无信号,客观缠论信号为一卖、二卖，60分钟笔方向向下，中枢震荡，观望,1.03,1.17,1.22,-0.0070,-0.0054,否
2026-05-12 11:05:17,观望,否,安全,159899,软件ETF,0.88,安全,二买,向上,无信号,客观缠论信号为二买，60分钟笔方向向上，中枢震荡，观望,0.87,0.89,0.87,-0.0015,-0.0000,否
2026-05-12 11:05:17,观望,否,安全,513360,教育ETF,0.50,安全,二买,向上,无信号,客观缠论信号为二买，60分钟笔方向向上，中枢震荡，观望,0.49,0.50,0.50,-0.0005,-0.0006,否
2026-05-12 11:05:17,二买,否,安全,601668,中国建筑,5.01,安全,二买,向下,无信号,客观缠论信号为二买，60分钟笔方向向下（寻底模式），因此实际交易动作是二买（笔方向向下时优先买点）,5.00,4.91,5.03,0.0237,0.0228,否
2026-05-12 11:05:17,观望,否,安全,601288,农业银行,6.80,安全,二卖,向下,无信号,客观缠论信号为二卖，60分钟笔方向向下，中枢震荡，观望,6.53,6.53,6.95,-0.0107,-0.0136,否
2026-05-12 11:05:17,二买,否,安全,601728,中国电信,6.15,安全,二买,向下,顶背驰,客观缠论信号为二买，60分钟笔方向向下（寻底模式），因此实际交易动作是二买（笔方向向下时优先买点）,6.24,5.91,6.00,0.0347,0.0353,否
2026-05-12 11:05:17,观望,否,安全,600276,恒瑞医药,53.59,安全,二卖,向下,顶背驰,客观缠论信号为二卖，60分钟笔方向向下，中枢震荡，观望,52.67,52.41,53.92,0.1825,0.1313,否
2026-05-12 11:05:17,二卖,否,安全,600177,雅戈尔,7.79,安全,二卖+二买,向上,无信号,客观缠论信号为二卖、二买，60分钟笔方向向上（冲顶模式），因此实际交易动作是二卖（笔方向向上时优先卖点）,7.66,7.50,7.82,0.0040,0.0067,否
2026-05-12 11:05:17,二买,否,安全,600887,伊利股份,28.12,安全,二卖+二买,向下,顶背驰,客观缠论信号为二卖、二买，60分钟笔方向向下（寻底模式），因此实际交易动作是二买（笔方向向下时优先买点）,27.75,27.36,27.83,0.1144,0.1267,否
2026-05-12 11:05:17,二买,否,安全,601138,工业富联,64.18,安全,二卖+二买,向下,无信号,客观缠论信号为二卖、二买，60分钟笔方向向下（寻底模式），因此实际交易动作是二买（笔方向向下时优先买点）,62.70,63.20,64.59,0.0927,0.2763,否
2026-05-12 11:05:17,二卖,否,安全,688041,海光信息,352.30,安全,二卖+二买,向上,无信号,客观缠论信号为二卖、二买，60分钟笔方向向上（冲顶模式），因此实际交易动作是二卖（笔方向向上时优先卖点）,246.00,271.06,343.17,4.4017,3.9072,否
2026-05-12 11:05:17,二买,否,安全,688981,中芯国际,122.45,安全,二卖+二买,向下,无信号,客观缠论信号为二卖、二买，60分钟笔方向向下（寻底模式），因此实际交易动作是二买（笔方向向下时优先买点）,124.60,115.74,124.57,0.0959,0.0918,否
2026-05-12 11:05:17,观望,否,安全,601225,陕西煤业,23.80,安全,二卖,向下,无信号,客观缠论信号为二卖，60分钟笔方向向下，中枢震荡，观望,22.32,22.30,24.57,-0.0612,-0.0712,否
2026-05-12 11:05:17,观望,否,安全,600900,长江电力,27.08,安全,二卖,向下,无信号,客观缠论信号为二卖，60分钟笔方向向下，中枢震荡，观望,26.66,26.60,27.16,0.0162,0.0060,否
2026-05-12 11:05:17,观望,否,安全,300274,阳光电源,142.64,安全,二买,向上,无信号,客观缠论信号为二买，60分钟笔方向向上，中枢震荡，观望,136.10,142.08,142.38,0.1761,0.4767,否
2026-05-12 11:05:17,二卖,否,安全,002507,涪陵榨菜,12.34,安全,二卖,向上,无信号,客观缠论信号为二卖，60分钟笔方向向上（冲顶模式），因此实际交易动作是二卖（笔方向向上时优先卖点）,12.32,12.28,12.33,-0.0333,-0.0287,否
2026-05-12 11:05:17,二卖,否,安全,000338,潍柴动力,33.02,安全,二卖+二买,向上,无信号,客观缠论信号为二卖、二买，60分钟笔方向向上（冲顶模式），因此实际交易动作是二卖（笔方向向上时优先卖点）,25.92,23.75,33.85,-0.1965,-0.1552,否
2026-05-12 11:05:17,二卖,否,安全,000538,云南白药,52.61,日线破位,二卖,向上,顶背驰,客观缠论信号为二卖，60分钟笔方向向上（冲顶模式），因此实际交易动作是二卖（笔方向向上时优先卖点）,55.40,54.40,52.75,-0.0046,-0.0024,否
2026-05-12 11:05:17,二卖,否,安全,000858,五粮液,90.57,日线破位,二卖,向上,无信号,客观缠论信号为二卖，60分钟笔方向向上（冲顶模式），因此实际交易动作是二卖（笔方向向上时优先卖点）,101.59,101.08,91.95,-0.3910,-0.3029,否
2026-05-12 11:05:17,二卖,否,安全,000423,东阿阿胶,53.39,安全,二卖+二买,向上,顶背驰,客观缠论信号为二卖、二买，60分钟笔方向向上（冲顶模式），因此实际交易动作是二卖（笔方向向上时优先卖点）,53.51,52.11,54.10,-0.0736,0.0003,否
2026-05-12 11:05:17,观望,否,安全,000333,美的集团,80.45,安全,二买,向上,无信号,客观缠论信号为二买，60分钟笔方向向上，中枢震荡，观望,79.17,78.91,80.89,-0.0631,0.0061,否
2026-05-12 11:05:17,观望,否,安全,000001,平安银行,11.25,安全,无信号,向下,无信号,客观缠论信号为无信号，60分钟笔方向向下，中枢震荡，观望,11.30,11.03,11.39,-0.0099,-0.0137,否
2026-05-12 11:05:17,二买,否,安全,000651,格力电器,40.42,安全,二卖+二买,向下,无信号,客观缠论信号为二卖、二买，60分钟笔方向向下（寻底模式），因此实际交易动作是二买（笔方向向下时优先买点）,40.28,40.10,40.19,0.0871,0.1187,否
2026-05-12 11:05:17,二卖,否,安全,000895,双汇发展,26.92,安全,二卖,向上,无信号,客观缠论信号为二卖，60分钟笔方向向上（冲顶模式），因此实际交易动作是二卖（笔方向向上时优先卖点）,26.77,26.51,27.43,-0.0017,0.0080,否
2026-05-12 11:05:17,二卖,否,安全,002415,海康威视,34.99,安全,二卖+二买,向上,无信号,客观缠论信号为二卖、二买，60分钟笔方向向上（冲顶模式），因此实际交易动作是二卖（笔方向向上时优先卖点）,31.96,33.30,36.35,-0.2420,-0.1613,否
2026-05-12 11:05:17,观望,否,安全,hk03690,美团,85.05,安全,一卖+二卖,向下,无信号,客观缠论信号为一卖、二卖，60分钟笔方向向下，中枢震荡，观望,83.75,82.15,84.55,0.4026,0.2605,否
2026-05-12 11:05:17,二买,否,安全,hk03896,金山云,8.19,安全,二卖+二买,向下,无信号,客观缠论信号为二卖、二买，60分钟笔方向向下（寻底模式），因此实际交易动作是二买（笔方向向下时优先买点）,7.86,7.80,8.39,-0.0512,-0.0077,否
2026-05-12 11:05:17,观望,否,安全,hk00700,腾讯,464.40,日线破位,二卖,向下,底背驰,客观缠论信号为二卖，60分钟笔方向向下，中枢震荡，观望,494.60,486.20,474.40,-1.0362,-1.1786,否
2026-05-12 11:05:17,观望,否,安全,hk09988,阿里巴巴,134.90,安全,二买,向上,无信号,客观缠论信号为二买，60分钟笔方向向上，中枢震荡，观望,129.60,126.70,134.20,-0.4210,-0.6484,否
2026-05-12 11:05:17,二买,否,安全,hk01024,快手,53.70,安全,二卖+二买,向下,无信号,客观缠论信号为二卖、二买，60分钟笔方向向下（寻底模式），因此实际交易动作是二买（笔方向向下时优先买点）,56.95,44.22,52.65,0.7452,0.5667,否
2026-05-12 11:05:17,二卖,否,安全,hk06618,京东健康,45.40,日线破位,二卖+二买,向上,无信号,客观缠论信号为二卖、二买，60分钟笔方向向上（冲顶模式），因此实际交易动作是二卖（笔方向向上时优先卖点）,46.16,46.10,45.88,0.0691,0.1578,否
2026-05-12 11:05:17,二买,否,安全,hk06862,海底捞,15.05,日线破位,二买,向下,无信号,客观缠论信号为二买，60分钟笔方向向下（寻底模式），因此实际交易动作是二买（笔方向向下时优先买点）,15.27,15.31,15.21,0.1060,0.1363,否

2026-05-12 11:20:17,观望,是,安全,603317,天味食品,16.06,安全,无信号,向下,无信号,客观缠论信号为无信号，60分钟笔方向向下，中枢震荡，观望,12.56,12.98,17.28,0.0079,-0.0573,否
2026-05-12 11:20:17,观望,是,安全,600660,福耀玻璃,59.39,安全,无信号,向上,底背驰,客观缠论信号为无信号，60分钟笔方向向上，中枢震荡，观望,58.98,58.50,59.60,-0.0827,-0.0770,否
2026-05-12 11:20:17,观望,是,安全,600938,中国海油,36.14,安全,无信号,向下,顶背驰,客观缠论信号为无信号，60分钟笔方向向下，中枢震荡，观望,34.06,35.29,37.85,-0.0921,-0.0937,否
2026-05-12 11:20:17,观望,是,安全,600895,张江高科,37.67,安全,二买,向上,无信号,客观缠论信号为二买，60分钟笔方向向上，中枢震荡，观望,33.37,36.90,38.17,-0.0788,0.0188,否
2026-05-12 11:20:17,二买,是,安全,000429,粤高速A,12.95,安全,二买,向下,无信号,客观缠论信号为二买，60分钟笔方向向下（寻底模式），因此实际交易动作是二买（笔方向向下时优先买点）,12.71,12.58,13.12,0.0886,0.0830,否
2026-05-12 11:20:17,观望,是,安全,hk01810,小米集团,31.64,安全,二买,向上,无信号,客观缠论信号为二买，60分钟笔方向向上，中枢震荡，观望,32.78,30.26,31.92,0.0445,0.0614,否
2026-05-12 11:20:17,二买,是,安全,513130,恒生科技ETF,0.64,安全,二买,向下,无信号,客观缠论信号为二买，60分钟笔方向向下（寻底模式），因此实际交易动作是二买（笔方向向下时优先买点）,0.61,0.61,0.63,0.0011,0.0010,否
2026-05-12 11:20:17,观望,是,安全,515790,光伏ETF,1.13,安全,二买,向上,无信号,客观缠论信号为二买，60分钟笔方向向上，中枢震荡，观望,1.08,1.10,1.09,0.0054,0.0055,否
2026-05-12 11:20:17,观望,否,安全,sh000001,上证指数,4227.76,安全,二买,向上,无信号,客观缠论信号为二买，60分钟笔方向向上，中枢震荡，观望,4101.83,4079.77,4180.21,10.0921,11.0250,否
2026-05-12 11:20:17,观望,否,安全,510300,沪深300ETF,4.97,安全,二卖,向下,无信号,客观缠论信号为二卖，60分钟笔方向向下，中枢震荡，观望,4.68,4.75,4.91,0.0160,0.0171,否
2026-05-12 11:20:17,观望,否,安全,588000,科创50ETF,1.82,安全,无信号,向上,无信号,客观缠论信号为无信号，60分钟笔方向向上，中枢震荡，观望,1.55,1.55,1.77,0.0153,0.0148,否
2026-05-12 11:20:17,二买,否,安全,512400,有色金属ETF,2.20,安全,二卖+二买,向下,底背驰,客观缠论信号为二卖、二买，60分钟笔方向向下（寻底模式），因此实际交易动作是二买（笔方向向下时优先买点）,2.10,2.17,2.23,0.0014,0.0019,否
2026-05-12 11:20:17,二卖,否,安全,512690,酒ETF,0.47,日线破位,二卖,向上,无信号,客观缠论信号为二卖，60分钟笔方向向上（冲顶模式），因此实际交易动作是二卖（笔方向向上时优先卖点）,0.48,0.48,0.48,-0.0016,-0.0011,否
2026-05-12 11:20:17,观望,否,安全,159227,航空航天ETF,1.36,日线破位,二买,向上,无信号,客观缠论信号为二买，60分钟笔方向向上，中枢震荡，观望,1.43,1.41,1.37,-0.0011,0.0032,否
2026-05-12 11:20:17,观望,否,安全,159992,创新药ETF,0.84,安全,无信号,向上,无信号,客观缠论信号为无信号，60分钟笔方向向上，中枢震荡，观望,0.81,0.83,0.84,0.0021,0.0027,否
2026-05-12 11:20:17,观望,否,安全,515050,通信ETF,3.33,安全,二买,向上,无信号,客观缠论信号为二买，60分钟笔方向向上，中枢震荡，观望,2.30,2.33,3.09,0.0381,0.0399,否
2026-05-12 11:20:17,观望,否,安全,159915,创业板ETF,3.95,安全,二买,向上,顶背驰,客观缠论信号为二买，60分钟笔方向向上，中枢震荡，观望,3.25,3.27,3.82,0.0274,0.0288,否
2026-05-12 11:20:17,观望,否,安全,588200,科创芯片ETF,3.48,安全,一卖+二卖,向下,无信号,客观缠论信号为一卖、二卖，60分钟笔方向向下，中枢震荡，观望,2.41,2.65,3.34,0.0416,0.0388,否
2026-05-12 11:20:17,观望,否,安全,159755,电池ETF,1.21,安全,一卖+二卖,向下,无信号,客观缠论信号为一卖、二卖，60分钟笔方向向下，中枢震荡，观望,1.03,1.17,1.22,-0.0071,-0.0057,否
2026-05-12 11:20:17,观望,否,安全,159899,软件ETF,0.88,安全,二买,向上,无信号,客观缠论信号为二买，60分钟笔方向向上，中枢震荡，观望,0.87,0.89,0.87,-0.0018,-0.0004,否
2026-05-12 11:20:17,观望,否,安全,513360,教育ETF,0.50,安全,二买,向上,无信号,客观缠论信号为二买，60分钟笔方向向上，中枢震荡，观望,0.49,0.50,0.50,-0.0006,-0.0006,否
2026-05-12 11:20:17,二买,否,安全,601668,中国建筑,5.00,安全,二买,向下,无信号,客观缠论信号为二买，60分钟笔方向向下（寻底模式），因此实际交易动作是二买（笔方向向下时优先买点）,5.00,4.91,5.03,0.0216,0.0226,否
2026-05-12 11:20:17,观望,否,安全,601288,农业银行,6.80,安全,二卖,向下,无信号,客观缠论信号为二卖，60分钟笔方向向下，中枢震荡，观望,6.53,6.53,6.95,-0.0104,-0.0130,否
2026-05-12 11:20:17,二买,否,安全,601728,中国电信,6.17,安全,二买,向下,顶背驰,客观缠论信号为二买，60分钟笔方向向下（寻底模式），因此实际交易动作是二买（笔方向向下时优先买点）,6.24,5.91,6.00,0.0339,0.0350,否
2026-05-12 11:20:17,观望,否,安全,600276,恒瑞医药,53.46,安全,二卖,向下,顶背驰,客观缠论信号为二卖，60分钟笔方向向下，中枢震荡，观望,52.67,52.41,53.92,0.1614,0.1373,否
2026-05-12 11:20:17,二卖,否,安全,600177,雅戈尔,7.76,安全,二卖+二买,向上,无信号,客观缠论信号为二卖、二买，60分钟笔方向向上（冲顶模式），因此实际交易动作是二卖（笔方向向上时优先卖点）,7.66,7.50,7.82,-0.0003,0.0053,否
2026-05-12 11:20:17,二买,否,安全,600887,伊利股份,28.08,安全,二卖+二买,向下,顶背驰,客观缠论信号为二卖、二买，60分钟笔方向向下（寻底模式），因此实际交易动作是二买（笔方向向下时优先买点）,27.75,27.36,27.83,0.1053,0.1224,否
2026-05-12 11:20:17,二买,否,安全,601138,工业富联,63.93,安全,二卖+二买,向下,无信号,客观缠论信号为二卖、二买，60分钟笔方向向下（寻底模式），因此实际交易动作是二买（笔方向向下时优先买点）,62.70,63.20,64.59,0.0323,0.2275,否
2026-05-12 11:20:17,二卖,否,安全,688041,海光信息,351.85,安全,二卖+二买,向上,顶背驰,客观缠论信号为二卖、二买，60分钟笔方向向上（冲顶模式），因此实际交易动作是二卖（笔方向向上时优先卖点）,246.00,271.06,343.17,4.4438,4.0145,否
2026-05-12 11:20:17,二买,否,安全,688981,中芯国际,121.60,安全,二卖+二买,向下,无信号,客观缠论信号为二卖、二买，60分钟笔方向向下（寻底模式），因此实际交易动作是二买（笔方向向下时优先买点）,124.60,115.74,124.57,0.0035,0.0741,否
2026-05-12 11:20:17,观望,否,安全,601225,陕西煤业,23.80,安全,二卖,向下,无信号,客观缠论信号为二卖，60分钟笔方向向下，中枢震荡，观望,22.32,22.30,24.57,-0.0600,-0.0690,否
2026-05-12 11:20:17,观望,否,安全,600900,长江电力,27.04,安全,二卖,向下,无信号,客观缠论信号为二卖，60分钟笔方向向下，中枢震荡，观望,26.66,26.60,27.16,0.0127,0.0074,否
2026-05-12 11:20:17,观望,否,安全,300274,阳光电源,141.90,安全,二买,向上,无信号,客观缠论信号为二买，60分钟笔方向向上，中枢震荡，观望,136.10,142.08,142.38,0.0734,0.3960,否
2026-05-12 11:20:17,二卖,否,安全,002507,涪陵榨菜,12.32,安全,二卖,向上,无信号,客观缠论信号为二卖，60分钟笔方向向上（冲顶模式），因此实际交易动作是二卖（笔方向向上时优先卖点）,12.32,12.28,12.33,-0.0341,-0.0297,否
2026-05-12 11:20:17,二卖,否,安全,000338,潍柴动力,32.96,安全,二卖+二买,向上,无信号,客观缠论信号为二卖、二买，60分钟笔方向向上（冲顶模式），因此实际交易动作是二卖（笔方向向上时优先卖点）,25.92,23.75,33.85,-0.1852,-0.1612,否
2026-05-12 11:20:17,二卖,否,安全,000538,云南白药,52.53,日线破位,二卖,向上,顶背驰,客观缠论信号为二卖，60分钟笔方向向上（冲顶模式），因此实际交易动作是二卖（笔方向向上时优先卖点）,55.40,54.40,52.75,-0.0110,-0.0041,否
2026-05-12 11:20:17,二卖,否,安全,000858,五粮液,90.50,日线破位,二卖,向上,无信号,客观缠论信号为二卖，60分钟笔方向向上（冲顶模式），因此实际交易动作是二卖（笔方向向上时优先卖点）,101.59,101.08,91.95,-0.4107,-0.3245,否
2026-05-12 11:20:17,二卖,否,安全,000423,东阿阿胶,53.18,安全,二卖+二买,向上,顶背驰,客观缠论信号为二卖、二买，60分钟笔方向向上（冲顶模式），因此实际交易动作是二卖（笔方向向上时优先卖点）,53.51,52.11,54.10,-0.1066,-0.0211,否
2026-05-12 11:20:17,观望,否,安全,000333,美的集团,80.26,安全,二买,向上,无信号,客观缠论信号为二买，60分钟笔方向向上，中枢震荡，观望,79.17,78.91,80.89,-0.0905,-0.0132,否
2026-05-12 11:20:17,观望,否,安全,000001,平安银行,11.25,安全,无信号,向下,无信号,客观缠论信号为无信号，60分钟笔方向向下，中枢震荡，观望,11.30,11.03,11.39,-0.0101,-0.0129,否
2026-05-12 11:20:17,二买,否,安全,000651,格力电器,40.33,安全,二卖+二买,向下,无信号,客观缠论信号为二卖、二买，60分钟笔方向向下（寻底模式），因此实际交易动作是二买（笔方向向下时优先买点）,40.28,40.10,40.19,0.0674,0.1084,否
2026-05-12 11:20:17,二卖,否,安全,000895,双汇发展,26.90,安全,二卖,向上,无信号,客观缠论信号为二卖，60分钟笔方向向上（冲顶模式），因此实际交易动作是二卖（笔方向向上时优先卖点）,26.77,26.51,27.43,-0.0113,0.0042,否
2026-05-12 11:20:17,二卖,否,安全,002415,海康威视,34.95,安全,二卖+二买,向上,无信号,客观缠论信号为二卖、二买，60分钟笔方向向上（冲顶模式），因此实际交易动作是二卖（笔方向向上时优先卖点）,31.96,33.30,36.35,-0.2452,-0.1781,否
2026-05-12 11:20:17,观望,否,安全,hk03690,美团,84.80,安全,一卖+二卖,向下,无信号,客观缠论信号为一卖、二卖，60分钟笔方向向下，中枢震荡，观望,83.75,82.15,84.55,0.3354,0.3113,否
2026-05-12 11:20:17,二买,否,安全,hk03896,金山云,8.18,安全,二卖+二买,向下,无信号,客观缠论信号为二卖、二买，60分钟笔方向向下（寻底模式），因此实际交易动作是二买（笔方向向下时优先买点）,7.86,7.80,8.39,-0.0675,-0.0282,否
2026-05-12 11:20:17,观望,否,安全,hk00700,腾讯,464.40,日线破位,二卖,向下,底背驰,客观缠论信号为二卖，60分钟笔方向向下，中枢震荡，观望,494.60,486.20,474.40,-1.0362,-1.1786,否
2026-05-12 11:20:17,观望,否,安全,hk09988,阿里巴巴,134.90,安全,二买,向上,无信号,客观缠论信号为二买，60分钟笔方向向上，中枢震荡，观望,129.60,126.70,134.20,-0.4210,-0.6484,否
2026-05-12 11:20:17,二买,否,安全,hk01024,快手,53.70,安全,二卖+二买,向下,无信号,客观缠论信号为二卖、二买，60分钟笔方向向下（寻底模式），因此实际交易动作是二买（笔方向向下时优先买点）,56.95,44.22,52.65,0.7452,0.5667,否
2026-05-12 11:20:17,二卖,否,安全,hk06618,京东健康,45.40,日线破位,二卖+二买,向上,无信号,客观缠论信号为二卖、二买，60分钟笔方向向上（冲顶模式），因此实际交易动作是二卖（笔方向向上时优先卖点）,46.16,46.10,45.88,0.0691,0.1578,否
2026-05-12 11:20:17,二买,否,安全,hk06862,海底捞,15.06,日线破位,二买,向下,无信号,客观缠论信号为二买，60分钟笔方向向下（寻底模式），因此实际交易动作是二买（笔方向向下时优先买点）,15.27,15.31,15.21,0.0717,0.1156,否

2026-05-12 13:20:18,观望,是,安全,603317,天味食品,16.07,安全,无信号,向下,无信号,客观缠论信号为无信号，60分钟笔方向向下，中枢震荡，观望,12.56,12.98,17.28,0.0192,-0.0305,否
2026-05-12 13:20:18,二买,是,安全,600660,福耀玻璃,59.37,安全,二买,向下,无信号,客观缠论信号为二买，60分钟笔方向向下（寻底模式），因此实际交易动作是二买（笔方向向下时优先买点）,58.98,58.50,60.80,-0.0808,-0.0791,否
2026-05-12 13:20:18,观望,是,安全,600938,中国海油,36.19,安全,无信号,向下,无信号,客观缠论信号为无信号，60分钟笔方向向下，中枢震荡，观望,34.06,35.29,37.85,-0.0782,-0.0881,否
2026-05-12 13:20:18,观望,是,安全,600895,张江高科,37.46,安全,二买,向上,无信号,客观缠论信号为二买，60分钟笔方向向上，中枢震荡，观望,33.37,36.90,38.17,-0.1370,-0.0328,否
2026-05-12 13:20:18,二买,是,安全,000429,粤高速A,12.97,安全,二买,向下,无信号,客观缠论信号为二买，60分钟笔方向向下（寻底模式），因此实际交易动作是二买（笔方向向下时优先买点）,12.71,12.58,13.12,0.0842,0.0837,否
2026-05-12 13:20:18,观望,是,安全,hk01810,小米集团,31.50,安全,二买,向上,无信号,客观缠论信号为二买，60分钟笔方向向上，中枢震荡，观望,32.78,30.26,31.92,0.0196,0.0530,否
2026-05-12 13:20:18,观望,是,安全,513130,恒生科技ETF,0.64,安全,二买,向上,无信号,客观缠论信号为二买，60分钟笔方向向上，中枢震荡，观望,0.61,0.61,0.64,0.0004,0.0009,否
2026-05-12 13:20:18,二买,是,安全,515790,光伏ETF,1.12,安全,二买,向下,无信号,客观缠论信号为二买，60分钟笔方向向下（寻底模式），因此实际交易动作是二买（笔方向向下时优先买点）,1.08,1.10,1.09,0.0044,0.0051,否
2026-05-12 13:20:18,观望,否,安全,sh000001,上证指数,4208.01,安全,二买,向上,无信号,客观缠论信号为二买，60分钟笔方向向上，中枢震荡，观望,4101.83,4079.77,4180.21,7.5292,9.8573,否
2026-05-12 13:20:18,观望,否,安全,510300,沪深300ETF,4.96,安全,无信号,向上,无信号,客观缠论信号为无信号，60分钟笔方向向上，中枢震荡，观望,4.68,4.75,4.91,0.0122,0.0156,否
2026-05-12 13:20:18,二买,否,安全,588000,科创50ETF,1.80,安全,二买,向下,无信号,客观缠论信号为二买，60分钟笔方向向下（寻底模式），因此实际交易动作是二买（笔方向向下时优先买点）,1.55,1.55,1.77,0.0120,0.0140,否
2026-05-12 13:20:18,观望,否,安全,512400,有色金属ETF,2.19,安全,二买,向上,底背驰,客观缠论信号为二买，60分钟笔方向向上，中枢震荡，观望,2.10,2.17,2.23,-0.0001,0.0013,否
2026-05-12 13:20:18,二卖,否,安全,512690,酒ETF,0.47,日线破位,二卖,向上,无信号,客观缠论信号为二卖，60分钟笔方向向上（冲顶模式），因此实际交易动作是二卖（笔方向向上时优先卖点）,0.48,0.48,0.48,-0.0017,-0.0013,否
2026-05-12 13:20:18,观望,否,安全,159227,航空航天ETF,1.35,日线破位,二买,向上,无信号,客观缠论信号为二买，60分钟笔方向向上，中枢震荡，观望,1.43,1.41,1.37,-0.0034,0.0010,否
2026-05-12 13:20:18,观望,否,安全,159992,创新药ETF,0.85,安全,无信号,向上,无信号,客观缠论信号为无信号，60分钟笔方向向上，中枢震荡，观望,0.81,0.83,0.84,0.0024,0.0024,否
2026-05-12 13:20:18,观望,否,安全,515050,通信ETF,3.31,安全,二买,向上,无信号,客观缠论信号为二买，60分钟笔方向向上，中枢震荡，观望,2.30,2.33,3.01,0.0306,0.0371,否
2026-05-12 13:20:18,观望,否,安全,159915,创业板ETF,3.92,安全,二买,向上,顶背驰,客观缠论信号为二买，60分钟笔方向向上，中枢震荡，观望,3.25,3.27,3.82,0.0211,0.0265,否
2026-05-12 13:20:18,观望,否,安全,588200,科创芯片ETF,3.44,安全,一卖+二卖,向下,无信号,客观缠论信号为一卖、二卖，60分钟笔方向向下，中枢震荡，观望,2.41,2.65,3.34,0.0344,0.0378,否
2026-05-12 13:20:18,观望,否,安全,159755,电池ETF,1.20,安全,一卖+二卖,向下,无信号,客观缠论信号为一卖、二卖，60分钟笔方向向下，中枢震荡，观望,1.03,1.17,1.22,-0.0081,-0.0065,否
2026-05-12 13:20:18,观望,否,安全,159899,软件ETF,0.87,日线破位,二买,向上,无信号,客观缠论信号为二买，60分钟笔方向向上，中枢震荡，观望,0.87,0.89,0.87,-0.0030,-0.0012,否
2026-05-12 13:20:18,观望,否,安全,513360,教育ETF,0.50,安全,二买,向上,无信号,客观缠论信号为二买，60分钟笔方向向上，中枢震荡，观望,0.49,0.50,0.50,-0.0006,-0.0006,否
2026-05-12 13:20:18,二买,否,安全,601668,中国建筑,5.00,安全,二买,向下,无信号,客观缠论信号为二买，60分钟笔方向向下（寻底模式），因此实际交易动作是二买（笔方向向下时优先买点）,5.00,4.91,5.03,0.0186,0.0215,否
2026-05-12 13:20:18,二卖,否,安全,601288,农业银行,6.80,安全,二卖,向上,无信号,客观缠论信号为二卖，60分钟笔方向向上（冲顶模式），因此实际交易动作是二卖（笔方向向上时优先卖点）,6.53,6.53,6.85,-0.0084,-0.0114,否
2026-05-12 13:20:18,二买,否,安全,601728,中国电信,6.14,安全,二买,向下,顶背驰,客观缠论信号为二买，60分钟笔方向向下（寻底模式），因此实际交易动作是二买（笔方向向下时优先买点）,6.24,5.91,6.00,0.0288,0.0333,否
2026-05-12 13:20:18,一卖,否,安全,600276,恒瑞医药,57.66,安全,一卖,向上,无信号,客观缠论信号为一卖，60分钟笔方向向上（冲顶模式），因此实际交易动作是一卖（趋势顶背驰卖出）,52.67,52.41,53.92,0.4577,0.2014,否
2026-05-12 13:20:18,二卖,否,安全,600177,雅戈尔,7.74,安全,二卖+二买,向上,无信号,客观缠论信号为二卖、二买，60分钟笔方向向上（冲顶模式），因此实际交易动作是二卖（笔方向向上时优先卖点）,7.66,7.50,7.88,-0.0071,0.0015,否
2026-05-12 13:20:18,观望,否,安全,600887,伊利股份,28.03,安全,二买,向上,顶背驰,客观缠论信号为二买，60分钟笔方向向上，中枢震荡，观望,27.75,27.36,27.83,0.0884,0.1122,否
2026-05-12 13:20:18,观望,否,安全,601138,工业富联,63.67,安全,二买,向上,无信号,客观缠论信号为二买，60分钟笔方向向上，中枢震荡，观望,62.70,63.20,64.59,-0.0929,0.1205,否
2026-05-12 13:20:18,二卖,否,安全,688041,海光信息,345.56,安全,二卖+二买,向上,顶背驰,客观缠论信号为二卖、二买，60分钟笔方向向上（冲顶模式），因此实际交易动作是二卖（笔方向向上时优先卖点）,246.00,271.06,343.17,3.5374,3.9181,否
2026-05-12 13:20:18,观望,否,安全,688981,中芯国际,120.27,安全,二买,向上,无信号,客观缠论信号为二买，60分钟笔方向向上，中枢震荡，观望,124.60,115.74,124.57,-0.3172,-0.0449,否
2026-05-12 13:20:18,二卖,否,安全,601225,陕西煤业,23.94,安全,二卖,向上,无信号,客观缠论信号为二卖，60分钟笔方向向上（冲顶模式），因此实际交易动作是二卖（笔方向向上时优先卖点）,22.32,22.30,24.11,-0.0380,-0.0595,否
2026-05-12 13:20:18,观望,否,安全,600900,长江电力,27.07,安全,二卖,向下,无信号,客观缠论信号为二卖，60分钟笔方向向下，中枢震荡，观望,26.66,26.60,27.10,0.0154,0.0105,否
2026-05-12 13:20:18,观望,否,安全,300274,阳光电源,141.40,安全,二买,向上,无信号,客观缠论信号为二买，60分钟笔方向向上，中枢震荡，观望,136.10,142.08,142.38,-0.1570,0.2114,否
2026-05-12 13:20:18,二卖,否,安全,002507,涪陵榨菜,12.32,安全,二卖,向上,无信号,客观缠论信号为二卖，60分钟笔方向向上（冲顶模式），因此实际交易动作是二卖（笔方向向上时优先卖点）,12.32,12.28,12.33,-0.0342,-0.0314,否
2026-05-12 13:20:18,二卖,否,安全,000338,潍柴动力,32.73,安全,二卖+二买,向上,无信号,客观缠论信号为二卖、二买，60分钟笔方向向上（冲顶模式），因此实际交易动作是二卖（笔方向向上时优先卖点）,25.92,23.75,33.85,-0.1919,-0.1715,否
2026-05-12 13:20:18,二卖,否,安全,000538,云南白药,52.59,日线破位,二卖,向上,顶背驰,客观缠论信号为二卖，60分钟笔方向向上（冲顶模式），因此实际交易动作是二卖（笔方向向上时优先卖点）,55.40,54.40,52.89,-0.0153,-0.0084,否
2026-05-12 13:20:18,二卖,否,安全,000858,五粮液,90.73,日线破位,二卖,向上,无信号,客观缠论信号为二卖，60分钟笔方向向上（冲顶模式），因此实际交易动作是二卖（笔方向向上时优先卖点）,101.59,101.08,91.95,-0.3931,-0.3509,否
2026-05-12 13:20:18,二卖,否,安全,000423,东阿阿胶,53.12,安全,二卖+二买,向上,无信号,客观缠论信号为二卖、二买，60分钟笔方向向上（冲顶模式），因此实际交易动作是二卖（笔方向向上时优先卖点）,53.51,52.11,54.10,-0.1580,-0.0670,否
2026-05-12 13:20:18,观望,否,安全,000333,美的集团,80.36,安全,二买,向上,无信号,客观缠论信号为二买，60分钟笔方向向上，中枢震荡，观望,79.17,78.91,80.89,-0.1154,-0.0488,否
2026-05-12 13:20:18,二卖,否,安全,000001,平安银行,11.23,安全,二卖,向上,无信号,客观缠论信号为二卖，60分钟笔方向向上（冲顶模式），因此实际交易动作是二卖（笔方向向上时优先卖点）,11.30,11.03,11.36,-0.0103,-0.0117,否
2026-05-12 13:20:18,观望,否,安全,000651,格力电器,40.35,安全,二买,向上,无信号,客观缠论信号为二买，60分钟笔方向向上，中枢震荡，观望,40.28,40.10,40.19,0.0400,0.0857,否
2026-05-12 13:20:18,二卖,否,安全,000895,双汇发展,26.83,安全,二卖,向上,无信号,客观缠论信号为二卖，60分钟笔方向向上（冲顶模式），因此实际交易动作是二卖（笔方向向上时优先卖点）,26.77,26.51,27.43,-0.0243,-0.0041,否
2026-05-12 13:20:18,二卖,否,安全,002415,海康威视,34.82,安全,二卖+二买,向上,无信号,客观缠论信号为二卖、二买，60分钟笔方向向上（冲顶模式），因此实际交易动作是二卖（笔方向向上时优先卖点）,31.96,33.30,36.35,-0.2584,-0.2061,否
2026-05-12 13:20:18,观望,否,安全,hk03690,美团,84.75,安全,一卖+二卖,向下,无信号,客观缠论信号为一卖、二卖，60分钟笔方向向下，中枢震荡，观望,83.75,82.15,84.55,0.3213,0.3133,否
2026-05-12 13:20:18,二买,否,安全,hk03896,金山云,8.12,安全,二卖+二买,向下,无信号,客观缠论信号为二卖、二买，60分钟笔方向向下（寻底模式），因此实际交易动作是二买（笔方向向下时优先买点）,7.86,7.80,8.39,-0.0765,-0.0379,否
2026-05-12 13:20:18,观望,否,安全,hk00700,腾讯,463.20,日线破位,二卖,向下,无信号,客观缠论信号为二卖，60分钟笔方向向下，中枢震荡，观望,494.60,486.20,474.40,-1.0673,-1.1360,否
2026-05-12 13:20:18,观望,否,安全,hk09988,阿里巴巴,134.40,安全,二买,向上,无信号,客观缠论信号为二买，60分钟笔方向向上，中枢震荡，观望,129.60,126.70,134.20,-0.2667,-0.4662,否
2026-05-12 13:20:18,二买,否,安全,hk01024,快手,53.60,安全,二卖+二买,向下,无信号,客观缠论信号为二卖、二买，60分钟笔方向向下（寻底模式），因此实际交易动作是二买（笔方向向下时优先买点）,56.95,44.22,52.65,0.7572,0.6981,否
2026-05-12 13:20:18,二卖,否,安全,hk06618,京东健康,45.40,日线破位,二卖+二买,向上,无信号,客观缠论信号为二卖、二买，60分钟笔方向向上（冲顶模式），因此实际交易动作是二卖（笔方向向上时优先卖点）,46.16,46.10,45.88,0.0691,0.1578,否
2026-05-12 13:20:18,二买,否,安全,hk06862,海底捞,15.02,日线破位,二买,向下,无信号,客观缠论信号为二买，60分钟笔方向向下（寻底模式），因此实际交易动作是二买（笔方向向下时优先买点）,15.27,15.31,15.21,0.0551,0.1035,否

2026-05-12 13:35:17,观望,是,安全,603317,天味食品,16.02,安全,无信号,向下,无信号,客观缠论信号为无信号，60分钟笔方向向下，中枢震荡，观望,12.56,12.98,17.28,0.0184,-0.0207,否
2026-05-12 13:35:17,二买,是,安全,600660,福耀玻璃,59.27,安全,二买,向下,无信号,客观缠论信号为二买，60分钟笔方向向下（寻底模式），因此实际交易动作是二买（笔方向向下时优先买点）,58.98,58.50,60.80,-0.0847,-0.0802,否
2026-05-12 13:35:17,观望,是,安全,600938,中国海油,36.14,安全,无信号,向下,无信号,客观缠论信号为无信号，60分钟笔方向向下，中枢震荡，观望,34.06,35.29,37.85,-0.0814,-0.0867,否
2026-05-12 13:35:17,观望,是,安全,600895,张江高科,37.60,安全,二买,向上,无信号,客观缠论信号为二买，60分钟笔方向向上，中枢震荡，观望,33.37,36.90,38.17,-0.1458,-0.0554,否
2026-05-12 13:35:17,二买,是,安全,000429,粤高速A,12.95,安全,二买,向下,无信号,客观缠论信号为二买，60分钟笔方向向下（寻底模式），因此实际交易动作是二买（笔方向向下时优先买点）,12.71,12.58,13.12,0.0801,0.0830,否
2026-05-12 13:35:17,观望,是,安全,hk01810,小米集团,31.50,安全,二买,向上,无信号,客观缠论信号为二买，60分钟笔方向向上，中枢震荡，观望,32.78,30.26,31.92,0.0196,0.0530,否
2026-05-12 13:35:17,观望,是,安全,513130,恒生科技ETF,0.64,安全,二买,向上,无信号,客观缠论信号为二买，60分钟笔方向向上，中枢震荡，观望,0.61,0.61,0.64,0.0001,0.0007,否
2026-05-12 13:35:17,二买,是,安全,515790,光伏ETF,1.13,安全,二买,向下,无信号,客观缠论信号为二买，60分钟笔方向向下（寻底模式），因此实际交易动作是二买（笔方向向下时优先买点）,1.08,1.10,1.09,0.0043,0.0050,否
2026-05-12 13:35:17,观望,否,安全,sh000001,上证指数,4208.01,安全,二买,向上,无信号,客观缠论信号为二买，60分钟笔方向向上，中枢震荡，观望,4101.83,4079.77,4180.21,7.5292,9.8573,否
2026-05-12 13:35:17,观望,否,安全,510300,沪深300ETF,4.97,安全,无信号,向上,无信号,客观缠论信号为无信号，60分钟笔方向向上，中枢震荡，观望,4.68,4.75,4.91,0.0117,0.0148,否
2026-05-12 13:35:17,二买,否,安全,588000,科创50ETF,1.82,安全,二买,向下,无信号,客观缠论信号为二买，60分钟笔方向向下（寻底模式），因此实际交易动作是二买（笔方向向下时优先买点）,1.55,1.55,1.77,0.0118,0.0136,否
2026-05-12 13:35:17,观望,否,安全,512400,有色金属ETF,2.20,安全,二买,向上,底背驰,客观缠论信号为二买，60分钟笔方向向上，中枢震荡，观望,2.10,2.17,2.23,-0.0002,0.0010,否
2026-05-12 13:35:17,二卖,否,安全,512690,酒ETF,0.47,日线破位,二卖,向上,无信号,客观缠论信号为二卖，60分钟笔方向向上（冲顶模式），因此实际交易动作是二卖（笔方向向上时优先卖点）,0.48,0.48,0.48,-0.0017,-0.0014,否
2026-05-12 13:35:17,观望,否,安全,159227,航空航天ETF,1.35,日线破位,二买,向上,无信号,客观缠论信号为二买，60分钟笔方向向上，中枢震荡，观望,1.43,1.41,1.37,-0.0039,0.0000,否
2026-05-12 13:35:17,观望,否,安全,159992,创新药ETF,0.85,安全,无信号,向上,无信号,客观缠论信号为无信号，60分钟笔方向向上，中枢震荡，观望,0.81,0.83,0.84,0.0028,0.0025,否
2026-05-12 13:35:17,观望,否,安全,515050,通信ETF,3.34,安全,二买,向上,无信号,客观缠论信号为二买，60分钟笔方向向上，中枢震荡，观望,2.30,2.33,3.01,0.0304,0.0357,否
2026-05-12 13:35:17,观望,否,安全,159915,创业板ETF,3.95,安全,二买,向上,无信号,客观缠论信号为二买，60分钟笔方向向上，中枢震荡，观望,3.25,3.27,3.82,0.0207,0.0253,否
2026-05-12 13:35:17,观望,否,安全,588200,科创芯片ETF,3.47,安全,一卖+二卖,向下,无信号,客观缠论信号为一卖、二卖，60分钟笔方向向下，中枢震荡，观望,2.41,2.65,3.34,0.0335,0.0369,否
2026-05-12 13:35:17,观望,否,安全,159755,电池ETF,1.20,安全,一卖+二卖,向下,无信号,客观缠论信号为一卖、二卖，60分钟笔方向向下，中枢震荡，观望,1.03,1.17,1.22,-0.0081,-0.0068,否
2026-05-12 13:35:17,观望,否,安全,159899,软件ETF,0.87,安全,二买,向上,无信号,客观缠论信号为二买，60分钟笔方向向上，中枢震荡，观望,0.87,0.89,0.87,-0.0031,-0.0016,否
2026-05-12 13:35:17,观望,否,安全,513360,教育ETF,0.50,安全,二买,向上,无信号,客观缠论信号为二买，60分钟笔方向向上，中枢震荡，观望,0.49,0.50,0.50,-0.0006,-0.0006,否
2026-05-12 13:35:17,二买,否,安全,601668,中国建筑,5.00,安全,二买,向下,无信号,客观缠论信号为二买，60分钟笔方向向下（寻底模式），因此实际交易动作是二买（笔方向向下时优先买点）,5.00,4.91,5.03,0.0169,0.0205,否
2026-05-12 13:35:17,二卖,否,安全,601288,农业银行,6.81,安全,二卖,向上,无信号,客观缠论信号为二卖，60分钟笔方向向上（冲顶模式），因此实际交易动作是二卖（笔方向向上时优先卖点）,6.53,6.53,6.85,-0.0075,-0.0106,否
2026-05-12 13:35:17,二买,否,安全,601728,中国电信,6.16,安全,二买,向下,顶背驰,客观缠论信号为二买，60分钟笔方向向下（寻底模式），因此实际交易动作是二买（笔方向向下时优先买点）,6.24,5.91,6.00,0.0274,0.0321,否
2026-05-12 13:35:17,一卖,否,安全,600276,恒瑞医药,57.20,安全,一卖,向上,无信号,客观缠论信号为一卖，60分钟笔方向向上（冲顶模式），因此实际交易动作是一卖（趋势顶背驰卖出）,52.67,52.41,53.92,0.6667,0.2945,否
2026-05-12 13:35:17,二卖,否,安全,600177,雅戈尔,7.76,安全,二卖+二买,向上,无信号,客观缠论信号为二卖、二买，60分钟笔方向向上（冲顶模式），因此实际交易动作是二卖（笔方向向上时优先卖点）,7.66,7.50,7.88,-0.0088,-0.0005,否
2026-05-12 13:35:17,观望,否,安全,600887,伊利股份,27.95,安全,二买,向上,顶背驰,客观缠论信号为二买，60分钟笔方向向上，中枢震荡，观望,27.75,27.36,27.83,0.0712,0.1040,否
2026-05-12 13:35:17,观望,否,安全,601138,工业富联,64.57,安全,二买,向上,无信号,客观缠论信号为二买，60分钟笔方向向上，中枢震荡，观望,62.70,63.20,64.59,-0.0609,0.0842,否
2026-05-12 13:35:17,二卖,否,安全,688041,海光信息,349.44,安全,二卖+二买,向上,无信号,客观缠论信号为二卖、二买，60分钟笔方向向上（冲顶模式），因此实际交易动作是二卖（笔方向向上时优先卖点）,246.00,271.06,343.17,3.4378,3.8220,否
2026-05-12 13:35:17,观望,否,安全,688981,中芯国际,121.57,安全,二买,向上,无信号,客观缠论信号为二买，60分钟笔方向向上，中枢震荡，观望,124.60,115.74,124.57,-0.3169,-0.0993,否
2026-05-12 13:35:17,二卖,否,安全,601225,陕西煤业,23.83,安全,二卖,向上,顶背驰,客观缠论信号为二卖，60分钟笔方向向上（冲顶模式），因此实际交易动作是二卖（笔方向向上时优先卖点）,22.32,22.30,24.11,-0.0377,-0.0552,否
2026-05-12 13:35:17,观望,否,安全,600900,长江电力,27.04,安全,二卖,向下,无信号,客观缠论信号为二卖，60分钟笔方向向下，中枢震荡，观望,26.66,26.60,27.10,0.0116,0.0108,否
2026-05-12 13:35:17,观望,否,安全,300274,阳光电源,141.88,安全,二买,向上,无信号,客观缠论信号为二买，60分钟笔方向向上，中枢震荡，观望,136.10,142.08,142.38,-0.1874,0.1316,否
2026-05-12 13:35:17,二卖,否,安全,002507,涪陵榨菜,12.33,安全,二卖,向上,无信号,客观缠论信号为二卖，60分钟笔方向向上（冲顶模式），因此实际交易动作是二卖（笔方向向上时优先卖点）,12.32,12.28,12.33,-0.0328,-0.0317,否
2026-05-12 13:35:17,二卖,否,安全,000338,潍柴动力,32.76,安全,二卖+二买,向上,无信号,客观缠论信号为二卖、二买，60分钟笔方向向上（冲顶模式），因此实际交易动作是二卖（笔方向向上时优先卖点）,25.92,23.75,33.85,-0.1912,-0.1754,否
2026-05-12 13:35:17,二卖,否,安全,000538,云南白药,52.54,日线破位,二卖,向上,无信号,客观缠论信号为二卖，60分钟笔方向向上（冲顶模式），因此实际交易动作是二卖（笔方向向上时优先卖点）,55.40,54.40,52.89,-0.0181,-0.0103,否
2026-05-12 13:35:17,二卖,否,安全,000858,五粮液,90.77,日线破位,二卖,向上,无信号,客观缠论信号为二卖，60分钟笔方向向上（冲顶模式），因此实际交易动作是二卖（笔方向向上时优先卖点）,101.59,101.08,91.95,-0.3771,-0.3561,否
2026-05-12 13:35:17,二卖,否,安全,000423,东阿阿胶,53.09,安全,二卖+二买,向上,无信号,客观缠论信号为二卖、二买，60分钟笔方向向上（冲顶模式），因此实际交易动作是二卖（笔方向向上时优先卖点）,53.51,52.11,54.10,-0.1753,-0.0886,否
2026-05-12 13:35:17,观望,否,安全,000333,美的集团,80.24,安全,二买,向上,无信号,客观缠论信号为二买，60分钟笔方向向上，中枢震荡，观望,79.17,78.91,80.89,-0.1295,-0.0649,否
2026-05-12 13:35:17,二卖,否,安全,000001,平安银行,11.22,安全,二卖,向上,无信号,客观缠论信号为二卖，60分钟笔方向向上（冲顶模式），因此实际交易动作是二卖（笔方向向上时优先卖点）,11.30,11.03,11.36,-0.0125,-0.0119,否
2026-05-12 13:35:17,观望,否,安全,000651,格力电器,40.33,安全,二买,向上,无信号,客观缠论信号为二买，60分钟笔方向向上，中枢震荡，观望,40.28,40.10,40.19,0.0287,0.0743,否
2026-05-12 13:35:17,二卖,否,安全,000895,双汇发展,26.77,安全,二卖,向上,无信号,客观缠论信号为二卖，60分钟笔方向向上（冲顶模式），因此实际交易动作是二卖（笔方向向上时优先卖点）,26.77,26.51,27.43,-0.0389,-0.0110,否
2026-05-12 13:35:17,二卖,否,安全,002415,海康威视,34.94,安全,二卖+二买,向上,无信号,客观缠论信号为二卖、二买，60分钟笔方向向上（冲顶模式），因此实际交易动作是二卖（笔方向向上时优先卖点）,31.96,33.30,36.35,-0.2503,-0.2150,否
2026-05-12 13:35:17,观望,否,安全,hk03690,美团,84.75,安全,一卖+二卖,向下,无信号,客观缠论信号为一卖、二卖，60分钟笔方向向下，中枢震荡，观望,83.75,82.15,84.55,0.3213,0.3133,否
2026-05-12 13:35:17,二买,否,安全,hk03896,金山云,8.12,安全,二卖+二买,向下,无信号,客观缠论信号为二卖、二买，60分钟笔方向向下（寻底模式），因此实际交易动作是二买（笔方向向下时优先买点）,7.86,7.80,8.39,-0.0925,-0.0687,否
2026-05-12 13:35:17,观望,否,安全,hk00700,腾讯,461.40,日线破位,二卖,向下,无信号,客观缠论信号为二卖，60分钟笔方向向下，中枢震荡，观望,494.60,486.20,474.40,-1.3113,-1.1859,否
2026-05-12 13:35:17,观望,否,安全,hk09988,阿里巴巴,134.40,安全,二买,向上,无信号,客观缠论信号为二买，60分钟笔方向向上，中枢震荡，观望,129.60,126.70,134.20,-0.2667,-0.4662,否
2026-05-12 13:35:17,二买,否,安全,hk01024,快手,53.60,安全,二卖+二买,向下,无信号,客观缠论信号为二卖、二买，60分钟笔方向向下（寻底模式），因此实际交易动作是二买（笔方向向下时优先买点）,56.95,44.22,52.65,0.7572,0.6981,否
2026-05-12 13:35:17,二卖,否,安全,hk06618,京东健康,45.40,日线破位,二卖+二买,向上,无信号,客观缠论信号为二卖、二买，60分钟笔方向向上（冲顶模式），因此实际交易动作是二卖（笔方向向上时优先卖点）,46.16,46.10,45.88,0.0691,0.1578,否
2026-05-12 13:35:17,二买,否,安全,hk06862,海底捞,15.11,日线破位,二买,向下,无信号,客观缠论信号为二买，60分钟笔方向向下（寻底模式），因此实际交易动作是二买（笔方向向下时优先买点）,15.27,15.31,15.21,0.0292,0.0626,否

2026-05-12 13:50:17,观望,是,安全,603317,天味食品,16.04,安全,无信号,向下,无信号,客观缠论信号为无信号，60分钟笔方向向下，中枢震荡，观望,12.56,12.98,17.28,0.0192,-0.0127,否
2026-05-12 13:50:17,二买,是,安全,600660,福耀玻璃,59.27,安全,二买,向下,无信号,客观缠论信号为二买，60分钟笔方向向下（寻底模式），因此实际交易动作是二买（笔方向向下时优先买点）,58.98,58.50,60.80,-0.0868,-0.0815,否
2026-05-12 13:50:17,观望,是,安全,600938,中国海油,36.20,安全,无信号,向下,无信号,客观缠论信号为无信号，60分钟笔方向向下，中枢震荡，观望,34.06,35.29,37.85,-0.0781,-0.0850,否
2026-05-12 13:50:17,观望,是,安全,600895,张江高科,37.45,安全,二买,向上,无信号,客观缠论信号为二买，60分钟笔方向向上，中枢震荡，观望,33.37,36.90,38.17,-0.1631,-0.0770,否
2026-05-12 13:50:17,二买,是,安全,000429,粤高速A,13.01,安全,二买,向下,无信号,客观缠论信号为二买，60分钟笔方向向下（寻底模式），因此实际交易动作是二买（笔方向向下时优先买点）,12.71,12.58,13.12,0.0808,0.0826,否
2026-05-12 13:50:17,观望,是,安全,hk01810,小米集团,31.50,安全,二买,向上,无信号,客观缠论信号为二买，60分钟笔方向向上，中枢震荡，观望,32.78,30.26,31.92,0.0196,0.0530,否
2026-05-12 13:50:17,观望,是,安全,513130,恒生科技ETF,0.63,安全,二买,向上,无信号,客观缠论信号为二买，60分钟笔方向向上，中枢震荡，观望,0.61,0.61,0.64,-0.0002,0.0005,否
2026-05-12 13:50:17,二买,是,安全,515790,光伏ETF,1.12,安全,二买,向下,无信号,客观缠论信号为二买，60分钟笔方向向下（寻底模式），因此实际交易动作是二买（笔方向向下时优先买点）,1.08,1.10,1.09,0.0036,0.0047,否
2026-05-12 13:50:17,观望,否,安全,sh000001,上证指数,4208.01,安全,二买,向上,无信号,客观缠论信号为二买，60分钟笔方向向上，中枢震荡，观望,4101.83,4079.77,4180.21,7.5292,9.8573,否
2026-05-12 13:50:17,观望,否,安全,510300,沪深300ETF,4.96,安全,无信号,向上,无信号,客观缠论信号为无信号，60分钟笔方向向上，中枢震荡，观望,4.68,4.75,4.91,0.0103,0.0139,否
2026-05-12 13:50:17,二买,否,安全,588000,科创50ETF,1.81,安全,二买,向下,无信号,客观缠论信号为二买，60分钟笔方向向下（寻底模式），因此实际交易动作是二买（笔方向向下时优先买点）,1.55,1.55,1.77,0.0106,0.0130,否
2026-05-12 13:50:17,观望,否,安全,512400,有色金属ETF,2.19,安全,二买,向上,底背驰,客观缠论信号为二买，60分钟笔方向向上，中枢震荡，观望,2.10,2.17,2.23,-0.0009,0.0006,否
2026-05-12 13:50:17,二卖,否,安全,512690,酒ETF,0.47,日线破位,二卖,向上,无信号,客观缠论信号为二卖，60分钟笔方向向上（冲顶模式），因此实际交易动作是二卖（笔方向向上时优先卖点）,0.48,0.48,0.48,-0.0018,-0.0015,否
2026-05-12 13:50:17,观望,否,安全,159227,航空航天ETF,1.37,日线破位,二买,向上,无信号,客观缠论信号为二买，60分钟笔方向向上，中枢震荡，观望,1.43,1.41,1.37,-0.0034,-0.0007,否
2026-05-12 13:50:17,观望,否,安全,159992,创新药ETF,0.84,安全,无信号,向上,顶背驰,客观缠论信号为无信号，60分钟笔方向向上，中枢震荡，观望,0.81,0.83,0.84,0.0027,0.0025,否
2026-05-12 13:50:17,观望,否,安全,515050,通信ETF,3.32,安全,二买,向上,无信号,客观缠论信号为二买，60分钟笔方向向上，中枢震荡，观望,2.30,2.33,3.01,0.0283,0.0342,否
2026-05-12 13:50:17,观望,否,安全,159915,创业板ETF,3.93,安全,二买,向上,无信号,客观缠论信号为二买，60分钟笔方向向上，中枢震荡，观望,3.25,3.27,3.82,0.0186,0.0240,否
2026-05-12 13:50:17,观望,否,安全,588200,科创芯片ETF,3.44,安全,一卖+二卖,向下,无信号,客观缠论信号为一卖、二卖，60分钟笔方向向下，中枢震荡，观望,2.41,2.65,3.34,0.0306,0.0357,否
2026-05-12 13:50:17,观望,否,安全,159755,电池ETF,1.20,安全,一卖+二卖,向下,无信号,客观缠论信号为一卖、二卖，60分钟笔方向向下，中枢震荡，观望,1.03,1.17,1.22,-0.0084,-0.0071,否
2026-05-12 13:50:17,观望,否,安全,159899,软件ETF,0.87,日线破位,二买,向上,无信号,客观缠论信号为二买，60分钟笔方向向上，中枢震荡，观望,0.87,0.89,0.87,-0.0035,-0.0020,否
2026-05-12 13:50:17,观望,否,安全,513360,教育ETF,0.50,安全,二买,向上,无信号,客观缠论信号为二买，60分钟笔方向向上，中枢震荡，观望,0.49,0.50,0.50,-0.0007,-0.0006,否
2026-05-12 13:50:17,二买,否,安全,601668,中国建筑,4.99,安全,二买,向下,无信号,客观缠论信号为二买，60分钟笔方向向下（寻底模式），因此实际交易动作是二买（笔方向向下时优先买点）,5.00,4.91,5.03,0.0146,0.0194,否
2026-05-12 13:50:17,二卖,否,安全,601288,农业银行,6.80,安全,二卖,向上,无信号,客观缠论信号为二卖，60分钟笔方向向上（冲顶模式），因此实际交易动作是二卖（笔方向向上时优先卖点）,6.53,6.53,6.85,-0.0075,-0.0100,否
2026-05-12 13:50:17,二买,否,安全,601728,中国电信,6.14,安全,二买,向下,顶背驰,客观缠论信号为二买，60分钟笔方向向下（寻底模式），因此实际交易动作是二买（笔方向向下时优先买点）,6.24,5.91,6.00,0.0244,0.0306,否
2026-05-12 13:50:17,一卖,否,安全,600276,恒瑞医药,56.28,安全,一卖,向上,无信号,客观缠论信号为一卖，60分钟笔方向向上（冲顶模式），因此实际交易动作是一卖（趋势顶背驰卖出）,52.67,52.41,53.92,0.7495,0.3855,否
2026-05-12 13:50:17,二卖,否,安全,600177,雅戈尔,7.75,安全,二卖+二买,向上,无信号,客观缠论信号为二卖、二买，60分钟笔方向向上（冲顶模式），因此实际交易动作是二卖（笔方向向上时优先卖点）,7.66,7.50,7.88,-0.0108,-0.0026,否
2026-05-12 13:50:17,观望,否,安全,600887,伊利股份,27.91,安全,二买,向上,顶背驰,客观缠论信号为二买，60分钟笔方向向上，中枢震荡，观望,27.75,27.36,27.83,0.0537,0.0939,否
2026-05-12 13:50:17,观望,否,安全,601138,工业富联,64.23,安全,二买,向上,无信号,客观缠论信号为二买，60分钟笔方向向上，中枢震荡，观望,62.70,63.20,64.59,-0.0622,0.0549,否
2026-05-12 13:50:17,二卖,否,安全,688041,海光信息,348.01,安全,二卖+二买,向上,无信号,客观缠论信号为二卖、二买，60分钟笔方向向上（冲顶模式），因此实际交易动作是二卖（笔方向向上时优先卖点）,246.00,271.06,343.17,3.2065,3.6989,否
2026-05-12 13:50:17,观望,否,安全,688981,中芯国际,121.06,安全,二买,向上,无信号,客观缠论信号为二买，60分钟笔方向向上，中枢震荡，观望,124.60,115.74,124.57,-0.3538,-0.1502,否
2026-05-12 13:50:17,二卖,否,安全,601225,陕西煤业,23.83,安全,二卖,向上,顶背驰,客观缠论信号为二卖，60分钟笔方向向上（冲顶模式），因此实际交易动作是二卖（笔方向向上时优先卖点）,22.32,22.30,24.11,-0.0372,-0.0516,否
2026-05-12 13:50:17,观望,否,安全,600900,长江电力,27.06,安全,二卖,向下,无信号,客观缠论信号为二卖，60分钟笔方向向下，中枢震荡，观望,26.66,26.60,27.10,0.0101,0.0106,否
2026-05-12 13:50:17,观望,否,安全,300274,阳光电源,140.79,安全,二买,向上,无信号,客观缠论信号为二买，60分钟笔方向向上，中枢震荡，观望,136.10,142.08,142.38,-0.2961,0.0461,否
2026-05-12 13:50:17,二卖,否,安全,002507,涪陵榨菜,12.33,安全,二卖,向上,无信号,客观缠论信号为二卖，60分钟笔方向向上（冲顶模式），因此实际交易动作是二卖（笔方向向上时优先卖点）,12.32,12.28,12.33,-0.0314,-0.0316,否
2026-05-12 13:50:17,二卖,否,安全,000338,潍柴动力,32.46,安全,二卖+二买,向上,无信号,客观缠论信号为二卖、二买，60分钟笔方向向上（冲顶模式），因此实际交易动作是二卖（笔方向向上时优先卖点）,25.92,23.75,33.85,-0.2123,-0.1828,否
2026-05-12 13:50:17,二卖,否,安全,000538,云南白药,52.52,日线破位,二卖,向上,无信号,客观缠论信号为二卖，60分钟笔方向向上（冲顶模式），因此实际交易动作是二卖（笔方向向上时优先卖点）,55.40,54.40,52.89,-0.0217,-0.0126,否
2026-05-12 13:50:17,二卖,否,安全,000858,五粮液,90.56,日线破位,二卖,向上,无信号,客观缠论信号为二卖，60分钟笔方向向上（冲顶模式），因此实际交易动作是二卖（笔方向向上时优先卖点）,101.59,101.08,91.95,-0.3769,-0.3603,否
2026-05-12 13:50:17,二卖,否,安全,000423,东阿阿胶,53.26,安全,二卖+二买,向上,无信号,客观缠论信号为二卖、二买，60分钟笔方向向上（冲顶模式），因此实际交易动作是二卖（笔方向向上时优先卖点）,53.51,52.11,54.10,-0.1732,-0.1056,否
2026-05-12 13:50:17,观望,否,安全,000333,美的集团,80.35,安全,二买,向上,无信号,客观缠论信号为二买，60分钟笔方向向上，中枢震荡，观望,79.17,78.91,80.89,-0.1304,-0.0780,否
2026-05-12 13:50:17,二卖,否,安全,000001,平安银行,11.24,安全,二卖,向上,无信号,客观缠论信号为二卖，60分钟笔方向向上（冲顶模式），因此实际交易动作是二卖（笔方向向上时优先卖点）,11.30,11.03,11.36,-0.0124,-0.0120,否
2026-05-12 13:50:17,观望,否,安全,000651,格力电器,40.36,安全,二买,向上,无信号,客观缠论信号为二买，60分钟笔方向向上，中枢震荡，观望,40.28,40.10,40.19,0.0218,0.0638,否
2026-05-12 13:50:17,二卖,否,安全,000895,双汇发展,26.83,安全,二卖,向上,无信号,客观缠论信号为二卖，60分钟笔方向向上（冲顶模式），因此实际交易动作是二卖（笔方向向上时优先卖点）,26.77,26.51,27.43,-0.0450,-0.0178,否
2026-05-12 13:50:17,二卖,否,安全,002415,海康威视,34.74,安全,二卖+二买,向上,无信号,客观缠论信号为二卖、二买，60分钟笔方向向上（冲顶模式），因此实际交易动作是二卖（笔方向向上时优先卖点）,31.96,33.30,36.35,-0.2570,-0.2234,否
2026-05-12 13:50:17,观望,否,安全,hk03690,美团,84.75,安全,一卖+二卖,向下,无信号,客观缠论信号为一卖、二卖，60分钟笔方向向下，中枢震荡，观望,83.75,82.15,84.55,0.3213,0.3133,否
2026-05-12 13:50:17,二买,否,安全,hk03896,金山云,8.12,安全,二卖+二买,向下,无信号,客观缠论信号为二卖、二买，60分钟笔方向向下（寻底模式），因此实际交易动作是二买（笔方向向下时优先买点）,7.86,7.80,8.39,-0.0925,-0.0687,否
2026-05-12 13:50:17,观望,否,安全,hk00700,腾讯,460.60,日线破位,二卖,向下,无信号,客观缠论信号为二卖，60分钟笔方向向下，中枢震荡，观望,494.60,486.20,474.40,-1.4115,-1.2311,否
2026-05-12 13:50:17,观望,否,安全,hk09988,阿里巴巴,134.40,安全,二买,向上,无信号,客观缠论信号为二买，60分钟笔方向向上，中枢震荡，观望,129.60,126.70,134.20,-0.2667,-0.4662,否
2026-05-12 13:50:17,二买,否,安全,hk01024,快手,53.60,安全,二卖+二买,向下,无信号,客观缠论信号为二卖、二买，60分钟笔方向向下（寻底模式），因此实际交易动作是二买（笔方向向下时优先买点）,56.95,44.22,52.65,0.7572,0.6981,否
2026-05-12 13:50:17,二卖,否,安全,hk06618,京东健康,45.76,日线破位,二卖+二买,向上,无信号,客观缠论信号为二卖、二买，60分钟笔方向向上（冲顶模式），因此实际交易动作是二卖（笔方向向上时优先卖点）,46.16,46.10,45.88,-0.0140,0.0309,否
2026-05-12 13:50:17,二买,否,安全,hk06862,海底捞,15.11,日线破位,二买,向下,无信号,客观缠论信号为二买，60分钟笔方向向下（寻底模式），因此实际交易动作是二买（笔方向向下时优先买点）,15.27,15.31,15.21,0.0292,0.0626,否

2026-05-12 14:13:14,二卖,是,警戒,603317,天味食品,16.03,安全,二卖,向上,无信号,客观缠论信号为二卖，60分钟笔方向向上（冲顶模式），因此实际交易动作是二卖（笔方向向上时优先卖点）,12.56,12.98,16.31,0.0189,-0.0064,否
2026-05-12 14:13:14,二买,是,警戒,600660,福耀玻璃,59.32,安全,二买,向下,无信号,客观缠论信号为二买，60分钟笔方向向下（寻底模式），因此实际交易动作是二买（笔方向向下时优先买点）,58.98,58.50,60.80,-0.0834,-0.0819,否
2026-05-12 14:13:14,观望,是,警戒,600938,中国海油,36.18,安全,无信号,向下,无信号,客观缠论信号为无信号，60分钟笔方向向下，中枢震荡，观望,34.06,35.29,37.85,-0.0763,-0.0833,否
2026-05-12 14:13:14,观望,是,警戒,600895,张江高科,37.59,安全,二买,向上,无信号,客观缠论信号为二买，60分钟笔方向向上，中枢震荡，观望,33.37,36.90,38.17,-0.1635,-0.0943,否
2026-05-12 14:13:14,二买,是,警戒,000429,粤高速A,13.02,安全,二买,向下,无信号,客观缠论信号为二买，60分钟笔方向向下（寻底模式），因此实际交易动作是二买（笔方向向下时优先买点）,12.71,12.58,13.12,0.0811,0.0823,否
2026-05-12 14:13:14,观望,是,警戒,hk01810,小米集团,31.50,安全,二买,向上,无信号,客观缠论信号为二买，60分钟笔方向向上，中枢震荡，观望,32.78,30.26,31.92,0.0196,0.0530,否
2026-05-12 14:13:14,观望,是,警戒,513130,恒生科技ETF,0.64,安全,二买,向上,无信号,客观缠论信号为二买，60分钟笔方向向上，中枢震荡，观望,0.61,0.61,0.64,-0.0004,0.0004,否
2026-05-12 14:13:14,二买,是,警戒,515790,光伏ETF,1.12,安全,二买,向下,无信号,客观缠论信号为二买，60分钟笔方向向下（寻底模式），因此实际交易动作是二买（笔方向向下时优先买点）,1.08,1.10,1.09,0.0031,0.0044,否
2026-05-12 14:13:14,一卖,否,警戒,sh000001,上证指数,4209.35,安全,一卖+二买,向上,无信号,客观缠论信号为一卖、二买，60分钟笔方向向上（冲顶模式），因此实际交易动作是一卖（趋势顶背驰卖出）,4101.83,4079.77,4092.83,3.7269,6.8659,否
2026-05-12 14:13:14,观望,否,警戒,510300,沪深300ETF,4.96,安全,无信号,向上,无信号,客观缠论信号为无信号，60分钟笔方向向上，中枢震荡，观望,4.68,4.75,4.91,0.0092,0.0130,否
2026-05-12 14:13:14,二买,否,警戒,588000,科创50ETF,1.81,安全,二买,向下,无信号,客观缠论信号为二买，60分钟笔方向向下（寻底模式），因此实际交易动作是二买（笔方向向下时优先买点）,1.55,1.55,1.77,0.0102,0.0124,否
2026-05-12 14:13:14,观望,否,警戒,512400,有色金属ETF,2.19,安全,二买,向上,底背驰,客观缠论信号为二买，60分钟笔方向向上，中枢震荡，观望,2.10,2.17,2.23,-0.0016,0.0002,否
2026-05-12 14:13:14,二卖,否,警戒,512690,酒ETF,0.47,日线破位,二卖,向上,无信号,客观缠论信号为二卖，60分钟笔方向向上（冲顶模式），因此实际交易动作是二卖（笔方向向上时优先卖点）,0.48,0.48,0.48,-0.0018,-0.0016,否
2026-05-12 14:13:14,观望,否,警戒,159227,航空航天ETF,1.37,日线破位,二买,向上,无信号,客观缠论信号为二买，60分钟笔方向向上，中枢震荡，观望,1.43,1.41,1.37,-0.0027,-0.0011,否
2026-05-12 14:13:14,观望,否,警戒,159992,创新药ETF,0.84,安全,无信号,向上,顶背驰,客观缠论信号为无信号，60分钟笔方向向上，中枢震荡，观望,0.81,0.83,0.84,0.0025,0.0025,否
2026-05-12 14:13:14,观望,否,警戒,515050,通信ETF,3.32,安全,二买,向上,无信号,客观缠论信号为二买，60分钟笔方向向上，中枢震荡，观望,2.30,2.33,3.01,0.0266,0.0327,否
2026-05-12 14:13:14,观望,否,警戒,159915,创业板ETF,3.94,安全,二买,向上,无信号,客观缠论信号为二买，60分钟笔方向向上，中枢震荡，观望,3.25,3.27,3.82,0.0172,0.0226,否
2026-05-12 14:13:14,观望,否,警戒,588200,科创芯片ETF,3.46,安全,无信号,向上,无信号,客观缠论信号为无信号，60分钟笔方向向上，中枢震荡，观望,2.41,2.65,3.34,0.0295,0.0344,否
2026-05-12 14:13:14,观望,否,警戒,159755,电池ETF,1.20,安全,一卖+二卖,向下,无信号,客观缠论信号为一卖、二卖，60分钟笔方向向下，中枢震荡，观望,1.03,1.17,1.22,-0.0081,-0.0073,否
2026-05-12 14:13:14,观望,否,警戒,159899,软件ETF,0.87,日线破位,二买,向上,无信号,客观缠论信号为二买，60分钟笔方向向上，中枢震荡，观望,0.87,0.89,0.87,-0.0036,-0.0023,否
2026-05-12 14:13:14,观望,否,警戒,513360,教育ETF,0.50,安全,二买,向上,无信号,客观缠论信号为二买，60分钟笔方向向上，中枢震荡，观望,0.49,0.50,0.50,-0.0007,-0.0007,否
2026-05-12 14:13:14,观望,否,警戒,601668,中国建筑,4.99,安全,二买,向上,无信号,客观缠论信号为二买，60分钟笔方向向上，中枢震荡，观望,5.00,4.91,4.99,0.0126,0.0180,否
2026-05-12 14:13:14,二卖,否,警戒,601288,农业银行,6.81,安全,二卖,向上,无信号,客观缠论信号为二卖，60分钟笔方向向上（冲顶模式），因此实际交易动作是二卖（笔方向向上时优先卖点）,6.53,6.53,6.85,-0.0066,-0.0093,否
2026-05-12 14:13:14,观望,否,警戒,601728,中国电信,6.12,安全,二买,向上,顶背驰,客观缠论信号为二买，60分钟笔方向向上，中枢震荡，观望,6.24,5.91,6.11,0.0173,0.0264,否
2026-05-12 14:13:14,观望,否,警戒,600276,恒瑞医药,56.07,安全,无信号,向上,无信号,客观缠论信号为无信号，60分钟笔方向向上，中枢震荡，观望,52.67,52.41,56.59,0.7891,0.4662,否
2026-05-12 14:13:14,二卖,否,警戒,600177,雅戈尔,7.75,安全,二卖+二买,向上,无信号,客观缠论信号为二卖、二买，60分钟笔方向向上（冲顶模式），因此实际交易动作是二卖（笔方向向上时优先卖点）,7.66,7.50,7.88,-0.0123,-0.0045,否
2026-05-12 14:13:14,观望,否,警戒,600887,伊利股份,28.02,安全,二买,向上,无信号,客观缠论信号为二买，60分钟笔方向向上，中枢震荡，观望,27.75,27.36,27.83,0.0390,0.0747,否
2026-05-12 14:13:14,观望,否,警戒,601138,工业富联,64.05,安全,二买,向上,无信号,客观缠论信号为二买，60分钟笔方向向上，中枢震荡，观望,62.70,63.20,64.59,-0.0691,0.0129,否
2026-05-12 14:13:14,一卖,否,警戒,688041,海光信息,348.23,安全,一卖+二买,向上,无信号,客观缠论信号为一卖、二买，60分钟笔方向向上（冲顶模式），因此实际交易动作是一卖（趋势顶背驰卖出）,246.00,271.06,355.50,2.8127,3.4103,否
2026-05-12 14:13:14,观望,否,警戒,688981,中芯国际,121.31,安全,二买,向上,无信号,客观缠论信号为二买，60分钟笔方向向上，中枢震荡，观望,124.60,115.74,124.57,-0.3374,-0.2167,否
2026-05-12 14:13:14,二卖,否,警戒,601225,陕西煤业,23.83,安全,二卖,向上,顶背驰,客观缠论信号为二卖，60分钟笔方向向上（冲顶模式），因此实际交易动作是二卖（笔方向向上时优先卖点）,22.32,22.30,24.11,-0.0389,-0.0473,否
2026-05-12 14:13:14,观望,否,警戒,600900,长江电力,27.02,安全,二卖,向下,无信号,客观缠论信号为二卖，60分钟笔方向向下，中枢震荡，观望,26.66,26.60,27.01,0.0020,0.0081,否
2026-05-12 14:13:14,观望,否,警戒,300274,阳光电源,139.83,安全,二买,向上,无信号,客观缠论信号为二买，60分钟笔方向向上，中枢震荡，观望,136.10,142.08,142.38,-0.5487,-0.1479,否
2026-05-12 14:13:14,二卖,否,警戒,002507,涪陵榨菜,12.33,安全,二卖,向上,无信号,客观缠论信号为二卖，60分钟笔方向向上（冲顶模式），因此实际交易动作是二卖（笔方向向上时优先卖点）,12.32,12.28,12.33,-0.0291,-0.0310,否
2026-05-12 14:13:14,二卖,否,警戒,000338,潍柴动力,32.46,安全,二卖+二买,向上,无信号,客观缠论信号为二卖、二买，60分钟笔方向向上（冲顶模式），因此实际交易动作是二卖（笔方向向上时优先卖点）,25.92,23.75,33.85,-0.2344,-0.2000,否
2026-05-12 14:13:14,二卖,否,警戒,000538,云南白药,52.53,日线破位,二卖,向上,无信号,客观缠论信号为二卖，60分钟笔方向向上（冲顶模式），因此实际交易动作是二卖（笔方向向上时优先卖点）,55.40,54.40,52.89,-0.0245,-0.0167,否
2026-05-12 14:13:14,观望,否,警戒,000858,五粮液,90.61,日线破位,二卖,向下,无信号,客观缠论信号为二卖，60分钟笔方向向下，中枢震荡，观望,101.59,101.08,91.95,-0.3608,-0.3623,否
2026-05-12 14:13:14,二卖,否,警戒,000423,东阿阿胶,53.35,安全,二卖+二买,向上,无信号,客观缠论信号为二卖、二买，60分钟笔方向向上（冲顶模式），因此实际交易动作是二卖（笔方向向上时优先卖点）,53.51,52.11,54.10,-0.1571,-0.1260,否
2026-05-12 14:13:14,观望,否,警戒,000333,美的集团,80.08,安全,二买,向上,无信号,客观缠论信号为二买，60分钟笔方向向上，中枢震荡，观望,79.17,78.91,80.89,-0.1588,-0.1045,否
2026-05-12 14:13:14,二卖,否,警戒,000001,平安银行,11.24,安全,二卖,向上,无信号,客观缠论信号为二卖，60分钟笔方向向上（冲顶模式），因此实际交易动作是二卖（笔方向向上时优先卖点）,11.30,11.03,11.39,-0.0119,-0.0120,否
2026-05-12 14:13:14,观望,否,警戒,000651,格力电器,40.42,安全,二买,向上,无信号,客观缠论信号为二买，60分钟笔方向向上，中枢震荡，观望,40.28,40.10,40.19,0.0176,0.0472,否
2026-05-12 14:13:14,二卖,否,警戒,000895,双汇发展,26.90,安全,二卖,向上,无信号,客观缠论信号为二卖，60分钟笔方向向上（冲顶模式），因此实际交易动作是二卖（笔方向向上时优先卖点）,26.77,26.51,27.43,-0.0460,-0.0284,否
2026-05-12 14:13:14,二卖,否,警戒,002415,海康威视,34.70,安全,二卖+二买,向上,无信号,客观缠论信号为二卖、二买，60分钟笔方向向上（冲顶模式），因此实际交易动作是二卖（笔方向向上时优先卖点）,31.96,33.30,36.35,-0.2607,-0.2365,否
2026-05-12 14:13:14,观望,否,警戒,hk03690,美团,84.75,安全,一卖+二卖,向下,无信号,客观缠论信号为一卖、二卖，60分钟笔方向向下，中枢震荡，观望,83.75,82.15,84.55,0.2384,0.2784,否
2026-05-12 14:13:14,二买,否,警戒,hk03896,金山云,8.03,安全,二卖+二买,向下,无信号,客观缠论信号为二卖、二买，60分钟笔方向向下（寻底模式），因此实际交易动作是二买（笔方向向下时优先买点）,7.86,7.80,8.39,-0.0993,-0.0790,否
2026-05-12 14:13:14,观望,否,警戒,hk00700,腾讯,460.60,日线破位,二卖,向下,无信号,客观缠论信号为二卖，60分钟笔方向向下，中枢震荡，观望,494.60,486.20,474.40,-1.4115,-1.2311,否
2026-05-12 14:13:14,观望,否,警戒,hk09988,阿里巴巴,134.40,安全,二买,向上,无信号,客观缠论信号为二买，60分钟笔方向向上，中枢震荡，观望,129.60,126.70,134.20,-0.2667,-0.4662,否
2026-05-12 14:13:14,二买,否,警戒,hk01024,快手,53.60,安全,二卖+二买,向下,无信号,客观缠论信号为二卖、二买，60分钟笔方向向下（寻底模式），因此实际交易动作是二买（笔方向向下时优先买点）,56.95,44.22,52.65,0.7572,0.6981,否
2026-05-12 14:13:14,二卖,否,警戒,hk06618,京东健康,45.76,日线破位,二卖+二买,向上,无信号,客观缠论信号为二卖、二买，60分钟笔方向向上（冲顶模式），因此实际交易动作是二卖（笔方向向上时优先卖点）,46.16,46.10,45.88,-0.0140,0.0309,否
2026-05-12 14:13:14,二买,否,警戒,hk06862,海底捞,15.11,日线破位,二买,向下,无信号,客观缠论信号为二买，60分钟笔方向向下（寻底模式），因此实际交易动作是二买（笔方向向下时优先买点）,15.27,15.31,15.21,0.0292,0.0626,否

2026-05-12 14:35:18,二卖,是,警戒,603317,天味食品,16.06,安全,二卖,向上,无信号,客观缠论信号为二卖，60分钟笔方向向上（冲顶模式），因此实际交易动作是二卖（笔方向向上时优先卖点）,12.56,12.98,16.31,0.0226,0.0039,否
2026-05-12 14:35:18,二买,是,警戒,600660,福耀玻璃,59.38,安全,二买,向下,无信号,客观缠论信号为二买，60分钟笔方向向下（寻底模式），因此实际交易动作是二买（笔方向向下时优先买点）,58.98,58.50,60.80,-0.0664,-0.0774,否
2026-05-12 14:35:18,观望,是,警戒,600938,中国海油,36.16,安全,无信号,向下,无信号,客观缠论信号为无信号，60分钟笔方向向下，中枢震荡，观望,34.06,35.29,37.85,-0.0693,-0.0782,否
2026-05-12 14:35:18,观望,是,警戒,600895,张江高科,37.61,安全,二买,向上,无信号,客观缠论信号为二买，60分钟笔方向向上，中枢震荡，观望,33.37,36.90,38.17,-0.1593,-0.1185,否
2026-05-12 14:35:18,二买,是,警戒,000429,粤高速A,12.99,安全,二买,向下,顶背驰,客观缠论信号为二买，60分钟笔方向向下（寻底模式），因此实际交易动作是二买（笔方向向下时优先买点）,12.71,12.58,13.12,0.0755,0.0804,否
2026-05-12 14:35:18,观望,是,警戒,hk01810,小米集团,31.46,安全,二买,向上,无信号,客观缠论信号为二买，60分钟笔方向向上，中枢震荡，观望,32.78,30.26,31.92,-0.0554,-0.0182,否
2026-05-12 14:35:18,观望,是,警戒,513130,恒生科技ETF,0.63,安全,二买,向上,无信号,客观缠论信号为二买，60分钟笔方向向上，中枢震荡，观望,0.61,0.61,0.64,-0.0006,0.0000,否
2026-05-12 14:35:18,二买,是,警戒,515790,光伏ETF,1.12,安全,二买,向下,无信号,客观缠论信号为二买，60分钟笔方向向下（寻底模式），因此实际交易动作是二买（笔方向向下时优先买点）,1.08,1.10,1.09,0.0024,0.0037,否
2026-05-12 14:35:18,一卖,否,警戒,sh000001,上证指数,4206.70,安全,一卖+二买,向上,无信号,客观缠论信号为一卖、二买，60分钟笔方向向上（冲顶模式），因此实际交易动作是一卖（趋势顶背驰卖出）,4101.83,4079.77,4092.83,2.8968,6.0721,否
2026-05-12 14:35:18,观望,否,警戒,510300,沪深300ETF,4.96,安全,无信号,向上,无信号,客观缠论信号为无信号，60分钟笔方向向上，中枢震荡，观望,4.68,4.75,4.91,0.0072,0.0110,否
2026-05-12 14:35:18,二买,否,警戒,588000,科创50ETF,1.81,安全,二买,向下,无信号,客观缠论信号为二买，60分钟笔方向向下（寻底模式），因此实际交易动作是二买（笔方向向下时优先买点）,1.55,1.55,1.77,0.0089,0.0112,否
2026-05-12 14:35:18,观望,否,警戒,512400,有色金属ETF,2.19,安全,二买,向上,底背驰,客观缠论信号为二买，60分钟笔方向向上，中枢震荡，观望,2.10,2.17,2.23,-0.0029,-0.0008,否
2026-05-12 14:35:18,二卖,否,警戒,512690,酒ETF,0.47,日线破位,二卖,向上,无信号,客观缠论信号为二卖，60分钟笔方向向上（冲顶模式），因此实际交易动作是二卖（笔方向向上时优先卖点）,0.48,0.48,0.48,-0.0019,-0.0017,否
2026-05-12 14:35:18,观望,否,警戒,159227,航空航天ETF,1.37,日线破位,二买,向上,无信号,客观缠论信号为二买，60分钟笔方向向上，中枢震荡，观望,1.43,1.41,1.37,-0.0022,-0.0015,否
2026-05-12 14:35:18,观望,否,警戒,159992,创新药ETF,0.84,安全,无信号,向上,顶背驰,客观缠论信号为无信号，60分钟笔方向向上，中枢震荡，观望,0.81,0.83,0.84,0.0018,0.0023,否
2026-05-12 14:35:18,观望,否,警戒,515050,通信ETF,3.32,安全,二买,向上,无信号,客观缠论信号为二买，60分钟笔方向向上，中枢震荡，观望,2.30,2.33,3.01,0.0233,0.0295,否
2026-05-12 14:35:18,观望,否,警戒,159915,创业板ETF,3.94,安全,二买,向上,无信号,客观缠论信号为二买，60分钟笔方向向上，中枢震荡，观望,3.25,3.27,3.82,0.0147,0.0200,否
2026-05-12 14:35:18,观望,否,警戒,588200,科创芯片ETF,3.46,安全,无信号,向上,无信号,客观缠论信号为无信号，60分钟笔方向向上，中枢震荡，观望,2.41,2.65,3.34,0.0261,0.0317,否
2026-05-12 14:35:18,观望,否,警戒,159755,电池ETF,1.20,安全,一卖+二卖,向下,无信号,客观缠论信号为一卖、二卖，60分钟笔方向向下，中枢震荡，观望,1.03,1.17,1.22,-0.0073,-0.0074,否
2026-05-12 14:35:18,观望,否,警戒,159899,软件ETF,0.87,日线破位,二买,向上,无信号,客观缠论信号为二买，60分钟笔方向向上，中枢震荡，观望,0.87,0.89,0.87,-0.0038,-0.0028,否
2026-05-12 14:35:18,观望,否,警戒,513360,教育ETF,0.50,安全,二买,向上,无信号,客观缠论信号为二买，60分钟笔方向向上，中枢震荡，观望,0.49,0.50,0.50,-0.0007,-0.0007,否
2026-05-12 14:35:18,观望,否,警戒,601668,中国建筑,5.00,安全,二买,向上,无信号,客观缠论信号为二买，60分钟笔方向向上，中枢震荡，观望,5.00,4.91,4.99,0.0103,0.0153,否
2026-05-12 14:35:18,二卖,否,警戒,601288,农业银行,6.78,安全,二卖,向上,无信号,客观缠论信号为二卖，60分钟笔方向向上（冲顶模式），因此实际交易动作是二卖（笔方向向上时优先卖点）,6.53,6.53,6.85,-0.0082,-0.0086,否
2026-05-12 14:35:18,观望,否,警戒,601728,中国电信,6.11,安全,二买,向上,顶背驰,客观缠论信号为二买，60分钟笔方向向上，中枢震荡，观望,6.24,5.91,6.11,0.0134,0.0238,否
2026-05-12 14:35:18,观望,否,警戒,600276,恒瑞医药,55.78,安全,无信号,向上,无信号,客观缠论信号为无信号，60分钟笔方向向上，中枢震荡，观望,52.67,52.41,56.59,0.8076,0.5921,否
2026-05-12 14:35:18,二卖,否,警戒,600177,雅戈尔,7.76,安全,二卖+二买,向上,无信号,客观缠论信号为二卖、二买，60分钟笔方向向上（冲顶模式），因此实际交易动作是二卖（笔方向向上时优先卖点）,7.66,7.50,7.88,-0.0125,-0.0074,否
2026-05-12 14:35:18,观望,否,警戒,600887,伊利股份,28.00,安全,二买,向上,无信号,客观缠论信号为二买，60分钟笔方向向上，中枢震荡，观望,27.75,27.36,27.83,0.0341,0.0666,否
2026-05-12 14:35:18,观望,否,警戒,601138,工业富联,64.01,安全,二买,向上,无信号,客观缠论信号为二买，60分钟笔方向向上，中枢震荡，观望,62.70,63.20,64.59,-0.0841,-0.0065,否
2026-05-12 14:35:18,一卖,否,警戒,688041,海光信息,347.58,安全,一卖+二买,向上,无信号,客观缠论信号为一卖、二买，60分钟笔方向向上（冲顶模式），因此实际交易动作是一卖（趋势顶背驰卖出）,246.00,271.06,355.50,2.5796,3.2442,否
2026-05-12 14:35:18,观望,否,警戒,688981,中芯国际,121.55,安全,二买,向上,无信号,客观缠论信号为二买，60分钟笔方向向上，中枢震荡，观望,124.60,115.74,124.57,-0.3191,-0.2371,否
2026-05-12 14:35:18,二卖,否,警戒,601225,陕西煤业,23.78,安全,二卖,向上,无信号,客观缠论信号为二卖，60分钟笔方向向上（冲顶模式），因此实际交易动作是二卖（笔方向向上时优先卖点）,22.32,22.30,24.11,-0.0407,-0.0460,否
2026-05-12 14:35:18,观望,否,警戒,600900,长江电力,27.02,安全,二卖,向下,无信号,客观缠论信号为二卖，60分钟笔方向向下，中枢震荡，观望,26.66,26.60,27.01,-0.0008,0.0063,否
2026-05-12 14:35:18,观望,否,警戒,300274,阳光电源,140.09,安全,二买,向上,无信号,客观缠论信号为二买，60分钟笔方向向上，中枢震荡，观望,136.10,142.08,142.38,-0.6206,-0.2424,否
2026-05-12 14:35:18,二卖,否,警戒,002507,涪陵榨菜,12.32,安全,二卖,向上,无信号,客观缠论信号为二卖，60分钟笔方向向上（冲顶模式），因此实际交易动作是二卖（笔方向向上时优先卖点）,12.32,12.28,12.33,-0.0282,-0.0304,否
2026-05-12 14:35:18,二卖,否,警戒,000338,潍柴动力,32.56,安全,二卖+二买,向上,无信号,客观缠论信号为二卖、二买，60分钟笔方向向上（冲顶模式），因此实际交易动作是二卖（笔方向向上时优先卖点）,25.92,23.75,33.85,-0.2305,-0.2061,否
2026-05-12 14:35:18,二卖,否,警戒,000538,云南白药,52.54,日线破位,二卖,向上,无信号,客观缠论信号为二卖，60分钟笔方向向上（冲顶模式），因此实际交易动作是二卖（笔方向向上时优先卖点）,55.40,54.40,52.89,-0.0243,-0.0182,否
2026-05-12 14:35:18,观望,否,警戒,000858,五粮液,90.54,日线破位,二卖,向下,无信号,客观缠论信号为二卖，60分钟笔方向向下，中枢震荡，观望,101.59,101.08,91.95,-0.3531,-0.3605,否
2026-05-12 14:35:18,二卖,否,警戒,000423,东阿阿胶,53.34,安全,二卖+二买,向上,无信号,客观缠论信号为二卖、二买，60分钟笔方向向上（冲顶模式），因此实际交易动作是二卖（笔方向向上时优先卖点）,53.51,52.11,54.10,-0.1470,-0.1302,否
2026-05-12 14:35:18,观望,否,警戒,000333,美的集团,79.86,安全,二买,向上,无信号,客观缠论信号为二买，60分钟笔方向向上，中枢震荡，观望,79.17,78.91,80.89,-0.1875,-0.1211,否
2026-05-12 14:35:18,二卖,否,警戒,000001,平安银行,11.22,安全,二卖,向上,无信号,客观缠论信号为二卖，60分钟笔方向向上（冲顶模式），因此实际交易动作是二卖（笔方向向上时优先卖点）,11.30,11.03,11.39,-0.0131,-0.0122,否
2026-05-12 14:35:18,观望,否,警戒,000651,格力电器,40.33,安全,二买,向上,无信号,客观缠论信号为二买，60分钟笔方向向上，中枢震荡，观望,40.28,40.10,40.19,0.0101,0.0398,否
2026-05-12 14:35:18,二卖,否,警戒,000895,双汇发展,26.79,安全,二卖,向上,无信号,客观缠论信号为二卖，60分钟笔方向向上（冲顶模式），因此实际交易动作是二卖（笔方向向上时优先卖点）,26.77,26.51,27.43,-0.0522,-0.0331,否
2026-05-12 14:35:18,二卖,否,警戒,002415,海康威视,34.67,安全,二卖+二买,向上,无信号,客观缠论信号为二卖、二买，60分钟笔方向向上（冲顶模式），因此实际交易动作是二卖（笔方向向上时优先卖点）,31.96,33.30,36.35,-0.2619,-0.2415,否
2026-05-12 14:35:18,观望,否,警戒,hk03690,美团,84.50,安全,一卖+二卖,向下,无信号,客观缠论信号为一卖、二卖，60分钟笔方向向下，中枢震荡，观望,83.75,82.15,84.55,0.1698,0.2439,否
2026-05-12 14:35:18,二买,否,警戒,hk03896,金山云,8.03,安全,二卖+二买,向下,无信号,客观缠论信号为二卖、二买，60分钟笔方向向下（寻底模式），因此实际交易动作是二买（笔方向向下时优先买点）,7.86,7.80,8.39,-0.0993,-0.0790,否
2026-05-12 14:35:18,观望,否,警戒,hk00700,腾讯,460.60,日线破位,二卖,向下,无信号,客观缠论信号为二卖，60分钟笔方向向下，中枢震荡，观望,494.60,486.20,474.40,-1.4115,-1.2311,否
2026-05-12 14:35:18,观望,否,警戒,hk09988,阿里巴巴,134.40,安全,二买,向上,无信号,客观缠论信号为二买，60分钟笔方向向上，中枢震荡，观望,129.60,126.70,134.20,-0.2667,-0.4662,否
2026-05-12 14:35:18,二买,否,警戒,hk01024,快手,53.60,安全,二卖+二买,向下,无信号,客观缠论信号为二卖、二买，60分钟笔方向向下（寻底模式），因此实际交易动作是二买（笔方向向下时优先买点）,56.95,44.22,52.65,0.7572,0.6981,否
2026-05-12 14:35:18,二卖,否,警戒,hk06618,京东健康,45.76,日线破位,二卖+二买,向上,无信号,客观缠论信号为二卖、二买，60分钟笔方向向上（冲顶模式），因此实际交易动作是二卖（笔方向向上时优先卖点）,46.16,46.10,45.88,-0.0140,0.0309,否
2026-05-12 14:35:18,二买,否,警戒,hk06862,海底捞,15.11,日线破位,二买,向下,无信号,客观缠论信号为二买，60分钟笔方向向下（寻底模式），因此实际交易动作是二买（笔方向向下时优先买点）,15.27,15.31,15.21,0.0292,0.0626,否

2026-05-12 14:50:17,二卖,是,警戒,603317,天味食品,16.12,安全,二卖,向上,无信号,客观缠论信号为二卖，60分钟笔方向向上（冲顶模式），因此实际交易动作是二卖（笔方向向上时优先卖点）,12.56,12.98,16.31,0.0279,0.0087,否
2026-05-12 14:50:17,二买,是,警戒,600660,福耀玻璃,59.43,安全,二买,向下,无信号,客观缠论信号为二买，60分钟笔方向向下（寻底模式），因此实际交易动作是二买（笔方向向下时优先买点）,58.98,58.50,60.80,-0.0561,-0.0732,否
2026-05-12 14:50:17,观望,是,警戒,600938,中国海油,36.17,安全,无信号,向下,无信号,客观缠论信号为无信号，60分钟笔方向向下，中枢震荡，观望,34.06,35.29,37.85,-0.0677,-0.0761,否
2026-05-12 14:50:17,观望,是,警戒,600895,张江高科,37.73,安全,二买,向上,无信号,客观缠论信号为二买，60分钟笔方向向上，中枢震荡，观望,33.37,36.90,38.17,-0.1439,-0.1236,否
2026-05-12 14:50:17,二买,是,警戒,000429,粤高速A,13.04,安全,二买,向下,无信号,客观缠论信号为二买，60分钟笔方向向下（寻底模式），因此实际交易动作是二买（笔方向向下时优先买点）,12.71,12.58,13.12,0.0759,0.0795,否
2026-05-12 14:50:17,观望,是,警戒,hk01810,小米集团,31.46,安全,二买,向上,无信号,客观缠论信号为二买，60分钟笔方向向上，中枢震荡，观望,32.78,30.26,31.92,-0.0554,-0.0182,否
2026-05-12 14:50:17,观望,是,警戒,513130,恒生科技ETF,0.64,安全,二买,向上,无信号,客观缠论信号为二买，60分钟笔方向向上，中枢震荡，观望,0.61,0.61,0.64,-0.0007,-0.0001,否
2026-05-12 14:50:17,二买,是,警戒,515790,光伏ETF,1.12,安全,二买,向下,无信号,客观缠论信号为二买，60分钟笔方向向下（寻底模式），因此实际交易动作是二买（笔方向向下时优先买点）,1.08,1.10,1.09,0.0023,0.0034,否
2026-05-12 14:50:17,一卖,否,警戒,sh000001,上证指数,4206.70,安全,一卖+二买,向上,无信号,客观缠论信号为一卖、二买，60分钟笔方向向上（冲顶模式），因此实际交易动作是一卖（趋势顶背驰卖出）,4101.83,4079.77,4092.83,2.8968,6.0721,否
2026-05-12 14:50:17,观望,否,警戒,510300,沪深300ETF,4.96,安全,无信号,向上,无信号,客观缠论信号为无信号，60分钟笔方向向上，中枢震荡，观望,4.68,4.75,4.91,0.0069,0.0102,否
2026-05-12 14:50:17,二买,否,警戒,588000,科创50ETF,1.82,安全,二买,向下,无信号,客观缠论信号为二买，60分钟笔方向向下（寻底模式），因此实际交易动作是二买（笔方向向下时优先买点）,1.55,1.55,1.77,0.0088,0.0108,否
2026-05-12 14:50:17,观望,否,警戒,512400,有色金属ETF,2.19,安全,二买,向上,底背驰,客观缠论信号为二买，60分钟笔方向向上，中枢震荡，观望,2.10,2.17,2.23,-0.0030,-0.0013,否
2026-05-12 14:50:17,二卖,否,警戒,512690,酒ETF,0.47,日线破位,二卖,向上,无信号,客观缠论信号为二卖，60分钟笔方向向上（冲顶模式），因此实际交易动作是二卖（笔方向向上时优先卖点）,0.48,0.48,0.48,-0.0018,-0.0017,否
2026-05-12 14:50:17,观望,否,警戒,159227,航空航天ETF,1.37,日线破位,二买,向上,无信号,客观缠论信号为二买，60分钟笔方向向上，中枢震荡，观望,1.43,1.41,1.37,-0.0017,-0.0016,否
2026-05-12 14:50:17,观望,否,警戒,159992,创新药ETF,0.84,安全,无信号,向上,顶背驰,客观缠论信号为无信号，60分钟笔方向向上，中枢震荡，观望,0.81,0.83,0.84,0.0017,0.0022,否
2026-05-12 14:50:17,观望,否,警戒,515050,通信ETF,3.33,安全,二买,向上,无信号,客观缠论信号为二买，60分钟笔方向向上，中枢震荡，观望,2.30,2.33,3.01,0.0223,0.0281,否
2026-05-12 14:50:17,观望,否,警戒,159915,创业板ETF,3.95,安全,二买,向上,无信号,客观缠论信号为二买，60分钟笔方向向上，中枢震荡，观望,3.25,3.27,3.82,0.0144,0.0188,否
2026-05-12 14:50:17,观望,否,警戒,588200,科创芯片ETF,3.48,安全,无信号,向上,无信号,客观缠论信号为无信号，60分钟笔方向向上，中枢震荡，观望,2.41,2.65,3.34,0.0262,0.0306,否
2026-05-12 14:50:17,观望,否,警戒,159755,电池ETF,1.21,安全,一卖+二卖,向下,无信号,客观缠论信号为一卖、二卖，60分钟笔方向向下，中枢震荡，观望,1.03,1.17,1.22,-0.0065,-0.0072,否
2026-05-12 14:50:17,观望,否,警戒,159899,软件ETF,0.87,日线破位,二买,向上,无信号,客观缠论信号为二买，60分钟笔方向向上，中枢震荡，观望,0.87,0.89,0.87,-0.0037,-0.0030,否
2026-05-12 14:50:17,观望,否,警戒,513360,教育ETF,0.50,安全,二买,向上,无信号,客观缠论信号为二买，60分钟笔方向向上，中枢震荡，观望,0.49,0.50,0.50,-0.0007,-0.0007,否
2026-05-12 14:50:17,观望,否,警戒,601668,中国建筑,4.99,安全,二买,向上,无信号,客观缠论信号为二买，60分钟笔方向向上，中枢震荡，观望,5.00,4.91,4.99,0.0088,0.0140,否
2026-05-12 14:50:17,二卖,否,警戒,601288,农业银行,6.78,安全,二卖,向上,无信号,客观缠论信号为二卖，60分钟笔方向向上（冲顶模式），因此实际交易动作是二卖（笔方向向上时优先卖点）,6.53,6.53,6.85,-0.0093,-0.0088,否
2026-05-12 14:50:17,观望,否,警戒,601728,中国电信,6.13,安全,二买,向上,顶背驰,客观缠论信号为二买，60分钟笔方向向上，中枢震荡，观望,6.24,5.91,6.11,0.0118,0.0214,否
2026-05-12 14:50:17,观望,否,警戒,600276,恒瑞医药,55.88,安全,无信号,向上,无信号,客观缠论信号为无信号，60分钟笔方向向上，中枢震荡，观望,52.67,52.41,56.59,0.7918,0.6320,否
2026-05-12 14:50:17,二卖,否,警戒,600177,雅戈尔,7.78,安全,二卖+二买,向上,无信号,客观缠论信号为二卖、二买，60分钟笔方向向上（冲顶模式），因此实际交易动作是二卖（笔方向向上时优先卖点）,7.66,7.50,7.88,-0.0108,-0.0081,否
2026-05-12 14:50:17,观望,否,警戒,600887,伊利股份,27.98,安全,二买,向上,无信号,客观缠论信号为二买，60分钟笔方向向上，中枢震荡，观望,27.75,27.36,27.83,0.0283,0.0589,否
2026-05-12 14:50:17,观望,否,警戒,601138,工业富联,64.37,安全,二买,向上,无信号,客观缠论信号为二买，60分钟笔方向向上，中枢震荡，观望,62.70,63.20,64.59,-0.0662,-0.0185,否
2026-05-12 14:50:17,一卖,否,警戒,688041,海光信息,349.41,安全,一卖+二买,向上,无信号,客观缠论信号为一卖、二买，60分钟笔方向向上（冲顶模式），因此实际交易动作是一卖（趋势顶背驰卖出）,246.00,271.06,355.50,2.5136,3.0981,否
2026-05-12 14:50:17,观望,否,警戒,688981,中芯国际,121.78,安全,二买,向上,无信号,客观缠论信号为二买，60分钟笔方向向上，中枢震荡，观望,124.60,115.74,124.57,-0.2827,-0.2463,否
2026-05-12 14:50:17,二卖,否,警戒,601225,陕西煤业,23.89,安全,二卖,向上,无信号,客观缠论信号为二卖，60分钟笔方向向上（冲顶模式），因此实际交易动作是二卖（笔方向向上时优先卖点）,22.32,22.30,24.11,-0.0329,-0.0434,否
2026-05-12 14:50:17,观望,否,警戒,600900,长江电力,27.02,安全,二卖,向下,无信号,客观缠论信号为二卖，60分钟笔方向向下，中枢震荡，观望,26.66,26.60,27.01,-0.0030,0.0044,否
2026-05-12 14:50:17,观望,否,警戒,300274,阳光电源,140.00,安全,二买,向上,无信号,客观缠论信号为二买，60分钟笔方向向上，中枢震荡，观望,136.10,142.08,142.38,-0.6770,-0.3293,否
2026-05-12 14:50:17,二卖,否,警戒,002507,涪陵榨菜,12.32,安全,二卖,向上,无信号,客观缠论信号为二卖，60分钟笔方向向上（冲顶模式），因此实际交易动作是二卖（笔方向向上时优先卖点）,12.32,12.28,12.33,-0.0272,-0.0298,否
2026-05-12 14:50:17,二卖,否,警戒,000338,潍柴动力,32.68,安全,二卖+二买,向上,无信号,客观缠论信号为二卖、二买，60分钟笔方向向上（冲顶模式），因此实际交易动作是二卖（笔方向向上时优先卖点）,25.92,23.75,33.85,-0.2153,-0.2079,否
2026-05-12 14:50:17,二卖,否,警戒,000538,云南白药,52.52,日线破位,二卖,向上,无信号,客观缠论信号为二卖，60分钟笔方向向上（冲顶模式），因此实际交易动作是二卖（笔方向向上时优先卖点）,55.40,54.40,52.89,-0.0255,-0.0197,否
2026-05-12 14:50:17,观望,否,警戒,000858,五粮液,90.56,日线破位,二卖,向下,无信号,客观缠论信号为二卖，60分钟笔方向向下，中枢震荡，观望,101.59,101.08,91.95,-0.3415,-0.3567,否
2026-05-12 14:50:17,二卖,否,警戒,000423,东阿阿胶,53.34,安全,二卖+二买,向上,无信号,客观缠论信号为二卖、二买，60分钟笔方向向上（冲顶模式），因此实际交易动作是二卖（笔方向向上时优先卖点）,53.51,52.11,54.10,-0.1373,-0.1316,否
2026-05-12 14:50:17,观望,否,警戒,000333,美的集团,79.78,安全,二买,向上,无信号,客观缠论信号为二买，60分钟笔方向向上，中枢震荡，观望,79.17,78.91,80.89,-0.2142,-0.1397,否
2026-05-12 14:50:17,二卖,否,警戒,000001,平安银行,11.23,安全,二卖,向上,无信号,客观缠论信号为二卖，60分钟笔方向向上（冲顶模式），因此实际交易动作是二卖（笔方向向上时优先卖点）,11.30,11.03,11.39,-0.0132,-0.0124,否
2026-05-12 14:50:17,观望,否,警戒,000651,格力电器,40.31,安全,二买,向上,无信号,客观缠论信号为二买，60分钟笔方向向上，中枢震荡，观望,40.28,40.10,40.19,0.0025,0.0323,否
2026-05-12 14:50:17,二卖,否,警戒,000895,双汇发展,26.83,安全,二卖,向上,无信号,客观缠论信号为二卖，60分钟笔方向向上（冲顶模式），因此实际交易动作是二卖（笔方向向上时优先卖点）,26.77,26.51,27.43,-0.0533,-0.0372,否
2026-05-12 14:50:17,二卖,否,警戒,002415,海康威视,34.63,安全,二卖+二买,向上,无信号,客观缠论信号为二卖、二买，60分钟笔方向向上（冲顶模式），因此实际交易动作是二卖（笔方向向上时优先卖点）,31.96,33.30,36.35,-0.2630,-0.2458,否
2026-05-12 14:50:17,观望,否,警戒,hk03690,美团,84.50,安全,无信号,向上,无信号,客观缠论信号为无信号，60分钟笔方向向上，中枢震荡，观望,83.75,82.15,84.60,0.1698,0.2439,否
2026-05-12 14:50:17,二买,否,警戒,hk03896,金山云,8.03,安全,二卖+二买,向下,无信号,客观缠论信号为二卖、二买，60分钟笔方向向下（寻底模式），因此实际交易动作是二买（笔方向向下时优先买点）,7.86,7.80,8.39,-0.0993,-0.0790,否
2026-05-12 14:50:17,观望,否,警戒,hk00700,腾讯,458.80,日线破位,二卖,向下,无信号,客观缠论信号为二卖，60分钟笔方向向下，中枢震荡，观望,494.60,486.20,474.40,-1.6967,-1.4473,否
2026-05-12 14:50:17,观望,否,警戒,hk09988,阿里巴巴,133.50,安全,无信号,向下,无信号,客观缠论信号为无信号，60分钟笔方向向下，中枢震荡，观望,129.60,126.70,134.20,-0.4445,-0.4131,否
2026-05-12 14:50:17,观望,否,警戒,hk01024,快手,53.00,安全,二买,向上,无信号,客观缠论信号为二买，60分钟笔方向向上，中枢震荡，观望,56.95,44.22,52.65,0.2687,0.4375,否
2026-05-12 14:50:17,二卖,否,警戒,hk06618,京东健康,45.60,日线破位,二卖+二买,向上,底背驰,客观缠论信号为二卖、二买，60分钟笔方向向上（冲顶模式），因此实际交易动作是二卖（笔方向向上时优先卖点）,46.16,46.10,45.88,-0.0684,-0.0186,否
2026-05-12 14:50:17,观望,否,警戒,hk06862,海底捞,15.11,日线破位,二买,向上,无信号,客观缠论信号为二买，60分钟笔方向向上，中枢震荡，观望,15.27,15.31,15.21,0.0292,0.0626,否

2026-05-12 15:13:29,二买,是,警戒,603317,天味食品,16.14,安全,二卖+二买,向下,无信号,客观缠论信号为二卖、二买，60分钟笔方向向下（寻底模式），因此实际交易动作是二买（笔方向向下时优先买点）,12.56,12.98,16.31,0.0334,0.0136,否
2026-05-12 15:13:29,二买,是,警戒,600660,福耀玻璃,59.45,安全,二买,向下,无信号,客观缠论信号为二买，60分钟笔方向向下（寻底模式），因此实际交易动作是二买（笔方向向下时优先买点）,58.98,58.50,60.80,-0.0459,-0.0677,否
2026-05-12 15:13:29,观望,是,警戒,600938,中国海油,36.19,安全,无信号,向下,无信号,客观缠论信号为无信号，60分钟笔方向向下，中枢震荡，观望,34.06,35.29,37.85,-0.0641,-0.0737,否
2026-05-12 15:13:29,二买,是,警戒,600895,张江高科,37.65,安全,二买,向下,无信号,客观缠论信号为二买，60分钟笔方向向下（寻底模式），因此实际交易动作是二买（笔方向向下时优先买点）,33.37,36.90,38.17,-0.1365,-0.1262,否
2026-05-12 15:13:29,二买,是,警戒,000429,粤高速A,13.07,安全,二买,向下,无信号,客观缠论信号为二买，60分钟笔方向向下（寻底模式），因此实际交易动作是二买（笔方向向下时优先买点）,12.71,12.58,13.12,0.0778,0.0792,否
2026-05-12 15:13:29,观望,是,警戒,hk01810,小米集团,31.46,安全,二买,向上,无信号,客观缠论信号为二买，60分钟笔方向向上，中枢震荡，观望,32.78,30.26,31.92,-0.0554,-0.0182,否
2026-05-12 15:13:29,观望,是,警戒,513130,恒生科技ETF,0.63,安全,二买,向上,无信号,客观缠论信号为二买，60分钟笔方向向上，中枢震荡，观望,0.61,0.61,0.64,-0.0008,-0.0003,否
2026-05-12 15:13:29,二买,是,警戒,515790,光伏ETF,1.12,安全,二买,向下,无信号,客观缠论信号为二买，60分钟笔方向向下（寻底模式），因此实际交易动作是二买（笔方向向下时优先买点）,1.08,1.10,1.09,0.0022,0.0032,否
2026-05-12 15:13:29,一卖,否,警戒,sh000001,上证指数,4214.49,安全,一卖+二买,向上,无信号,客观缠论信号为一卖、二买，60分钟笔方向向上（冲顶模式），因此实际交易动作是一卖（趋势顶背驰卖出）,4101.83,4079.77,4092.83,2.3665,4.2482,否
2026-05-12 15:13:29,观望,否,警戒,510300,沪深300ETF,4.96,安全,无信号,向上,无信号,客观缠论信号为无信号，60分钟笔方向向上，中枢震荡，观望,4.68,4.75,4.91,0.0067,0.0095,否
2026-05-12 15:13:29,二买,否,警戒,588000,科创50ETF,1.82,安全,二买,向下,无信号,客观缠论信号为二买，60分钟笔方向向下（寻底模式），因此实际交易动作是二买（笔方向向下时优先买点）,1.55,1.55,1.77,0.0085,0.0103,否
2026-05-12 15:13:29,观望,否,警戒,512400,有色金属ETF,2.19,安全,二买,向上,底背驰,客观缠论信号为二买，60分钟笔方向向上，中枢震荡，观望,2.10,2.17,2.23,-0.0031,-0.0016,否
2026-05-12 15:13:29,二卖,否,警戒,512690,酒ETF,0.47,日线破位,二卖,向上,无信号,客观缠论信号为二卖，60分钟笔方向向上（冲顶模式），因此实际交易动作是二卖（笔方向向上时优先卖点）,0.48,0.48,0.48,-0.0018,-0.0017,否
2026-05-12 15:13:29,二买,否,警戒,159227,航空航天ETF,1.37,日线破位,二买,向下,无信号,客观缠论信号为二买，60分钟笔方向向下（寻底模式），因此实际交易动作是二买（笔方向向下时优先买点）,1.43,1.41,1.37,-0.0014,-0.0015,否
2026-05-12 15:13:29,二买,否,警戒,159992,创新药ETF,0.84,安全,二买,向下,无信号,客观缠论信号为二买，60分钟笔方向向下（寻底模式），因此实际交易动作是二买（笔方向向下时优先买点）,0.81,0.83,0.84,0.0017,0.0021,否
2026-05-12 15:13:29,观望,否,警戒,515050,通信ETF,3.33,安全,二买,向上,无信号,客观缠论信号为二买，60分钟笔方向向上，中枢震荡，观望,2.30,2.33,3.01,0.0216,0.0268,否
2026-05-12 15:13:29,观望,否,警戒,159915,创业板ETF,3.94,安全,二买,向上,无信号,客观缠论信号为二买，60分钟笔方向向上，中枢震荡，观望,3.25,3.27,3.82,0.0134,0.0178,否
2026-05-12 15:13:29,观望,否,警戒,588200,科创芯片ETF,3.47,安全,无信号,向上,无信号,客观缠论信号为无信号，60分钟笔方向向上，中枢震荡，观望,2.41,2.65,3.34,0.0252,0.0295,否
2026-05-12 15:13:29,观望,否,警戒,159755,电池ETF,1.21,安全,一卖+二卖,向下,无信号,客观缠论信号为一卖、二卖，60分钟笔方向向下，中枢震荡，观望,1.03,1.17,1.22,-0.0059,-0.0070,否
2026-05-12 15:13:29,观望,否,警戒,159899,软件ETF,0.87,日线破位,二买,向上,无信号,客观缠论信号为二买，60分钟笔方向向上，中枢震荡，观望,0.87,0.89,0.87,-0.0037,-0.0032,否
2026-05-12 15:13:29,观望,否,警戒,513360,教育ETF,0.50,安全,二买,向上,无信号,客观缠论信号为二买，60分钟笔方向向上，中枢震荡，观望,0.49,0.50,0.50,-0.0006,-0.0007,否
2026-05-12 15:13:29,观望,否,警戒,601668,中国建筑,4.99,安全,二买,向上,无信号,客观缠论信号为二买，60分钟笔方向向上，中枢震荡，观望,5.00,4.91,4.99,0.0076,0.0127,否
2026-05-12 15:13:29,二卖,否,警戒,601288,农业银行,6.78,安全,二卖,向上,无信号,客观缠论信号为二卖，60分钟笔方向向上（冲顶模式），因此实际交易动作是二卖（笔方向向上时优先卖点）,6.53,6.53,6.85,-0.0100,-0.0090,否
2026-05-12 15:13:29,观望,否,警戒,601728,中国电信,6.12,安全,二买,向上,顶背驰,客观缠论信号为二买，60分钟笔方向向上，中枢震荡，观望,6.24,5.91,6.11,0.0096,0.0190,否
2026-05-12 15:13:29,三卖,否,警戒,600276,恒瑞医药,56.11,安全,三卖,向上,无信号,客观缠论信号为三卖，60分钟笔方向向上（冲顶模式），因此实际交易动作是三卖（跌破反抽卖出）,52.67,52.41,56.75,0.7888,0.6634,否
2026-05-12 15:13:29,二卖,否,警戒,600177,雅戈尔,7.76,安全,二卖+二买,向上,无信号,客观缠论信号为二卖、二买，60分钟笔方向向上（冲顶模式），因此实际交易动作是二卖（笔方向向上时优先卖点）,7.66,7.50,7.88,-0.0110,-0.0087,否
2026-05-12 15:13:29,观望,否,警戒,600887,伊利股份,28.01,安全,二买,向上,无信号,客观缠论信号为二买，60分钟笔方向向上，中枢震荡，观望,27.75,27.36,27.83,0.0258,0.0523,否
2026-05-12 15:13:29,二买,否,警戒,601138,工业富联,64.40,安全,二买,向下,无信号,客观缠论信号为二买，60分钟笔方向向下（寻底模式），因此实际交易动作是二买（笔方向向下时优先买点）,62.70,63.20,64.59,-0.0490,-0.0246,否
2026-05-12 15:13:29,一卖,否,警戒,688041,海光信息,349.19,安全,一卖+二买,向上,无信号,客观缠论信号为一卖、二买，60分钟笔方向向上（冲顶模式），因此实际交易动作是一卖（趋势顶背驰卖出）,246.00,271.06,355.50,2.4157,2.9616,否
2026-05-12 15:13:29,观望,否,警戒,688981,中芯国际,121.98,安全,二买,向上,无信号,客观缠论信号为二买，60分钟笔方向向上，中枢震荡，观望,124.60,115.74,124.57,-0.2351,-0.2440,否
2026-05-12 15:13:29,二卖,否,警戒,601225,陕西煤业,23.79,安全,二卖,向上,无信号,客观缠论信号为二卖，60分钟笔方向向上（冲顶模式），因此实际交易动作是二卖（笔方向向上时优先卖点）,22.32,22.30,24.11,-0.0344,-0.0416,否
2026-05-12 15:13:29,二卖,否,警戒,600900,长江电力,27.04,安全,二卖,向上,无信号,客观缠论信号为二卖，60分钟笔方向向上（冲顶模式），因此实际交易动作是二卖（笔方向向上时优先卖点）,26.66,26.60,27.10,-0.0031,0.0029,否
2026-05-12 15:13:29,观望,否,警戒,300274,阳光电源,139.85,安全,二买,向上,无信号,客观缠论信号为二买，60分钟笔方向向上，中枢震荡，观望,136.10,142.08,142.38,-0.7254,-0.4085,否
2026-05-12 15:13:29,观望,否,警戒,002821,凯莱英,128.89,安全,二买,向上,无信号,客观缠论信号为二买，60分钟笔方向向上，中枢震荡，观望,105.91,120.80,131.29,0.4504,0.7466,否
2026-05-12 15:13:29,二卖,否,警戒,002507,涪陵榨菜,12.31,安全,二卖,向上,无信号,客观缠论信号为二卖，60分钟笔方向向上（冲顶模式），因此实际交易动作是二卖（笔方向向上时优先卖点）,12.32,12.28,12.33,-0.0269,-0.0292,否
2026-05-12 15:13:29,二卖,否,警戒,000338,潍柴动力,32.70,安全,二卖+二买,向上,无信号,客观缠论信号为二卖、二买，60分钟笔方向向上（冲顶模式），因此实际交易动作是二卖（笔方向向上时优先卖点）,25.92,23.75,33.85,-0.1994,-0.2062,否
2026-05-12 15:13:29,二卖,否,警戒,000538,云南白药,51.81,日线破位,二卖,向上,无信号,客观缠论信号为二卖，60分钟笔方向向上（冲顶模式），因此实际交易动作是二卖（笔方向向上时优先卖点）,55.40,54.40,52.89,-0.0827,-0.0323,否
2026-05-12 15:13:29,观望,否,警戒,000858,五粮液,90.56,日线破位,二卖,向下,无信号,客观缠论信号为二卖，60分钟笔方向向下，中枢震荡，观望,101.59,101.08,91.95,-0.3285,-0.3511,否
2026-05-12 15:13:29,观望,否,警戒,000423,东阿阿胶,53.18,安全,二卖,向下,无信号,客观缠论信号为二卖，60分钟笔方向向下，中枢震荡，观望,53.51,52.11,54.10,-0.1409,-0.1335,否
2026-05-12 15:13:29,观望,否,警戒,000333,美的集团,80.09,安全,二买,向上,底背驰,客观缠论信号为二买，60分钟笔方向向上，中枢震荡，观望,79.17,78.91,80.89,-0.2080,-0.1534,否
2026-05-12 15:13:29,二卖,否,警戒,000001,平安银行,11.25,安全,二卖,向上,无信号,客观缠论信号为二卖，60分钟笔方向向上（冲顶模式），因此实际交易动作是二卖（笔方向向上时优先卖点）,11.30,11.03,11.39,-0.0114,-0.0122,否
2026-05-12 15:13:29,观望,否,警戒,000651,格力电器,40.34,安全,二买,向上,无信号,客观缠论信号为二买，60分钟笔方向向上，中枢震荡，观望,40.28,40.10,40.19,-0.0010,0.0257,否
2026-05-12 15:13:29,二卖,否,警戒,000895,双汇发展,26.85,安全,二卖,向上,无信号,客观缠论信号为二卖，60分钟笔方向向上（冲顶模式），因此实际交易动作是二卖（笔方向向上时优先卖点）,26.77,26.51,27.43,-0.0520,-0.0401,否
2026-05-12 15:13:29,二卖,否,警戒,002415,海康威视,34.56,安全,二卖+二买,向上,无信号,客观缠论信号为二卖、二买，60分钟笔方向向上（冲顶模式），因此实际交易动作是二卖（笔方向向上时优先卖点）,31.96,33.30,36.35,-0.2665,-0.2500,否
2026-05-12 15:13:29,观望,否,警戒,hk03690,美团,84.40,安全,无信号,向上,无信号,客观缠论信号为无信号，60分钟笔方向向上，中枢震荡，观望,83.75,82.15,84.60,0.1098,0.2000,否
2026-05-12 15:13:29,二买,否,警戒,hk03896,金山云,8.02,安全,二卖+二买,向下,无信号,客观缠论信号为二卖、二买，60分钟笔方向向下（寻底模式），因此实际交易动作是二买（笔方向向下时优先买点）,7.86,7.80,8.39,-0.1005,-0.0927,否
2026-05-12 15:13:29,观望,否,警戒,hk00700,腾讯,458.80,日线破位,二卖,向下,无信号,客观缠论信号为二卖，60分钟笔方向向下，中枢震荡，观望,494.60,486.20,474.40,-1.6967,-1.4473,否
2026-05-12 15:13:29,观望,否,警戒,hk09988,阿里巴巴,133.50,安全,无信号,向下,无信号,客观缠论信号为无信号，60分钟笔方向向下，中枢震荡，观望,129.60,126.70,134.20,-0.4445,-0.4131,否
2026-05-12 15:13:29,观望,否,警戒,hk01024,快手,53.00,安全,二买,向上,无信号,客观缠论信号为二买，60分钟笔方向向上，中枢震荡，观望,56.95,44.22,52.65,0.2687,0.4375,否
2026-05-12 15:13:29,二卖,否,警戒,hk06618,京东健康,45.60,日线破位,二卖+二买,向上,底背驰,客观缠论信号为二卖、二买，60分钟笔方向向上（冲顶模式），因此实际交易动作是二卖（笔方向向上时优先卖点）,46.16,46.10,45.88,-0.0684,-0.0186,否
2026-05-12 15:13:29,观望,否,警戒,hk06862,海底捞,15.12,日线破位,二买,向上,无信号,客观缠论信号为二买，60分钟笔方向向上，中枢震荡，观望,15.27,15.31,15.21,0.0172,0.0312,否

2026-05-12 16:15:32,二买,是,警戒,603317,天味食品,16.14,安全,二卖+二买,向下,无信号,客观缠论信号为二卖、二买，60分钟笔方向向下（寻底模式），因此实际交易动作是二买（笔方向向下时优先买点）,12.56,12.98,16.31,0.0334,0.0136,否
2026-05-12 16:15:32,二买,是,警戒,600660,福耀玻璃,59.45,安全,二买,向下,无信号,客观缠论信号为二买，60分钟笔方向向下（寻底模式），因此实际交易动作是二买（笔方向向下时优先买点）,60.10,56.86,60.80,-0.0459,-0.0677,否
2026-05-12 16:15:32,观望,是,警戒,600938,中国海油,36.19,安全,无信号,向下,无信号,客观缠论信号为无信号，60分钟笔方向向下，中枢震荡，观望,34.06,35.29,37.85,-0.0641,-0.0737,否
2026-05-12 16:15:32,二买,是,警戒,600895,张江高科,37.65,安全,二买,向下,无信号,客观缠论信号为二买，60分钟笔方向向下（寻底模式），因此实际交易动作是二买（笔方向向下时优先买点）,36.21,37.25,38.17,-0.1365,-0.1262,否
2026-05-12 16:15:32,二买,是,警戒,000429,粤高速A,13.07,安全,二买,向下,无信号,客观缠论信号为二买，60分钟笔方向向下（寻底模式），因此实际交易动作是二买（笔方向向下时优先买点）,12.70,12.48,13.12,0.0778,0.0792,否
2026-05-12 16:15:32,观望,是,警戒,hk01810,小米集团,31.46,安全,二买,向上,无信号,客观缠论信号为二买，60分钟笔方向向上，中枢震荡，观望,32.78,30.26,31.92,-0.0554,-0.0182,否
2026-05-12 16:15:32,观望,是,警戒,513130,恒生科技ETF,0.63,安全,二买,向上,无信号,客观缠论信号为二买，60分钟笔方向向上，中枢震荡，观望,0.61,0.61,0.64,-0.0008,-0.0003,否
2026-05-12 16:15:32,二买,是,警戒,515790,光伏ETF,1.12,安全,二买,向下,无信号,客观缠论信号为二买，60分钟笔方向向下（寻底模式），因此实际交易动作是二买（笔方向向下时优先买点）,1.08,1.10,1.09,0.0022,0.0032,否
2026-05-12 16:15:32,一卖,否,警戒,sh000001,上证指数,4214.49,安全,一卖+二买,向上,无信号,客观缠论信号为一卖、二买，60分钟笔方向向上（冲顶模式），因此实际交易动作是一卖（趋势顶背驰卖出）,4101.83,4079.77,4092.83,2.3665,4.2482,否
2026-05-12 16:15:32,观望,否,警戒,510300,沪深300ETF,4.96,安全,无信号,向上,无信号,客观缠论信号为无信号，60分钟笔方向向上，中枢震荡，观望,4.68,4.75,4.91,0.0067,0.0095,否
2026-05-12 16:15:32,二买,否,警戒,588000,科创50ETF,1.82,安全,二买,向下,无信号,客观缠论信号为二买，60分钟笔方向向下（寻底模式），因此实际交易动作是二买（笔方向向下时优先买点）,1.55,1.55,1.77,0.0085,0.0103,否
2026-05-12 16:15:32,观望,否,警戒,512400,有色金属ETF,2.19,安全,二买,向上,底背驰,客观缠论信号为二买，60分钟笔方向向上，中枢震荡，观望,2.10,2.17,2.23,-0.0031,-0.0016,否
2026-05-12 16:15:32,二卖,否,警戒,512690,酒ETF,0.47,日线破位,二卖,向上,无信号,客观缠论信号为二卖，60分钟笔方向向上（冲顶模式），因此实际交易动作是二卖（笔方向向上时优先卖点）,0.48,0.48,0.48,-0.0018,-0.0017,否
2026-05-12 16:15:32,二买,否,警戒,159227,航空航天ETF,1.37,安全,二买,向下,无信号,客观缠论信号为二买，60分钟笔方向向下（寻底模式），因此实际交易动作是二买（笔方向向下时优先买点）,1.41,1.30,1.37,-0.0014,-0.0015,否
2026-05-12 16:15:32,二买,否,警戒,159992,创新药ETF,0.84,安全,二买,向下,无信号,客观缠论信号为二买，60分钟笔方向向下（寻底模式），因此实际交易动作是二买（笔方向向下时优先买点）,0.83,0.83,0.84,0.0017,0.0021,否
2026-05-12 16:15:32,观望,否,警戒,515050,通信ETF,3.33,安全,二买,向上,无信号,客观缠论信号为二买，60分钟笔方向向上，中枢震荡，观望,2.30,2.33,3.01,0.0216,0.0268,否
2026-05-12 16:15:32,观望,否,警戒,159915,创业板ETF,3.94,安全,二买,向上,无信号,客观缠论信号为二买，60分钟笔方向向上，中枢震荡，观望,3.25,3.27,3.82,0.0134,0.0178,否
2026-05-12 16:15:32,观望,否,警戒,588200,科创芯片ETF,3.47,安全,无信号,向上,无信号,客观缠论信号为无信号，60分钟笔方向向上，中枢震荡，观望,2.41,2.65,3.34,0.0252,0.0295,否
2026-05-12 16:15:32,观望,否,警戒,159755,电池ETF,1.21,安全,一卖+二卖,向下,无信号,客观缠论信号为一卖、二卖，60分钟笔方向向下，中枢震荡，观望,1.03,1.17,1.22,-0.0059,-0.0070,否
2026-05-12 16:15:32,观望,否,警戒,159899,软件ETF,0.87,安全,二买,向上,无信号,客观缠论信号为二买，60分钟笔方向向上，中枢震荡，观望,0.87,0.85,0.87,-0.0037,-0.0032,否
2026-05-12 16:15:32,观望,否,警戒,513360,教育ETF,0.50,安全,二买,向上,无信号,客观缠论信号为二买，60分钟笔方向向上，中枢震荡，观望,0.49,0.50,0.50,-0.0006,-0.0007,否
2026-05-12 16:15:32,观望,否,警戒,601668,中国建筑,4.99,安全,二买,向上,无信号,客观缠论信号为二买，60分钟笔方向向上，中枢震荡，观望,4.99,4.91,4.99,0.0076,0.0127,否
2026-05-12 16:15:32,二卖,否,警戒,601288,农业银行,6.78,安全,二卖,向上,无信号,客观缠论信号为二卖，60分钟笔方向向上（冲顶模式），因此实际交易动作是二卖（笔方向向上时优先卖点）,6.53,6.53,6.85,-0.0100,-0.0090,否
2026-05-12 16:15:32,观望,否,警戒,601728,中国电信,6.12,安全,二买,向上,顶背驰,客观缠论信号为二买，60分钟笔方向向上，中枢震荡，观望,5.75,5.76,6.11,0.0096,0.0190,否
2026-05-12 16:15:32,三卖,否,警戒,600276,恒瑞医药,56.11,安全,三卖,向上,无信号,客观缠论信号为三卖，60分钟笔方向向上（冲顶模式），因此实际交易动作是三卖（跌破反抽卖出）,52.67,55.00,56.75,0.7888,0.6634,否
2026-05-12 16:15:32,二卖,否,警戒,600177,雅戈尔,7.76,安全,二卖+二买,向上,无信号,客观缠论信号为二卖、二买，60分钟笔方向向上（冲顶模式），因此实际交易动作是二卖（笔方向向上时优先卖点）,7.50,7.63,7.88,-0.0110,-0.0087,否
2026-05-12 16:15:32,观望,否,警戒,600887,伊利股份,28.01,安全,二买,向上,无信号,客观缠论信号为二买，60分钟笔方向向上，中枢震荡，观望,27.75,27.36,27.83,0.0258,0.0523,否
2026-05-12 16:15:32,二买,否,警戒,601138,工业富联,64.40,安全,二买,向下,无信号,客观缠论信号为二买，60分钟笔方向向下（寻底模式），因此实际交易动作是二买（笔方向向下时优先买点）,62.70,61.86,64.59,-0.0490,-0.0246,否
2026-05-12 16:15:32,一卖,否,警戒,688041,海光信息,349.19,安全,一卖+二买,向上,无信号,客观缠论信号为一卖、二买，60分钟笔方向向上（冲顶模式），因此实际交易动作是一卖（趋势顶背驰卖出）,246.00,271.06,355.50,2.4157,2.9616,否
2026-05-12 16:15:32,观望,否,警戒,688981,中芯国际,121.98,安全,二买,向上,无信号,客观缠论信号为二买，60分钟笔方向向上，中枢震荡，观望,124.60,115.74,124.57,-0.2351,-0.2440,否
2026-05-12 16:15:32,二卖,否,警戒,601225,陕西煤业,23.79,安全,二卖,向上,无信号,客观缠论信号为二卖，60分钟笔方向向上（冲顶模式），因此实际交易动作是二卖（笔方向向上时优先卖点）,22.32,22.30,24.11,-0.0344,-0.0416,否
2026-05-12 16:15:32,二卖,否,警戒,600900,长江电力,27.04,安全,二卖,向上,无信号,客观缠论信号为二卖，60分钟笔方向向上（冲顶模式），因此实际交易动作是二卖（笔方向向上时优先卖点）,26.66,26.90,27.10,-0.0031,0.0029,否
2026-05-12 16:15:32,观望,否,警戒,300274,阳光电源,139.85,安全,二买,向上,无信号,客观缠论信号为二买，60分钟笔方向向上，中枢震荡，观望,136.10,131.36,142.38,-0.7254,-0.4085,否
2026-05-12 16:15:32,观望,否,警戒,002821,凯莱英,128.89,安全,二买,向上,无信号,客观缠论信号为二买，60分钟笔方向向上，中枢震荡，观望,105.91,120.80,131.29,0.4504,0.7466,否
2026-05-12 16:15:32,二卖,否,警戒,002507,涪陵榨菜,12.31,安全,二卖,向上,无信号,客观缠论信号为二卖，60分钟笔方向向上（冲顶模式），因此实际交易动作是二卖（笔方向向上时优先卖点）,12.23,12.28,12.33,-0.0269,-0.0292,否
2026-05-12 16:15:32,二卖,否,警戒,000338,潍柴动力,32.70,安全,二卖+二买,向上,无信号,客观缠论信号为二卖、二买，60分钟笔方向向上（冲顶模式），因此实际交易动作是二卖（笔方向向上时优先卖点）,25.92,23.75,33.85,-0.1994,-0.2062,否
2026-05-12 16:15:32,二卖,否,警戒,000538,云南白药,51.81,日线破位,二卖,向上,无信号,客观缠论信号为二卖，60分钟笔方向向上（冲顶模式），因此实际交易动作是二卖（笔方向向上时优先卖点）,55.40,54.40,52.89,-0.0827,-0.0323,否
2026-05-12 16:15:32,观望,否,警戒,000858,五粮液,90.56,日线破位,二卖,向下,无信号,客观缠论信号为二卖，60分钟笔方向向下，中枢震荡，观望,101.59,101.08,91.95,-0.3285,-0.3511,否
2026-05-12 16:15:32,观望,否,警戒,000423,东阿阿胶,53.18,安全,二卖,向下,无信号,客观缠论信号为二卖，60分钟笔方向向下，中枢震荡，观望,51.71,52.11,54.10,-0.1409,-0.1335,否
2026-05-12 16:15:32,观望,否,警戒,000333,美的集团,80.09,安全,二买,向上,底背驰,客观缠论信号为二买，60分钟笔方向向上，中枢震荡，观望,79.18,78.91,80.89,-0.2080,-0.1534,否
2026-05-12 16:15:32,二卖,否,警戒,000001,平安银行,11.25,安全,二卖,向上,无信号,客观缠论信号为二卖，60分钟笔方向向上（冲顶模式），因此实际交易动作是二卖（笔方向向上时优先卖点）,11.30,11.03,11.39,-0.0114,-0.0122,否
2026-05-12 16:15:32,观望,否,警戒,000651,格力电器,40.34,安全,二买,向上,无信号,客观缠论信号为二买，60分钟笔方向向上，中枢震荡，观望,40.28,40.10,40.19,-0.0010,0.0257,否
2026-05-12 16:15:32,二卖,否,警戒,000895,双汇发展,26.85,安全,二卖,向上,无信号,客观缠论信号为二卖，60分钟笔方向向上（冲顶模式），因此实际交易动作是二卖（笔方向向上时优先卖点）,26.66,26.51,27.43,-0.0520,-0.0401,否
2026-05-12 16:15:32,二卖,否,警戒,002415,海康威视,34.56,安全,二卖+二买,向上,无信号,客观缠论信号为二卖、二买，60分钟笔方向向上（冲顶模式），因此实际交易动作是二卖（笔方向向上时优先卖点）,31.96,33.30,36.35,-0.2665,-0.2500,否
2026-05-12 16:15:32,观望,否,警戒,hk03690,美团,84.40,安全,无信号,向上,无信号,客观缠论信号为无信号，60分钟笔方向向上，中枢震荡，观望,83.75,82.15,84.60,0.1098,0.2000,否
2026-05-12 16:15:32,二买,否,警戒,hk03896,金山云,8.02,安全,二卖+二买,向下,无信号,客观缠论信号为二卖、二买，60分钟笔方向向下（寻底模式），因此实际交易动作是二买（笔方向向下时优先买点）,7.86,7.80,8.39,-0.1005,-0.0927,否
2026-05-12 16:15:32,观望,否,警戒,hk00700,腾讯,458.80,日线破位,二卖,向下,无信号,客观缠论信号为二卖，60分钟笔方向向下，中枢震荡，观望,494.60,486.20,474.40,-1.6967,-1.4473,否
2026-05-12 16:15:32,观望,否,警戒,hk09988,阿里巴巴,133.50,安全,无信号,向下,无信号,客观缠论信号为无信号，60分钟笔方向向下，中枢震荡，观望,129.60,126.70,134.20,-0.4445,-0.4131,否
2026-05-12 16:15:32,观望,否,警戒,hk01024,快手,53.00,安全,二买,向上,无信号,客观缠论信号为二买，60分钟笔方向向上，中枢震荡，观望,56.95,44.22,52.65,0.2687,0.4375,否
2026-05-12 16:15:32,二卖,否,警戒,hk06618,京东健康,45.60,日线破位,二卖+二买,向上,底背驰,客观缠论信号为二卖、二买，60分钟笔方向向上（冲顶模式），因此实际交易动作是二卖（笔方向向上时优先卖点）,46.16,46.10,45.88,-0.0684,-0.0186,否
2026-05-12 16:15:32,观望,否,警戒,hk06862,海底捞,15.12,日线破位,二买,向上,无信号,客观缠论信号为二买，60分钟笔方向向上，中枢震荡，观望,15.27,15.31,15.21,0.0172,0.0312,否

2026-05-13 10:53:08,二买,是,安全,603317,天味食品,15.99,安全,二卖+二买,向下,无信号,客观缠论信号为二卖、二买，60分钟笔方向向下（寻底模式），因此实际交易动作是二买（笔方向向下时优先买点）,12.56,12.98,16.31,0.0166,0.0239,否
2026-05-13 10:53:08,二买,是,安全,600660,福耀玻璃,57.38,安全,二买,向下,无信号,客观缠论信号为二买，60分钟笔方向向下（寻底模式），因此实际交易动作是二买（笔方向向下时优先买点）,60.10,56.86,60.80,-0.5156,-0.3048,否
2026-05-13 10:53:08,二买,是,安全,600895,张江高科,36.80,安全,二买,向下,底背驰,客观缠论信号为二买，60分钟笔方向向下（寻底模式），因此实际交易动作是二买（笔方向向下时优先买点）,36.21,37.25,38.17,-0.3165,-0.2344,否
2026-05-13 10:53:08,二买,是,安全,000429,粤高速A,13.27,安全,二买,向下,无信号,客观缠论信号为二买，60分钟笔方向向下（寻底模式），因此实际交易动作是二买（笔方向向下时优先买点）,12.70,12.48,13.12,0.1070,0.0914,否
2026-05-13 10:53:08,观望,是,安全,hk01810,小米集团,31.46,安全,二买,向上,无信号,客观缠论信号为二买，60分钟笔方向向上，中枢震荡，观望,32.78,30.26,31.92,-0.0554,-0.0182,否
2026-05-13 10:53:08,观望,是,安全,513130,恒生科技ETF,0.63,安全,二买,向上,无信号,客观缠论信号为二买，60分钟笔方向向上，中枢震荡，观望,0.61,0.61,0.64,-0.0008,-0.0003,否
2026-05-13 10:53:08,观望,否,安全,sh000001,上证指数,4214.49,安全,二买,向上,无信号,客观缠论信号为二买，60分钟笔方向向上，中枢震荡，观望,4101.83,4079.77,4092.83,2.3665,4.2482,否
2026-05-13 10:53:08,观望,否,安全,510300,沪深300ETF,4.96,安全,无信号,向上,无信号,客观缠论信号为无信号，60分钟笔方向向上，中枢震荡，观望,4.68,4.75,4.91,0.0067,0.0095,否
2026-05-13 10:53:08,二买,否,安全,588000,科创50ETF,1.82,安全,二买,向下,无信号,客观缠论信号为二买，60分钟笔方向向下（寻底模式），因此实际交易动作是二买（笔方向向下时优先买点）,1.55,1.55,1.77,0.0085,0.0103,否
2026-05-13 10:53:08,观望,否,安全,512400,有色金属ETF,2.21,安全,二买,向上,无信号,客观缠论信号为二买，60分钟笔方向向上，中枢震荡，观望,2.10,2.17,2.23,0.0028,0.0004,否
2026-05-13 10:53:08,二卖,否,安全,512690,酒ETF,0.46,日线破位,二卖,向上,无信号,客观缠论信号为二卖，60分钟笔方向向上（冲顶模式），因此实际交易动作是二卖（笔方向向上时优先卖点）,0.48,0.48,0.48,-0.0027,-0.0021,否
2026-05-13 10:53:08,二买,否,安全,159227,航空航天ETF,1.37,安全,二买,向下,底背驰,客观缠论信号为二买，60分钟笔方向向下（寻底模式），因此实际交易动作是二买（笔方向向下时优先买点）,1.41,1.30,1.37,-0.0017,-0.0022,否
2026-05-13 10:53:08,二买,否,安全,159992,创新药ETF,0.83,安全,二买,向下,无信号,客观缠论信号为二买，60分钟笔方向向下（寻底模式），因此实际交易动作是二买（笔方向向下时优先买点）,0.83,0.83,0.84,-0.0019,0.0000,否
2026-05-13 10:53:08,观望,否,安全,515050,通信ETF,1.13,日线破位,二买,向上,无信号,客观缠论信号为二买，60分钟笔方向向上，中枢震荡，观望,2.30,2.33,3.01,-0.5282,-0.2665,否
2026-05-13 10:53:08,观望,否,安全,159915,创业板ETF,3.94,安全,二买,向上,无信号,客观缠论信号为二买，60分钟笔方向向上，中枢震荡，观望,3.25,3.27,3.82,0.0134,0.0178,否
2026-05-13 10:53:08,观望,否,安全,588200,科创芯片ETF,3.47,安全,无信号,向上,无信号,客观缠论信号为无信号，60分钟笔方向向上，中枢震荡，观望,2.41,2.65,3.34,0.0252,0.0295,否
2026-05-13 10:53:08,观望,否,安全,159755,电池ETF,1.21,安全,一卖+二卖,向下,无信号,客观缠论信号为一卖、二卖，60分钟笔方向向下，中枢震荡，观望,1.03,1.17,1.22,-0.0059,-0.0070,否
2026-05-13 10:53:08,观望,否,安全,159899,软件ETF,0.86,安全,二买,向上,底背驰,客观缠论信号为二买，60分钟笔方向向上，中枢震荡，观望,0.87,0.85,0.87,-0.0046,-0.0042,否
2026-05-13 10:53:08,观望,否,安全,513360,教育ETF,0.50,安全,二买,向上,无信号,客观缠论信号为二买，60分钟笔方向向上，中枢震荡，观望,0.49,0.50,0.50,-0.0005,-0.0006,否
2026-05-13 10:53:08,二买,否,安全,515790,光伏ETF,1.14,安全,二买,向下,无信号,客观缠论信号为二买，60分钟笔方向向下（寻底模式），因此实际交易动作是二买（笔方向向下时优先买点）,1.08,1.10,1.09,0.0046,0.0036,否
2026-05-13 10:53:08,观望,否,安全,600938,中国海油,36.44,安全,无信号,向下,无信号,客观缠论信号为无信号，60分钟笔方向向下，中枢震荡，观望,34.06,35.29,37.85,0.0279,-0.0187,否
2026-05-13 10:53:08,观望,否,安全,601668,中国建筑,4.97,安全,二买,向上,无信号,客观缠论信号为二买，60分钟笔方向向上，中枢震荡，观望,4.99,4.91,4.99,0.0000,0.0063,否
2026-05-13 10:53:08,二卖,否,安全,601288,农业银行,6.68,安全,二卖,向上,底背驰,客观缠论信号为二卖，60分钟笔方向向上（冲顶模式），因此实际交易动作是二卖（笔方向向上时优先卖点）,6.53,6.53,6.85,-0.0348,-0.0225,否
2026-05-13 10:53:08,观望,否,安全,601728,中国电信,6.11,安全,二买,向上,无信号,客观缠论信号为二买，60分钟笔方向向上，中枢震荡，观望,5.75,5.76,6.11,0.0038,0.0104,否
2026-05-13 10:53:08,三卖,否,安全,600276,恒瑞医药,55.86,安全,三卖,向上,顶背驰,客观缠论信号为三卖，60分钟笔方向向上（冲顶模式），因此实际交易动作是三卖（跌破反抽卖出）,52.67,55.00,56.75,0.6593,0.6981,否
2026-05-13 10:53:08,二卖,否,安全,600177,雅戈尔,7.75,安全,二卖+二买,向上,无信号,客观缠论信号为二卖、二买，60分钟笔方向向上（冲顶模式），因此实际交易动作是二卖（笔方向向上时优先卖点）,7.50,7.63,7.88,-0.0187,-0.0147,否
2026-05-13 10:53:08,观望,否,安全,600887,伊利股份,27.69,安全,二买,向上,无信号,客观缠论信号为二买，60分钟笔方向向上，中枢震荡，观望,27.75,27.36,27.83,-0.0434,0.0036,否
2026-05-13 10:53:08,二买,否,安全,601138,工业富联,69.97,安全,二买,向下,无信号,客观缠论信号为二买，60分钟笔方向向下（寻底模式），因此实际交易动作是二买（笔方向向下时优先买点）,62.70,61.86,64.59,1.2206,0.5709,否
2026-05-13 10:53:08,一卖,否,安全,688041,海光信息,337.00,安全,一卖+二买,向上,无信号,客观缠论信号为一卖、二买，60分钟笔方向向上（冲顶模式），因此实际交易动作是一卖（趋势顶背驰卖出）,246.00,271.06,355.50,-1.8412,0.2237,否
2026-05-13 10:53:08,观望,否,安全,688981,中芯国际,117.61,安全,二买,向上,无信号,客观缠论信号为二买，60分钟笔方向向上，中枢震荡，观望,124.60,115.74,124.57,-1.2168,-0.7673,否
2026-05-13 10:53:08,二卖,否,安全,601225,陕西煤业,23.64,安全,二卖,向上,无信号,客观缠论信号为二卖，60分钟笔方向向上（冲顶模式），因此实际交易动作是二卖（笔方向向上时优先卖点）,22.32,22.30,24.11,-0.0520,-0.0401,否
2026-05-13 10:53:08,二卖,否,安全,600900,长江电力,27.13,安全,二卖,向上,无信号,客观缠论信号为二卖，60分钟笔方向向上（冲顶模式），因此实际交易动作是二卖（笔方向向上时优先卖点）,26.66,26.90,27.10,0.0281,0.0180,否
2026-05-13 10:53:08,二卖,否,安全,002507,涪陵榨菜,12.30,安全,二卖,向上,无信号,客观缠论信号为二卖，60分钟笔方向向上（冲顶模式），因此实际交易动作是二卖（笔方向向上时优先卖点）,12.23,12.28,12.33,-0.0245,-0.0264,否
2026-05-13 10:53:08,二卖,否,安全,000338,潍柴动力,33.93,安全,二卖+二买,向上,无信号,客观缠论信号为二卖、二买，60分钟笔方向向上（冲顶模式），因此实际交易动作是二卖（笔方向向上时优先卖点）,25.92,23.75,33.85,0.0828,-0.0821,否
2026-05-13 10:53:08,二卖,否,安全,000538,云南白药,51.81,日线破位,二卖,向上,无信号,客观缠论信号为二卖，60分钟笔方向向上（冲顶模式），因此实际交易动作是二卖（笔方向向上时优先卖点）,55.40,54.40,52.89,-0.2101,-0.1352,否
2026-05-13 10:53:08,观望,否,安全,000858,五粮液,89.26,日线破位,二卖,向下,无信号,客观缠论信号为二卖，60分钟笔方向向下，中枢震荡，观望,101.59,101.08,91.95,-0.5048,-0.4054,否
2026-05-13 10:53:08,观望,否,安全,000423,东阿阿胶,52.90,安全,二卖,向下,无信号,客观缠论信号为二卖，60分钟笔方向向下，中枢震荡，观望,51.71,52.11,54.10,-0.1455,-0.1274,否
2026-05-13 10:53:08,观望,否,安全,000333,美的集团,80.02,安全,二买,向上,无信号,客观缠论信号为二买，60分钟笔方向向上，中枢震荡，观望,79.18,78.91,80.89,-0.1227,-0.1296,否
2026-05-13 10:53:08,二卖,否,安全,000001,平安银行,11.17,安全,二卖,向上,无信号,客观缠论信号为二卖，60分钟笔方向向上（冲顶模式），因此实际交易动作是二卖（笔方向向上时优先卖点）,11.30,11.03,11.39,-0.0215,-0.0158,否
2026-05-13 10:53:08,观望,否,安全,000651,格力电器,40.26,安全,二买,向上,无信号,客观缠论信号为二买，60分钟笔方向向上，中枢震荡，观望,40.28,40.10,40.19,-0.0297,-0.0038,否
2026-05-13 10:53:08,二卖,否,安全,000895,双汇发展,26.88,安全,二卖,向上,无信号,客观缠论信号为二卖，60分钟笔方向向上（冲顶模式），因此实际交易动作是二卖（笔方向向上时优先卖点）,26.66,26.51,27.43,-0.0468,-0.0495,否
2026-05-13 10:53:08,二卖,否,安全,002415,海康威视,33.99,安全,二卖+二买,向上,无信号,客观缠论信号为二卖、二买，60分钟笔方向向上（冲顶模式），因此实际交易动作是二卖（笔方向向上时优先卖点）,31.96,33.30,36.35,-0.3754,-0.3144,否
2026-05-13 10:53:08,观望,否,安全,hk03690,美团,84.40,安全,无信号,向上,无信号,客观缠论信号为无信号，60分钟笔方向向上，中枢震荡，观望,83.75,82.15,84.60,0.1098,0.2000,否
2026-05-13 10:53:08,二买,否,安全,hk03896,金山云,8.02,安全,二卖+二买,向下,无信号,客观缠论信号为二卖、二买，60分钟笔方向向下（寻底模式），因此实际交易动作是二买（笔方向向下时优先买点）,6.23,7.80,8.39,-0.1005,-0.0927,否
2026-05-13 10:53:08,二卖,否,安全,hk00700,腾讯,458.80,日线破位,二卖,向上,无信号,客观缠论信号为二卖，60分钟笔方向向上（冲顶模式），因此实际交易动作是二卖（笔方向向上时优先卖点）,494.60,486.20,474.40,-1.6967,-1.4473,否
2026-05-13 10:53:08,观望,否,安全,hk09988,阿里巴巴,131.20,安全,无信号,向下,无信号,客观缠论信号为无信号，60分钟笔方向向下，中枢震荡，观望,129.60,126.70,134.20,-0.9434,-0.7043,否
2026-05-13 10:53:08,观望,否,安全,hk01024,快手,53.00,安全,二买,向上,无信号,客观缠论信号为二买，60分钟笔方向向上，中枢震荡，观望,56.95,51.00,52.65,0.2687,0.4375,否
2026-05-13 10:53:08,二卖,否,安全,hk06618,京东健康,47.50,安全,二卖+二买,向上,无信号,客观缠论信号为二卖、二买，60分钟笔方向向上（冲顶模式），因此实际交易动作是二卖（笔方向向上时优先卖点）,46.16,46.10,45.88,0.4591,0.2165,否
2026-05-13 10:53:08,观望,否,安全,hk06862,海底捞,15.12,安全,二买,向上,无信号,客观缠论信号为二买，60分钟笔方向向上，中枢震荡，观望,14.62,14.62,15.21,0.0172,0.0312,否
2026-05-13 10:53:08,二买,否,安全,000800,一汽解放,6.48,安全,二买,向下,无信号,客观缠论信号为二买，60分钟笔方向向下（寻底模式），因此实际交易动作是二买（笔方向向下时优先买点）,6.63,6.46,6.66,-0.0345,-0.0283,否
2026-05-13 10:53:08,观望,否,安全,002312,川发龙蟒,10.74,安全,无信号,向下,底背驰,客观缠论信号为无信号，60分钟笔方向向下，中枢震荡，观望,10.34,10.81,10.95,-0.0353,-0.0328,否
2026-05-13 10:53:08,观望,否,安全,300037,新宙邦,64.46,安全,无信号,向下,无信号,客观缠论信号为无信号，60分钟笔方向向下，中枢震荡，观望,52.91,60.88,63.69,-0.4075,-0.5101,否
2026-05-13 10:53:08,二买,否,安全,600021,上海电力,18.34,安全,二买,向下,无信号,客观缠论信号为二买，60分钟笔方向向下（寻底模式），因此实际交易动作是二买（笔方向向下时优先买点）,18.15,17.63,17.98,0.0989,0.0475,否
2026-05-13 10:53:08,二买,否,安全,600536,中国软件,41.65,安全,二买,向下,底背驰,客观缠论信号为二买，60分钟笔方向向下（寻底模式），因此实际交易动作是二买（笔方向向下时优先买点）,43.80,40.30,39.58,-0.1443,-0.1515,否
2026-05-13 10:53:08,二买,否,安全,600598,北大荒,16.70,安全,一卖+二买,向下,无信号,客观缠论信号为一卖、二买，60分钟笔方向向下（寻底模式），因此实际交易动作是二买（笔方向向下时优先买点）,16.91,15.69,16.22,-0.0122,-0.0131,否
2026-05-13 10:53:08,二买,否,安全,600764,中国海防,24.27,安全,二买,向下,无信号,客观缠论信号为二买，60分钟笔方向向下（寻底模式），因此实际交易动作是二买（笔方向向下时优先买点）,23.72,23.71,24.14,0.0112,-0.0112,否
2026-05-13 10:53:08,观望,否,安全,603049,中策橡胶,48.41,安全,无信号,向下,底背驰,客观缠论信号为无信号，60分钟笔方向向下，中枢震荡，观望,46.98,48.60,48.72,-0.0609,-0.0768,否

2026-05-13 11:05:49,二买,是,安全,603317,天味食品,15.94,安全,二卖+二买,向下,无信号,客观缠论信号为二卖、二买，60分钟笔方向向下（寻底模式），因此实际交易动作是二买（笔方向向下时优先买点）,12.56,12.98,16.31,0.0064,0.0204,否
2026-05-13 11:05:49,二买,是,安全,600660,福耀玻璃,57.17,安全,二买,向下,无信号,客观缠论信号为二买，60分钟笔方向向下（寻底模式），因此实际交易动作是二买（笔方向向下时优先买点）,60.10,56.86,60.80,-0.5650,-0.3569,否
2026-05-13 11:05:49,二买,是,安全,600895,张江高科,36.73,安全,二买,向下,无信号,客观缠论信号为二买，60分钟笔方向向下（寻底模式），因此实际交易动作是二买（笔方向向下时优先买点）,36.21,37.25,38.17,-0.3279,-0.2531,否
2026-05-13 11:05:49,二买,是,安全,000429,粤高速A,13.28,安全,二买,向下,无信号,客观缠论信号为二买，60分钟笔方向向下（寻底模式），因此实际交易动作是二买（笔方向向下时优先买点）,12.70,12.48,13.12,0.1126,0.0957,否
2026-05-13 11:05:49,观望,是,安全,hk01810,小米集团,31.32,安全,二买,向上,无信号,客观缠论信号为二买，60分钟笔方向向上，中枢震荡，观望,32.78,30.26,31.92,-0.0942,-0.0866,否
2026-05-13 11:05:49,观望,是,安全,513130,恒生科技ETF,0.63,安全,二买,向上,无信号,客观缠论信号为二买，60分钟笔方向向上，中枢震荡，观望,0.61,0.61,0.64,-0.0019,-0.0013,否
2026-05-13 11:05:49,观望,否,安全,sh000001,上证指数,4214.49,安全,二买,向上,无信号,客观缠论信号为二买，60分钟笔方向向上，中枢震荡，观望,4101.83,4079.77,4092.83,2.3665,4.2482,否
2026-05-13 11:05:49,观望,否,安全,510300,沪深300ETF,4.95,安全,无信号,向上,无信号,客观缠论信号为无信号，60分钟笔方向向上，中枢震荡，观望,4.68,4.75,4.91,0.0035,0.0056,否
2026-05-13 11:05:49,二买,否,安全,588000,科创50ETF,1.80,安全,二买,向下,无信号,客观缠论信号为二买，60分钟笔方向向下（寻底模式），因此实际交易动作是二买（笔方向向下时优先买点）,1.55,1.55,1.77,0.0005,0.0037,否
2026-05-13 11:05:49,观望,否,安全,512400,有色金属ETF,2.19,安全,二买,向上,无信号,客观缠论信号为二买，60分钟笔方向向上，中枢震荡，观望,2.10,2.17,2.23,0.0018,0.0007,否
2026-05-13 11:05:49,二卖,否,安全,512690,酒ETF,0.46,日线破位,二卖,向上,无信号,客观缠论信号为二卖，60分钟笔方向向上（冲顶模式），因此实际交易动作是二卖（笔方向向上时优先卖点）,0.48,0.48,0.48,-0.0028,-0.0023,否
2026-05-13 11:05:49,二买,否,安全,159227,航空航天ETF,1.37,安全,二买,向下,无信号,客观缠论信号为二买，60分钟笔方向向下（寻底模式），因此实际交易动作是二买（笔方向向下时优先买点）,1.41,1.30,1.37,-0.0012,-0.0020,否
2026-05-13 11:05:49,二买,否,安全,159992,创新药ETF,0.83,安全,二买,向下,无信号,客观缠论信号为二买，60分钟笔方向向下（寻底模式），因此实际交易动作是二买（笔方向向下时优先买点）,0.83,0.83,0.84,-0.0022,-0.0004,否
2026-05-13 11:05:49,观望,否,安全,515050,通信ETF,1.13,日线破位,二买,向上,无信号,客观缠论信号为二买，60分钟笔方向向上，中枢震荡，观望,2.30,2.33,3.01,-0.5647,-0.3261,否
2026-05-13 11:05:49,观望,否,安全,159915,创业板ETF,3.94,安全,二买,向上,无信号,客观缠论信号为二买，60分钟笔方向向上，中枢震荡，观望,3.25,3.27,3.82,0.0089,0.0115,否
2026-05-13 11:05:49,观望,否,安全,588200,科创芯片ETF,3.43,安全,无信号,向上,无信号,客观缠论信号为无信号，60分钟笔方向向上，中枢震荡，观望,2.41,2.65,3.34,0.0042,0.0127,否
2026-05-13 11:05:49,观望,否,安全,159755,电池ETF,1.20,安全,一卖+二卖,向下,无信号,客观缠论信号为一卖、二卖，60分钟笔方向向下，中枢震荡，观望,1.03,1.17,1.22,-0.0051,-0.0056,否
2026-05-13 11:05:49,观望,否,安全,159899,软件ETF,0.86,安全,二买,向上,底背驰,客观缠论信号为二买，60分钟笔方向向上，中枢震荡，观望,0.87,0.85,0.87,-0.0043,-0.0042,否
2026-05-13 11:05:49,观望,否,安全,513360,教育ETF,0.50,安全,二买,向上,无信号,客观缠论信号为二买，60分钟笔方向向上，中枢震荡，观望,0.49,0.50,0.50,-0.0006,-0.0006,否
2026-05-13 11:05:49,二买,否,安全,515790,光伏ETF,1.14,安全,二买,向下,无信号,客观缠论信号为二买，60分钟笔方向向下（寻底模式），因此实际交易动作是二买（笔方向向下时优先买点）,1.08,1.10,1.09,0.0049,0.0039,否
2026-05-13 11:05:49,观望,否,安全,600938,中国海油,36.39,安全,无信号,向下,无信号,客观缠论信号为无信号，60分钟笔方向向下，中枢震荡，观望,34.06,35.29,37.85,0.0275,-0.0094,否
2026-05-13 11:05:49,观望,否,安全,601668,中国建筑,4.96,安全,二买,向上,无信号,客观缠论信号为二买，60分钟笔方向向上，中枢震荡，观望,4.99,4.91,4.99,-0.0020,0.0046,否
2026-05-13 11:05:49,二卖,否,安全,601288,农业银行,6.68,安全,二卖,向上,底背驰,客观缠论信号为二卖，60分钟笔方向向上（冲顶模式），因此实际交易动作是二卖（笔方向向上时优先卖点）,6.53,6.53,6.85,-0.0363,-0.0253,否
2026-05-13 11:05:49,观望,否,安全,601728,中国电信,6.13,安全,二买,向上,无信号,客观缠论信号为二买，60分钟笔方向向上，中枢震荡，观望,5.75,5.76,6.11,0.0036,0.0091,否
2026-05-13 11:05:49,三卖,否,安全,600276,恒瑞医药,55.93,安全,三卖,向上,无信号,客观缠论信号为三卖，60分钟笔方向向上（冲顶模式），因此实际交易动作是三卖（跌破反抽卖出）,52.67,55.00,56.75,0.6202,0.6825,否
2026-05-13 11:05:49,二卖,否,安全,600177,雅戈尔,7.73,安全,二卖+二买,向上,底背驰,客观缠论信号为二卖、二买，60分钟笔方向向上（冲顶模式），因此实际交易动作是二卖（笔方向向上时优先卖点）,7.50,7.63,7.88,-0.0184,-0.0154,否
2026-05-13 11:05:49,观望,否,安全,600887,伊利股份,27.68,安全,二买,向上,无信号,客观缠论信号为二买，60分钟笔方向向上，中枢震荡，观望,27.75,27.36,27.83,-0.0562,-0.0084,否
2026-05-13 11:05:49,二买,否,安全,601138,工业富联,69.61,安全,二买,向下,无信号,客观缠论信号为二买，60分钟笔方向向下（寻底模式），因此实际交易动作是二买（笔方向向下时优先买点）,62.70,61.86,64.59,1.3323,0.7232,否
2026-05-13 11:05:49,一卖,否,安全,688041,海光信息,336.60,安全,一卖+二买,向上,无信号,客观缠论信号为一卖、二买，60分钟笔方向向上（冲顶模式），因此实际交易动作是一卖（趋势顶背驰卖出）,246.00,271.06,355.50,-1.9816,-0.2174,否
2026-05-13 11:05:49,观望,否,安全,688981,中芯国际,117.47,安全,二买,向上,无信号,客观缠论信号为二买，60分钟笔方向向上，中枢震荡，观望,124.60,115.74,124.57,-1.2699,-0.8678,否
2026-05-13 11:05:49,二卖,否,安全,601225,陕西煤业,23.63,安全,二卖,向上,无信号,客观缠论信号为二卖，60分钟笔方向向上（冲顶模式），因此实际交易动作是二卖（笔方向向上时优先卖点）,22.32,22.30,24.11,-0.0597,-0.0440,否
2026-05-13 11:05:49,二卖,否,安全,600900,长江电力,27.09,安全,二卖,向上,无信号,客观缠论信号为二卖，60分钟笔方向向上（冲顶模式），因此实际交易动作是二卖（笔方向向上时优先卖点）,26.66,26.90,27.10,0.0239,0.0192,否
2026-05-13 11:05:49,二卖,否,安全,002507,涪陵榨菜,12.29,安全,二卖,向上,无信号,客观缠论信号为二卖，60分钟笔方向向上（冲顶模式），因此实际交易动作是二卖（笔方向向上时优先卖点）,12.23,12.28,12.33,-0.0247,-0.0260,否
2026-05-13 11:05:49,二卖,否,安全,000338,潍柴动力,33.72,安全,二卖+二买,向上,无信号,客观缠论信号为二卖、二买，60分钟笔方向向上（冲顶模式），因此实际交易动作是二卖（笔方向向上时优先卖点）,25.92,23.75,33.85,0.1206,-0.0416,否
2026-05-13 11:05:49,二卖,否,安全,000538,云南白药,51.79,日线破位,二卖,向上,无信号,客观缠论信号为二卖，60分钟笔方向向上（冲顶模式），因此实际交易动作是二卖（笔方向向上时优先卖点）,55.40,54.40,52.89,-0.2180,-0.1517,否
2026-05-13 11:05:49,观望,否,安全,000858,五粮液,89.30,日线破位,二卖,向下,无信号,客观缠论信号为二卖，60分钟笔方向向下，中枢震荡，观望,101.59,101.08,91.95,-0.5297,-0.4303,否
2026-05-13 11:05:49,观望,否,安全,000423,东阿阿胶,52.63,安全,二卖,向下,无信号,客观缠论信号为二卖，60分钟笔方向向下，中枢震荡，观望,51.71,52.11,54.10,-0.1827,-0.1385,否
2026-05-13 11:05:49,观望,否,安全,000333,美的集团,80.20,安全,二买,向上,无信号,客观缠论信号为二买，60分钟笔方向向上，中枢震荡，观望,79.18,78.91,80.89,-0.1182,-0.1273,否
2026-05-13 11:05:49,二卖,否,安全,000001,平安银行,11.16,安全,二卖,向上,无信号,客观缠论信号为二卖，60分钟笔方向向上（冲顶模式），因此实际交易动作是二卖（笔方向向上时优先卖点）,11.30,11.03,11.39,-0.0241,-0.0174,否
2026-05-13 11:05:49,观望,否,安全,000651,格力电器,40.23,安全,二买,向上,无信号,客观缠论信号为二买，60分钟笔方向向上，中枢震荡，观望,40.28,40.10,40.19,-0.0342,-0.0099,否
2026-05-13 11:05:49,二卖,否,安全,000895,双汇发展,26.85,安全,二卖,向上,无信号,客观缠论信号为二卖，60分钟笔方向向上（冲顶模式），因此实际交易动作是二卖（笔方向向上时优先卖点）,26.66,26.51,27.43,-0.0431,-0.0482,否
2026-05-13 11:05:49,二卖,否,安全,002415,海康威视,33.89,安全,二卖+二买,向上,无信号,客观缠论信号为二卖、二买，60分钟笔方向向上（冲顶模式），因此实际交易动作是二卖（笔方向向上时优先卖点）,31.96,33.30,36.35,-0.3859,-0.3287,否
2026-05-13 11:05:49,二买,否,安全,hk03690,美团,86.40,安全,二买,向下,顶背驰,客观缠论信号为二买，60分钟笔方向向下（寻底模式），因此实际交易动作是二买（笔方向向下时优先买点）,83.75,82.15,86.55,0.5751,0.3874,否
2026-05-13 11:05:49,二买,否,安全,hk03896,金山云,7.88,安全,二卖+二买,向下,无信号,客观缠论信号为二卖、二买，60分钟笔方向向下（寻底模式），因此实际交易动作是二买（笔方向向下时优先买点）,6.23,7.80,8.39,-0.1020,-0.1006,否
2026-05-13 11:05:49,二卖,否,安全,hk00700,腾讯,458.80,日线破位,二卖,向上,无信号,客观缠论信号为二卖，60分钟笔方向向上（冲顶模式），因此实际交易动作是二卖（笔方向向上时优先卖点）,494.60,486.20,474.40,-1.6967,-1.4473,否
2026-05-13 11:05:49,观望,否,安全,hk09988,阿里巴巴,131.20,安全,无信号,向下,无信号,客观缠论信号为无信号，60分钟笔方向向下，中枢震荡，观望,129.60,126.70,134.20,-0.9434,-0.7043,否
2026-05-13 11:05:49,观望,否,安全,hk01024,快手,53.00,安全,二买,向上,无信号,客观缠论信号为二买，60分钟笔方向向上，中枢震荡，观望,56.95,51.00,52.65,0.2687,0.4375,否
2026-05-13 11:05:49,二买,否,安全,hk06618,京东健康,47.50,安全,二卖+二买,向下,无信号,客观缠论信号为二卖、二买，60分钟笔方向向下（寻底模式），因此实际交易动作是二买（笔方向向下时优先买点）,46.16,46.10,46.76,0.4591,0.2165,否
2026-05-13 11:05:49,观望,否,安全,hk06862,海底捞,15.06,安全,二买,向上,底背驰,客观缠论信号为二买，60分钟笔方向向上，中枢震荡，观望,14.62,14.62,15.05,-0.0045,0.0046,否
2026-05-13 11:05:49,二买,否,安全,000800,一汽解放,6.47,安全,二买,向下,无信号,客观缠论信号为二买，60分钟笔方向向下（寻底模式），因此实际交易动作是二买（笔方向向下时优先买点）,6.63,6.46,6.66,-0.0343,-0.0295,否
2026-05-13 11:05:49,观望,否,安全,002312,川发龙蟒,10.73,安全,无信号,向下,底背驰,客观缠论信号为无信号，60分钟笔方向向下，中枢震荡，观望,10.34,10.81,10.95,-0.0356,-0.0334,否
2026-05-13 11:05:49,观望,否,安全,300037,新宙邦,64.13,安全,无信号,向下,无信号,客观缠论信号为无信号，60分钟笔方向向下，中枢震荡，观望,52.91,60.88,63.69,-0.4168,-0.4914,否
2026-05-13 11:05:49,二买,否,安全,600021,上海电力,18.23,安全,二买,向下,无信号,客观缠论信号为二买，60分钟笔方向向下（寻底模式），因此实际交易动作是二买（笔方向向下时优先买点）,18.15,17.63,17.98,0.0921,0.0564,否
2026-05-13 11:05:49,二买,否,安全,600536,中国软件,41.60,安全,二买,向下,底背驰,客观缠论信号为二买，60分钟笔方向向下（寻底模式），因此实际交易动作是二买（笔方向向下时优先买点）,43.80,40.30,39.58,-0.1235,-0.1459,否
2026-05-13 11:05:49,二买,否,安全,600598,北大荒,16.74,安全,一卖+二买,向下,无信号,客观缠论信号为一卖、二买，60分钟笔方向向下（寻底模式），因此实际交易动作是二买（笔方向向下时优先买点）,16.91,15.69,16.22,-0.0134,-0.0132,否
2026-05-13 11:05:49,二买,否,安全,600764,中国海防,24.23,安全,二买,向下,无信号,客观缠论信号为二买，60分钟笔方向向下（寻底模式），因此实际交易动作是二买（笔方向向下时优先买点）,23.72,23.71,24.14,0.0155,-0.0059,否
2026-05-13 11:05:49,观望,否,安全,603049,中策橡胶,48.36,安全,无信号,向下,无信号,客观缠论信号为无信号，60分钟笔方向向下，中枢震荡，观望,46.98,48.60,48.72,-0.0597,-0.0733,否

2026-05-13 11:20:48,二买,是,安全,603317,天味食品,16.03,安全,二卖+二买,向下,无信号,客观缠论信号为二卖、二买，60分钟笔方向向下（寻底模式），因此实际交易动作是二买（笔方向向下时优先买点）,12.56,12.98,16.31,0.0055,0.0174,否
2026-05-13 11:20:48,二买,是,安全,600660,福耀玻璃,57.16,安全,二买,向下,无信号,客观缠论信号为二买，60分钟笔方向向下（寻底模式），因此实际交易动作是二买（笔方向向下时优先买点）,60.10,56.86,60.80,-0.5981,-0.4051,否
2026-05-13 11:20:48,二买,是,安全,600895,张江高科,36.80,安全,二买,向下,无信号,客观缠论信号为二买，60分钟笔方向向下（寻底模式），因此实际交易动作是二买（笔方向向下时优先买点）,36.21,37.25,38.17,-0.3276,-0.2680,否
2026-05-13 11:20:48,二买,是,安全,000429,粤高速A,13.26,安全,二买,向下,无信号,客观缠论信号为二买，60分钟笔方向向下（寻底模式），因此实际交易动作是二买（笔方向向下时优先买点）,12.70,12.48,13.12,0.1141,0.0994,否
2026-05-13 11:20:48,观望,是,安全,hk01810,小米集团,31.32,安全,二买,向上,无信号,客观缠论信号为二买，60分钟笔方向向上，中枢震荡，观望,32.78,30.26,31.92,-0.0942,-0.0866,否
2026-05-13 11:20:48,观望,是,安全,513130,恒生科技ETF,0.63,安全,二买,向上,无信号,客观缠论信号为二买，60分钟笔方向向上，中枢震荡，观望,0.61,0.61,0.64,-0.0018,-0.0014,否
2026-05-13 11:20:48,观望,否,安全,sh000001,上证指数,4214.49,安全,二买,向上,无信号,客观缠论信号为二买，60分钟笔方向向上，中枢震荡，观望,4101.83,4079.77,4092.83,2.3665,4.2482,否
2026-05-13 11:20:48,观望,否,安全,510300,沪深300ETF,4.95,安全,无信号,向上,无信号,客观缠论信号为无信号，60分钟笔方向向上，中枢震荡，观望,4.68,4.75,4.91,0.0028,0.0051,否
2026-05-13 11:20:48,二买,否,安全,588000,科创50ETF,1.81,安全,二买,向下,无信号,客观缠论信号为二买，60分钟笔方向向下（寻底模式），因此实际交易动作是二买（笔方向向下时优先买点）,1.55,1.55,1.77,0.0013,0.0032,否
2026-05-13 11:20:48,观望,否,安全,512400,有色金属ETF,2.19,安全,二买,向上,无信号,客观缠论信号为二买，60分钟笔方向向上，中枢震荡，观望,2.10,2.17,2.23,0.0010,0.0008,否
2026-05-13 11:20:48,二卖,否,安全,512690,酒ETF,0.46,日线破位,二卖,向上,无信号,客观缠论信号为二卖，60分钟笔方向向上（冲顶模式），因此实际交易动作是二卖（笔方向向上时优先卖点）,0.48,0.48,0.48,-0.0029,-0.0024,否
2026-05-13 11:20:48,二买,否,安全,159227,航空航天ETF,1.38,安全,二买,向下,无信号,客观缠论信号为二买，60分钟笔方向向下（寻底模式），因此实际交易动作是二买（笔方向向下时优先买点）,1.41,1.30,1.37,0.0001,-0.0016,否
2026-05-13 11:20:48,二买,否,安全,159992,创新药ETF,0.82,日线破位,二买,向下,无信号,客观缠论信号为二买，60分钟笔方向向下（寻底模式），因此实际交易动作是二买（笔方向向下时优先买点）,0.83,0.83,0.84,-0.0026,-0.0009,否
2026-05-13 11:20:48,观望,否,安全,515050,通信ETF,1.13,日线破位,二买,向上,无信号,客观缠论信号为二买，60分钟笔方向向上，中枢震荡，观望,2.30,2.33,3.01,-0.5870,-0.3783,否
2026-05-13 11:20:48,观望,否,安全,159915,创业板ETF,3.94,安全,二买,向上,无信号,客观缠论信号为二买，60分钟笔方向向上，中枢震荡，观望,3.25,3.27,3.82,0.0086,0.0109,否
2026-05-13 11:20:48,观望,否,安全,588200,科创芯片ETF,3.45,安全,无信号,向上,无信号,客观缠论信号为无信号，60分钟笔方向向上，中枢震荡，观望,2.41,2.65,3.34,0.0055,0.0113,否
2026-05-13 11:20:48,观望,否,安全,159755,电池ETF,1.20,安全,一卖+二卖,向下,无信号,客观缠论信号为一卖、二卖，60分钟笔方向向下，中枢震荡，观望,1.03,1.17,1.22,-0.0052,-0.0055,否
2026-05-13 11:20:48,观望,否,安全,159899,软件ETF,0.87,安全,二买,向上,底背驰,客观缠论信号为二买，60分钟笔方向向上，中枢震荡，观望,0.87,0.85,0.87,-0.0038,-0.0041,否
2026-05-13 11:20:48,观望,否,安全,513360,教育ETF,0.50,安全,二买,向上,无信号,客观缠论信号为二买，60分钟笔方向向上，中枢震荡，观望,0.49,0.50,0.50,-0.0005,-0.0006,否
2026-05-13 11:20:48,二买,否,安全,515790,光伏ETF,1.14,安全,二买,向下,无信号,客观缠论信号为二买，60分钟笔方向向下（寻底模式），因此实际交易动作是二买（笔方向向下时优先买点）,1.08,1.10,1.09,0.0050,0.0041,否
2026-05-13 11:20:48,观望,否,安全,600938,中国海油,36.37,安全,无信号,向下,无信号,客观缠论信号为无信号，60分钟笔方向向下，中枢震荡，观望,34.06,35.29,37.85,0.0252,-0.0025,否
2026-05-13 11:20:48,观望,否,安全,601668,中国建筑,4.97,安全,二买,向上,无信号,客观缠论信号为二买，60分钟笔方向向上，中枢震荡，观望,4.99,4.91,4.99,-0.0028,0.0031,否
2026-05-13 11:20:48,二卖,否,安全,601288,农业银行,6.68,安全,二卖,向上,底背驰,客观缠论信号为二卖，60分钟笔方向向上（冲顶模式），因此实际交易动作是二卖（笔方向向上时优先卖点）,6.53,6.53,6.85,-0.0371,-0.0276,否
2026-05-13 11:20:48,观望,否,安全,601728,中国电信,6.14,安全,二买,向上,无信号,客观缠论信号为二买，60分钟笔方向向上，中枢震荡，观望,5.75,5.76,6.11,0.0043,0.0081,否
2026-05-13 11:20:48,三卖,否,安全,600276,恒瑞医药,55.82,安全,三卖,向上,无信号,客观缠论信号为三卖，60分钟笔方向向上（冲顶模式），因此实际交易动作是三卖（跌破反抽卖出）,52.67,55.00,56.75,0.5737,0.6608,否
2026-05-13 11:20:48,二卖,否,安全,600177,雅戈尔,7.74,安全,二卖+二买,向上,底背驰,客观缠论信号为二卖、二买，60分钟笔方向向上（冲顶模式），因此实际交易动作是二卖（笔方向向上时优先卖点）,7.50,7.63,7.88,-0.0172,-0.0158,否
2026-05-13 11:20:48,观望,否,安全,600887,伊利股份,27.70,安全,二买,向上,无信号,客观缠论信号为二买，60分钟笔方向向上，中枢震荡，观望,27.75,27.36,27.83,-0.0640,-0.0195,否
2026-05-13 11:20:48,二买,否,安全,601138,工业富联,69.74,安全,二买,向下,无信号,客观缠论信号为二买，60分钟笔方向向下（寻底模式），因此实际交易动作是二买（笔方向向下时优先买点）,62.70,61.86,64.59,1.4150,0.8616,否
2026-05-13 11:20:48,一卖,否,安全,688041,海光信息,337.50,安全,一卖+二买,向上,无信号,客观缠论信号为一卖、二买，60分钟笔方向向上（冲顶模式），因此实际交易动作是一卖（趋势顶背驰卖出）,246.00,271.06,355.50,-1.9971,-0.5733,否
2026-05-13 11:20:48,观望,否,安全,688981,中芯国际,118.15,安全,二买,向上,无信号,客观缠论信号为二买，60分钟笔方向向上，中枢震荡，观望,124.60,115.74,124.57,-1.2427,-0.9428,否
2026-05-13 11:20:48,二卖,否,安全,601225,陕西煤业,23.68,安全,二卖,向上,无信号,客观缠论信号为二卖，60分钟笔方向向上（冲顶模式），因此实际交易动作是二卖（笔方向向上时优先卖点）,22.32,22.30,24.11,-0.0610,-0.0474,否
2026-05-13 11:20:48,二卖,否,安全,600900,长江电力,27.07,安全,二卖,向上,无信号,客观缠论信号为二卖，60分钟笔方向向上（冲顶模式），因此实际交易动作是二卖（笔方向向上时优先卖点）,26.66,26.90,27.10,0.0188,0.0191,否
2026-05-13 11:20:48,二卖,否,安全,002507,涪陵榨菜,12.26,安全,二卖,向上,无信号,客观缠论信号为二卖，60分钟笔方向向上（冲顶模式），因此实际交易动作是二卖（笔方向向上时优先卖点）,12.23,12.28,12.33,-0.0269,-0.0262,否
2026-05-13 11:20:48,二卖,否,安全,000338,潍柴动力,33.77,安全,二卖+二买,向上,无信号,客观缠论信号为二卖、二买，60分钟笔方向向上（冲顶模式），因此实际交易动作是二卖（笔方向向上时优先卖点）,25.92,23.75,33.85,0.1529,-0.0027,否
2026-05-13 11:20:48,二卖,否,安全,000538,云南白药,51.76,日线破位,二卖,向上,无信号,客观缠论信号为二卖，60分钟笔方向向上（冲顶模式），因此实际交易动作是二卖（笔方向向上时优先卖点）,55.40,54.40,52.89,-0.2240,-0.1662,否
2026-05-13 11:20:48,观望,否,安全,000858,五粮液,89.03,日线破位,二卖,向下,无信号,客观缠论信号为二卖，60分钟笔方向向下，中枢震荡，观望,101.59,101.08,91.95,-0.5647,-0.4572,否
2026-05-13 11:20:48,观望,否,安全,000423,东阿阿胶,52.53,安全,二卖,向下,无信号,客观缠论信号为二卖，60分钟笔方向向下，中枢震荡，观望,51.71,52.11,54.10,-0.2178,-0.1543,否
2026-05-13 11:20:48,观望,否,安全,000333,美的集团,80.07,安全,二买,向上,无信号,客观缠论信号为二买，60分钟笔方向向上，中枢震荡，观望,79.18,78.91,80.89,-0.1238,-0.1266,否
2026-05-13 11:20:48,二卖,否,安全,000001,平安银行,11.16,安全,二卖,向上,无信号,客观缠论信号为二卖，60分钟笔方向向上（冲顶模式），因此实际交易动作是二卖（笔方向向上时优先卖点）,11.30,11.03,11.39,-0.0258,-0.0191,否
2026-05-13 11:20:48,观望,否,安全,000651,格力电器,40.22,安全,二买,向上,无信号,客观缠论信号为二买，60分钟笔方向向上，中枢震荡，观望,40.28,40.10,40.19,-0.0382,-0.0156,否
2026-05-13 11:20:48,二卖,否,安全,000895,双汇发展,26.82,安全,二卖,向上,无信号,客观缠论信号为二卖，60分钟笔方向向上（冲顶模式），因此实际交易动作是二卖（笔方向向上时优先卖点）,26.66,26.51,27.43,-0.0421,-0.0470,否
2026-05-13 11:20:48,二卖,否,安全,002415,海康威视,34.01,安全,二卖+二买,向上,无信号,客观缠论信号为二卖、二买，60分钟笔方向向上（冲顶模式），因此实际交易动作是二卖（笔方向向上时优先卖点）,31.96,33.30,36.35,-0.3801,-0.3390,否
2026-05-13 11:20:48,二买,否,安全,hk03690,美团,86.40,安全,二买,向下,顶背驰,客观缠论信号为二买，60分钟笔方向向下（寻底模式），因此实际交易动作是二买（笔方向向下时优先买点）,83.75,82.15,86.55,0.5751,0.3874,否
2026-05-13 11:20:48,二买,否,安全,hk03896,金山云,7.88,安全,二卖+二买,向下,无信号,客观缠论信号为二卖、二买，60分钟笔方向向下（寻底模式），因此实际交易动作是二买（笔方向向下时优先买点）,6.23,7.80,8.39,-0.1020,-0.1006,否
2026-05-13 11:20:48,二卖,否,安全,hk00700,腾讯,458.80,日线破位,二卖,向上,无信号,客观缠论信号为二卖，60分钟笔方向向上（冲顶模式），因此实际交易动作是二卖（笔方向向上时优先卖点）,494.60,486.20,474.40,-1.6967,-1.4473,否
2026-05-13 11:20:48,观望,否,安全,hk09988,阿里巴巴,131.20,安全,无信号,向下,无信号,客观缠论信号为无信号，60分钟笔方向向下，中枢震荡，观望,129.60,126.70,134.20,-0.9434,-0.7043,否
2026-05-13 11:20:48,观望,否,安全,hk01024,快手,53.00,安全,二买,向上,无信号,客观缠论信号为二买，60分钟笔方向向上，中枢震荡，观望,56.95,51.00,52.65,0.2687,0.4375,否
2026-05-13 11:20:48,二买,否,安全,hk06618,京东健康,47.50,安全,二卖+二买,向下,无信号,客观缠论信号为二卖、二买，60分钟笔方向向下（寻底模式），因此实际交易动作是二买（笔方向向下时优先买点）,46.16,46.10,46.76,0.4591,0.2165,否
2026-05-13 11:20:48,观望,否,安全,hk06862,海底捞,15.05,安全,二买,向上,底背驰,客观缠论信号为二买，60分钟笔方向向上，中枢震荡，观望,14.62,14.62,15.05,-0.0065,0.0024,否
2026-05-13 11:20:48,二买,否,安全,000800,一汽解放,6.48,安全,二买,向下,无信号,客观缠论信号为二买，60分钟笔方向向下（寻底模式），因此实际交易动作是二买（笔方向向下时优先买点）,6.63,6.46,6.66,-0.0331,-0.0302,否
2026-05-13 11:20:48,观望,否,安全,002312,川发龙蟒,10.73,安全,无信号,向下,底背驰,客观缠论信号为无信号，60分钟笔方向向下，中枢震荡，观望,10.34,10.81,10.95,-0.0355,-0.0338,否
2026-05-13 11:20:48,观望,否,安全,300037,新宙邦,64.20,安全,无信号,向下,无信号,客观缠论信号为无信号，60分钟笔方向向下，中枢震荡，观望,52.91,60.88,63.69,-0.4137,-0.4759,否
2026-05-13 11:20:48,二买,否,安全,600021,上海电力,18.22,安全,二买,向下,无信号,客观缠论信号为二买，60分钟笔方向向下（寻底模式），因此实际交易动作是二买（笔方向向下时优先买点）,18.15,17.63,17.98,0.0848,0.0621,否
2026-05-13 11:20:48,二买,否,安全,600536,中国软件,41.55,安全,二买,向下,底背驰,客观缠论信号为二买，60分钟笔方向向下（寻底模式），因此实际交易动作是二买（笔方向向下时优先买点）,43.80,40.30,39.58,-0.1098,-0.1386,否
2026-05-13 11:20:48,二买,否,安全,600598,北大荒,16.77,安全,一卖+二买,向下,底背驰,客观缠论信号为一卖、二买，60分钟笔方向向下（寻底模式），因此实际交易动作是二买（笔方向向下时优先买点）,16.91,15.69,16.22,-0.0118,-0.0129,否
2026-05-13 11:20:48,二买,否,安全,600764,中国海防,24.24,安全,二买,向下,无信号,客观缠论信号为二买，60分钟笔方向向下（寻底模式），因此实际交易动作是二买（笔方向向下时优先买点）,23.72,23.71,24.14,0.0196,-0.0008,否
2026-05-13 11:20:48,观望,否,安全,603049,中策橡胶,48.52,安全,无信号,向下,无信号,客观缠论信号为无信号，60分钟笔方向向下，中枢震荡，观望,46.98,48.60,48.72,-0.0453,-0.0677,否

2026-05-13 11:44:53,观望,是,警戒,603317,天味食品,16.00,安全,二买,向上,无信号,客观缠论信号为二买，60分钟笔方向向上，中枢震荡，观望,12.56,12.98,16.31,0.0023,0.0144,否
2026-05-13 11:44:53,二买,是,警戒,600660,福耀玻璃,57.20,安全,一卖+二买,向下,无信号,客观缠论信号为一卖、二买，60分钟笔方向向下（寻底模式），因此实际交易动作是二买（笔方向向下时优先买点）,60.10,56.86,57.80,-0.6139,-0.4469,否
2026-05-13 11:44:53,二买,是,警戒,600895,张江高科,36.77,安全,二买,向下,无信号,客观缠论信号为二买，60分钟笔方向向下（寻底模式），因此实际交易动作是二买（笔方向向下时优先买点）,36.21,37.25,38.17,-0.3260,-0.2796,否
2026-05-13 11:44:53,二买,是,警戒,000429,粤高速A,13.25,安全,二买,向下,无信号,客观缠论信号为二买，60分钟笔方向向下（寻底模式），因此实际交易动作是二买（笔方向向下时优先买点）,12.70,12.48,13.12,0.1132,0.1021,否
2026-05-13 11:44:53,观望,是,警戒,hk01810,小米集团,31.32,安全,二买,向上,无信号,客观缠论信号为二买，60分钟笔方向向上，中枢震荡，观望,32.78,30.26,31.92,-0.0942,-0.0866,否
2026-05-13 11:44:53,观望,是,警戒,513130,恒生科技ETF,0.63,安全,二买,向上,无信号,客观缠论信号为二买，60分钟笔方向向上，中枢震荡，观望,0.61,0.61,0.64,-0.0016,-0.0015,否
2026-05-13 11:44:53,观望,否,警戒,sh000001,上证指数,4218.22,安全,二买,向上,无信号,客观缠论信号为二买，60分钟笔方向向上，中枢震荡，观望,4101.83,4079.77,4092.83,1.7223,2.0379,否
2026-05-13 11:44:53,二买,否,警戒,510300,沪深300ETF,4.96,安全,二买,向下,无信号,客观缠论信号为二买，60分钟笔方向向下（寻底模式），因此实际交易动作是二买（笔方向向下时优先买点）,4.68,4.75,4.91,0.0031,0.0047,否
2026-05-13 11:44:53,二买,否,警戒,588000,科创50ETF,1.82,安全,二买,向下,无信号,客观缠论信号为二买，60分钟笔方向向下（寻底模式），因此实际交易动作是二买（笔方向向下时优先买点）,1.55,1.55,1.77,0.0028,0.0031,否
2026-05-13 11:44:53,二卖,否,警戒,512400,有色金属ETF,2.20,安全,二卖,向上,无信号,客观缠论信号为二卖，60分钟笔方向向上（冲顶模式），因此实际交易动作是二卖（笔方向向上时优先卖点）,2.10,2.17,2.23,0.0006,0.0007,否
2026-05-13 11:44:53,二卖,否,警戒,512690,酒ETF,0.46,日线破位,二卖,向上,无信号,客观缠论信号为二卖，60分钟笔方向向上（冲顶模式），因此实际交易动作是二卖（笔方向向上时优先卖点）,0.48,0.48,0.48,-0.0029,-0.0025,否
2026-05-13 11:44:53,二买,否,警戒,159227,航空航天ETF,1.38,安全,二买,向下,无信号,客观缠论信号为二买，60分钟笔方向向下（寻底模式），因此实际交易动作是二买（笔方向向下时优先买点）,1.41,1.30,1.37,0.0009,-0.0011,否
2026-05-13 11:44:53,二卖,否,警戒,159992,创新药ETF,0.83,安全,一卖+二卖+二买,向上,无信号,客观缠论信号为一卖、二卖、二买，60分钟笔方向向上（冲顶模式），因此实际交易动作是二卖（笔方向向上时优先卖点）,0.83,0.83,0.83,-0.0028,-0.0013,否
2026-05-13 11:44:53,观望,否,警戒,515050,通信ETF,1.13,日线破位,无信号,向下,无信号,客观缠论信号为无信号，60分钟笔方向向下，中枢震荡，观望,2.30,2.33,2.37,-0.5973,-0.4221,否
2026-05-13 11:44:53,二买,否,警戒,159915,创业板ETF,3.96,安全,二买,向下,无信号,客观缠论信号为二买，60分钟笔方向向下（寻底模式），因此实际交易动作是二买（笔方向向下时优先买点）,3.25,3.27,3.82,0.0094,0.0106,否
2026-05-13 11:44:53,观望,否,警戒,588200,科创芯片ETF,3.47,安全,无信号,向上,无信号,客观缠论信号为无信号，60分钟笔方向向上，中枢震荡，观望,2.41,2.65,3.34,0.0085,0.0107,否
2026-05-13 11:44:53,二卖,否,警戒,159755,电池ETF,1.20,安全,二卖,向上,无信号,客观缠论信号为二卖，60分钟笔方向向上（冲顶模式），因此实际交易动作是二卖（笔方向向上时优先卖点）,1.03,1.17,1.22,-0.0051,-0.0055,否
2026-05-13 11:44:53,观望,否,警戒,159899,软件ETF,0.87,安全,无信号,向下,底背驰,客观缠论信号为无信号，60分钟笔方向向下，中枢震荡，观望,0.87,0.85,0.87,-0.0031,-0.0039,否
2026-05-13 11:44:53,观望,否,警戒,513360,教育ETF,0.50,安全,二买,向上,无信号,客观缠论信号为二买，60分钟笔方向向上，中枢震荡，观望,0.49,0.50,0.50,-0.0005,-0.0006,否
2026-05-13 11:44:53,二买,否,警戒,515790,光伏ETF,1.14,安全,二买,向下,无信号,客观缠论信号为二买，60分钟笔方向向下（寻底模式），因此实际交易动作是二买（笔方向向下时优先买点）,1.08,1.10,1.09,0.0050,0.0043,否
2026-05-13 11:44:53,观望,否,警戒,600938,中国海油,36.30,安全,无信号,向下,无信号,客观缠论信号为无信号，60分钟笔方向向下，中枢震荡，观望,34.06,35.29,37.85,0.0176,0.0015,否
2026-05-13 11:44:53,观望,否,警戒,601668,中国建筑,4.97,安全,二买,向上,无信号,客观缠论信号为二买，60分钟笔方向向上，中枢震荡，观望,4.99,4.91,4.99,-0.0033,0.0018,否
2026-05-13 11:44:53,二卖,否,警戒,601288,农业银行,6.67,安全,二卖,向上,底背驰,客观缠论信号为二卖，60分钟笔方向向上（冲顶模式），因此实际交易动作是二卖（笔方向向上时优先卖点）,6.53,6.53,6.67,-0.0381,-0.0297,否
2026-05-13 11:44:53,观望,否,警戒,601728,中国电信,6.15,安全,二买,向上,无信号,客观缠论信号为二买，60分钟笔方向向上，中枢震荡，观望,5.75,5.76,6.11,0.0055,0.0076,否
2026-05-13 11:44:53,观望,否,警戒,600276,恒瑞医药,55.78,安全,无信号,向上,无信号,客观缠论信号为无信号，60分钟笔方向向上，中枢震荡，观望,52.67,55.00,57.97,0.5276,0.6341,否
2026-05-13 11:44:53,二卖,否,警戒,600177,雅戈尔,7.76,安全,二卖+二买,向上,底背驰,客观缠论信号为二卖、二买，60分钟笔方向向上（冲顶模式），因此实际交易动作是二卖（笔方向向上时优先卖点）,7.50,7.63,7.88,-0.0145,-0.0155,否
2026-05-13 11:44:53,观望,否,警戒,600887,伊利股份,27.68,安全,二买,向上,无信号,客观缠论信号为二买，60分钟笔方向向上，中枢震荡，观望,27.75,27.36,27.83,-0.0709,-0.0298,否
2026-05-13 11:44:53,二买,否,警戒,601138,工业富联,70.31,安全,二买,向下,无信号,客观缠论信号为二买，60分钟笔方向向下（寻底模式），因此实际交易动作是二买（笔方向向下时优先买点）,62.70,61.86,66.91,1.5092,0.9911,否
2026-05-13 11:44:53,一卖,否,警戒,688041,海光信息,339.51,安全,一卖+二买,向上,无信号,客观缠论信号为一卖、二买，60分钟笔方向向上（冲顶模式），因此实际交易动作是一卖（趋势顶背驰卖出）,246.00,271.06,355.50,-1.8262,-0.8239,否
2026-05-13 11:44:53,观望,否,警戒,688981,中芯国际,118.75,安全,二买,向上,无信号,客观缠论信号为二买，60分钟笔方向向上，中枢震荡，观望,124.60,115.74,124.57,-1.1595,-0.9861,否
2026-05-13 11:44:53,二卖,否,警戒,601225,陕西煤业,23.63,安全,二卖,向上,无信号,客观缠论信号为二卖，60分钟笔方向向上（冲顶模式），因此实际交易动作是二卖（笔方向向上时优先卖点）,22.32,22.30,24.11,-0.0653,-0.0510,否
2026-05-13 11:44:53,二卖,否,警戒,600900,长江电力,27.04,安全,二卖,向上,无信号,客观缠论信号为二卖，60分钟笔方向向上（冲顶模式），因此实际交易动作是二卖（笔方向向上时优先卖点）,26.66,26.90,27.10,0.0122,0.0177,否
2026-05-13 11:44:53,二卖,否,警戒,002507,涪陵榨菜,12.26,安全,二卖,向上,无信号,客观缠论信号为二卖，60分钟笔方向向上（冲顶模式），因此实际交易动作是二卖（笔方向向上时优先卖点）,12.23,12.28,12.40,-0.0284,-0.0266,否
2026-05-13 11:44:53,观望,否,警戒,000338,潍柴动力,34.23,安全,二卖,向下,无信号,客观缠论信号为二卖，60分钟笔方向向下，中枢震荡，观望,25.92,23.75,33.85,0.2131,0.0405,否
2026-05-13 11:44:53,二卖,否,警戒,000538,云南白药,51.71,日线破位,二卖,向上,无信号,客观缠论信号为二卖，60分钟笔方向向上（冲顶模式），因此实际交易动作是二卖（笔方向向上时优先卖点）,55.40,54.40,52.89,-0.2302,-0.1790,否
2026-05-13 11:44:53,观望,否,警戒,000858,五粮液,89.02,日线破位,二卖,向下,无信号,客观缠论信号为二卖，60分钟笔方向向下，中枢震荡，观望,101.59,101.08,91.95,-0.5865,-0.4830,否
2026-05-13 11:44:53,二卖,否,警戒,000423,东阿阿胶,52.55,安全,二卖,向上,底背驰,客观缠论信号为二卖，60分钟笔方向向上（冲顶模式），因此实际交易动作是二卖（笔方向向上时优先卖点）,51.71,52.11,54.45,-0.2411,-0.1717,否
2026-05-13 11:44:53,二买,否,警戒,000333,美的集团,80.08,安全,二买,向下,无信号,客观缠论信号为二买，60分钟笔方向向下（寻底模式），因此实际交易动作是二买（笔方向向下时优先买点）,79.18,78.91,80.89,-0.1259,-0.1265,否
2026-05-13 11:44:53,二卖,否,警戒,000001,平安银行,11.14,安全,二卖,向上,无信号,客观缠论信号为二卖，60分钟笔方向向上（冲顶模式），因此实际交易动作是二卖（笔方向向上时优先卖点）,11.30,11.03,11.16,-0.0285,-0.0210,否
2026-05-13 11:44:53,观望,否,警戒,000651,格力电器,40.20,安全,二买,向上,无信号,客观缠论信号为二买，60分钟笔方向向上，中枢震荡，观望,40.28,40.10,40.19,-0.0424,-0.0209,否
2026-05-13 11:44:53,二买,否,警戒,000895,双汇发展,26.81,安全,二卖+二买,向下,无信号,客观缠论信号为二卖、二买，60分钟笔方向向下（寻底模式），因此实际交易动作是二买（笔方向向下时优先买点）,26.66,26.51,27.43,-0.0416,-0.0459,否
2026-05-13 11:44:53,二卖,否,警戒,002415,海康威视,34.04,安全,二卖+二买+三买,向上,底背驰,客观缠论信号为二卖、二买、三买，60分钟笔方向向上（冲顶模式），因此实际交易动作是二卖（笔方向向上时优先卖点）,31.96,33.30,33.87,-0.3689,-0.3449,否
2026-05-13 11:44:53,二买,否,警戒,hk03690,美团,86.40,安全,二买,向下,顶背驰,客观缠论信号为二买，60分钟笔方向向下（寻底模式），因此实际交易动作是二买（笔方向向下时优先买点）,83.75,82.15,86.55,0.5751,0.3874,否
2026-05-13 11:44:53,观望,否,警戒,hk03896,金山云,7.88,安全,二卖,向下,无信号,客观缠论信号为二卖，60分钟笔方向向下，中枢震荡，观望,6.23,7.80,8.39,-0.1020,-0.1006,否
2026-05-13 11:44:53,观望,否,警戒,hk00700,腾讯,458.80,日线破位,二卖,向下,无信号,客观缠论信号为二卖，60分钟笔方向向下，中枢震荡，观望,494.60,486.20,469.00,-1.6967,-1.4473,否
2026-05-13 11:44:53,观望,否,警戒,hk09988,阿里巴巴,131.20,安全,无信号,向下,无信号,客观缠论信号为无信号，60分钟笔方向向下，中枢震荡，观望,129.60,126.70,134.20,-0.9434,-0.7043,否
2026-05-13 11:44:53,观望,否,警戒,hk01024,快手,53.00,安全,二买,向上,无信号,客观缠论信号为二买，60分钟笔方向向上，中枢震荡，观望,56.95,51.00,52.65,0.2687,0.4375,否
2026-05-13 11:44:53,二买,否,警戒,hk06618,京东健康,47.50,安全,二卖+二买,向下,无信号,客观缠论信号为二卖、二买，60分钟笔方向向下（寻底模式），因此实际交易动作是二买（笔方向向下时优先买点）,46.16,46.10,46.76,0.4591,0.2165,否
2026-05-13 11:44:53,观望,否,警戒,hk06862,海底捞,15.05,安全,二买,向上,底背驰,客观缠论信号为二买，60分钟笔方向向上，中枢震荡，观望,14.62,14.62,15.05,-0.0065,0.0024,否
2026-05-13 11:44:53,二买,否,警戒,000800,一汽解放,6.48,安全,二买,向下,无信号,客观缠论信号为二买，60分钟笔方向向下（寻底模式），因此实际交易动作是二买（笔方向向下时优先买点）,6.63,6.46,6.66,-0.0317,-0.0305,否
2026-05-13 11:44:53,二卖,否,警戒,002312,川发龙蟒,10.74,安全,二卖,向上,底背驰,客观缠论信号为二卖，60分钟笔方向向上（冲顶模式），因此实际交易动作是二卖（笔方向向上时优先卖点）,10.34,10.81,10.82,-0.0341,-0.0339,否
2026-05-13 11:44:53,二卖,否,警戒,300037,新宙邦,64.13,安全,二卖,向上,无信号,客观缠论信号为二卖，60分钟笔方向向上（冲顶模式），因此实际交易动作是二卖（笔方向向上时优先卖点）,52.91,60.88,63.69,-0.4122,-0.4631,否
2026-05-13 11:44:53,二买,否,警戒,600021,上海电力,18.18,安全,二买,向下,无信号,客观缠论信号为二买，60分钟笔方向向下（寻底模式），因此实际交易动作是二买（笔方向向下时优先买点）,18.15,17.63,18.55,0.0750,0.0647,否
2026-05-13 11:44:53,二买,否,警戒,600536,中国软件,41.78,安全,二买,向下,底背驰,客观缠论信号为二买，60分钟笔方向向下（寻底模式），因此实际交易动作是二买（笔方向向下时优先买点）,43.80,40.30,39.58,-0.0794,-0.1268,否
2026-05-13 11:44:53,观望,否,警戒,600598,北大荒,16.81,安全,二买,向上,底背驰,客观缠论信号为二买，60分钟笔方向向上，中枢震荡，观望,16.91,15.69,16.89,-0.0072,-0.0118,否
2026-05-13 11:44:53,二买,否,警戒,600764,中国海防,24.22,安全,二买,向下,无信号,客观缠论信号为二买，60分钟笔方向向下（寻底模式），因此实际交易动作是二买（笔方向向下时优先买点）,23.72,23.71,24.30,0.0209,0.0036,否
2026-05-13 11:44:53,观望,否,警戒,603049,中策橡胶,48.42,安全,无信号,向下,无信号,客观缠论信号为无信号，60分钟笔方向向下，中枢震荡，观望,46.98,48.60,48.72,-0.0415,-0.0625,否

2026-05-13 13:20:49,观望,是,警戒,603317,天味食品,16.06,安全,二买,向上,无信号,客观缠论信号为二买，60分钟笔方向向上，中枢震荡，观望,12.56,12.98,16.31,0.0045,0.0124,否
2026-05-13 13:20:49,二买,是,警戒,600660,福耀玻璃,57.37,安全,一卖+二买,向下,无信号,客观缠论信号为一卖、二买，60分钟笔方向向下（寻底模式），因此实际交易动作是二买（笔方向向下时优先买点）,60.10,56.86,57.80,-0.6058,-0.4787,否
2026-05-13 13:20:49,二买,是,警戒,600895,张江高科,37.12,安全,二买,向下,无信号,客观缠论信号为二买，60分钟笔方向向下（寻底模式），因此实际交易动作是二买（笔方向向下时优先买点）,36.21,37.25,38.17,-0.2931,-0.2823,否
2026-05-13 13:20:49,二买,是,警戒,000429,粤高速A,13.27,安全,二买,向下,无信号,客观缠论信号为二买，60分钟笔方向向下（寻底模式），因此实际交易动作是二买（笔方向向下时优先买点）,12.70,12.48,13.12,0.1128,0.1043,否
2026-05-13 13:20:49,观望,是,警戒,hk01810,小米集团,31.96,安全,二买,向上,无信号,客观缠论信号为二买，60分钟笔方向向上，中枢震荡，观望,32.78,30.26,31.92,0.0447,-0.0176,否
2026-05-13 13:20:49,观望,是,警戒,513130,恒生科技ETF,0.64,安全,二买,向上,无信号,客观缠论信号为二买，60分钟笔方向向上，中枢震荡，观望,0.61,0.61,0.64,-0.0010,-0.0014,否
2026-05-13 13:20:49,观望,否,警戒,sh000001,上证指数,4218.22,安全,二买,向上,无信号,客观缠论信号为二买，60分钟笔方向向上，中枢震荡，观望,4101.83,4079.77,4092.83,1.7223,2.0379,否
2026-05-13 13:20:49,二买,否,警戒,510300,沪深300ETF,4.98,安全,二买,向下,无信号,客观缠论信号为二买，60分钟笔方向向下（寻底模式），因此实际交易动作是二买（笔方向向下时优先买点）,4.68,4.75,4.91,0.0048,0.0047,否
2026-05-13 13:20:49,二买,否,警戒,588000,科创50ETF,1.84,安全,二买,向下,无信号,客观缠论信号为二买，60分钟笔方向向下（寻底模式），因此实际交易动作是二买（笔方向向下时优先买点）,1.55,1.55,1.77,0.0054,0.0036,否
2026-05-13 13:20:49,二卖,否,警戒,512400,有色金属ETF,2.20,安全,二卖,向上,无信号,客观缠论信号为二卖，60分钟笔方向向上（冲顶模式），因此实际交易动作是二卖（笔方向向上时优先卖点）,2.10,2.17,2.23,0.0006,0.0007,否
2026-05-13 13:20:49,二卖,否,警戒,512690,酒ETF,0.46,日线破位,二卖,向上,无信号,客观缠论信号为二卖，60分钟笔方向向上（冲顶模式），因此实际交易动作是二卖（笔方向向上时优先卖点）,0.48,0.48,0.48,-0.0030,-0.0026,否
2026-05-13 13:20:49,二买,否,警戒,159227,航空航天ETF,1.38,安全,二买,向下,无信号,客观缠论信号为二买，60分钟笔方向向下（寻底模式），因此实际交易动作是二买（笔方向向下时优先买点）,1.41,1.30,1.37,0.0015,-0.0006,否
2026-05-13 13:20:49,二卖,否,警戒,159992,创新药ETF,0.83,安全,一卖+二卖+二买,向上,无信号,客观缠论信号为一卖、二卖、二买，60分钟笔方向向上（冲顶模式），因此实际交易动作是二卖（笔方向向上时优先卖点）,0.83,0.83,0.83,-0.0027,-0.0015,否
2026-05-13 13:20:49,观望,否,警戒,515050,通信ETF,1.14,日线破位,无信号,向下,无信号,客观缠论信号为无信号，60分钟笔方向向下，中枢震荡，观望,2.30,2.33,2.37,-0.5976,-0.4572,否
2026-05-13 13:20:49,二买,否,警戒,159915,创业板ETF,4.01,安全,二买,向下,无信号,客观缠论信号为二买，60分钟笔方向向下（寻底模式），因此实际交易动作是二买（笔方向向下时优先买点）,3.25,3.27,3.82,0.0139,0.0113,否
2026-05-13 13:20:49,观望,否,警戒,588200,科创芯片ETF,3.52,安全,无信号,向上,无信号,客观缠论信号为无信号，60分钟笔方向向上，中枢震荡，观望,2.41,2.65,3.34,0.0141,0.0114,否
2026-05-13 13:20:49,二卖,否,警戒,159755,电池ETF,1.20,安全,二卖,向上,无信号,客观缠论信号为二卖，60分钟笔方向向上（冲顶模式），因此实际交易动作是二卖（笔方向向上时优先卖点）,1.03,1.17,1.22,-0.0045,-0.0053,否
2026-05-13 13:20:49,观望,否,警戒,159899,软件ETF,0.88,安全,无信号,向下,底背驰,客观缠论信号为无信号，60分钟笔方向向下，中枢震荡，观望,0.87,0.85,0.87,-0.0021,-0.0036,否
2026-05-13 13:20:49,观望,否,警戒,513360,教育ETF,0.50,安全,二买,向上,底背驰,客观缠论信号为二买，60分钟笔方向向上，中枢震荡，观望,0.49,0.50,0.50,-0.0003,-0.0005,否
2026-05-13 13:20:49,二买,否,警戒,515790,光伏ETF,1.14,安全,二买,向下,无信号,客观缠论信号为二买，60分钟笔方向向下（寻底模式），因此实际交易动作是二买（笔方向向下时优先买点）,1.08,1.10,1.09,0.0054,0.0045,否
2026-05-13 13:20:49,观望,否,警戒,600938,中国海油,36.25,安全,无信号,向下,无信号,客观缠论信号为无信号，60分钟笔方向向下，中枢震荡，观望,34.06,35.29,37.85,0.0074,0.0027,否
2026-05-13 13:20:49,观望,否,警戒,601668,中国建筑,4.96,安全,二买,向上,无信号,客观缠论信号为二买，60分钟笔方向向上，中枢震荡，观望,4.99,4.91,4.99,-0.0045,0.0006,否
2026-05-13 13:20:49,二卖,否,警戒,601288,农业银行,6.65,安全,二卖,向上,底背驰,客观缠论信号为二卖，60分钟笔方向向上（冲顶模式），因此实际交易动作是二卖（笔方向向上时优先卖点）,6.53,6.53,6.67,-0.0401,-0.0318,否
2026-05-13 13:20:49,观望,否,警戒,601728,中国电信,6.18,安全,二买,向上,无信号,客观缠论信号为二买，60分钟笔方向向上，中枢震荡，观望,5.75,5.76,6.11,0.0088,0.0078,否
2026-05-13 13:20:49,观望,否,警戒,600276,恒瑞医药,55.85,安全,无信号,向上,无信号,客观缠论信号为无信号，60分钟笔方向向上，中枢震荡，观望,52.67,55.00,57.97,0.4910,0.6055,否
2026-05-13 13:20:49,二卖,否,警戒,600177,雅戈尔,7.76,安全,二卖+二买,向上,底背驰,客观缠论信号为二卖、二买，60分钟笔方向向上（冲顶模式），因此实际交易动作是二卖（笔方向向上时优先卖点）,7.50,7.63,7.88,-0.0121,-0.0149,否
2026-05-13 13:20:49,观望,否,警戒,600887,伊利股份,27.79,安全,二买,向上,无信号,客观缠论信号为二买，60分钟笔方向向上，中枢震荡，观望,27.75,27.36,27.83,-0.0668,-0.0372,否
2026-05-13 13:20:49,二买,否,警戒,601138,工业富联,70.84,安全,二买,向下,无信号,客观缠论信号为二买，60分钟笔方向向下（寻底模式），因此实际交易动作是二买（笔方向向下时优先买点）,62.70,61.86,66.91,1.6080,1.1145,否
2026-05-13 13:20:49,一卖,否,警戒,688041,海光信息,345.53,安全,一卖+二买,向上,无信号,客观缠论信号为一卖、二买，60分钟笔方向向上（冲顶模式），因此实际交易动作是一卖（趋势顶背驰卖出）,246.00,271.06,355.50,-1.1913,-0.8974,否
2026-05-13 13:20:49,观望,否,警戒,688981,中芯国际,120.40,安全,二买,向上,无信号,客观缠论信号为二买，60分钟笔方向向上，中枢震荡，观望,124.60,115.74,124.57,-0.9494,-0.9788,否
2026-05-13 13:20:49,二卖,否,警戒,601225,陕西煤业,23.53,安全,二卖,向上,无信号,客观缠论信号为二卖，60分钟笔方向向上（冲顶模式），因此实际交易动作是二卖（笔方向向上时优先卖点）,22.32,22.30,24.11,-0.0759,-0.0560,否
2026-05-13 13:20:49,二卖,否,警戒,600900,长江电力,27.00,安全,二卖,向上,无信号,客观缠论信号为二卖，60分钟笔方向向上（冲顶模式），因此实际交易动作是二卖（笔方向向上时优先卖点）,26.66,26.90,27.10,0.0036,0.0149,否
2026-05-13 13:20:49,二卖,否,警戒,002507,涪陵榨菜,12.28,安全,二卖,向上,底背驰,客观缠论信号为二卖，60分钟笔方向向上（冲顶模式），因此实际交易动作是二卖（笔方向向上时优先卖点）,12.23,12.28,12.40,-0.0276,-0.0268,否
2026-05-13 13:20:49,观望,否,警戒,000338,潍柴动力,34.26,安全,二卖,向下,无信号,客观缠论信号为二卖，60分钟笔方向向下，中枢震荡，观望,25.92,23.75,33.85,0.2603,0.0844,否
2026-05-13 13:20:49,二卖,否,警戒,000538,云南白药,51.66,日线破位,二卖,向上,无信号,客观缠论信号为二卖，60分钟笔方向向上（冲顶模式），因此实际交易动作是二卖（笔方向向上时优先卖点）,55.40,54.40,52.89,-0.2364,-0.1905,否
2026-05-13 13:20:49,观望,否,警戒,000858,五粮液,88.90,日线破位,二卖,向下,无信号,客观缠论信号为二卖，60分钟笔方向向下，中枢震荡，观望,101.59,101.08,91.95,-0.6065,-0.5077,否
2026-05-13 13:20:49,二卖,否,警戒,000423,东阿阿胶,52.53,安全,二卖,向上,底背驰,客观缠论信号为二卖，60分钟笔方向向上（冲顶模式），因此实际交易动作是二卖（笔方向向上时优先卖点）,51.71,52.11,54.45,-0.2583,-0.1890,否
2026-05-13 13:20:49,二买,否,警戒,000333,美的集团,79.78,安全,二买,向下,无信号,客观缠论信号为二买，60分钟笔方向向下（寻底模式），因此实际交易动作是二买（笔方向向下时优先买点）,79.18,78.91,80.89,-0.1501,-0.1312,否
2026-05-13 13:20:49,二卖,否,警戒,000001,平安银行,11.12,安全,二卖,向上,无信号,客观缠论信号为二卖，60分钟笔方向向上（冲顶模式），因此实际交易动作是二卖（笔方向向上时优先卖点）,11.30,11.03,11.16,-0.0318,-0.0232,否
2026-05-13 13:20:49,观望,否,警戒,000651,格力电器,40.20,安全,二买,向上,无信号,客观缠论信号为二买，60分钟笔方向向上，中枢震荡，观望,40.28,40.10,40.19,-0.0453,-0.0258,否
2026-05-13 13:20:49,二买,否,警戒,000895,双汇发展,26.76,安全,二卖+二买,向下,无信号,客观缠论信号为二卖、二买，60分钟笔方向向下（寻底模式），因此实际交易动作是二买（笔方向向下时优先买点）,26.66,26.51,27.43,-0.0448,-0.0457,否
2026-05-13 13:20:49,二卖,否,警戒,002415,海康威视,34.32,安全,二卖+二买+三买,向上,底背驰,客观缠论信号为二卖、二买、三买，60分钟笔方向向上（冲顶模式），因此实际交易动作是二卖（笔方向向上时优先卖点）,31.96,33.30,33.87,-0.3335,-0.3427,否
2026-05-13 13:20:49,二买,否,警戒,hk03690,美团,86.40,安全,二买,向下,顶背驰,客观缠论信号为二买，60分钟笔方向向下（寻底模式），因此实际交易动作是二买（笔方向向下时优先买点）,83.75,82.15,86.55,0.5751,0.3874,否
2026-05-13 13:20:49,观望,否,警戒,hk03896,金山云,7.88,安全,二卖,向下,无信号,客观缠论信号为二卖，60分钟笔方向向下，中枢震荡，观望,6.23,7.80,8.39,-0.1020,-0.1006,否
2026-05-13 13:20:49,观望,否,警戒,hk00700,腾讯,464.80,日线破位,二卖,向下,无信号,客观缠论信号为二卖，60分钟笔方向向下，中枢震荡，观望,494.60,486.20,469.00,-0.0246,-0.9855,否
2026-05-13 13:20:49,观望,否,警戒,hk09988,阿里巴巴,133.10,安全,无信号,向下,无信号,客观缠论信号为无信号，60分钟笔方向向下，中枢震荡，观望,129.60,126.70,134.20,-0.5616,-0.7640,否
2026-05-13 13:20:49,观望,否,警戒,hk01024,快手,53.00,安全,二买,向上,无信号,客观缠论信号为二买，60分钟笔方向向上，中枢震荡，观望,56.95,51.00,52.65,0.2687,0.4375,否
2026-05-13 13:20:49,二买,否,警戒,hk06618,京东健康,47.50,安全,二卖+二买,向下,无信号,客观缠论信号为二卖、二买，60分钟笔方向向下（寻底模式），因此实际交易动作是二买（笔方向向下时优先买点）,46.16,46.10,46.76,0.4591,0.2165,否
2026-05-13 13:20:49,观望,否,警戒,hk06862,海底捞,15.05,安全,二买,向上,底背驰,客观缠论信号为二买，60分钟笔方向向上，中枢震荡，观望,14.62,14.62,15.05,-0.0065,0.0024,否
2026-05-13 13:20:49,二买,否,警戒,000800,一汽解放,6.46,安全,二买,向下,无信号,客观缠论信号为二买，60分钟笔方向向下（寻底模式），因此实际交易动作是二买（笔方向向下时优先买点）,6.63,6.46,6.66,-0.0319,-0.0308,否
2026-05-13 13:20:49,二卖,否,警戒,002312,川发龙蟒,10.73,安全,二卖,向上,无信号,客观缠论信号为二卖，60分钟笔方向向上（冲顶模式），因此实际交易动作是二卖（笔方向向上时优先卖点）,10.34,10.81,10.82,-0.0335,-0.0338,否
2026-05-13 13:20:49,二卖,否,警戒,300037,新宙邦,64.31,安全,二卖,向上,无信号,客观缠论信号为二卖，60分钟笔方向向上（冲顶模式），因此实际交易动作是二卖（笔方向向上时优先卖点）,52.91,60.88,63.69,-0.3919,-0.4489,否
2026-05-13 13:20:49,二买,否,警戒,600021,上海电力,18.13,安全,二买,向下,无信号,客观缠论信号为二买，60分钟笔方向向下（寻底模式），因此实际交易动作是二买（笔方向向下时优先买点）,18.15,17.63,18.55,0.0625,0.0642,否
2026-05-13 13:20:49,二买,否,警戒,600536,中国软件,41.90,安全,二买,向下,底背驰,客观缠论信号为二买，60分钟笔方向向下（寻底模式），因此实际交易动作是二买（笔方向向下时优先买点）,43.80,40.30,39.58,-0.0452,-0.1105,否
2026-05-13 13:20:49,观望,否,警戒,600598,北大荒,16.76,安全,二买,向上,无信号,客观缠论信号为二买，60分钟笔方向向上，中枢震荡，观望,16.91,15.69,16.89,-0.0075,-0.0109,否
2026-05-13 13:20:49,二买,否,警戒,600764,中国海防,24.27,安全,二买,向下,无信号,客观缠论信号为二买，60分钟笔方向向下（寻底模式），因此实际交易动作是二买（笔方向向下时优先买点）,23.72,23.71,24.30,0.0257,0.0080,否
2026-05-13 13:20:49,观望,否,警戒,603049,中策橡胶,48.44,安全,无信号,向下,无信号,客观缠论信号为无信号，60分钟笔方向向下，中枢震荡，观望,46.98,48.60,48.72,-0.0365,-0.0573,否

2026-05-13 13:35:48,观望,是,警戒,603317,天味食品,16.23,安全,二买,向上,无信号,客观缠论信号为二买，60分钟笔方向向上，中枢震荡，观望,12.56,12.98,16.31,0.0198,0.0139,否
2026-05-13 13:35:48,二买,是,警戒,600660,福耀玻璃,57.20,安全,一卖+二买,向下,无信号,客观缠论信号为一卖、二买，60分钟笔方向向下（寻底模式），因此实际交易动作是二买（笔方向向下时优先买点）,60.10,56.86,57.80,-0.6061,-0.5042,否
2026-05-13 13:35:48,二买,是,警戒,600895,张江高科,37.20,安全,二买,向下,无信号,客观缠论信号为二买，60分钟笔方向向下（寻底模式），因此实际交易动作是二买（笔方向向下时优先买点）,36.21,37.25,38.17,-0.2576,-0.2773,否
2026-05-13 13:35:48,二买,是,警戒,000429,粤高速A,13.28,安全,二买,向下,无信号,客观缠论信号为二买，60分钟笔方向向下（寻底模式），因此实际交易动作是二买（笔方向向下时优先买点）,12.70,12.48,13.12,0.1120,0.1058,否
2026-05-13 13:35:48,观望,是,警戒,hk01810,小米集团,31.86,安全,二买,向上,无信号,客观缠论信号为二买，60分钟笔方向向上，中枢震荡，观望,32.78,30.26,31.92,0.0729,-0.0079,否
2026-05-13 13:35:48,观望,是,警戒,513130,恒生科技ETF,0.64,安全,二买,向上,无信号,客观缠论信号为二买，60分钟笔方向向上，中枢震荡，观望,0.61,0.61,0.64,-0.0005,-0.0012,否
2026-05-13 13:35:48,观望,否,警戒,sh000001,上证指数,4218.22,安全,二买,向上,无信号,客观缠论信号为二买，60分钟笔方向向上，中枢震荡，观望,4101.83,4079.77,4092.83,1.7223,2.0379,否
2026-05-13 13:35:48,二买,否,警戒,510300,沪深300ETF,4.98,安全,二买,向下,无信号,客观缠论信号为二买，60分钟笔方向向下（寻底模式），因此实际交易动作是二买（笔方向向下时优先买点）,4.68,4.75,4.91,0.0062,0.0050,否
2026-05-13 13:35:48,二买,否,警戒,588000,科创50ETF,1.85,安全,二买,向下,无信号,客观缠论信号为二买，60分钟笔方向向下（寻底模式），因此实际交易动作是二买（笔方向向下时优先买点）,1.55,1.55,1.77,0.0080,0.0044,否
2026-05-13 13:35:48,二卖,否,警戒,512400,有色金属ETF,2.20,安全,二卖,向上,无信号,客观缠论信号为二卖，60分钟笔方向向上（冲顶模式），因此实际交易动作是二卖（笔方向向上时优先卖点）,2.10,2.17,2.23,0.0006,0.0007,否
2026-05-13 13:35:48,二卖,否,警戒,512690,酒ETF,0.46,日线破位,二卖,向上,无信号,客观缠论信号为二卖，60分钟笔方向向上（冲顶模式），因此实际交易动作是二卖（笔方向向上时优先卖点）,0.48,0.48,0.48,-0.0030,-0.0027,否
2026-05-13 13:35:48,二买,否,警戒,159227,航空航天ETF,1.37,安全,二买,向下,无信号,客观缠论信号为二买，60分钟笔方向向下（寻底模式），因此实际交易动作是二买（笔方向向下时优先买点）,1.41,1.30,1.37,0.0018,-0.0001,否
2026-05-13 13:35:48,二卖,否,警戒,159992,创新药ETF,0.83,安全,一卖+二卖+二买,向上,无信号,客观缠论信号为一卖、二卖、二买，60分钟笔方向向上（冲顶模式），因此实际交易动作是二卖（笔方向向上时优先卖点）,0.83,0.83,0.83,-0.0027,-0.0018,否
2026-05-13 13:35:48,观望,否,警戒,515050,通信ETF,1.15,日线破位,无信号,向下,无信号,客观缠论信号为无信号，60分钟笔方向向下，中枢震荡，观望,2.30,2.33,2.37,-0.5910,-0.4840,否
2026-05-13 13:35:48,二买,否,警戒,159915,创业板ETF,4.01,安全,二买,向下,无信号,客观缠论信号为二买，60分钟笔方向向下（寻底模式），因此实际交易动作是二买（笔方向向下时优先买点）,3.25,3.27,3.82,0.0173,0.0125,否
2026-05-13 13:35:48,观望,否,警戒,588200,科创芯片ETF,3.53,安全,无信号,向上,无信号,客观缠论信号为无信号，60分钟笔方向向上，中枢震荡，观望,2.41,2.65,3.34,0.0196,0.0130,否
2026-05-13 13:35:48,二卖,否,警戒,159755,电池ETF,1.20,安全,二卖,向上,无信号,客观缠论信号为二卖，60分钟笔方向向上（冲顶模式），因此实际交易动作是二卖（笔方向向上时优先卖点）,1.03,1.17,1.22,-0.0041,-0.0050,否
2026-05-13 13:35:48,观望,否,警戒,159899,软件ETF,0.87,安全,无信号,向下,底背驰,客观缠论信号为无信号，60分钟笔方向向下，中枢震荡，观望,0.87,0.85,0.87,-0.0016,-0.0032,否
2026-05-13 13:35:48,观望,否,警戒,513360,教育ETF,0.50,安全,二买,向上,底背驰,客观缠论信号为二买，60分钟笔方向向上，中枢震荡，观望,0.49,0.50,0.50,-0.0003,-0.0005,否
2026-05-13 13:35:48,二买,否,警戒,515790,光伏ETF,1.14,安全,二买,向下,无信号,客观缠论信号为二买，60分钟笔方向向下（寻底模式），因此实际交易动作是二买（笔方向向下时优先买点）,1.08,1.10,1.09,0.0056,0.0047,否
2026-05-13 13:35:48,观望,否,警戒,600938,中国海油,36.23,安全,无信号,向下,无信号,客观缠论信号为无信号，60分钟笔方向向下，中枢震荡，观望,34.06,35.29,37.85,-0.0023,0.0017,否
2026-05-13 13:35:48,观望,否,警戒,601668,中国建筑,4.95,安全,二买,向上,无信号,客观缠论信号为二买，60分钟笔方向向上，中枢震荡，观望,4.99,4.91,4.99,-0.0062,-0.0008,否
2026-05-13 13:35:48,二卖,否,警戒,601288,农业银行,6.66,安全,二卖,向上,底背驰,客观缠论信号为二卖，60分钟笔方向向上（冲顶模式），因此实际交易动作是二卖（笔方向向上时优先卖点）,6.53,6.53,6.67,-0.0403,-0.0335,否
2026-05-13 13:35:48,观望,否,警戒,601728,中国电信,6.18,安全,二买,向上,无信号,客观缠论信号为二买，60分钟笔方向向上，中枢震荡，观望,5.75,5.76,6.11,0.0113,0.0085,否
2026-05-13 13:35:48,观望,否,警戒,600276,恒瑞医药,55.93,安全,无信号,向上,无信号,客观缠论信号为无信号，60分钟笔方向向上，中枢震荡，观望,52.67,55.00,57.97,0.4631,0.5770,否
2026-05-13 13:35:48,二卖,否,警戒,600177,雅戈尔,7.75,安全,二卖+二买,向上,底背驰,客观缠论信号为二卖、二买，60分钟笔方向向上（冲顶模式），因此实际交易动作是二卖（笔方向向上时优先卖点）,7.50,7.63,7.88,-0.0110,-0.0141,否
2026-05-13 13:35:48,观望,否,警戒,600887,伊利股份,27.84,安全,二买,向上,无信号,客观缠论信号为二买，60分钟笔方向向上，中枢震荡，观望,27.75,27.36,27.83,-0.0588,-0.0415,否
2026-05-13 13:35:48,二买,否,警戒,601138,工业富联,70.84,安全,二买,向下,无信号,客观缠论信号为二买，60分钟笔方向向下（寻底模式），因此实际交易动作是二买（笔方向向下时优先买点）,62.70,61.86,66.91,1.6671,1.2250,否
2026-05-13 13:35:48,一卖,否,警戒,688041,海光信息,347.66,安全,一卖+二买,向上,无信号,客观缠论信号为一卖、二买，60分钟笔方向向上（冲顶模式），因此实际交易动作是一卖（趋势顶背驰卖出）,246.00,271.06,355.50,-0.5103,-0.8200,否
2026-05-13 13:35:48,观望,否,警戒,688981,中芯国际,120.90,安全,二买,向上,无信号,客观缠论信号为二买，60分钟笔方向向上，中枢震荡，观望,124.60,115.74,124.57,-0.7341,-0.9299,否
2026-05-13 13:35:48,二卖,否,警戒,601225,陕西煤业,23.58,安全,二卖,向上,无信号,客观缠论信号为二卖，60分钟笔方向向上（冲顶模式），因此实际交易动作是二卖（笔方向向上时优先卖点）,22.32,22.30,24.11,-0.0793,-0.0606,否
2026-05-13 13:35:48,二卖,否,警戒,600900,长江电力,27.00,安全,二卖,向上,无信号,客观缠论信号为二卖，60分钟笔方向向上（冲顶模式），因此实际交易动作是二卖（笔方向向上时优先卖点）,26.66,26.90,27.10,-0.0031,0.0113,否
2026-05-13 13:35:48,二卖,否,警戒,002507,涪陵榨菜,12.26,安全,二卖,向上,底背驰,客观缠论信号为二卖，60分钟笔方向向上（冲顶模式），因此实际交易动作是二卖（笔方向向上时优先卖点）,12.23,12.28,12.40,-0.0282,-0.0271,否
2026-05-13 13:35:48,观望,否,警戒,000338,潍柴动力,33.91,安全,二卖,向下,无信号,客观缠论信号为二卖，60分钟笔方向向下，中枢震荡，观望,25.92,23.75,33.85,0.2663,0.1208,否
2026-05-13 13:35:48,二卖,否,警戒,000538,云南白药,51.64,日线破位,二卖,向上,无信号,客观缠论信号为二卖，60分钟笔方向向上（冲顶模式），因此实际交易动作是二卖（笔方向向上时优先卖点）,55.40,54.40,52.89,-0.2402,-0.2004,否
2026-05-13 13:35:48,观望,否,警戒,000858,五粮液,88.90,日线破位,二卖,向下,无信号,客观缠论信号为二卖，60分钟笔方向向下，中枢震荡，观望,101.59,101.08,91.95,-0.6152,-0.5292,否
2026-05-13 13:35:48,二卖,否,警戒,000423,东阿阿胶,52.59,安全,二卖,向上,无信号,客观缠论信号为二卖，60分钟笔方向向上（冲顶模式），因此实际交易动作是二卖（笔方向向上时优先卖点）,51.71,52.11,54.45,-0.2640,-0.2040,否
2026-05-13 13:35:48,二买,否,警戒,000333,美的集团,79.85,安全,二买,向下,无信号,客观缠论信号为二买，60分钟笔方向向下（寻底模式），因此实际交易动作是二买（笔方向向下时优先买点）,79.18,78.91,80.89,-0.1617,-0.1373,否
2026-05-13 13:35:48,二卖,否,警戒,000001,平安银行,11.12,安全,二卖,向上,无信号,客观缠论信号为二卖，60分钟笔方向向上（冲顶模式），因此实际交易动作是二卖（笔方向向上时优先卖点）,11.30,11.03,11.16,-0.0341,-0.0253,否
2026-05-13 13:35:48,观望,否,警戒,000651,格力电器,40.19,安全,二买,向上,底背驰,客观缠论信号为二买，60分钟笔方向向上，中枢震荡，观望,40.28,40.10,40.19,-0.0478,-0.0302,否
2026-05-13 13:35:48,二买,否,警戒,000895,双汇发展,26.69,安全,二卖+二买,向下,无信号,客观缠论信号为二卖、二买，60分钟笔方向向下（寻底模式），因此实际交易动作是二买（笔方向向下时优先买点）,26.66,26.51,27.43,-0.0523,-0.0470,否
2026-05-13 13:35:48,二卖,否,警戒,002415,海康威视,34.43,安全,二卖+二买+三买,向上,底背驰,客观缠论信号为二卖、二买、三买，60分钟笔方向向上（冲顶模式），因此实际交易动作是二卖（笔方向向上时优先卖点）,31.96,33.30,33.87,-0.2932,-0.3328,否
2026-05-13 13:35:48,二买,否,警戒,hk03690,美团,86.40,安全,二买,向下,顶背驰,客观缠论信号为二买，60分钟笔方向向下（寻底模式），因此实际交易动作是二买（笔方向向下时优先买点）,83.75,82.15,86.55,0.5751,0.3874,否
2026-05-13 13:35:48,观望,否,警戒,hk03896,金山云,7.88,安全,二卖,向下,无信号,客观缠论信号为二卖，60分钟笔方向向下，中枢震荡，观望,6.23,7.80,8.39,-0.1020,-0.1006,否
2026-05-13 13:35:48,观望,否,警戒,hk00700,腾讯,464.80,日线破位,二卖,向下,无信号,客观缠论信号为二卖，60分钟笔方向向下，中枢震荡，观望,494.60,486.20,469.00,-0.0246,-0.9855,否
2026-05-13 13:35:48,观望,否,警戒,hk09988,阿里巴巴,133.10,安全,无信号,向下,无信号,客观缠论信号为无信号，60分钟笔方向向下，中枢震荡，观望,129.60,126.70,134.20,-0.5616,-0.7640,否
2026-05-13 13:35:48,观望,否,警戒,hk01024,快手,53.00,安全,二买,向上,无信号,客观缠论信号为二买，60分钟笔方向向上，中枢震荡，观望,56.95,51.00,52.65,0.2687,0.4375,否
2026-05-13 13:35:48,二买,否,警戒,hk06618,京东健康,47.50,安全,二卖+二买,向下,无信号,客观缠论信号为二卖、二买，60分钟笔方向向下（寻底模式），因此实际交易动作是二买（笔方向向下时优先买点）,46.16,46.10,46.76,0.4591,0.2165,否
2026-05-13 13:35:48,观望,否,警戒,hk06862,海底捞,15.05,安全,二买,向上,底背驰,客观缠论信号为二买，60分钟笔方向向上，中枢震荡，观望,14.62,14.62,15.05,-0.0065,0.0024,否
2026-05-13 13:35:48,二买,否,警戒,000800,一汽解放,6.48,安全,二买,向下,无信号,客观缠论信号为二买，60分钟笔方向向下（寻底模式），因此实际交易动作是二买（笔方向向下时优先买点）,6.63,6.46,6.66,-0.0300,-0.0306,否
2026-05-13 13:35:48,二卖,否,警戒,002312,川发龙蟒,10.76,安全,二卖,向上,无信号,客观缠论信号为二卖，60分钟笔方向向上（冲顶模式），因此实际交易动作是二卖（笔方向向上时优先卖点）,10.34,10.81,10.82,-0.0302,-0.0331,否
2026-05-13 13:35:48,二卖,否,警戒,300037,新宙邦,64.25,安全,二卖,向上,无信号,客观缠论信号为二卖，60分钟笔方向向上（冲顶模式），因此实际交易动作是二卖（笔方向向上时优先卖点）,52.91,60.88,63.69,-0.3763,-0.4344,否
2026-05-13 13:35:48,二买,否,警戒,600021,上海电力,18.09,安全,二买,向下,无信号,客观缠论信号为二买，60分钟笔方向向下（寻底模式），因此实际交易动作是二买（笔方向向下时优先买点）,18.15,17.63,18.55,0.0488,0.0611,否
2026-05-13 13:35:48,二买,否,警戒,600536,中国软件,41.75,安全,二买,向下,底背驰,客观缠论信号为二买，60分钟笔方向向下（寻底模式），因此实际交易动作是二买（笔方向向下时优先买点）,43.80,40.30,39.58,-0.0298,-0.0943,否
2026-05-13 13:35:48,观望,否,警戒,600598,北大荒,16.79,安全,二买,向上,无信号,客观缠论信号为二买，60分钟笔方向向上，中枢震荡，观望,16.91,15.69,16.89,-0.0053,-0.0098,否
2026-05-13 13:35:48,二买,否,警戒,600764,中国海防,24.23,安全,二买,向下,无信号,客观缠论信号为二买，60分钟笔方向向下（寻底模式），因此实际交易动作是二买（笔方向向下时优先买点）,23.72,23.71,24.30,0.0260,0.0116,否
2026-05-13 13:35:48,观望,否,警戒,603049,中策橡胶,48.57,安全,无信号,向下,无信号,客观缠论信号为无信号，60分钟笔方向向下，中枢震荡，观望,46.98,48.60,48.72,-0.0217,-0.0502,否

2026-05-13 13:50:49,观望,是,警戒,603317,天味食品,16.15,安全,二买,向上,无信号,客观缠论信号为二买，60分钟笔方向向上，中枢震荡，观望,12.56,12.98,16.31,0.0252,0.0162,否
2026-05-13 13:50:49,二买,是,警戒,600660,福耀玻璃,57.06,安全,一卖+二买,向下,无信号,客观缠论信号为一卖、二买，60分钟笔方向向下（寻底模式），因此实际交易动作是二买（笔方向向下时优先买点）,60.10,56.86,57.80,-0.6106,-0.5255,否
2026-05-13 13:50:49,二买,是,警戒,600895,张江高科,37.08,安全,二买,向下,无信号,客观缠论信号为二买，60分钟笔方向向下（寻底模式），因此实际交易动作是二买（笔方向向下时优先买点）,36.21,37.25,38.17,-0.2364,-0.2692,否
2026-05-13 13:50:49,二买,是,警戒,000429,粤高速A,13.28,安全,二买,向下,无信号,客观缠论信号为二买，60分钟笔方向向下（寻底模式），因此实际交易动作是二买（笔方向向下时优先买点）,12.70,12.48,13.12,0.1101,0.1067,否
2026-05-13 13:50:49,观望,是,警戒,hk01810,小米集团,31.86,安全,二买,向上,无信号,客观缠论信号为二买，60分钟笔方向向上，中枢震荡，观望,32.78,30.26,31.92,0.0729,-0.0079,否
2026-05-13 13:50:49,观望,是,警戒,513130,恒生科技ETF,0.64,安全,二买,向上,无信号,客观缠论信号为二买，60分钟笔方向向上，中枢震荡，观望,0.61,0.61,0.64,-0.0002,-0.0010,否
2026-05-13 13:50:49,观望,否,警戒,sh000001,上证指数,4218.22,安全,二买,向上,无信号,客观缠论信号为二买，60分钟笔方向向上，中枢震荡，观望,4101.83,4079.77,4092.83,1.7223,2.0379,否
2026-05-13 13:50:49,二买,否,警戒,510300,沪深300ETF,4.99,安全,二买,向下,无信号,客观缠论信号为二买，60分钟笔方向向下（寻底模式），因此实际交易动作是二买（笔方向向下时优先买点）,4.68,4.75,4.91,0.0078,0.0056,否
2026-05-13 13:50:49,二买,否,警戒,588000,科创50ETF,1.85,安全,二买,向下,无信号,客观缠论信号为二买，60分钟笔方向向下（寻底模式），因此实际交易动作是二买（笔方向向下时优先买点）,1.55,1.55,1.77,0.0102,0.0056,否
2026-05-13 13:50:49,二卖,否,警戒,512400,有色金属ETF,2.20,安全,二卖,向上,无信号,客观缠论信号为二卖，60分钟笔方向向上（冲顶模式），因此实际交易动作是二卖（笔方向向上时优先卖点）,2.10,2.17,2.23,0.0006,0.0007,否
2026-05-13 13:50:49,二卖,否,警戒,512690,酒ETF,0.46,日线破位,二卖,向上,无信号,客观缠论信号为二卖，60分钟笔方向向上（冲顶模式），因此实际交易动作是二卖（笔方向向上时优先卖点）,0.48,0.48,0.48,-0.0029,-0.0027,否
2026-05-13 13:50:49,二买,否,警戒,159227,航空航天ETF,1.38,安全,二买,向下,无信号,客观缠论信号为二买，60分钟笔方向向下（寻底模式），因此实际交易动作是二买（笔方向向下时优先买点）,1.41,1.30,1.37,0.0020,0.0003,否
2026-05-13 13:50:49,二卖,否,警戒,159992,创新药ETF,0.83,安全,一卖+二卖+二买,向上,无信号,客观缠论信号为一卖、二卖、二买，60分钟笔方向向上（冲顶模式），因此实际交易动作是二卖（笔方向向上时优先卖点）,0.83,0.83,0.83,-0.0026,-0.0019,否
2026-05-13 13:50:49,观望,否,警戒,515050,通信ETF,1.15,日线破位,无信号,向下,无信号,客观缠论信号为无信号，60分钟笔方向向下，中枢震荡，观望,2.30,2.33,2.37,-0.5787,-0.5029,否
2026-05-13 13:50:49,二买,否,警戒,159915,创业板ETF,4.02,安全,二买,向下,无信号,客观缠论信号为二买，60分钟笔方向向下（寻底模式），因此实际交易动作是二买（笔方向向下时优先买点）,3.25,3.27,3.82,0.0209,0.0142,否
2026-05-13 13:50:49,观望,否,警戒,588200,科创芯片ETF,3.54,安全,无信号,向上,无信号,客观缠论信号为无信号，60分钟笔方向向上，中枢震荡，观望,2.41,2.65,3.34,0.0240,0.0152,否
2026-05-13 13:50:49,二卖,否,警戒,159755,电池ETF,1.21,安全,二卖,向上,无信号,客观缠论信号为二卖，60分钟笔方向向上（冲顶模式），因此实际交易动作是二卖（笔方向向上时优先卖点）,1.03,1.17,1.22,-0.0035,-0.0047,否
2026-05-13 13:50:49,观望,否,警戒,159899,软件ETF,0.88,安全,无信号,向下,底背驰,客观缠论信号为无信号，60分钟笔方向向下，中枢震荡，观望,0.87,0.85,0.87,-0.0010,-0.0027,否
2026-05-13 13:50:49,观望,否,警戒,513360,教育ETF,0.50,安全,二买,向上,底背驰,客观缠论信号为二买，60分钟笔方向向上，中枢震荡，观望,0.49,0.50,0.50,-0.0002,-0.0004,否
2026-05-13 13:50:49,二买,否,警戒,515790,光伏ETF,1.14,安全,二买,向下,无信号,客观缠论信号为二买，60分钟笔方向向下（寻底模式），因此实际交易动作是二买（笔方向向下时优先买点）,1.08,1.10,1.09,0.0059,0.0050,否
2026-05-13 13:50:49,观望,否,警戒,600938,中国海油,36.14,安全,无信号,向下,无信号,客观缠论信号为无信号，60分钟笔方向向下，中枢震荡，观望,34.06,35.29,37.85,-0.0170,-0.0020,否
2026-05-13 13:50:49,观望,否,警戒,601668,中国建筑,4.96,安全,二买,向上,无信号,客观缠论信号为二买，60分钟笔方向向上，中枢震荡，观望,4.99,4.91,4.99,-0.0067,-0.0020,否
2026-05-13 13:50:49,二卖,否,警戒,601288,农业银行,6.65,安全,二卖,向上,底背驰,客观缠论信号为二卖，60分钟笔方向向上（冲顶模式），因此实际交易动作是二卖（笔方向向上时优先卖点）,6.53,6.53,6.67,-0.0409,-0.0350,否
2026-05-13 13:50:49,观望,否,警戒,601728,中国电信,6.18,安全,二买,向上,无信号,客观缠论信号为二买，60分钟笔方向向上，中枢震荡，观望,5.75,5.76,6.11,0.0131,0.0094,否
2026-05-13 13:50:49,观望,否,警戒,600276,恒瑞医药,55.90,安全,无信号,向上,无信号,客观缠论信号为无信号，60分钟笔方向向上，中枢震荡，观望,52.67,55.00,57.97,0.4336,0.5483,否
2026-05-13 13:50:49,二卖,否,警戒,600177,雅戈尔,7.75,安全,二卖+二买,向上,底背驰,客观缠论信号为二卖、二买，60分钟笔方向向上（冲顶模式），因此实际交易动作是二卖（笔方向向上时优先卖点）,7.50,7.63,7.88,-0.0100,-0.0133,否
2026-05-13 13:50:49,观望,否,警戒,600887,伊利股份,27.87,安全,二买,向上,无信号,客观缠论信号为二买，60分钟笔方向向上，中枢震荡，观望,27.75,27.36,27.83,-0.0495,-0.0431,否
2026-05-13 13:50:49,二买,否,警戒,601138,工业富联,70.84,安全,二买,向下,无信号,客观缠论信号为二买，60分钟笔方向向下（寻底模式），因此实际交易动作是二买（笔方向向下时优先买点）,62.70,61.86,66.91,1.6944,1.3189,否
2026-05-13 13:50:49,一卖,否,警戒,688041,海光信息,347.89,安全,一卖+二买,向上,无信号,客观缠论信号为一卖、二买，60分钟笔方向向上（冲顶模式），因此实际交易动作是一卖（趋势顶背驰卖出）,246.00,271.06,355.50,0.0473,-0.6465,否
2026-05-13 13:50:49,观望,否,警戒,688981,中芯国际,121.14,安全,二买,向上,无信号,客观缠论信号为二买，60分钟笔方向向上，中枢震荡，观望,124.60,115.74,124.57,-0.5379,-0.8515,否
2026-05-13 13:50:49,二卖,否,警戒,601225,陕西煤业,23.52,安全,二卖,向上,无信号,客观缠论信号为二卖，60分钟笔方向向上（冲顶模式），因此实际交易动作是二卖（笔方向向上时优先卖点）,22.32,22.30,24.11,-0.0859,-0.0657,否
2026-05-13 13:50:49,二卖,否,警戒,600900,长江电力,26.99,安全,二卖,向上,无信号,客观缠论信号为二卖，60分钟笔方向向上（冲顶模式），因此实际交易动作是二卖（笔方向向上时优先卖点）,26.66,26.90,27.10,-0.0091,0.0072,否
2026-05-13 13:50:49,二卖,否,警戒,002507,涪陵榨菜,12.20,日线破位,二卖,向上,底背驰,客观缠论信号为二卖，60分钟笔方向向上（冲顶模式），因此实际交易动作是二卖（笔方向向上时优先卖点）,12.23,12.28,12.40,-0.0332,-0.0283,否
2026-05-13 13:50:49,观望,否,警戒,000338,潍柴动力,34.00,安全,二卖,向下,无信号,客观缠论信号为二卖，60分钟笔方向向下，中枢震荡，观望,25.92,23.75,33.85,0.2752,0.1517,否
2026-05-13 13:50:49,二卖,否,警戒,000538,云南白药,51.61,日线破位,二卖,向上,无信号,客观缠论信号为二卖，60分钟笔方向向上（冲顶模式），因此实际交易动作是二卖（笔方向向上时优先卖点）,55.40,54.40,52.89,-0.2428,-0.2089,否
2026-05-13 13:50:49,观望,否,警戒,000858,五粮液,88.88,日线破位,二卖,向下,无信号,客观缠论信号为二卖，60分钟笔方向向下，中枢震荡，观望,101.59,101.08,91.95,-0.6166,-0.5467,否
2026-05-13 13:50:49,二卖,否,警戒,000423,东阿阿胶,52.52,安全,二卖,向上,无信号,客观缠论信号为二卖，60分钟笔方向向上（冲顶模式），因此实际交易动作是二卖（笔方向向上时优先卖点）,51.71,52.11,54.45,-0.2711,-0.2174,否
2026-05-13 13:50:49,二买,否,警戒,000333,美的集团,80.02,安全,二买,向下,底背驰,客观缠论信号为二买，60分钟笔方向向下（寻底模式），因此实际交易动作是二买（笔方向向下时优先买点）,79.18,78.91,80.89,-0.1554,-0.1409,否
2026-05-13 13:50:49,二卖,否,警戒,000001,平安银行,11.13,安全,二卖,向上,无信号,客观缠论信号为二卖，60分钟笔方向向上（冲顶模式），因此实际交易动作是二卖（笔方向向上时优先卖点）,11.30,11.03,11.16,-0.0347,-0.0272,否
2026-05-13 13:50:49,观望,否,警戒,000651,格力电器,40.20,安全,二买,向上,底背驰,客观缠论信号为二买，60分钟笔方向向上，中枢震荡，观望,40.28,40.10,40.19,-0.0484,-0.0339,否
2026-05-13 13:50:49,二买,否,警戒,000895,双汇发展,26.48,日线破位,二卖+二买,向下,无信号,客观缠论信号为二卖、二买，60分钟笔方向向下（寻底模式），因此实际交易动作是二买（笔方向向下时优先买点）,26.66,26.51,27.43,-0.0744,-0.0525,否
2026-05-13 13:50:49,二卖,否,警戒,002415,海康威视,34.35,安全,二卖+二买+三买,向上,底背驰,客观缠论信号为二卖、二买、三买，60分钟笔方向向上（冲顶模式），因此实际交易动作是二卖（笔方向向上时优先卖点）,31.96,33.30,33.87,-0.2647,-0.3192,否
2026-05-13 13:50:49,二买,否,警戒,hk03690,美团,86.40,安全,二买,向下,顶背驰,客观缠论信号为二买，60分钟笔方向向下（寻底模式），因此实际交易动作是二买（笔方向向下时优先买点）,83.75,82.15,86.55,0.5751,0.3874,否
2026-05-13 13:50:49,观望,否,警戒,hk03896,金山云,7.88,安全,二卖,向下,无信号,客观缠论信号为二卖，60分钟笔方向向下，中枢震荡，观望,6.23,7.80,8.39,-0.1020,-0.1006,否
2026-05-13 13:50:49,观望,否,警戒,hk00700,腾讯,463.80,日线破位,二卖,向下,无信号,客观缠论信号为二卖，60分钟笔方向向下，中枢震荡，观望,494.60,486.20,469.00,0.4236,-0.5067,否
2026-05-13 13:50:49,观望,否,警戒,hk09988,阿里巴巴,132.50,安全,无信号,向下,无信号,客观缠论信号为无信号，60分钟笔方向向下，中枢震荡，观望,129.60,126.70,134.20,-0.4434,-0.6589,否
2026-05-13 13:50:49,观望,否,警戒,hk01024,快手,51.30,安全,二买,向上,无信号,客观缠论信号为二买，60分钟笔方向向上，中枢震荡，观望,56.95,51.00,52.65,-0.3602,-0.3518,否
2026-05-13 13:50:49,二买,否,警戒,hk06618,京东健康,48.38,安全,二卖+二买,向下,无信号,客观缠论信号为二卖、二买，60分钟笔方向向下（寻底模式），因此实际交易动作是二买（笔方向向下时优先买点）,46.16,46.10,46.76,0.6875,0.5577,否
2026-05-13 13:50:49,观望,否,警戒,hk06862,海底捞,15.05,安全,二买,向上,底背驰,客观缠论信号为二买，60分钟笔方向向上，中枢震荡，观望,14.62,14.62,15.05,-0.0065,0.0024,否
2026-05-13 13:50:49,二买,否,警戒,000800,一汽解放,6.48,安全,二买,向下,无信号,客观缠论信号为二买，60分钟笔方向向下（寻底模式），因此实际交易动作是二买（笔方向向下时优先买点）,6.63,6.46,6.66,-0.0282,-0.0302,否
2026-05-13 13:50:49,二卖,否,警戒,002312,川发龙蟒,10.76,安全,二卖,向上,无信号,客观缠论信号为二卖，60分钟笔方向向上（冲顶模式），因此实际交易动作是二卖（笔方向向上时优先卖点）,10.34,10.81,10.82,-0.0273,-0.0319,否
2026-05-13 13:50:49,二卖,否,警戒,300037,新宙邦,64.63,安全,二卖,向上,无信号,客观缠论信号为二卖，60分钟笔方向向上（冲顶模式），因此实际交易动作是二卖（笔方向向上时优先卖点）,52.91,60.88,63.69,-0.3296,-0.4134,否
2026-05-13 13:50:49,二买,否,警戒,600021,上海电力,18.09,安全,二买,向下,无信号,客观缠论信号为二买，60分钟笔方向向下（寻底模式），因此实际交易动作是二买（笔方向向下时优先买点）,18.15,17.63,18.55,0.0375,0.0564,否
2026-05-13 13:50:49,二买,否,警戒,600536,中国软件,41.78,安全,二买,向下,无信号,客观缠论信号为二买，60分钟笔方向向下（寻底模式），因此实际交易动作是二买（笔方向向下时优先买点）,43.80,40.30,39.58,-0.0150,-0.0785,否
2026-05-13 13:50:49,观望,否,警戒,600598,北大荒,16.82,安全,二买,向上,无信号,客观缠论信号为二买，60分钟笔方向向上，中枢震荡，观望,16.91,15.69,16.89,-0.0010,-0.0080,否
2026-05-13 13:50:49,二买,否,警戒,600764,中国海防,24.25,安全,二买,向下,无信号,客观缠论信号为二买，60分钟笔方向向下（寻底模式），因此实际交易动作是二买（笔方向向下时优先买点）,23.72,23.71,24.30,0.0275,0.0148,否
2026-05-13 13:50:49,观望,否,警戒,603049,中策橡胶,48.67,安全,无信号,向下,无信号,客观缠论信号为无信号，60分钟笔方向向下，中枢震荡，观望,46.98,48.60,48.72,-0.0020,-0.0405,否

2026-05-13 14:14:53,观望,是,警戒,603317,天味食品,16.23,安全,二买,向上,无信号,客观缠论信号为二买，60分钟笔方向向上，中枢震荡，观望,12.56,12.98,16.31,0.0355,0.0200,否
2026-05-13 14:14:53,二买,是,警戒,600660,福耀玻璃,57.05,安全,一卖+二买,向下,无信号,客观缠论信号为一卖、二买，60分钟笔方向向下（寻底模式），因此实际交易动作是二买（笔方向向下时优先买点）,60.10,56.86,57.80,-0.6080,-0.5420,否
2026-05-13 14:14:53,二买,是,警戒,600895,张江高科,37.04,安全,二买,向下,无信号,客观缠论信号为二买，60分钟笔方向向下（寻底模式），因此实际交易动作是二买（笔方向向下时优先买点）,36.21,37.25,38.17,-0.2203,-0.2594,否
2026-05-13 14:14:53,二买,是,警戒,000429,粤高速A,13.26,安全,二买,向下,无信号,客观缠论信号为二买，60分钟笔方向向下（寻底模式），因此实际交易动作是二买（笔方向向下时优先买点）,12.70,12.48,13.12,0.1057,0.1065,否
2026-05-13 14:14:53,观望,是,警戒,hk01810,小米集团,31.86,安全,二买,向上,无信号,客观缠论信号为二买，60分钟笔方向向上，中枢震荡，观望,32.78,30.26,31.92,0.0729,-0.0079,否
2026-05-13 14:14:53,观望,是,警戒,513130,恒生科技ETF,0.64,安全,无信号,向下,无信号,客观缠论信号为无信号，60分钟笔方向向下，中枢震荡，观望,0.61,0.61,0.64,-0.0001,-0.0008,否
2026-05-13 14:14:53,观望,否,警戒,sh000001,上证指数,4233.40,安全,二买,向上,无信号,客观缠论信号为二买，60分钟笔方向向上，中枢震荡，观望,4101.83,4079.77,4092.83,5.2025,3.3206,否
2026-05-13 14:14:53,二买,否,警戒,510300,沪深300ETF,5.00,安全,二买,向下,无信号,客观缠论信号为二买，60分钟笔方向向下（寻底模式），因此实际交易动作是二买（笔方向向下时优先买点）,4.68,4.75,4.91,0.0094,0.0063,否
2026-05-13 14:14:53,二买,否,警戒,588000,科创50ETF,1.85,安全,二买,向下,无信号,客观缠论信号为二买，60分钟笔方向向下（寻底模式），因此实际交易动作是二买（笔方向向下时优先买点）,1.55,1.55,1.77,0.0119,0.0069,否
2026-05-13 14:14:53,二卖,否,警戒,512400,有色金属ETF,2.20,安全,二卖,向上,无信号,客观缠论信号为二卖，60分钟笔方向向上（冲顶模式），因此实际交易动作是二卖（笔方向向上时优先卖点）,2.10,2.17,2.23,0.0007,0.0007,否
2026-05-13 14:14:53,二卖,否,警戒,512690,酒ETF,0.46,日线破位,二卖,向上,无信号,客观缠论信号为二卖，60分钟笔方向向上（冲顶模式），因此实际交易动作是二卖（笔方向向上时优先卖点）,0.48,0.48,0.48,-0.0029,-0.0028,否
2026-05-13 14:14:53,二买,否,警戒,159227,航空航天ETF,1.37,安全,二买,向下,无信号,客观缠论信号为二买，60分钟笔方向向下（寻底模式），因此实际交易动作是二买（笔方向向下时优先买点）,1.41,1.30,1.37,0.0021,0.0007,否
2026-05-13 14:14:53,二卖,否,警戒,159992,创新药ETF,0.83,安全,二卖+二买,向上,无信号,客观缠论信号为二卖、二买，60分钟笔方向向上（冲顶模式），因此实际交易动作是二卖（笔方向向上时优先卖点）,0.83,0.83,0.83,-0.0026,-0.0022,否
2026-05-13 14:14:53,观望,否,警戒,515050,通信ETF,1.15,日线破位,无信号,向下,无信号,客观缠论信号为无信号，60分钟笔方向向下，中枢震荡，观望,2.30,2.33,2.37,-0.5624,-0.5148,否
2026-05-13 14:14:53,二买,否,警戒,159915,创业板ETF,4.03,安全,二买,向下,无信号,客观缠论信号为二买，60分钟笔方向向下（寻底模式），因此实际交易动作是二买（笔方向向下时优先买点）,3.25,3.27,3.82,0.0264,0.0182,否
2026-05-13 14:14:53,观望,否,警戒,588200,科创芯片ETF,3.54,安全,无信号,向上,无信号,客观缠论信号为无信号，60分钟笔方向向上，中枢震荡，观望,2.41,2.65,3.34,0.0307,0.0203,否
2026-05-13 14:14:53,二卖,否,警戒,159755,电池ETF,1.20,安全,二卖,向上,无信号,客观缠论信号为二卖，60分钟笔方向向上（冲顶模式），因此实际交易动作是二卖（笔方向向上时优先卖点）,1.03,1.17,1.22,-0.0027,-0.0041,否
2026-05-13 14:14:53,观望,否,警戒,159899,软件ETF,0.87,安全,无信号,向下,无信号,客观缠论信号为无信号，60分钟笔方向向下，中枢震荡，观望,0.87,0.85,0.87,-0.0003,-0.0019,否
2026-05-13 14:14:53,观望,否,警戒,513360,教育ETF,0.50,安全,无信号,向下,无信号,客观缠论信号为无信号，60分钟笔方向向下，中枢震荡，观望,0.49,0.50,0.50,-0.0002,-0.0003,否
2026-05-13 14:14:53,二买,否,警戒,515790,光伏ETF,1.15,安全,二买,向下,无信号,客观缠论信号为二买，60分钟笔方向向下（寻底模式），因此实际交易动作是二买（笔方向向下时优先买点）,1.08,1.10,1.09,0.0062,0.0054,否
2026-05-13 14:14:53,二卖,否,警戒,600938,中国海油,36.14,安全,二卖,向上,无信号,客观缠论信号为二卖，60分钟笔方向向上（冲顶模式），因此实际交易动作是二卖（笔方向向上时优先卖点）,34.06,35.29,37.85,-0.0363,-0.0130,否
2026-05-13 14:14:53,观望,否,警戒,601668,中国建筑,4.95,安全,二买,向上,无信号,客观缠论信号为二买，60分钟笔方向向上，中枢震荡，观望,4.99,4.91,4.95,-0.0091,-0.0044,否
2026-05-13 14:14:53,二卖,否,警戒,601288,农业银行,6.66,安全,二卖,向上,底背驰,客观缠论信号为二卖，60分钟笔方向向上（冲顶模式），因此实际交易动作是二卖（笔方向向上时优先卖点）,6.53,6.53,6.67,-0.0396,-0.0368,否
2026-05-13 14:14:53,二买,否,警戒,601728,中国电信,6.20,安全,二买,向下,无信号,客观缠论信号为二买，60分钟笔方向向下（寻底模式），因此实际交易动作是二买（笔方向向下时优先买点）,5.75,5.76,6.11,0.0174,0.0120,否
2026-05-13 14:14:53,观望,否,警戒,600276,恒瑞医药,55.83,安全,无信号,向上,无信号,客观缠论信号为无信号，60分钟笔方向向上，中枢震荡，观望,52.67,55.00,57.97,0.3684,0.4885,否
2026-05-13 14:14:53,二买,否,警戒,600177,雅戈尔,7.72,安全,二卖+二买,向下,无信号,客观缠论信号为二卖、二买，60分钟笔方向向下（寻底模式），因此实际交易动作是二买（笔方向向下时优先买点）,7.50,7.63,7.88,-0.0112,-0.0123,否
2026-05-13 14:14:53,观望,否,警戒,600887,伊利股份,27.82,安全,二买,向上,无信号,客观缠论信号为二买，60分钟笔方向向上，中枢震荡，观望,27.75,27.36,27.83,-0.0365,-0.0410,否
2026-05-13 14:14:53,二买,否,警戒,601138,工业富联,70.84,安全,二买,向下,无信号,客观缠论信号为二买，60分钟笔方向向下（寻底模式），因此实际交易动作是二买（笔方向向下时优先买点）,62.70,61.86,66.91,1.6788,1.4513,否
2026-05-13 14:14:53,一卖,否,警戒,688041,海光信息,348.60,安全,一卖+二买,向上,无信号,客观缠论信号为一卖、二买，60分钟笔方向向上（冲顶模式），因此实际交易动作是一卖（趋势顶背驰卖出）,246.00,271.06,355.50,0.8367,-0.1773,否
2026-05-13 14:14:53,观望,否,警戒,688981,中芯国际,120.98,安全,无信号,向下,无信号,客观缠论信号为无信号，60分钟笔方向向下，中枢震荡，观望,124.60,115.74,124.57,-0.2816,-0.6660,否
2026-05-13 14:14:53,二卖,否,警戒,601225,陕西煤业,23.42,安全,二卖,向上,无信号,客观缠论信号为二卖，60分钟笔方向向上（冲顶模式），因此实际交易动作是二卖（笔方向向上时优先卖点）,22.32,22.30,24.11,-0.0997,-0.0763,否
2026-05-13 14:14:53,二卖,否,警戒,600900,长江电力,27.00,安全,二卖,向上,无信号,客观缠论信号为二卖，60分钟笔方向向上（冲顶模式），因此实际交易动作是二卖（笔方向向上时优先卖点）,26.66,26.90,27.01,-0.0158,-0.0006,否
2026-05-13 14:14:53,二卖,否,警戒,002507,涪陵榨菜,12.20,日线破位,二卖,向上,底背驰,客观缠论信号为二卖，60分钟笔方向向上（冲顶模式），因此实际交易动作是二卖（笔方向向上时优先卖点）,12.23,12.28,12.40,-0.0391,-0.0318,否
2026-05-13 14:14:53,观望,否,警戒,000338,潍柴动力,34.02,安全,二卖,向下,无信号,客观缠论信号为二卖，60分钟笔方向向下，中枢震荡，观望,25.92,23.75,33.85,0.2737,0.1951,否
2026-05-13 14:14:53,二卖,否,警戒,000538,云南白药,51.69,日线破位,二卖,向上,无信号,客观缠论信号为二卖，60分钟笔方向向上（冲顶模式），因此实际交易动作是二卖（笔方向向上时优先卖点）,55.40,54.40,52.89,-0.2256,-0.2161,否
2026-05-13 14:14:53,观望,否,警戒,000858,五粮液,88.85,日线破位,二卖,向下,无信号,客观缠论信号为二卖，60分钟笔方向向下，中枢震荡，观望,101.59,101.08,91.95,-0.5997,-0.5672,否
2026-05-13 14:14:53,二卖,否,警戒,000423,东阿阿胶,52.56,安全,二卖,向上,无信号,客观缠论信号为二卖，60分钟笔方向向上（冲顶模式），因此实际交易动作是二卖（笔方向向上时优先卖点）,51.71,52.11,54.45,-0.2716,-0.2377,否
2026-05-13 14:14:53,二买,否,警戒,000333,美的集团,80.21,安全,二买,向下,底背驰,客观缠论信号为二买，60分钟笔方向向下（寻底模式），因此实际交易动作是二买（笔方向向下时优先买点）,79.18,78.91,80.89,-0.1211,-0.1370,否
2026-05-13 14:14:53,二卖,否,警戒,000001,平安银行,11.13,安全,二卖,向上,无信号,客观缠论信号为二卖，60分钟笔方向向上（冲顶模式），因此实际交易动作是二卖（笔方向向上时优先卖点）,11.30,11.03,11.16,-0.0338,-0.0296,否
2026-05-13 14:14:53,观望,否,警戒,000651,格力电器,40.29,安全,二买,向上,底背驰,客观缠论信号为二买，60分钟笔方向向上，中枢震荡，观望,40.28,40.10,40.19,-0.0314,-0.0338,否
2026-05-13 14:14:53,二买,否,警戒,000895,双汇发展,26.54,安全,二卖+二买,向下,底背驰,客观缠论信号为二卖、二买，60分钟笔方向向下（寻底模式），因此实际交易动作是二买（笔方向向下时优先买点）,26.66,26.51,27.43,-0.0973,-0.0674,否
2026-05-13 14:14:53,三买,否,警戒,002415,海康威视,34.29,安全,二卖+三买,向下,无信号,客观缠论信号为二卖、三买，60分钟笔方向向下（寻底模式），因此实际交易动作是三买（突破回踩买入）,31.96,33.30,33.87,-0.2222,-0.2871,否
2026-05-13 14:14:53,二买,否,警戒,hk03690,美团,88.25,安全,二买,向下,无信号,客观缠论信号为二买，60分钟笔方向向下（寻底模式），因此实际交易动作是二买（笔方向向下时优先买点）,83.75,82.15,86.55,0.9860,0.8250,否
2026-05-13 14:14:53,观望,否,警戒,hk03896,金山云,8.19,安全,二卖,向下,无信号,客观缠论信号为二卖，60分钟笔方向向下，中枢震荡，观望,6.23,7.80,8.39,0.0126,-0.0289,否
2026-05-13 14:14:53,观望,否,警戒,hk00700,腾讯,462.40,日线破位,二卖,向下,无信号,客观缠论信号为二卖，60分钟笔方向向下，中枢震荡，观望,494.60,486.20,469.00,0.4460,-0.3161,否
2026-05-13 14:14:53,观望,否,警戒,hk09988,阿里巴巴,132.50,安全,无信号,向下,无信号,客观缠论信号为无信号，60分钟笔方向向下，中枢震荡，观望,129.60,126.70,134.20,-0.4434,-0.6589,否
2026-05-13 14:14:53,观望,否,警戒,hk01024,快手,51.30,安全,二买,向上,无信号,客观缠论信号为二买，60分钟笔方向向上，中枢震荡，观望,56.95,51.00,52.65,-0.3602,-0.3518,否
2026-05-13 14:14:53,二买,否,警戒,hk06618,京东健康,48.38,安全,二卖+二买,向下,无信号,客观缠论信号为二卖、二买，60分钟笔方向向下（寻底模式），因此实际交易动作是二买（笔方向向下时优先买点）,46.16,46.10,46.76,0.6875,0.5577,否
2026-05-13 14:14:53,观望,否,警戒,hk06862,海底捞,15.01,安全,二买,向上,无信号,客观缠论信号为二买，60分钟笔方向向上，中枢震荡，观望,14.62,14.62,15.05,-0.0132,-0.0091,否
2026-05-13 14:14:53,二买,否,警戒,000800,一汽解放,6.47,安全,二买,向下,无信号,客观缠论信号为二买，60分钟笔方向向下（寻底模式），因此实际交易动作是二买（笔方向向下时优先买点）,6.63,6.46,6.66,-0.0263,-0.0289,否
2026-05-13 14:14:53,二卖,否,警戒,002312,川发龙蟒,10.73,安全,二卖,向上,无信号,客观缠论信号为二卖，60分钟笔方向向上（冲顶模式），因此实际交易动作是二卖（笔方向向上时优先卖点）,10.34,10.81,10.82,-0.0266,-0.0301,否
2026-05-13 14:14:53,二卖,否,警戒,300037,新宙邦,64.26,安全,二卖,向上,无信号,客观缠论信号为二卖，60分钟笔方向向上（冲顶模式），因此实际交易动作是二卖（笔方向向上时优先卖点）,52.91,60.88,63.69,-0.2973,-0.3731,否
2026-05-13 14:14:53,观望,否,警戒,600021,上海电力,18.12,安全,二买,向上,无信号,客观缠论信号为二买，60分钟笔方向向上，中枢震荡，观望,18.15,17.63,18.33,0.0267,0.0467,否
2026-05-13 14:14:53,二买,否,警戒,600536,中国软件,41.67,安全,二买,向下,无信号,客观缠论信号为二买，60分钟笔方向向下（寻底模式），因此实际交易动作是二买（笔方向向下时优先买点）,43.80,40.30,39.58,-0.0132,-0.0556,否
2026-05-13 14:14:53,观望,否,警戒,600598,北大荒,16.81,安全,二买,向上,无信号,客观缠论信号为二买，60分钟笔方向向上，中枢震荡，观望,16.91,15.69,16.89,0.0016,-0.0050,否
2026-05-13 14:14:53,二买,否,警戒,600764,中国海防,24.23,安全,二买,向下,无信号,客观缠论信号为二买，60分钟笔方向向下（寻底模式），因此实际交易动作是二买（笔方向向下时优先买点）,23.72,23.71,24.30,0.0229,0.0177,否
2026-05-13 14:14:53,观望,否,警戒,603049,中策橡胶,48.55,安全,无信号,向下,无信号,客观缠论信号为无信号，60分钟笔方向向下，中枢震荡，观望,46.98,48.60,48.72,0.0110,-0.0226,否

2026-05-13 14:35:48,观望,是,警戒,603317,天味食品,16.17,安全,二买,向上,无信号,客观缠论信号为二买，60分钟笔方向向上，中枢震荡，观望,12.56,12.98,16.31,0.0408,0.0272,否
2026-05-13 14:35:48,二买,是,警戒,600660,福耀玻璃,57.10,安全,一卖+二买,向下,无信号,客观缠论信号为一卖、二买，60分钟笔方向向下（寻底模式），因此实际交易动作是二买（笔方向向下时优先买点）,60.10,56.86,57.80,-0.5885,-0.5619,否
2026-05-13 14:35:48,二买,是,警戒,600895,张江高科,36.94,安全,二买,向下,无信号,客观缠论信号为二买，60分钟笔方向向下（寻底模式），因此实际交易动作是二买（笔方向向下时优先买点）,36.21,37.25,38.17,-0.2039,-0.2407,否
2026-05-13 14:35:48,二买,是,警戒,000429,粤高速A,13.21,安全,二买,向下,无信号,客观缠论信号为二买，60分钟笔方向向下（寻底模式），因此实际交易动作是二买（笔方向向下时优先买点）,12.70,12.48,13.12,0.0923,0.1028,否
2026-05-13 14:35:48,观望,是,警戒,hk01810,小米集团,31.86,安全,二买,向上,无信号,客观缠论信号为二买，60分钟笔方向向上，中枢震荡，观望,32.78,30.26,31.92,0.0729,-0.0079,否
2026-05-13 14:35:48,观望,是,警戒,513130,恒生科技ETF,0.64,安全,无信号,向下,无信号,客观缠论信号为无信号，60分钟笔方向向下，中枢震荡，观望,0.61,0.61,0.64,-0.0001,-0.0006,否
2026-05-13 14:35:48,观望,否,警戒,sh000001,上证指数,4234.54,安全,二买,向上,无信号,客观缠论信号为二买，60分钟笔方向向上，中枢震荡，观望,4101.83,4079.77,4092.83,5.8300,3.8224,否
2026-05-13 14:35:48,二买,否,警戒,510300,沪深300ETF,5.01,安全,二买,向下,无信号,客观缠论信号为二买，60分钟笔方向向下（寻底模式），因此实际交易动作是二买（笔方向向下时优先买点）,4.68,4.75,4.91,0.0126,0.0083,否
2026-05-13 14:35:48,二买,否,警戒,588000,科创50ETF,1.86,安全,二买,向下,无信号,客观缠论信号为二买，60分钟笔方向向下（寻底模式），因此实际交易动作是二买（笔方向向下时优先买点）,1.55,1.55,1.77,0.0145,0.0094,否
2026-05-13 14:35:48,二卖,否,警戒,512400,有色金属ETF,2.21,安全,二卖,向上,无信号,客观缠论信号为二卖，60分钟笔方向向上（冲顶模式），因此实际交易动作是二卖（笔方向向上时优先卖点）,2.10,2.17,2.23,0.0011,0.0008,否
2026-05-13 14:35:48,二卖,否,警戒,512690,酒ETF,0.46,日线破位,二卖,向上,无信号,客观缠论信号为二卖，60分钟笔方向向上（冲顶模式），因此实际交易动作是二卖（笔方向向上时优先卖点）,0.48,0.48,0.48,-0.0027,-0.0028,否
2026-05-13 14:35:48,二买,否,警戒,159227,航空航天ETF,1.37,安全,二买,向下,无信号,客观缠论信号为二买，60分钟笔方向向下（寻底模式），因此实际交易动作是二买（笔方向向下时优先买点）,1.41,1.30,1.37,0.0020,0.0012,否
2026-05-13 14:35:48,二卖,否,警戒,159992,创新药ETF,0.83,安全,二卖+二买,向上,无信号,客观缠论信号为二卖、二买，60分钟笔方向向上（冲顶模式），因此实际交易动作是二卖（笔方向向上时优先卖点）,0.83,0.83,0.83,-0.0024,-0.0022,否
2026-05-13 14:35:48,观望,否,警戒,515050,通信ETF,1.15,日线破位,无信号,向下,无信号,客观缠论信号为无信号，60分钟笔方向向下，中枢震荡，观望,2.30,2.33,2.37,-0.5217,-0.5207,否
2026-05-13 14:35:48,二买,否,警戒,159915,创业板ETF,4.04,安全,二买,向下,无信号,客观缠论信号为二买，60分钟笔方向向下（寻底模式），因此实际交易动作是二买（笔方向向下时优先买点）,3.25,3.27,3.82,0.0289,0.0203,否
2026-05-13 14:35:48,观望,否,警戒,588200,科创芯片ETF,3.55,安全,无信号,向上,无信号,客观缠论信号为无信号，60分钟笔方向向上，中枢震荡，观望,2.41,2.65,3.34,0.0329,0.0228,否
2026-05-13 14:35:48,二卖,否,警戒,159755,电池ETF,1.21,安全,二卖,向上,无信号,客观缠论信号为二卖，60分钟笔方向向上（冲顶模式），因此实际交易动作是二卖（笔方向向上时优先卖点）,1.03,1.17,1.22,-0.0023,-0.0037,否
2026-05-13 14:35:48,观望,否,警戒,159899,软件ETF,0.88,安全,无信号,向下,无信号,客观缠论信号为无信号，60分钟笔方向向下，中枢震荡，观望,0.87,0.85,0.87,0.0000,-0.0015,否
2026-05-13 14:35:48,观望,否,警戒,513360,教育ETF,0.50,安全,无信号,向下,无信号,客观缠论信号为无信号，60分钟笔方向向下，中枢震荡，观望,0.49,0.50,0.50,-0.0002,-0.0003,否
2026-05-13 14:35:48,二买,否,警戒,515790,光伏ETF,1.15,安全,二买,向下,无信号,客观缠论信号为二买，60分钟笔方向向下（寻底模式），因此实际交易动作是二买（笔方向向下时优先买点）,1.08,1.10,1.09,0.0064,0.0056,否
2026-05-13 14:35:48,二卖,否,警戒,600938,中国海油,36.21,安全,二卖,向上,无信号,客观缠论信号为二卖，60分钟笔方向向上（冲顶模式），因此实际交易动作是二卖（笔方向向上时优先卖点）,34.06,35.29,37.85,-0.0371,-0.0178,否
2026-05-13 14:35:48,观望,否,警戒,601668,中国建筑,4.96,安全,二买,向上,无信号,客观缠论信号为二买，60分钟笔方向向上，中枢震荡，观望,4.99,4.91,4.95,-0.0087,-0.0053,否
2026-05-13 14:35:48,二卖,否,警戒,601288,农业银行,6.66,安全,二卖,向上,无信号,客观缠论信号为二卖，60分钟笔方向向上（冲顶模式），因此实际交易动作是二卖（笔方向向上时优先卖点）,6.53,6.53,6.67,-0.0381,-0.0371,否
2026-05-13 14:35:48,二买,否,警戒,601728,中国电信,6.21,安全,二买,向下,无信号,客观缠论信号为二买，60分钟笔方向向下（寻底模式），因此实际交易动作是二买（笔方向向下时优先买点）,5.75,5.76,6.11,0.0198,0.0135,否
2026-05-13 14:35:48,观望,否,警戒,600276,恒瑞医药,55.91,安全,无信号,向上,无信号,客观缠论信号为无信号，60分钟笔方向向上，中枢震荡，观望,52.67,55.00,57.97,0.3465,0.4601,否
2026-05-13 14:35:48,二买,否,警戒,600177,雅戈尔,7.70,安全,二卖+二买,向下,无信号,客观缠论信号为二卖、二买，60分钟笔方向向下（寻底模式），因此实际交易动作是二买（笔方向向下时优先买点）,7.50,7.63,7.88,-0.0138,-0.0126,否
2026-05-13 14:35:48,观望,否,警戒,600887,伊利股份,27.92,安全,二买,向上,无信号,客观缠论信号为二买，60分钟笔方向向上，中枢震荡，观望,27.75,27.36,27.83,-0.0266,-0.0381,否
2026-05-13 14:35:48,二买,否,警戒,601138,工业富联,70.84,安全,二买,向下,无信号,客观缠论信号为二买，60分钟笔方向向下（寻底模式），因此实际交易动作是二买（笔方向向下时优先买点）,62.70,61.86,66.91,1.6458,1.4902,否
2026-05-13 14:35:48,一卖,否,警戒,688041,海光信息,347.44,安全,一卖+二买,向上,无信号,客观缠论信号为一卖、二买，60分钟笔方向向上（冲顶模式），因此实际交易动作是一卖（趋势顶背驰卖出）,246.00,271.06,355.50,1.0518,0.0685,否
2026-05-13 14:35:48,观望,否,警戒,688981,中芯国际,121.11,安全,无信号,向下,无信号,客观缠论信号为无信号，60分钟笔方向向下，中枢震荡，观望,124.60,115.74,124.57,-0.1719,-0.5671,否
2026-05-13 14:35:48,二卖,否,警戒,601225,陕西煤业,23.46,安全,二卖,向上,无信号,客观缠论信号为二卖，60分钟笔方向向上（冲顶模式），因此实际交易动作是二卖（笔方向向上时优先卖点）,22.32,22.30,24.11,-0.1036,-0.0817,否
2026-05-13 14:35:48,二卖,否,警戒,600900,长江电力,27.01,安全,二卖,向上,无信号,客观缠论信号为二卖，60分钟笔方向向上（冲顶模式），因此实际交易动作是二卖（笔方向向上时优先卖点）,26.66,26.90,27.01,-0.0170,-0.0039,否
2026-05-13 14:35:48,二卖,否,警戒,002507,涪陵榨菜,12.20,日线破位,二卖,向上,底背驰,客观缠论信号为二卖，60分钟笔方向向上（冲顶模式），因此实际交易动作是二卖（笔方向向上时优先卖点）,12.23,12.28,12.40,-0.0405,-0.0336,否
2026-05-13 14:35:48,观望,否,警戒,000338,潍柴动力,34.29,安全,二卖,向下,无信号,客观缠论信号为二卖，60分钟笔方向向下，中枢震荡，观望,25.92,23.75,33.85,0.2948,0.2150,否
2026-05-13 14:35:48,二卖,否,警戒,000538,云南白药,51.81,日线破位,二卖,向上,无信号,客观缠论信号为二卖，60分钟笔方向向上（冲顶模式），因此实际交易动作是二卖（笔方向向上时优先卖点）,55.40,54.40,52.89,-0.2074,-0.2144,否
2026-05-13 14:35:48,观望,否,警戒,000858,五粮液,88.89,日线破位,二卖,向下,无信号,客观缠论信号为二卖，60分钟笔方向向下，中枢震荡，观望,101.59,101.08,91.95,-0.5829,-0.5703,否
2026-05-13 14:35:48,二卖,否,警戒,000423,东阿阿胶,52.66,安全,二卖,向上,无信号,客观缠论信号为二卖，60分钟笔方向向上（冲顶模式），因此实际交易动作是二卖（笔方向向上时优先卖点）,51.71,52.11,54.45,-0.2565,-0.2415,否
2026-05-13 14:35:48,二买,否,警戒,000333,美的集团,80.39,安全,二买,向下,底背驰,客观缠论信号为二买，60分钟笔方向向下（寻底模式），因此实际交易动作是二买（笔方向向下时优先买点）,79.18,78.91,80.89,-0.0893,-0.1275,否
2026-05-13 14:35:48,二卖,否,警戒,000001,平安银行,11.13,安全,二卖,向上,无信号,客观缠论信号为二卖，60分钟笔方向向上（冲顶模式），因此实际交易动作是二卖（笔方向向上时优先卖点）,11.30,11.03,11.16,-0.0333,-0.0304,否
2026-05-13 14:35:48,观望,否,警戒,000651,格力电器,40.36,安全,二买,向上,底背驰,客观缠论信号为二买，60分钟笔方向向上，中枢震荡，观望,40.28,40.10,40.19,-0.0215,-0.0313,否
2026-05-13 14:35:48,二买,否,警戒,000895,双汇发展,26.59,安全,二卖+二买,向下,底背驰,客观缠论信号为二卖、二买，60分钟笔方向向下（寻底模式），因此实际交易动作是二买（笔方向向下时优先买点）,26.66,26.51,27.43,-0.0978,-0.0735,否
2026-05-13 14:35:48,三买,否,警戒,002415,海康威视,34.33,安全,二卖+三买,向下,无信号,客观缠论信号为二卖、三买，60分钟笔方向向下（寻底模式），因此实际交易动作是三买（突破回踩买入）,31.96,33.30,33.87,-0.2024,-0.2702,否
2026-05-13 14:35:48,二买,否,警戒,hk03690,美团,88.25,安全,二买,向下,无信号,客观缠论信号为二买，60分钟笔方向向下（寻底模式），因此实际交易动作是二买（笔方向向下时优先买点）,83.75,82.15,86.55,0.9860,0.8250,否
2026-05-13 14:35:48,观望,否,警戒,hk03896,金山云,8.19,安全,二卖,向下,无信号,客观缠论信号为二卖，60分钟笔方向向下，中枢震荡，观望,6.23,7.80,8.39,0.0126,-0.0289,否
2026-05-13 14:35:48,观望,否,警戒,hk00700,腾讯,462.60,日线破位,二卖,向下,无信号,客观缠论信号为二卖，60分钟笔方向向下，中枢震荡，观望,494.60,486.20,469.00,0.4175,-0.0582,否
2026-05-13 14:35:48,观望,否,警戒,hk09988,阿里巴巴,131.60,安全,无信号,向下,无信号,客观缠论信号为无信号，60分钟笔方向向下，中枢震荡，观望,129.60,126.70,134.20,-0.5020,-0.5763,否
2026-05-13 14:35:48,观望,否,警戒,hk01024,快手,51.15,安全,无信号,向下,无信号,客观缠论信号为无信号，60分钟笔方向向下，中枢震荡，观望,56.95,51.00,52.65,-0.3426,-0.3485,否
2026-05-13 14:35:48,二买,否,警戒,hk06618,京东健康,48.08,安全,二卖+二买,向下,无信号,客观缠论信号为二卖、二买，60分钟笔方向向下（寻底模式），因此实际交易动作是二买（笔方向向下时优先买点）,46.16,46.10,46.88,0.6088,0.5991,否
2026-05-13 14:35:48,观望,否,警戒,hk06862,海底捞,15.01,安全,二买,向上,无信号,客观缠论信号为二买，60分钟笔方向向上，中枢震荡，观望,14.62,14.62,15.05,-0.0132,-0.0091,否
2026-05-13 14:35:48,二买,否,警戒,000800,一汽解放,6.48,安全,二买,向下,无信号,客观缠论信号为二买，60分钟笔方向向下（寻底模式），因此实际交易动作是二买（笔方向向下时优先买点）,6.63,6.46,6.66,-0.0244,-0.0280,否
2026-05-13 14:35:48,二卖,否,警戒,002312,川发龙蟒,10.74,安全,二卖,向上,无信号,客观缠论信号为二卖，60分钟笔方向向上（冲顶模式），因此实际交易动作是二卖（笔方向向上时优先卖点）,10.34,10.81,10.82,-0.0252,-0.0291,否
2026-05-13 14:35:48,二卖,否,警戒,300037,新宙邦,64.36,安全,二卖,向上,无信号,客观缠论信号为二卖，60分钟笔方向向上（冲顶模式），因此实际交易动作是二卖（笔方向向上时优先卖点）,52.91,60.88,63.69,-0.2785,-0.3542,否
2026-05-13 14:35:48,观望,否,警戒,600021,上海电力,18.18,安全,二买,向上,无信号,客观缠论信号为二买，60分钟笔方向向上，中枢震荡，观望,18.15,17.63,18.33,0.0262,0.0426,否
2026-05-13 14:35:48,二买,否,警戒,600536,中国软件,41.60,安全,二买,向下,无信号,客观缠论信号为二买，60分钟笔方向向下（寻底模式），因此实际交易动作是二买（笔方向向下时优先买点）,43.80,40.30,39.58,-0.0159,-0.0476,否
2026-05-13 14:35:48,观望,否,警戒,600598,北大荒,16.79,安全,二买,向上,无信号,客观缠论信号为二买，60分钟笔方向向上，中枢震荡，观望,16.91,15.69,16.89,0.0019,-0.0036,否
2026-05-13 14:35:48,二买,否,警戒,600764,中国海防,24.22,安全,二买,向下,无信号,客观缠论信号为二买，60分钟笔方向向下（寻底模式），因此实际交易动作是二买（笔方向向下时优先买点）,23.72,23.71,24.30,0.0218,0.0185,否
2026-05-13 14:35:48,观望,否,警戒,603049,中策橡胶,48.52,安全,无信号,向下,无信号,客观缠论信号为无信号，60分钟笔方向向下，中枢震荡，观望,46.98,48.60,48.72,0.0116,-0.0158,否

2026-05-13 14:50:49,观望,是,警戒,603317,天味食品,16.18,安全,二买,向上,无信号,客观缠论信号为二买，60分钟笔方向向上，中枢震荡，观望,12.56,12.98,16.31,0.0424,0.0303,否
2026-05-13 14:50:49,二买,是,警戒,600660,福耀玻璃,57.14,安全,一卖+二买,向下,无信号,客观缠论信号为一卖、二买，60分钟笔方向向下（寻底模式），因此实际交易动作是二买（笔方向向下时优先买点）,60.10,56.86,57.80,-0.5629,-0.5621,否
2026-05-13 14:50:49,二买,是,警戒,600895,张江高科,37.19,安全,二买,向下,无信号,客观缠论信号为二买，60分钟笔方向向下（寻底模式），因此实际交易动作是二买（笔方向向下时优先买点）,36.21,37.25,38.17,-0.1757,-0.2277,否
2026-05-13 14:50:49,二买,是,警戒,000429,粤高速A,13.22,安全,二买,向下,无信号,客观缠论信号为二买，60分钟笔方向向下（寻底模式），因此实际交易动作是二买（笔方向向下时优先买点）,12.70,12.48,13.12,0.0852,0.0993,否
2026-05-13 14:50:49,观望,是,警戒,hk01810,小米集团,31.86,安全,二买,向上,无信号,客观缠论信号为二买，60分钟笔方向向上，中枢震荡，观望,32.78,30.26,31.92,0.0729,-0.0079,否
2026-05-13 14:50:49,观望,是,警戒,513130,恒生科技ETF,0.64,安全,无信号,向下,无信号,客观缠论信号为无信号，60分钟笔方向向下，中枢震荡，观望,0.61,0.61,0.64,0.0001,-0.0004,否
2026-05-13 14:50:49,观望,否,警戒,sh000001,上证指数,4234.54,安全,二买,向上,无信号,客观缠论信号为二买，60分钟笔方向向上，中枢震荡，观望,4101.83,4079.77,4092.83,5.8300,3.8224,否
2026-05-13 14:50:49,二买,否,警戒,510300,沪深300ETF,5.02,安全,二买,向下,无信号,客观缠论信号为二买，60分钟笔方向向下（寻底模式），因此实际交易动作是二买（笔方向向下时优先买点）,4.68,4.75,4.91,0.0144,0.0095,否
2026-05-13 14:50:49,二买,否,警戒,588000,科创50ETF,1.86,安全,二买,向下,无信号,客观缠论信号为二买，60分钟笔方向向下（寻底模式），因此实际交易动作是二买（笔方向向下时优先买点）,1.55,1.55,1.77,0.0159,0.0107,否
2026-05-13 14:50:49,二卖,否,警戒,512400,有色金属ETF,2.21,安全,二卖,向上,无信号,客观缠论信号为二卖，60分钟笔方向向上（冲顶模式），因此实际交易动作是二卖（笔方向向上时优先卖点）,2.10,2.17,2.23,0.0016,0.0009,否
2026-05-13 14:50:49,二卖,否,警戒,512690,酒ETF,0.46,日线破位,二卖,向上,无信号,客观缠论信号为二卖，60分钟笔方向向上（冲顶模式），因此实际交易动作是二卖（笔方向向上时优先卖点）,0.48,0.48,0.48,-0.0025,-0.0027,否
2026-05-13 14:50:49,二买,否,警戒,159227,航空航天ETF,1.38,安全,二买,向下,无信号,客观缠论信号为二买，60分钟笔方向向下（寻底模式），因此实际交易动作是二买（笔方向向下时优先买点）,1.41,1.30,1.37,0.0022,0.0014,否
2026-05-13 14:50:49,二卖,否,警戒,159992,创新药ETF,0.83,安全,二卖+二买,向上,无信号,客观缠论信号为二卖、二买，60分钟笔方向向上（冲顶模式），因此实际交易动作是二卖（笔方向向上时优先卖点）,0.83,0.83,0.83,-0.0021,-0.0022,否
2026-05-13 14:50:49,观望,否,警戒,515050,通信ETF,1.16,日线破位,无信号,向下,无信号,客观缠论信号为无信号，60分钟笔方向向下，中枢震荡，观望,2.30,2.33,2.37,-0.4989,-0.5164,否
2026-05-13 14:50:49,二买,否,警戒,159915,创业板ETF,4.05,安全,二买,向下,无信号,客观缠论信号为二买，60分钟笔方向向下（寻底模式），因此实际交易动作是二买（笔方向向下时优先买点）,3.25,3.27,3.82,0.0312,0.0225,否
2026-05-13 14:50:49,观望,否,警戒,588200,科创芯片ETF,3.56,安全,无信号,向上,无信号,客观缠论信号为无信号，60分钟笔方向向上，中枢震荡，观望,2.41,2.65,3.34,0.0355,0.0254,否
2026-05-13 14:50:49,二卖,否,警戒,159755,电池ETF,1.21,安全,二卖,向上,无信号,客观缠论信号为二卖，60分钟笔方向向上（冲顶模式），因此实际交易动作是二卖（笔方向向上时优先卖点）,1.03,1.17,1.22,-0.0016,-0.0033,否
2026-05-13 14:50:49,观望,否,警戒,159899,软件ETF,0.88,安全,无信号,向下,无信号,客观缠论信号为无信号，60分钟笔方向向下，中枢震荡，观望,0.87,0.85,0.87,0.0005,-0.0011,否
2026-05-13 14:50:49,观望,否,警戒,513360,教育ETF,0.50,安全,无信号,向下,无信号,客观缠论信号为无信号，60分钟笔方向向下，中枢震荡，观望,0.49,0.50,0.50,-0.0002,-0.0003,否
2026-05-13 14:50:49,二买,否,警戒,515790,光伏ETF,1.15,安全,二买,向下,无信号,客观缠论信号为二买，60分钟笔方向向下（寻底模式），因此实际交易动作是二买（笔方向向下时优先买点）,1.08,1.10,1.09,0.0066,0.0058,否
2026-05-13 14:50:49,二卖,否,警戒,600938,中国海油,36.18,安全,二卖,向上,无信号,客观缠论信号为二卖，60分钟笔方向向上（冲顶模式），因此实际交易动作是二卖（笔方向向上时优先卖点）,34.06,35.29,37.85,-0.0398,-0.0222,否
2026-05-13 14:50:49,观望,否,警戒,601668,中国建筑,4.96,安全,二买,向上,无信号,客观缠论信号为二买，60分钟笔方向向上，中枢震荡，观望,4.99,4.91,4.95,-0.0082,-0.0059,否
2026-05-13 14:50:49,二卖,否,警戒,601288,农业银行,6.67,安全,二卖,向上,无信号,客观缠论信号为二卖，60分钟笔方向向上（冲顶模式），因此实际交易动作是二卖（笔方向向上时优先卖点）,6.53,6.53,6.67,-0.0357,-0.0368,否
2026-05-13 14:50:49,二买,否,警戒,601728,中国电信,6.21,安全,二买,向下,无信号,客观缠论信号为二买，60分钟笔方向向下（寻底模式），因此实际交易动作是二买（笔方向向下时优先买点）,5.75,5.76,6.11,0.0214,0.0151,否
2026-05-13 14:50:49,观望,否,警戒,600276,恒瑞医药,55.85,安全,无信号,向上,无信号,客观缠论信号为无信号，60分钟笔方向向上，中枢震荡，观望,52.67,55.00,57.97,0.3207,0.4322,否
2026-05-13 14:50:49,二买,否,警戒,600177,雅戈尔,7.71,安全,二卖+二买,向下,无信号,客观缠论信号为二卖、二买，60分钟笔方向向下（寻底模式），因此实际交易动作是二买（笔方向向下时优先买点）,7.50,7.63,7.88,-0.0148,-0.0130,否
2026-05-13 14:50:49,观望,否,警戒,600887,伊利股份,27.94,安全,二买,向上,无信号,客观缠论信号为二买，60分钟笔方向向上，中枢震荡，观望,27.75,27.36,27.83,-0.0169,-0.0339,否
2026-05-13 14:50:49,二买,否,警戒,601138,工业富联,70.84,安全,二买,向下,无信号,客观缠论信号为二买，60分钟笔方向向下（寻底模式），因此实际交易动作是二买（笔方向向下时优先买点）,62.70,61.86,66.91,1.6012,1.5124,否
2026-05-13 14:50:49,一卖,否,警戒,688041,海光信息,349.05,安全,一卖+二买,向上,无信号,客观缠论信号为一卖、二买，60分钟笔方向向上（冲顶模式），因此实际交易动作是一卖（趋势顶背驰卖出）,246.00,271.06,355.50,1.3368,0.3222,否
2026-05-13 14:50:49,观望,否,警戒,688981,中芯国际,122.38,安全,无信号,向下,无信号,客观缠论信号为无信号，60分钟笔方向向下，中枢震荡，观望,124.60,115.74,124.57,0.0174,-0.4502,否
2026-05-13 14:50:49,二卖,否,警戒,601225,陕西煤业,23.45,安全,二卖,向上,无信号,客观缠论信号为二卖，60分钟笔方向向上（冲顶模式），因此实际交易动作是二卖（笔方向向上时优先卖点）,22.32,22.30,24.11,-0.1062,-0.0866,否
2026-05-13 14:50:49,二卖,否,警戒,600900,长江电力,27.02,安全,二卖,向上,无信号,客观缠论信号为二卖，60分钟笔方向向上（冲顶模式），因此实际交易动作是二卖（笔方向向上时优先卖点）,26.66,26.90,27.01,-0.0170,-0.0065,否
2026-05-13 14:50:49,二卖,否,警戒,002507,涪陵榨菜,12.22,日线破位,二卖,向上,底背驰,客观缠论信号为二卖，60分钟笔方向向上（冲顶模式），因此实际交易动作是二卖（笔方向向上时优先卖点）,12.23,12.28,12.40,-0.0395,-0.0348,否
2026-05-13 14:50:49,观望,否,警戒,000338,潍柴动力,34.37,安全,二卖,向下,无信号,客观缠论信号为二卖，60分钟笔方向向下，中枢震荡，观望,25.92,23.75,33.85,0.3143,0.2349,否
2026-05-13 14:50:49,二卖,否,警戒,000538,云南白药,51.77,日线破位,二卖,向上,无信号,客观缠论信号为二卖，60分钟笔方向向上（冲顶模式），因此实际交易动作是二卖（笔方向向上时优先卖点）,55.40,54.40,52.89,-0.1940,-0.2103,否
2026-05-13 14:50:49,观望,否,警戒,000858,五粮液,89.02,日线破位,二卖,向下,无信号,客观缠论信号为二卖，60分钟笔方向向下，中枢震荡，观望,101.59,101.08,91.95,-0.5527,-0.5668,否
2026-05-13 14:50:49,二卖,否,警戒,000423,东阿阿胶,52.74,安全,二卖,向上,无信号,客观缠论信号为二卖，60分钟笔方向向上（冲顶模式），因此实际交易动作是二卖（笔方向向上时优先卖点）,51.71,52.11,54.45,-0.2354,-0.2403,否
2026-05-13 14:50:49,二买,否,警戒,000333,美的集团,80.49,安全,二买,向下,底背驰,客观缠论信号为二买，60分钟笔方向向下（寻底模式），因此实际交易动作是二买（笔方向向下时优先买点）,79.18,78.91,80.89,-0.0554,-0.1131,否
2026-05-13 14:50:49,二卖,否,警戒,000001,平安银行,11.15,安全,二卖,向上,无信号,客观缠论信号为二卖，60分钟笔方向向上（冲顶模式），因此实际交易动作是二卖（笔方向向上时优先卖点）,11.30,11.03,11.16,-0.0309,-0.0305,否
2026-05-13 14:50:49,观望,否,警戒,000651,格力电器,40.34,安全,二买,向上,底背驰,客观缠论信号为二买，60分钟笔方向向上，中枢震荡，观望,40.28,40.10,40.19,-0.0151,-0.0281,否
2026-05-13 14:50:49,二买,否,警戒,000895,双汇发展,26.56,安全,二卖+二买,向下,底背驰,客观缠论信号为二卖、二买，60分钟笔方向向下（寻底模式），因此实际交易动作是二买（笔方向向下时优先买点）,26.66,26.51,27.43,-0.0996,-0.0787,否
2026-05-13 14:50:49,三买,否,警戒,002415,海康威视,34.49,安全,二卖+三买,向下,无信号,客观缠论信号为二卖、三买，60分钟笔方向向下（寻底模式），因此实际交易动作是三买（突破回踩买入）,31.96,33.30,33.87,-0.1718,-0.2505,否
2026-05-13 14:50:49,二买,否,警戒,hk03690,美团,88.25,安全,二买,向下,无信号,客观缠论信号为二买，60分钟笔方向向下（寻底模式），因此实际交易动作是二买（笔方向向下时优先买点）,83.75,82.15,86.55,0.9860,0.8250,否
2026-05-13 14:50:49,二卖,否,警戒,hk03896,金山云,8.19,安全,二卖,向上,无信号,客观缠论信号为二卖，60分钟笔方向向上（冲顶模式），因此实际交易动作是二卖（笔方向向上时优先卖点）,6.23,7.80,8.28,0.0126,-0.0289,否
2026-05-13 14:50:49,观望,否,警戒,hk00700,腾讯,464.00,日线破位,二卖,向下,无信号,客观缠论信号为二卖，60分钟笔方向向下，中枢震荡，观望,494.60,486.20,469.00,0.5548,0.0644,否
2026-05-13 14:50:49,二卖,否,警戒,hk09988,阿里巴巴,132.60,安全,二卖,向上,无信号,客观缠论信号为二卖，60分钟笔方向向上（冲顶模式），因此实际交易动作是二卖（笔方向向上时优先卖点）,129.60,126.70,134.20,-0.4094,-0.5429,否
2026-05-13 14:50:49,二卖,否,警戒,hk01024,快手,51.45,安全,二卖,向上,无信号,客观缠论信号为二卖，60分钟笔方向向上（冲顶模式），因此实际交易动作是二卖（笔方向向上时优先卖点）,56.95,51.00,51.85,-0.3163,-0.3420,否
2026-05-13 14:50:49,二买,否,警戒,hk06618,京东健康,48.08,安全,二卖+二买,向下,无信号,客观缠论信号为二卖、二买，60分钟笔方向向下（寻底模式），因此实际交易动作是二买（笔方向向下时优先买点）,46.16,46.10,46.88,0.6088,0.5991,否
2026-05-13 14:50:49,观望,否,警戒,hk06862,海底捞,15.01,安全,二买,向上,无信号,客观缠论信号为二买，60分钟笔方向向上，中枢震荡，观望,14.62,14.62,15.05,-0.0132,-0.0091,否
2026-05-13 14:50:49,二买,否,警戒,000800,一汽解放,6.48,安全,二买,向下,无信号,客观缠论信号为二买，60分钟笔方向向下（寻底模式），因此实际交易动作是二买（笔方向向下时优先买点）,6.63,6.46,6.66,-0.0226,-0.0269,否
2026-05-13 14:50:49,二卖,否,警戒,002312,川发龙蟒,10.75,安全,二卖,向上,无信号,客观缠论信号为二卖，60分钟笔方向向上（冲顶模式），因此实际交易动作是二卖（笔方向向上时优先卖点）,10.34,10.81,10.82,-0.0229,-0.0279,否
2026-05-13 14:50:49,二卖,否,警戒,300037,新宙邦,64.53,安全,二卖,向上,无信号,客观缠论信号为二卖，60分钟笔方向向上（冲顶模式），因此实际交易动作是二卖（笔方向向上时优先卖点）,52.91,60.88,63.69,-0.2471,-0.3328,否
2026-05-13 14:50:49,观望,否,警戒,600021,上海电力,18.19,安全,二买,向上,无信号,客观缠论信号为二买，60分钟笔方向向上，中枢震荡，观望,18.15,17.63,18.33,0.0264,0.0394,否
2026-05-13 14:50:49,二买,否,警戒,600536,中国软件,41.73,安全,二买,向下,无信号,客观缠论信号为二买，60分钟笔方向向下（寻底模式），因此实际交易动作是二买（笔方向向下时优先买点）,43.80,40.30,39.58,-0.0074,-0.0396,否
2026-05-13 14:50:49,观望,否,警戒,600598,北大荒,16.81,安全,二买,向上,无信号,客观缠论信号为二买，60分钟笔方向向上，中枢震荡，观望,16.91,15.69,16.89,0.0038,-0.0021,否
2026-05-13 14:50:49,二买,否,警戒,600764,中国海防,24.25,安全,二买,向下,无信号,客观缠论信号为二买，60分钟笔方向向下（寻底模式），因此实际交易动作是二买（笔方向向下时优先买点）,23.72,23.71,24.30,0.0232,0.0195,否
2026-05-13 14:50:49,观望,否,警戒,603049,中策橡胶,48.50,安全,无信号,向下,无信号,客观缠论信号为无信号，60分钟笔方向向下，中枢震荡，观望,46.98,48.60,48.72,0.0102,-0.0106,否

2026-05-13 15:14:57,观望,是,警戒,603317,天味食品,16.23,安全,二买,向上,无信号,客观缠论信号为二买，60分钟笔方向向上，中枢震荡，观望,12.56,12.98,16.31,0.0472,0.0337,否
2026-05-13 15:14:57,观望,是,警戒,600021,上海电力,18.22,安全,二买,向上,无信号,客观缠论信号为二买，60分钟笔方向向上，中枢震荡，观望,18.15,17.63,18.33,0.0286,0.0372,否
2026-05-13 15:14:57,二买,是,警戒,600895,张江高科,37.15,安全,二买,向下,无信号,客观缠论信号为二买，60分钟笔方向向下（寻底模式），因此实际交易动作是二买（笔方向向下时优先买点）,36.21,37.25,38.17,-0.1547,-0.2131,否
2026-05-13 15:14:57,二买,是,警戒,000333,美的集团,80.38,安全,二买,向下,无信号,客观缠论信号为二买，60分钟笔方向向下（寻底模式），因此实际交易动作是二买（笔方向向下时优先买点）,79.18,78.91,80.89,-0.0370,-0.0979,否
2026-05-13 15:14:57,观望,是,警戒,000429,粤高速A,13.26,安全,二买,向上,无信号,客观缠论信号为二买，60分钟笔方向向上，中枢震荡，观望,12.70,12.48,13.12,0.0819,0.0958,否
2026-05-13 15:14:57,观望,是,警戒,hk01810,小米集团,31.86,安全,二买,向上,无信号,客观缠论信号为二买，60分钟笔方向向上，中枢震荡，观望,32.78,30.26,31.92,0.0729,-0.0079,否
2026-05-13 15:14:57,二卖,是,警戒,513130,恒生科技ETF,0.64,安全,二卖,向上,无信号,客观缠论信号为二卖，60分钟笔方向向上（冲顶模式），因此实际交易动作是二卖（笔方向向上时优先卖点）,0.61,0.61,0.64,0.0002,-0.0003,否
2026-05-13 15:14:57,观望,否,警戒,sh000001,上证指数,4242.57,安全,二买,向上,无信号,客观缠论信号为二买，60分钟笔方向向上，中枢震荡，观望,4101.83,4079.77,4092.83,8.0779,5.6283,否
2026-05-13 15:14:57,二买,否,警戒,510300,沪深300ETF,5.02,安全,二买,向下,无信号,客观缠论信号为二买，60分钟笔方向向下（寻底模式），因此实际交易动作是二买（笔方向向下时优先买点）,4.68,4.75,4.91,0.0158,0.0108,否
2026-05-13 15:14:57,二买,否,警戒,588000,科创50ETF,1.86,安全,二买,向下,无信号,客观缠论信号为二买，60分钟笔方向向下（寻底模式），因此实际交易动作是二买（笔方向向下时优先买点）,1.55,1.55,1.77,0.0168,0.0119,否
2026-05-13 15:14:57,二卖,否,警戒,512400,有色金属ETF,2.21,安全,二卖,向上,无信号,客观缠论信号为二卖，60分钟笔方向向上（冲顶模式），因此实际交易动作是二卖（笔方向向上时优先卖点）,2.10,2.17,2.23,0.0020,0.0011,否
2026-05-13 15:14:57,二卖,否,警戒,512690,酒ETF,0.46,日线破位,二卖,向上,无信号,客观缠论信号为二卖，60分钟笔方向向上（冲顶模式），因此实际交易动作是二卖（笔方向向上时优先卖点）,0.48,0.48,0.48,-0.0023,-0.0026,否
2026-05-13 15:14:57,二买,否,警戒,159227,航空航天ETF,1.38,安全,二买,向下,无信号,客观缠论信号为二买，60分钟笔方向向下（寻底模式），因此实际交易动作是二买（笔方向向下时优先买点）,1.41,1.30,1.37,0.0024,0.0016,否
2026-05-13 15:14:57,二卖,否,警戒,159992,创新药ETF,0.83,安全,二卖+二买,向上,无信号,客观缠论信号为二卖、二买，60分钟笔方向向上（冲顶模式），因此实际交易动作是二卖（笔方向向上时优先卖点）,0.83,0.83,0.83,-0.0020,-0.0021,否
2026-05-13 15:14:57,观望,否,警戒,515050,通信ETF,1.16,日线破位,无信号,向下,无信号,客观缠论信号为无信号，60分钟笔方向向下，中枢震荡，观望,2.30,2.33,2.37,-0.4750,-0.5081,否
2026-05-13 15:14:57,二买,否,警戒,159915,创业板ETF,4.05,安全,二买,向下,无信号,客观缠论信号为二买，60分钟笔方向向下（寻底模式），因此实际交易动作是二买（笔方向向下时优先买点）,3.25,3.27,3.82,0.0324,0.0245,否
2026-05-13 15:14:57,观望,否,警戒,588200,科创芯片ETF,3.57,安全,无信号,向上,无信号,客观缠论信号为无信号，60分钟笔方向向上，中枢震荡，观望,2.41,2.65,3.34,0.0374,0.0278,否
2026-05-13 15:14:57,二卖,否,警戒,159755,电池ETF,1.21,安全,二卖,向上,无信号,客观缠论信号为二卖，60分钟笔方向向上（冲顶模式），因此实际交易动作是二卖（笔方向向上时优先卖点）,1.03,1.17,1.22,-0.0011,-0.0028,否
2026-05-13 15:14:57,观望,否,警戒,159899,软件ETF,0.88,安全,无信号,向下,无信号,客观缠论信号为无信号，60分钟笔方向向下，中枢震荡，观望,0.87,0.85,0.87,0.0008,-0.0007,否
2026-05-13 15:14:57,观望,否,警戒,513360,教育ETF,0.50,安全,无信号,向下,无信号,客观缠论信号为无信号，60分钟笔方向向下，中枢震荡，观望,0.49,0.50,0.50,-0.0001,-0.0002,否
2026-05-13 15:14:57,二买,否,警戒,515790,光伏ETF,1.15,安全,二买,向下,无信号,客观缠论信号为二买，60分钟笔方向向下（寻底模式），因此实际交易动作是二买（笔方向向下时优先买点）,1.08,1.10,1.09,0.0066,0.0060,否
2026-05-13 15:14:57,二卖,否,警戒,600938,中国海油,36.21,安全,二卖,向上,无信号,客观缠论信号为二卖，60分钟笔方向向上（冲顶模式），因此实际交易动作是二卖（笔方向向上时优先卖点）,34.06,35.29,37.85,-0.0390,-0.0255,否
2026-05-13 15:14:57,观望,否,警戒,601668,中国建筑,4.97,安全,二买,向上,无信号,客观缠论信号为二买，60分钟笔方向向上，中枢震荡，观望,4.99,4.91,4.99,-0.0070,-0.0061,否
2026-05-13 15:14:57,二卖,否,警戒,601288,农业银行,6.66,安全,二卖,向上,无信号,客观缠论信号为二卖，60分钟笔方向向上（冲顶模式），因此实际交易动作是二卖（笔方向向上时优先卖点）,6.53,6.53,6.67,-0.0343,-0.0363,否
2026-05-13 15:14:57,二买,否,警戒,601728,中国电信,6.21,安全,二买,向下,无信号,客观缠论信号为二买，60分钟笔方向向下（寻底模式），因此实际交易动作是二买（笔方向向下时优先买点）,5.75,5.76,6.11,0.0225,0.0166,否
2026-05-13 15:14:57,二买,否,警戒,600276,恒瑞医药,55.86,安全,二买,向下,无信号,客观缠论信号为二买，60分钟笔方向向下（寻底模式），因此实际交易动作是二买（笔方向向下时优先买点）,52.67,55.00,56.04,0.2975,0.4053,否
2026-05-13 15:14:57,二卖,否,警戒,600177,雅戈尔,7.72,安全,二卖+二买,向上,无信号,客观缠论信号为二卖、二买，60分钟笔方向向上（冲顶模式），因此实际交易动作是二卖（笔方向向上时优先卖点）,7.50,7.63,7.77,-0.0147,-0.0134,否
2026-05-13 15:14:57,二买,否,警戒,600887,伊利股份,27.90,安全,二买,向下,无信号,客观缠论信号为二买，60分钟笔方向向下（寻底模式），因此实际交易动作是二买（笔方向向下时优先买点）,27.75,27.36,27.83,-0.0124,-0.0296,否
2026-05-13 15:14:57,二买,否,警戒,601138,工业富联,70.84,安全,二买,向下,无信号,客观缠论信号为二买，60分钟笔方向向下（寻底模式），因此实际交易动作是二买（笔方向向下时优先买点）,62.70,61.86,66.91,1.5480,1.5195,否
2026-05-13 15:14:57,一卖,否,警戒,688041,海光信息,348.19,安全,一卖+二买,向上,无信号,客观缠论信号为一卖、二买，60分钟笔方向向上（冲顶模式），因此实际交易动作是一卖（趋势顶背驰卖出）,246.00,271.06,355.50,1.4762,0.5530,否
2026-05-13 15:14:57,观望,否,警戒,688981,中芯国际,121.86,安全,无信号,向下,无信号,客观缠论信号为无信号，60分钟笔方向向下，中枢震荡，观望,124.60,115.74,124.57,0.1240,-0.3354,否
2026-05-13 15:14:57,二卖,否,警戒,601225,陕西煤业,23.45,安全,二卖,向上,无信号,客观缠论信号为二卖，60分钟笔方向向上（冲顶模式），因此实际交易动作是二卖（笔方向向上时优先卖点）,22.32,22.30,24.11,-0.1070,-0.0907,否
2026-05-13 15:14:57,二卖,否,警戒,600900,长江电力,27.00,安全,二卖,向上,无信号,客观缠论信号为二卖，60分钟笔方向向上（冲顶模式），因此实际交易动作是二卖（笔方向向上时优先卖点）,26.66,26.90,27.01,-0.0184,-0.0089,否
2026-05-13 15:14:57,二买,否,警戒,600660,福耀玻璃,57.14,安全,一卖+二买,向下,无信号,客观缠论信号为一卖、二买，60分钟笔方向向下（寻底模式），因此实际交易动作是二买（笔方向向下时优先买点）,60.10,56.86,57.80,-0.5365,-0.5570,否
2026-05-13 15:14:57,二卖,否,警戒,002507,涪陵榨菜,12.23,安全,二卖,向上,底背驰,客观缠论信号为二卖，60分钟笔方向向上（冲顶模式），因此实际交易动作是二卖（笔方向向上时优先卖点）,12.23,12.28,12.40,-0.0375,-0.0353,否
2026-05-13 15:14:57,观望,否,警戒,000338,潍柴动力,34.34,安全,二卖,向下,无信号,客观缠论信号为二卖，60分钟笔方向向下，中枢震荡，观望,25.92,23.75,33.85,0.3236,0.2526,否
2026-05-13 15:14:57,观望,否,警戒,000538,云南白药,51.65,日线破位,二卖,向下,无信号,客观缠论信号为二卖，60分钟笔方向向下，中枢震荡，观望,55.40,54.40,52.89,-0.1908,-0.2064,否
2026-05-13 15:14:57,观望,否,警戒,000858,五粮液,89.15,日线破位,二卖,向下,无信号,客观缠论信号为二卖，60分钟笔方向向下，中枢震荡，观望,101.59,101.08,91.95,-0.5124,-0.5559,否
2026-05-13 15:14:57,观望,否,警戒,000423,东阿阿胶,52.80,安全,二卖,向下,无信号,客观缠论信号为二卖，60分钟笔方向向下，中枢震荡，观望,51.71,52.11,54.45,-0.2113,-0.2345,否
2026-05-13 15:14:57,二卖,否,警戒,000001,平安银行,11.14,安全,二卖,向上,无信号,客观缠论信号为二卖，60分钟笔方向向上（冲顶模式），因此实际交易动作是二卖（笔方向向上时优先卖点）,11.30,11.03,11.16,-0.0295,-0.0303,否
2026-05-13 15:14:57,二买,否,警戒,000651,格力电器,40.30,安全,二买,向下,无信号,客观缠论信号为二买，60分钟笔方向向下（寻底模式），因此实际交易动作是二买（笔方向向下时优先买点）,40.28,40.10,40.19,-0.0131,-0.0251,否
2026-05-13 15:14:57,二买,否,警戒,000895,双汇发展,26.58,安全,二卖+二买,向下,底背驰,客观缠论信号为二卖、二买，60分钟笔方向向下（寻底模式），因此实际交易动作是二买（笔方向向下时优先买点）,26.66,26.51,27.43,-0.0982,-0.0826,否
2026-05-13 15:14:57,观望,否,警戒,002415,海康威视,34.49,安全,二卖,向下,无信号,客观缠论信号为二卖，60分钟笔方向向下，中枢震荡，观望,31.96,33.30,36.35,-0.1458,-0.2296,否
2026-05-13 15:14:57,二买,否,警戒,hk03690,美团,88.25,安全,二买,向下,无信号,客观缠论信号为二买，60分钟笔方向向下（寻底模式），因此实际交易动作是二买（笔方向向下时优先买点）,83.75,82.15,86.55,0.9860,0.8250,否
2026-05-13 15:14:57,二卖,否,警戒,hk03896,金山云,8.19,安全,二卖,向上,无信号,客观缠论信号为二卖，60分钟笔方向向上（冲顶模式），因此实际交易动作是二卖（笔方向向上时优先卖点）,6.23,7.80,8.28,0.0126,-0.0289,否
2026-05-13 15:14:57,观望,否,警戒,hk00700,腾讯,464.00,日线破位,二卖,向下,无信号,客观缠论信号为二卖，60分钟笔方向向下，中枢震荡，观望,494.60,486.20,469.00,0.5548,0.0644,否
2026-05-13 15:14:57,二卖,否,警戒,hk09988,阿里巴巴,132.60,安全,二卖,向上,无信号,客观缠论信号为二卖，60分钟笔方向向上（冲顶模式），因此实际交易动作是二卖（笔方向向上时优先卖点）,129.60,126.70,134.20,-0.4094,-0.5429,否
2026-05-13 15:14:57,二卖,否,警戒,hk01024,快手,51.45,安全,二卖,向上,无信号,客观缠论信号为二卖，60分钟笔方向向上（冲顶模式），因此实际交易动作是二卖（笔方向向上时优先卖点）,56.95,51.00,51.85,-0.3163,-0.3420,否
2026-05-13 15:14:57,二买,否,警戒,hk06618,京东健康,48.08,安全,二卖+二买,向下,无信号,客观缠论信号为二卖、二买，60分钟笔方向向下（寻底模式），因此实际交易动作是二买（笔方向向下时优先买点）,46.16,46.10,46.88,0.6088,0.5991,否
2026-05-13 15:14:57,观望,否,警戒,hk06862,海底捞,15.01,安全,二买,向上,无信号,客观缠论信号为二买，60分钟笔方向向上，中枢震荡，观望,14.62,14.62,15.05,-0.0132,-0.0091,否
2026-05-13 15:14:57,观望,否,警戒,000800,一汽解放,6.48,安全,无信号,向下,无信号,客观缠论信号为无信号，60分钟笔方向向下，中枢震荡，观望,6.63,6.46,6.64,-0.0210,-0.0257,否
2026-05-13 15:14:57,二卖,否,警戒,002312,川发龙蟒,10.75,安全,二卖,向上,无信号,客观缠论信号为二卖，60分钟笔方向向上（冲顶模式），因此实际交易动作是二卖（笔方向向上时优先卖点）,10.34,10.81,10.82,-0.0209,-0.0265,否
2026-05-13 15:14:57,二卖,否,警戒,300037,新宙邦,64.69,安全,二卖,向上,无信号,客观缠论信号为二卖，60分钟笔方向向上（冲顶模式），因此实际交易动作是二卖（笔方向向上时优先卖点）,52.91,60.88,67.45,-0.2069,-0.3076,否
2026-05-13 15:14:57,二买,否,警戒,600536,中国软件,41.77,安全,二买,向下,无信号,客观缠论信号为二买，60分钟笔方向向下（寻底模式），因此实际交易动作是二买（笔方向向下时优先买点）,43.80,40.30,39.58,0.0025,-0.0312,否
2026-05-13 15:14:57,观望,否,警戒,600598,北大荒,16.83,安全,二买,向上,无信号,客观缠论信号为二买，60分钟笔方向向上，中枢震荡，观望,16.91,15.69,16.89,0.0067,-0.0004,否
2026-05-13 15:14:57,二卖,否,警戒,600764,中国海防,24.27,安全,二卖+二买,向上,无信号,客观缠论信号为二卖、二买，60分钟笔方向向上（冲顶模式），因此实际交易动作是二卖（笔方向向上时优先卖点）,23.72,23.71,24.30,0.0256,0.0207,否
2026-05-13 15:14:57,观望,否,警戒,603049,中策橡胶,48.53,安全,无信号,向下,无信号,客观缠论信号为无信号，60分钟笔方向向下，中枢震荡，观望,46.98,48.60,48.72,0.0115,-0.0062,否

2026-05-13 16:19:37,观望,是,警戒,603317,天味食品,16.23,安全,二买,向上,无信号,客观缠论信号为二买，60分钟笔方向向上，中枢震荡，观望,12.56,12.98,16.31,0.0472,0.0337,否
2026-05-13 16:19:37,观望,是,警戒,600021,上海电力,18.22,安全,二买,向上,无信号,客观缠论信号为二买，60分钟笔方向向上，中枢震荡，观望,18.15,17.63,18.33,0.0286,0.0372,否
2026-05-13 16:19:37,二买,是,警戒,600895,张江高科,37.15,安全,二买,向下,无信号,客观缠论信号为二买，60分钟笔方向向下（寻底模式），因此实际交易动作是二买（笔方向向下时优先买点）,36.90,36.21,38.17,-0.1547,-0.2131,否
2026-05-13 16:19:37,二买,是,警戒,000333,美的集团,80.38,安全,二买,向下,无信号,客观缠论信号为二买，60分钟笔方向向下（寻底模式），因此实际交易动作是二买（笔方向向下时优先买点）,79.17,78.91,80.89,-0.0370,-0.0979,否
2026-05-13 16:19:37,观望,是,警戒,000429,粤高速A,13.26,安全,二买,向上,无信号,客观缠论信号为二买，60分钟笔方向向上，中枢震荡，观望,13.55,12.70,13.12,0.0819,0.0958,否
2026-05-13 16:19:37,观望,是,警戒,hk01810,小米集团,31.86,安全,二买,向上,无信号,客观缠论信号为二买，60分钟笔方向向上，中枢震荡，观望,32.78,30.26,31.92,0.0729,-0.0079,否
2026-05-13 16:19:37,二卖,是,警戒,513130,恒生科技ETF,0.64,安全,二卖,向上,无信号,客观缠论信号为二卖，60分钟笔方向向上（冲顶模式），因此实际交易动作是二卖（笔方向向上时优先卖点）,0.61,0.61,0.64,0.0002,-0.0003,否
2026-05-13 16:19:37,观望,否,警戒,sh000001,上证指数,4242.57,安全,二买,向上,无信号,客观缠论信号为二买，60分钟笔方向向上，中枢震荡，观望,4101.83,4079.77,4092.83,8.0779,5.6283,否
2026-05-13 16:19:37,二买,否,警戒,510300,沪深300ETF,5.02,安全,二买,向下,无信号,客观缠论信号为二买，60分钟笔方向向下（寻底模式），因此实际交易动作是二买（笔方向向下时优先买点）,4.68,4.75,4.91,0.0158,0.0108,否
2026-05-13 16:19:37,二买,否,警戒,588000,科创50ETF,1.86,安全,二买,向下,无信号,客观缠论信号为二买，60分钟笔方向向下（寻底模式），因此实际交易动作是二买（笔方向向下时优先买点）,1.55,1.55,1.77,0.0168,0.0119,否
2026-05-13 16:19:37,二卖,否,警戒,512400,有色金属ETF,2.21,安全,二卖,向上,无信号,客观缠论信号为二卖，60分钟笔方向向上（冲顶模式），因此实际交易动作是二卖（笔方向向上时优先卖点）,2.10,2.17,2.23,0.0020,0.0011,否
2026-05-13 16:19:37,二卖,否,警戒,512690,酒ETF,0.46,日线破位,二卖,向上,无信号,客观缠论信号为二卖，60分钟笔方向向上（冲顶模式），因此实际交易动作是二卖（笔方向向上时优先卖点）,0.48,0.48,0.48,-0.0023,-0.0026,否
2026-05-13 16:19:37,二买,否,警戒,159227,航空航天ETF,1.38,安全,二买,向下,无信号,客观缠论信号为二买，60分钟笔方向向下（寻底模式），因此实际交易动作是二买（笔方向向下时优先买点）,1.43,1.30,1.37,0.0024,0.0016,否
2026-05-13 16:19:37,二卖,否,警戒,159992,创新药ETF,0.83,安全,二卖+二买,向上,无信号,客观缠论信号为二卖、二买，60分钟笔方向向上（冲顶模式），因此实际交易动作是二卖（笔方向向上时优先卖点）,0.83,0.83,0.83,-0.0020,-0.0021,否
2026-05-13 16:19:37,观望,否,警戒,515050,通信ETF,1.16,安全,无信号,向下,无信号,客观缠论信号为无信号，60分钟笔方向向下，中枢震荡，观望,1.08,1.48,2.37,-0.4750,-0.5081,否
2026-05-13 16:19:37,二买,否,警戒,159915,创业板ETF,4.05,安全,二买,向下,无信号,客观缠论信号为二买，60分钟笔方向向下（寻底模式），因此实际交易动作是二买（笔方向向下时优先买点）,3.25,3.27,3.82,0.0324,0.0245,否
2026-05-13 16:19:37,观望,否,警戒,588200,科创芯片ETF,3.57,安全,无信号,向上,无信号,客观缠论信号为无信号，60分钟笔方向向上，中枢震荡，观望,2.41,2.65,3.34,0.0374,0.0278,否
2026-05-13 16:19:37,二卖,否,警戒,159755,电池ETF,1.21,安全,二卖,向上,无信号,客观缠论信号为二卖，60分钟笔方向向上（冲顶模式），因此实际交易动作是二卖（笔方向向上时优先卖点）,1.03,1.17,1.22,-0.0011,-0.0028,否
2026-05-13 16:19:37,观望,否,警戒,159899,软件ETF,0.88,安全,无信号,向下,无信号,客观缠论信号为无信号，60分钟笔方向向下，中枢震荡，观望,0.87,0.85,0.87,0.0008,-0.0007,否
2026-05-13 16:19:37,观望,否,警戒,513360,教育ETF,0.50,安全,无信号,向下,无信号,客观缠论信号为无信号，60分钟笔方向向下，中枢震荡，观望,0.49,0.50,0.50,-0.0001,-0.0002,否
2026-05-13 16:19:37,二买,否,警戒,515790,光伏ETF,1.15,安全,二买,向下,无信号,客观缠论信号为二买，60分钟笔方向向下（寻底模式），因此实际交易动作是二买（笔方向向下时优先买点）,1.08,1.10,1.09,0.0066,0.0060,否
2026-05-13 16:19:37,二卖,否,警戒,600938,中国海油,36.21,安全,二卖,向上,无信号,客观缠论信号为二卖，60分钟笔方向向上（冲顶模式），因此实际交易动作是二卖（笔方向向上时优先卖点）,34.06,35.29,37.85,-0.0390,-0.0255,否
2026-05-13 16:19:37,观望,否,警戒,601668,中国建筑,4.97,安全,二买,向上,无信号,客观缠论信号为二买，60分钟笔方向向上，中枢震荡，观望,4.88,4.91,4.99,-0.0070,-0.0061,否
2026-05-13 16:19:37,二卖,否,警戒,601288,农业银行,6.66,安全,二卖,向上,无信号,客观缠论信号为二卖，60分钟笔方向向上（冲顶模式），因此实际交易动作是二卖（笔方向向上时优先卖点）,6.53,6.53,6.67,-0.0343,-0.0363,否
2026-05-13 16:19:37,二买,否,警戒,601728,中国电信,6.21,安全,二买,向下,无信号,客观缠论信号为二买，60分钟笔方向向下（寻底模式），因此实际交易动作是二买（笔方向向下时优先买点）,6.24,5.91,6.11,0.0225,0.0166,否
2026-05-13 16:19:37,二买,否,警戒,600276,恒瑞医药,55.86,安全,二买,向下,无信号,客观缠论信号为二买，60分钟笔方向向下（寻底模式），因此实际交易动作是二买（笔方向向下时优先买点）,52.67,55.00,56.04,0.2975,0.4053,否
2026-05-13 16:19:37,二卖,否,警戒,600177,雅戈尔,7.72,安全,二卖+二买,向上,无信号,客观缠论信号为二卖、二买，60分钟笔方向向上（冲顶模式），因此实际交易动作是二卖（笔方向向上时优先卖点）,7.50,7.63,7.77,-0.0147,-0.0134,否
2026-05-13 16:19:37,二买,否,警戒,600887,伊利股份,27.90,安全,二买,向下,无信号,客观缠论信号为二买，60分钟笔方向向下（寻底模式），因此实际交易动作是二买（笔方向向下时优先买点）,27.75,27.36,27.83,-0.0124,-0.0296,否
2026-05-13 16:19:37,二买,否,警戒,601138,工业富联,70.84,安全,二买,向下,无信号,客观缠论信号为二买，60分钟笔方向向下（寻底模式），因此实际交易动作是二买（笔方向向下时优先买点）,64.65,63.20,66.91,1.5480,1.5195,否
2026-05-13 16:19:37,一卖,否,警戒,688041,海光信息,348.19,安全,一卖+二买,向上,无信号,客观缠论信号为一卖、二买，60分钟笔方向向上（冲顶模式），因此实际交易动作是一卖（趋势顶背驰卖出）,246.00,320.01,355.50,1.4762,0.5530,否
2026-05-13 16:19:37,观望,否,警戒,688981,中芯国际,121.86,安全,无信号,向下,无信号,客观缠论信号为无信号，60分钟笔方向向下，中枢震荡，观望,120.87,120.05,124.57,0.1240,-0.3354,否
2026-05-13 16:19:37,二卖,否,警戒,601225,陕西煤业,23.45,安全,二卖,向上,无信号,客观缠论信号为二卖，60分钟笔方向向上（冲顶模式），因此实际交易动作是二卖（笔方向向上时优先卖点）,22.32,22.30,24.11,-0.1070,-0.0907,否
2026-05-13 16:19:37,二卖,否,警戒,600900,长江电力,27.00,安全,二卖,向上,无信号,客观缠论信号为二卖，60分钟笔方向向上（冲顶模式），因此实际交易动作是二卖（笔方向向上时优先卖点）,26.66,26.90,27.01,-0.0184,-0.0089,否
2026-05-13 16:19:37,二买,否,警戒,600660,福耀玻璃,57.14,安全,一卖+二买,向下,无信号,客观缠论信号为一卖、二买，60分钟笔方向向下（寻底模式），因此实际交易动作是二买（笔方向向下时优先买点）,56.86,56.88,57.80,-0.5365,-0.5570,否
2026-05-13 16:19:37,二卖,否,警戒,002507,涪陵榨菜,12.23,安全,二卖,向上,底背驰,客观缠论信号为二卖，60分钟笔方向向上（冲顶模式），因此实际交易动作是二卖（笔方向向上时优先卖点）,12.23,12.28,12.40,-0.0375,-0.0353,否
2026-05-13 16:19:37,观望,否,警戒,000338,潍柴动力,34.34,安全,二卖,向下,无信号,客观缠论信号为二卖，60分钟笔方向向下，中枢震荡，观望,25.92,23.75,33.85,0.3236,0.2526,否
2026-05-13 16:19:37,观望,否,警戒,000538,云南白药,51.65,日线破位,二卖,向下,无信号,客观缠论信号为二卖，60分钟笔方向向下，中枢震荡，观望,55.40,54.40,52.89,-0.1908,-0.2064,否
2026-05-13 16:19:37,观望,否,警戒,000858,五粮液,89.15,日线破位,二卖,向下,无信号,客观缠论信号为二卖，60分钟笔方向向下，中枢震荡，观望,101.59,101.08,91.95,-0.5124,-0.5559,否
2026-05-13 16:19:37,观望,否,警戒,000423,东阿阿胶,52.80,安全,二卖,向下,无信号,客观缠论信号为二卖，60分钟笔方向向下，中枢震荡，观望,51.71,52.11,54.45,-0.2113,-0.2345,否
2026-05-13 16:19:37,二卖,否,警戒,000001,平安银行,11.14,安全,二卖,向上,无信号,客观缠论信号为二卖，60分钟笔方向向上（冲顶模式），因此实际交易动作是二卖（笔方向向上时优先卖点）,10.78,11.03,11.16,-0.0295,-0.0303,否
2026-05-13 16:19:37,二买,否,警戒,000651,格力电器,40.30,安全,二买,向下,无信号,客观缠论信号为二买，60分钟笔方向向下（寻底模式），因此实际交易动作是二买（笔方向向下时优先买点）,40.28,39.51,40.19,-0.0131,-0.0251,否
2026-05-13 16:19:37,二买,否,警戒,000895,双汇发展,26.58,安全,二卖+二买,向下,底背驰,客观缠论信号为二卖、二买，60分钟笔方向向下（寻底模式），因此实际交易动作是二买（笔方向向下时优先买点）,26.11,26.51,27.43,-0.0982,-0.0826,否
2026-05-13 16:19:37,观望,否,警戒,002415,海康威视,34.49,安全,二卖,向下,无信号,客观缠论信号为二卖，60分钟笔方向向下，中枢震荡，观望,31.96,33.30,36.35,-0.1458,-0.2296,否
2026-05-13 16:19:37,二买,否,警戒,hk03690,美团,88.25,安全,二买,向下,无信号,客观缠论信号为二买，60分钟笔方向向下（寻底模式），因此实际交易动作是二买（笔方向向下时优先买点）,83.75,82.15,86.55,0.9860,0.8250,否
2026-05-13 16:19:37,二卖,否,警戒,hk03896,金山云,8.19,安全,二卖,向上,无信号,客观缠论信号为二卖，60分钟笔方向向上（冲顶模式），因此实际交易动作是二卖（笔方向向上时优先卖点）,6.23,7.80,8.28,0.0126,-0.0289,否
2026-05-13 16:19:37,观望,否,警戒,hk00700,腾讯,464.00,日线破位,二卖,向下,无信号,客观缠论信号为二卖，60分钟笔方向向下，中枢震荡，观望,494.60,486.20,469.00,0.5548,0.0644,否
2026-05-13 16:19:37,二卖,否,警戒,hk09988,阿里巴巴,132.60,安全,二卖,向上,无信号,客观缠论信号为二卖，60分钟笔方向向上（冲顶模式），因此实际交易动作是二卖（笔方向向上时优先卖点）,129.60,126.70,134.20,-0.4094,-0.5429,否
2026-05-13 16:19:37,二卖,否,警戒,hk01024,快手,51.45,安全,二卖,向上,无信号,客观缠论信号为二卖，60分钟笔方向向上（冲顶模式），因此实际交易动作是二卖（笔方向向上时优先卖点）,56.95,51.00,51.85,-0.3163,-0.3420,否
2026-05-13 16:19:37,二买,否,警戒,hk06618,京东健康,48.08,安全,二卖+二买,向下,无信号,客观缠论信号为二卖、二买，60分钟笔方向向下（寻底模式），因此实际交易动作是二买（笔方向向下时优先买点）,46.16,46.10,46.88,0.6088,0.5991,否
2026-05-13 16:19:37,观望,否,警戒,hk06862,海底捞,15.01,安全,二买,向上,无信号,客观缠论信号为二买，60分钟笔方向向上，中枢震荡，观望,14.62,14.62,15.05,-0.0132,-0.0091,否
2026-05-13 16:19:37,观望,否,警戒,000800,一汽解放,6.48,安全,无信号,向下,无信号,客观缠论信号为无信号，60分钟笔方向向下，中枢震荡，观望,6.63,6.46,6.64,-0.0210,-0.0257,否
2026-05-13 16:19:37,二卖,否,警戒,002312,川发龙蟒,10.75,安全,二卖,向上,无信号,客观缠论信号为二卖，60分钟笔方向向上（冲顶模式），因此实际交易动作是二卖（笔方向向上时优先卖点）,10.45,10.34,10.82,-0.0209,-0.0265,否
2026-05-13 16:19:37,二卖,否,警戒,300037,新宙邦,64.69,安全,二卖,向上,无信号,客观缠论信号为二卖，60分钟笔方向向上（冲顶模式），因此实际交易动作是二卖（笔方向向上时优先卖点）,52.91,60.88,67.45,-0.2069,-0.3076,否
2026-05-13 16:19:37,二买,否,警戒,600536,中国软件,41.77,安全,二买,向下,无信号,客观缠论信号为二买，60分钟笔方向向下（寻底模式），因此实际交易动作是二买（笔方向向下时优先买点）,43.80,40.30,39.58,0.0025,-0.0312,否
2026-05-13 16:19:37,观望,否,警戒,600598,北大荒,16.83,安全,二买,向上,无信号,客观缠论信号为二买，60分钟笔方向向上，中枢震荡，观望,16.91,15.69,16.89,0.0067,-0.0004,否
2026-05-13 16:19:37,二卖,否,警戒,600764,中国海防,24.27,安全,二卖+二买,向上,无信号,客观缠论信号为二卖、二买，60分钟笔方向向上（冲顶模式），因此实际交易动作是二卖（笔方向向上时优先卖点）,23.72,23.71,24.30,0.0256,0.0207,否
2026-05-13 16:19:37,观望,否,警戒,603049,中策橡胶,48.53,安全,无信号,向下,无信号,客观缠论信号为无信号，60分钟笔方向向下，中枢震荡，观望,46.98,48.60,48.72,0.0115,-0.0062,否
2026-05-13 16:19:37,二买,否,警戒,000739,普洛药业,18.03,安全,二买,向下,底背驰,客观缠论信号为二买，60分钟笔方向向下（寻底模式），因此实际交易动作是二买（笔方向向下时优先买点）,17.28,17.24,18.70,-0.1101,-0.1198,否
2026-05-13 16:19:37,二买,否,警戒,001391,国货航,5.32,安全,二买,向下,底背驰,客观缠论信号为二买，60分钟笔方向向下（寻底模式），因此实际交易动作是二买（笔方向向下时优先买点）,5.22,5.28,5.32,0.0052,0.0003,否
2026-05-13 16:19:37,观望,否,警戒,002044,美年健康,6.10,安全,无信号,向下,底背驰,客观缠论信号为无信号，60分钟笔方向向下，中枢震荡，观望,5.14,5.52,6.45,-0.0127,-0.0224,否
2026-05-13 16:19:37,二买,否,警戒,300146,汤臣倍健,10.55,日线破位,二买,向下,底背驰,客观缠论信号为二买，60分钟笔方向向下（寻底模式），因此实际交易动作是二买（笔方向向下时优先买点）,10.71,10.73,10.66,-0.0099,-0.0165,否
2026-05-13 16:19:37,观望,否,警戒,300418,昆仑万维,53.43,安全,无信号,向下,底背驰,客观缠论信号为无信号，60分钟笔方向向下，中枢震荡，观望,52.85,49.25,53.40,0.1335,-0.0765,否
2026-05-13 16:19:37,观望,否,警戒,600547,山东黄金,34.75,安全,无信号,向下,底背驰,客观缠论信号为无信号，60分钟笔方向向下，中枢震荡，观望,34.20,34.60,35.47,-0.1010,-0.1583,否
2026-05-13 16:19:37,观望,否,警戒,601628,中国人寿,36.48,日线破位,无信号,向下,底背驰,客观缠论信号为无信号，60分钟笔方向向下，中枢震荡，观望,39.07,37.11,36.55,-0.3059,-0.3435,否
2026-05-13 16:19:37,二买,否,警戒,601696,中银证券,12.68,安全,二买,向下,底背驰,客观缠论信号为二买，60分钟笔方向向下（寻底模式），因此实际交易动作是二买（笔方向向下时优先买点）,12.16,12.34,12.63,0.0079,-0.0034,否
2026-05-13 16:19:37,观望,否,警戒,603529,爱玛科技,22.59,日线破位,无信号,向下,底背驰,客观缠论信号为无信号，60分钟笔方向向下，中枢震荡，观望,28.33,28.28,23.46,-0.1006,-0.1227,否

2026-05-14 09:58:36,观望,是,警戒,603317,天味食品,16.40,安全,二买,向上,无信号,客观缠论信号为二买，60分钟笔方向向上，中枢震荡，观望,12.56,12.98,16.31,0.0640,0.0397,否
2026-05-14 09:58:36,观望,是,警戒,600021,上海电力,18.15,安全,二买,向上,无信号,客观缠论信号为二买，60分钟笔方向向上，中枢震荡，观望,18.15,17.63,18.33,0.0244,0.0346,否
2026-05-14 09:58:36,二买,是,警戒,600895,张江高科,36.46,安全,二买,向下,无信号,客观缠论信号为二买，60分钟笔方向向下（寻底模式），因此实际交易动作是二买（笔方向向下时优先买点）,36.90,36.21,38.17,-0.1916,-0.2088,否
2026-05-14 09:58:36,二买,是,警戒,000333,美的集团,81.43,安全,二买,向下,无信号,客观缠论信号为二买，60分钟笔方向向下（寻底模式），因此实际交易动作是二买（笔方向向下时优先买点）,79.17,78.91,80.89,0.0616,-0.0660,否
2026-05-14 09:58:36,观望,是,警戒,000429,粤高速A,13.26,安全,二买,向上,无信号,客观缠论信号为二买，60分钟笔方向向上，中枢震荡，观望,13.55,12.70,13.12,0.0783,0.0923,否
2026-05-14 09:58:36,二买,是,警戒,hk01810,小米集团,32.82,安全,二买,向下,无信号,客观缠论信号为二买，60分钟笔方向向下（寻底模式），因此实际交易动作是二买（笔方向向下时优先买点）,32.78,30.26,31.92,0.1521,0.0855,否
2026-05-14 09:58:36,二卖,是,警戒,513130,恒生科技ETF,0.65,安全,二卖,向上,无信号,客观缠论信号为二卖，60分钟笔方向向上（冲顶模式），因此实际交易动作是二卖（笔方向向上时优先卖点）,0.61,0.61,0.64,0.0012,-0.0000,否
2026-05-14 09:58:36,一卖,否,警戒,sh000001,上证指数,4233.60,安全,一卖+二买,向上,无信号,客观缠论信号为一卖、二买，60分钟笔方向向上（冲顶模式），因此实际交易动作是一卖（趋势顶背驰卖出）,4101.83,4079.77,4092.83,7.6873,6.0401,否
2026-05-14 09:58:36,二买,否,警戒,510300,沪深300ETF,5.01,安全,二买,向下,无信号,客观缠论信号为二买，60分钟笔方向向下（寻底模式），因此实际交易动作是二买（笔方向向下时优先买点）,4.68,4.75,4.91,0.0158,0.0118,否
2026-05-14 09:58:36,二买,否,警戒,588000,科创50ETF,1.86,安全,二买,向下,无信号,客观缠论信号为二买，60分钟笔方向向下（寻底模式），因此实际交易动作是二买（笔方向向下时优先买点）,1.55,1.55,1.77,0.0172,0.0130,否
2026-05-14 09:58:36,二卖,否,警戒,512400,有色金属ETF,2.19,安全,二卖,向上,无信号,客观缠论信号为二卖，60分钟笔方向向上（冲顶模式），因此实际交易动作是二卖（笔方向向上时优先卖点）,2.10,2.17,2.23,0.0006,0.0010,否
2026-05-14 09:58:36,二卖,否,警戒,512690,酒ETF,0.46,日线破位,二卖,向上,无信号,客观缠论信号为二卖，60分钟笔方向向上（冲顶模式），因此实际交易动作是二卖（笔方向向上时优先卖点）,0.48,0.48,0.48,-0.0021,-0.0025,否
2026-05-14 09:58:36,二买,否,警戒,159227,航空航天ETF,1.35,安全,二买,向下,无信号,客观缠论信号为二买，60分钟笔方向向下（寻底模式），因此实际交易动作是二买（笔方向向下时优先买点）,1.43,1.30,1.37,0.0006,0.0014,否
2026-05-14 09:58:36,二卖,否,警戒,159992,创新药ETF,0.82,日线破位,二卖+二买,向上,无信号,客观缠论信号为二卖、二买，60分钟笔方向向上（冲顶模式），因此实际交易动作是二卖（笔方向向上时优先卖点）,0.83,0.83,0.83,-0.0024,-0.0022,否
2026-05-14 09:58:36,观望,否,警戒,515050,通信ETF,1.15,安全,无信号,向下,无信号,客观缠论信号为无信号，60分钟笔方向向下，中枢震荡，观望,1.08,1.48,2.40,-0.4514,-0.4968,否
2026-05-14 09:58:36,二买,否,警戒,159915,创业板ETF,4.04,安全,二买,向下,无信号,客观缠论信号为二买，60分钟笔方向向下（寻底模式），因此实际交易动作是二买（笔方向向下时优先买点）,3.25,3.27,3.82,0.0325,0.0261,否
2026-05-14 09:58:36,观望,否,警戒,588200,科创芯片ETF,3.57,安全,无信号,向上,无信号,客观缠论信号为无信号，60分钟笔方向向上，中枢震荡，观望,2.41,2.65,3.34,0.0389,0.0300,否
2026-05-14 09:58:36,二卖,否,警戒,159755,电池ETF,1.20,安全,二卖,向上,无信号,客观缠论信号为二卖，60分钟笔方向向上（冲顶模式），因此实际交易动作是二卖（笔方向向上时优先卖点）,1.03,1.17,1.22,-0.0018,-0.0024,否
2026-05-14 09:58:36,观望,否,警戒,159899,软件ETF,0.86,安全,无信号,向下,无信号,客观缠论信号为无信号，60分钟笔方向向下，中枢震荡，观望,0.87,0.85,0.87,-0.0005,-0.0005,否
2026-05-14 09:58:36,观望,否,警戒,513360,教育ETF,0.49,安全,无信号,向下,无信号,客观缠论信号为无信号，60分钟笔方向向下，中枢震荡，观望,0.49,0.50,0.50,-0.0004,-0.0003,否
2026-05-14 09:58:36,二买,否,警戒,515790,光伏ETF,1.15,安全,二买,向下,无信号,客观缠论信号为二买，60分钟笔方向向下（寻底模式），因此实际交易动作是二买（笔方向向下时优先买点）,1.08,1.10,1.09,0.0075,0.0065,否
2026-05-14 09:58:36,二卖,否,警戒,600938,中国海油,35.99,安全,二卖,向上,无信号,客观缠论信号为二卖，60分钟笔方向向上（冲顶模式），因此实际交易动作是二卖（笔方向向上时优先卖点）,34.06,35.29,37.85,-0.0555,-0.0315,否
2026-05-14 09:58:36,观望,否,警戒,601668,中国建筑,4.95,安全,二买,向上,无信号,客观缠论信号为二买，60分钟笔方向向上，中枢震荡，观望,4.88,4.91,4.99,-0.0075,-0.0064,否
2026-05-14 09:58:36,二卖,否,警戒,601288,农业银行,6.73,安全,二卖,向上,无信号,客观缠论信号为二卖，60分钟笔方向向上（冲顶模式），因此实际交易动作是二卖（笔方向向上时优先卖点）,6.53,6.53,6.95,-0.0243,-0.0331,否
2026-05-14 09:58:36,二买,否,警戒,601728,中国电信,6.20,安全,二买,向下,顶背驰,客观缠论信号为二买，60分钟笔方向向下（寻底模式），因此实际交易动作是二买（笔方向向下时优先买点）,6.24,5.91,6.11,0.0218,0.0185,否
2026-05-14 09:58:36,二买,否,警戒,600276,恒瑞医药,55.11,安全,二买,向下,无信号,客观缠论信号为二买，60分钟笔方向向下（寻底模式），因此实际交易动作是二买（笔方向向下时优先买点）,52.67,55.00,56.04,0.1746,0.3340,否
2026-05-14 09:58:36,二卖,否,警戒,600177,雅戈尔,7.72,安全,二卖+二买,向上,底背驰,客观缠论信号为二卖、二买，60分钟笔方向向上（冲顶模式），因此实际交易动作是二卖（笔方向向上时优先卖点）,7.50,7.63,7.77,-0.0152,-0.0142,否
2026-05-14 09:58:36,二买,否,警戒,600887,伊利股份,27.69,安全,二买,向下,无信号,客观缠论信号为二买，60分钟笔方向向下（寻底模式），因此实际交易动作是二买（笔方向向下时优先买点）,27.75,27.36,27.83,-0.0341,-0.0296,否
2026-05-14 09:58:36,二买,否,警戒,601138,工业富联,70.15,安全,二买,向下,无信号,客观缠论信号为二买，60分钟笔方向向下（寻底模式），因此实际交易动作是二买（笔方向向下时优先买点）,64.65,63.20,66.91,1.3585,1.4799,否
2026-05-14 09:58:36,一卖,否,警戒,688041,海光信息,336.34,安全,一卖+二买,向上,无信号,客观缠论信号为一卖、二买，60分钟笔方向向上（冲顶模式），因此实际交易动作是一卖（趋势顶背驰卖出）,246.00,320.01,355.50,0.3582,0.6103,否
2026-05-14 09:58:36,观望,否,警戒,688981,中芯国际,119.41,日线破位,无信号,向下,无信号,客观缠论信号为无信号，60分钟笔方向向下，中枢震荡，观望,120.87,120.05,124.57,0.0099,-0.1927,否
2026-05-14 09:58:36,二卖,否,警戒,601225,陕西煤业,23.55,安全,二卖,向上,无信号,客观缠论信号为二卖，60分钟笔方向向上（冲顶模式），因此实际交易动作是二卖（笔方向向上时优先卖点）,22.32,22.30,24.11,-0.0759,-0.0859,否
2026-05-14 09:58:36,二卖,否,警戒,600900,长江电力,27.03,安全,二卖,向上,无信号,客观缠论信号为二卖，60分钟笔方向向上（冲顶模式），因此实际交易动作是二卖（笔方向向上时优先卖点）,26.66,26.90,27.01,-0.0204,-0.0135,否
2026-05-14 09:58:36,二买,否,警戒,600660,福耀玻璃,57.03,安全,二买,向下,无信号,客观缠论信号为二买，60分钟笔方向向下（寻底模式），因此实际交易动作是二买（笔方向向下时优先买点）,56.86,56.88,58.18,-0.4835,-0.5331,否
2026-05-14 09:58:36,二卖,否,警戒,002507,涪陵榨菜,12.16,日线破位,二卖,向上,无信号,客观缠论信号为二卖，60分钟笔方向向上（冲顶模式），因此实际交易动作是二卖（笔方向向上时优先卖点）,12.23,12.28,12.40,-0.0428,-0.0376,否
2026-05-14 09:58:36,观望,否,警戒,000338,潍柴动力,35.02,安全,二卖,向下,无信号,客观缠论信号为二卖，60分钟笔方向向下，中枢震荡，观望,25.92,23.75,33.85,0.4392,0.3140,否
2026-05-14 09:58:36,观望,否,警戒,000538,云南白药,51.52,日线破位,二卖,向下,无信号,客观缠论信号为二卖，60分钟笔方向向下，中枢震荡，观望,55.40,54.40,52.89,-0.1957,-0.2020,否
2026-05-14 09:58:36,观望,否,警戒,000858,五粮液,88.48,日线破位,二卖,向下,无信号,客观缠论信号为二卖，60分钟笔方向向下，中枢震荡，观望,101.59,101.08,91.95,-0.5325,-0.5463,否
2026-05-14 09:58:36,观望,否,警戒,000423,东阿阿胶,52.70,安全,二卖,向下,无信号,客观缠论信号为二卖，60分钟笔方向向下，中枢震荡，观望,51.71,52.11,54.45,-0.1898,-0.2206,否
2026-05-14 09:58:36,二卖,否,警戒,000001,平安银行,11.14,安全,二卖,向上,无信号,客观缠论信号为二卖，60分钟笔方向向上（冲顶模式），因此实际交易动作是二卖（笔方向向上时优先卖点）,10.78,11.03,11.16,-0.0266,-0.0292,否
2026-05-14 09:58:36,二买,否,警戒,000651,格力电器,40.44,安全,二买,向下,无信号,客观缠论信号为二买，60分钟笔方向向下（寻底模式），因此实际交易动作是二买（笔方向向下时优先买点）,40.28,39.51,40.19,0.0161,-0.0116,否
2026-05-14 09:58:36,二买,否,警戒,000895,双汇发展,26.76,安全,二卖+二买,向下,底背驰,客观缠论信号为二卖、二买，60分钟笔方向向下（寻底模式），因此实际交易动作是二买（笔方向向下时优先买点）,26.11,26.51,27.43,-0.0665,-0.0790,否
2026-05-14 09:58:36,观望,否,警戒,002415,海康威视,34.11,安全,二卖,向下,无信号,客观缠论信号为二卖，60分钟笔方向向下，中枢震荡，观望,31.96,33.30,36.35,-0.1411,-0.1961,否
2026-05-14 09:58:36,二买,否,警戒,hk03690,美团,88.70,安全,二买,向下,无信号,客观缠论信号为二买，60分钟笔方向向下（寻底模式），因此实际交易动作是二买（笔方向向下时优先买点）,78.70,83.75,86.55,0.6340,0.7219,否
2026-05-14 09:58:36,观望,否,警戒,hk03896,金山云,8.77,安全,二卖,向下,无信号,客观缠论信号为二卖，60分钟笔方向向下，中枢震荡，观望,7.86,7.80,8.39,0.0611,0.0158,否
2026-05-14 09:58:36,观望,否,警戒,hk00700,腾讯,473.20,日线破位,二卖,向下,顶背驰,客观缠论信号为二卖，60分钟笔方向向下，中枢震荡，观望,494.60,486.20,469.00,2.0325,0.8716,否
2026-05-14 09:58:36,二卖,否,警戒,hk09988,阿里巴巴,141.20,安全,二卖,向上,无信号,客观缠论信号为二卖，60分钟笔方向向上（冲顶模式），因此实际交易动作是二卖（笔方向向上时优先卖点）,129.60,126.70,134.20,1.1677,0.0951,否
2026-05-14 09:58:36,二卖,否,警戒,hk01024,快手,52.10,安全,二卖,向上,无信号,客观缠论信号为二卖，60分钟笔方向向上（冲顶模式），因此实际交易动作是二卖（笔方向向上时优先卖点）,56.95,44.22,51.85,-0.0629,-0.1993,否
2026-05-14 09:58:36,二买,否,警戒,hk06618,京东健康,48.82,安全,二卖+二买,向下,顶背驰,客观缠论信号为二卖、二买，60分钟笔方向向下（寻底模式），因此实际交易动作是二买（笔方向向下时优先买点）,48.50,46.10,46.88,0.5217,0.5391,否
2026-05-14 09:58:36,观望,否,警戒,hk06862,海底捞,14.97,安全,二买,向上,无信号,客观缠论信号为二买，60分钟笔方向向上，中枢震荡，观望,14.62,14.16,15.05,-0.0166,-0.0133,否
2026-05-14 09:58:36,观望,否,警戒,000800,一汽解放,6.43,日线破位,无信号,向下,无信号,客观缠论信号为无信号，60分钟笔方向向下，中枢震荡，观望,6.63,6.46,6.64,-0.0239,-0.0247,否
2026-05-14 09:58:36,二卖,否,警戒,002312,川发龙蟒,10.51,安全,二卖,向上,无信号,客观缠论信号为二卖，60分钟笔方向向上（冲顶模式），因此实际交易动作是二卖（笔方向向上时优先卖点）,10.45,10.34,10.82,-0.0483,-0.0321,否
2026-05-14 09:58:36,二卖,否,警戒,300037,新宙邦,64.20,安全,二卖,向上,顶背驰,客观缠论信号为二卖，60分钟笔方向向上（冲顶模式），因此实际交易动作是二卖（笔方向向上时优先卖点）,52.91,60.88,67.45,-0.1713,-0.2562,否
2026-05-14 09:58:36,二买,否,警戒,600536,中国软件,40.60,安全,二买,向下,无信号,客观缠论信号为二买，60分钟笔方向向下（寻底模式），因此实际交易动作是二买（笔方向向下时优先买点）,43.80,40.30,39.58,-0.1307,-0.0555,否
2026-05-14 09:58:36,观望,否,警戒,600598,北大荒,16.74,安全,二买,向上,无信号,客观缠论信号为二买，60分钟笔方向向上，中枢震荡，观望,16.91,15.69,16.89,-0.0039,-0.0011,否
2026-05-14 09:58:36,二卖,否,警戒,600764,中国海防,23.76,安全,二卖+二买,向上,顶背驰,客观缠论信号为二卖、二买，60分钟笔方向向上（冲顶模式），因此实际交易动作是二卖（笔方向向上时优先卖点）,23.72,23.71,24.30,-0.0391,0.0043,否
2026-05-14 09:58:36,观望,否,警戒,603049,中策橡胶,47.94,安全,无信号,向下,无信号,客观缠论信号为无信号，60分钟笔方向向下，中枢震荡，观望,46.98,48.60,48.72,-0.0589,-0.0188,否
2026-05-14 09:58:36,二买,否,警戒,000739,普洛药业,17.68,安全,二买,向下,无信号,客观缠论信号为二买，60分钟笔方向向下（寻底模式），因此实际交易动作是二买（笔方向向下时优先买点）,17.28,17.24,18.70,-0.1350,-0.1229,否
2026-05-14 09:58:36,二买,否,警戒,001391,国货航,5.28,安全,二买,向下,无信号,客观缠论信号为二买，60分钟笔方向向下（寻底模式），因此实际交易动作是二买（笔方向向下时优先买点）,5.22,5.28,5.32,0.0021,0.0011,否
2026-05-14 09:58:36,观望,否,警戒,002044,美年健康,6.10,安全,无信号,向下,无信号,客观缠论信号为无信号，60分钟笔方向向下，中枢震荡，观望,5.14,5.52,6.45,-0.0069,-0.0170,否
2026-05-14 09:58:36,二买,否,警戒,300146,汤臣倍健,10.39,日线破位,二买,向下,无信号,客观缠论信号为二买，60分钟笔方向向下（寻底模式），因此实际交易动作是二买（笔方向向下时优先买点）,10.71,10.73,10.66,-0.0275,-0.0191,否
2026-05-14 09:58:36,观望,否,警戒,300418,昆仑万维,51.56,安全,无信号,向下,无信号,客观缠论信号为无信号，60分钟笔方向向下，中枢震荡，观望,52.85,49.25,53.40,-0.0535,-0.0519,否
2026-05-14 09:58:36,观望,否,警戒,600547,山东黄金,34.07,日线破位,无信号,向下,无信号,客观缠论信号为无信号，60分钟笔方向向下，中枢震荡，观望,34.20,34.60,35.47,-0.1584,-0.1525,否
2026-05-14 09:58:36,观望,否,警戒,601628,中国人寿,36.30,日线破位,无信号,向下,无信号,客观缠论信号为无信号，60分钟笔方向向下，中枢震荡，观望,39.07,37.11,36.55,-0.2729,-0.3201,否
2026-05-14 09:58:36,二买,否,警戒,601696,中银证券,12.54,安全,二买,向下,无信号,客观缠论信号为二买，60分钟笔方向向下（寻底模式），因此实际交易动作是二买（笔方向向下时优先买点）,12.16,12.34,12.63,-0.0032,-0.0021,否
2026-05-14 09:58:36,观望,否,警戒,603529,爱玛科技,22.28,日线破位,无信号,向下,无信号,客观缠论信号为无信号，60分钟笔方向向下，中枢震荡，观望,28.33,28.28,23.46,-0.1278,-0.1221,否

2026-05-14 10:21:35,观望,是,警戒,603317,天味食品,16.26,安全,二买,向上,无信号,客观缠论信号为二买，60分钟笔方向向上，中枢震荡，观望,12.56,12.98,16.31,0.0716,0.0515,否
2026-05-14 10:21:35,观望,是,警戒,600021,上海电力,17.95,安全,二买,向上,无信号,客观缠论信号为二买，60分钟笔方向向上，中枢震荡，观望,18.15,17.63,18.33,-0.0012,0.0246,否
2026-05-14 10:21:35,二买,是,警戒,600895,张江高科,35.92,日线破位,二买,向下,无信号,客观缠论信号为二买，60分钟笔方向向下（寻底模式），因此实际交易动作是二买（笔方向向下时优先买点）,36.90,36.21,38.17,-0.3081,-0.2360,否
2026-05-14 10:21:35,二买,是,警戒,000333,美的集团,81.57,安全,二买,向下,无信号,客观缠论信号为二买，60分钟笔方向向下（寻底模式），因此实际交易动作是二买（笔方向向下时优先买点）,79.17,78.91,80.89,0.2065,0.0209,否
2026-05-14 10:21:35,观望,是,警戒,000429,粤高速A,13.22,安全,二买,向上,无信号,客观缠论信号为二买，60分钟笔方向向上，中枢震荡，观望,13.55,12.70,13.12,0.0653,0.0836,否
2026-05-14 10:21:35,观望,是,警戒,300418,昆仑万维,51.04,安全,无信号,向下,无信号,客观缠论信号为无信号，60分钟笔方向向下，中枢震荡，观望,52.85,49.25,53.40,-0.1741,-0.0763,否
2026-05-14 10:21:35,二买,是,警戒,hk01810,小米集团,32.22,安全,二买,向下,顶背驰,客观缠论信号为二买，60分钟笔方向向下（寻底模式），因此实际交易动作是二买（笔方向向下时优先买点）,32.78,30.26,31.92,0.1888,0.1221,否
2026-05-14 10:21:35,二卖,是,警戒,513130,恒生科技ETF,0.64,安全,二卖,向上,无信号,客观缠论信号为二卖，60分钟笔方向向上（冲顶模式），因此实际交易动作是二卖（笔方向向上时优先卖点）,0.61,0.61,0.64,0.0019,0.0007,否
2026-05-14 10:21:35,一卖,否,警戒,sh000001,上证指数,4220.56,安全,一卖+二买,向上,无信号,客观缠论信号为一卖、二买，60分钟笔方向向上（冲顶模式），因此实际交易动作是一卖（趋势顶背驰卖出）,4101.83,4079.77,4092.83,6.2535,6.0828,否
2026-05-14 10:21:35,二买,否,警戒,510300,沪深300ETF,4.98,安全,二买,向下,无信号,客观缠论信号为二买，60分钟笔方向向下（寻底模式），因此实际交易动作是二买（笔方向向下时优先买点）,4.68,4.75,4.91,0.0118,0.0121,否
2026-05-14 10:21:35,二买,否,警戒,588000,科创50ETF,1.85,安全,二买,向下,无信号,客观缠论信号为二买，60分钟笔方向向下（寻底模式），因此实际交易动作是二买（笔方向向下时优先买点）,1.55,1.55,1.77,0.0150,0.0139,否
2026-05-14 10:21:35,二卖,否,警戒,512400,有色金属ETF,2.17,安全,二卖,向上,无信号,客观缠论信号为二卖，60分钟笔方向向上（冲顶模式），因此实际交易动作是二卖（笔方向向上时优先卖点）,2.10,2.17,2.23,-0.0043,-0.0006,否
2026-05-14 10:21:35,二卖,否,警戒,512690,酒ETF,0.46,日线破位,二卖,向上,无信号,客观缠论信号为二卖，60分钟笔方向向上（冲顶模式），因此实际交易动作是二卖（笔方向向上时优先卖点）,0.48,0.48,0.48,-0.0020,-0.0023,否
2026-05-14 10:21:35,二买,否,警戒,159227,航空航天ETF,1.34,安全,二买,向下,无信号,客观缠论信号为二买，60分钟笔方向向下（寻底模式），因此实际交易动作是二买（笔方向向下时优先买点）,1.43,1.30,1.37,-0.0033,0.0000,否
2026-05-14 10:21:35,二卖,否,警戒,159992,创新药ETF,0.82,日线破位,二卖+二买,向上,无信号,客观缠论信号为二卖、二买，60分钟笔方向向上（冲顶模式），因此实际交易动作是二卖（笔方向向上时优先卖点）,0.83,0.83,0.83,-0.0036,-0.0026,否
2026-05-14 10:21:35,观望,否,警戒,515050,通信ETF,1.14,安全,无信号,向下,无信号,客观缠论信号为无信号，60分钟笔方向向下，中枢震荡，观望,1.08,1.48,2.40,-0.4058,-0.4677,否
2026-05-14 10:21:35,二买,否,警戒,159915,创业板ETF,4.01,安全,二买,向下,无信号,客观缠论信号为二买，60分钟笔方向向下（寻底模式），因此实际交易动作是二买（笔方向向下时优先买点）,3.25,3.27,3.82,0.0269,0.0268,否
2026-05-14 10:21:35,观望,否,警戒,588200,科创芯片ETF,3.54,安全,无信号,向上,无信号,客观缠论信号为无信号，60分钟笔方向向上，中枢震荡，观望,2.41,2.65,3.34,0.0356,0.0323,否
2026-05-14 10:21:35,二卖,否,警戒,159755,电池ETF,1.20,安全,二卖,向上,无信号,客观缠论信号为二卖，60分钟笔方向向上（冲顶模式），因此实际交易动作是二卖（笔方向向上时优先卖点）,1.03,1.17,1.22,-0.0023,-0.0024,否
2026-05-14 10:21:35,观望,否,警戒,159899,软件ETF,0.86,安全,无信号,向下,无信号,客观缠论信号为无信号，60分钟笔方向向下，中枢震荡，观望,0.87,0.85,0.87,-0.0014,-0.0007,否
2026-05-14 10:21:35,观望,否,警戒,513360,教育ETF,0.49,安全,无信号,向下,无信号,客观缠论信号为无信号，60分钟笔方向向下，中枢震荡，观望,0.49,0.50,0.50,-0.0006,-0.0003,否
2026-05-14 10:21:35,二买,否,警戒,515790,光伏ETF,1.15,安全,二买,向下,无信号,客观缠论信号为二买，60分钟笔方向向下（寻底模式），因此实际交易动作是二买（笔方向向下时优先买点）,1.08,1.10,1.09,0.0073,0.0066,否
2026-05-14 10:21:35,二卖,否,警戒,600938,中国海油,35.96,安全,二卖,向上,无信号,客观缠论信号为二卖，60分钟笔方向向上（冲顶模式），因此实际交易动作是二卖（笔方向向上时优先卖点）,34.06,35.29,37.85,-0.0778,-0.0463,否
2026-05-14 10:21:35,观望,否,警戒,601668,中国建筑,4.96,安全,二买,向上,无信号,客观缠论信号为二买，60分钟笔方向向上，中枢震荡，观望,4.88,4.91,4.99,-0.0072,-0.0068,否
2026-05-14 10:21:35,二卖,否,警戒,601288,农业银行,6.79,安全,二卖,向上,无信号,客观缠论信号为二卖，60分钟笔方向向上（冲顶模式），因此实际交易动作是二卖（笔方向向上时优先卖点）,6.53,6.53,6.95,-0.0139,-0.0292,否
2026-05-14 10:21:35,二买,否,警戒,601728,中国电信,6.18,安全,二买,向下,顶背驰,客观缠论信号为二买，60分钟笔方向向下（寻底模式），因此实际交易动作是二买（笔方向向下时优先买点）,6.24,5.91,6.11,0.0196,0.0187,否
2026-05-14 10:21:35,二买,否,警戒,600276,恒瑞医药,54.87,安全,二买,向下,无信号,客观缠论信号为二买，60分钟笔方向向下（寻底模式），因此实际交易动作是二买（笔方向向下时优先买点）,52.67,55.00,56.04,0.0959,0.2864,否
2026-05-14 10:21:35,二卖,否,警戒,600177,雅戈尔,7.69,安全,二卖+二买,向上,底背驰,客观缠论信号为二卖、二买，60分钟笔方向向上（冲顶模式），因此实际交易动作是二卖（笔方向向上时优先卖点）,7.50,7.63,7.77,-0.0169,-0.0147,否
2026-05-14 10:21:35,二买,否,警戒,600887,伊利股份,27.75,安全,二买,向下,无信号,客观缠论信号为二买，60分钟笔方向向下（寻底模式），因此实际交易动作是二买（笔方向向下时优先买点）,27.75,27.36,27.83,-0.0370,-0.0310,否
2026-05-14 10:21:35,二买,否,警戒,601138,工业富联,69.79,安全,二买,向下,无信号,客观缠论信号为二买，60分钟笔方向向下（寻底模式），因此实际交易动作是二买（笔方向向下时优先买点）,64.65,63.20,66.91,1.2242,1.4288,否
2026-05-14 10:21:35,一卖,否,警戒,688041,海光信息,334.00,安全,一卖+二买,向上,无信号,客观缠论信号为一卖、二买，60分钟笔方向向上（冲顶模式），因此实际交易动作是一卖（趋势顶背驰卖出）,246.00,320.01,355.50,-0.4565,0.3969,否
2026-05-14 10:21:35,观望,否,警戒,688981,中芯国际,119.44,日线破位,无信号,向下,无信号,客观缠论信号为无信号，60分钟笔方向向下，中枢震荡，观望,120.87,120.05,124.57,-0.0779,-0.1697,否
2026-05-14 10:21:35,二卖,否,警戒,601225,陕西煤业,23.47,安全,二卖,向上,无信号,客观缠论信号为二卖，60分钟笔方向向上（冲顶模式），因此实际交易动作是二卖（笔方向向上时优先卖点）,22.32,22.30,24.11,-0.0787,-0.0845,否
2026-05-14 10:21:35,二卖,否,警戒,600900,长江电力,26.95,安全,二卖,向上,无信号,客观缠论信号为二卖，60分钟笔方向向上（冲顶模式），因此实际交易动作是二卖（笔方向向上时优先卖点）,26.66,26.90,27.01,-0.0244,-0.0157,否
2026-05-14 10:21:35,二买,否,警戒,600660,福耀玻璃,57.00,安全,二买,向下,无信号,客观缠论信号为二买，60分钟笔方向向下（寻底模式），因此实际交易动作是二买（笔方向向下时优先买点）,56.86,56.88,58.18,-0.4681,-0.5201,否
2026-05-14 10:21:35,二卖,否,警戒,002507,涪陵榨菜,12.12,日线破位,二卖,向上,无信号,客观缠论信号为二卖，60分钟笔方向向上（冲顶模式），因此实际交易动作是二卖（笔方向向上时优先卖点）,12.23,12.28,12.40,-0.0475,-0.0396,否
2026-05-14 10:21:35,观望,否,警戒,000338,潍柴动力,35.31,安全,二卖,向下,无信号,客观缠论信号为二卖，60分钟笔方向向下，中枢震荡，观望,25.92,23.75,33.85,0.4856,0.3483,否
2026-05-14 10:21:35,观望,否,警戒,000538,云南白药,51.48,日线破位,二卖,向下,无信号,客观缠论信号为二卖，60分钟笔方向向下，中枢震荡，观望,55.40,54.40,52.89,-0.1991,-0.2015,否
2026-05-14 10:21:35,观望,否,警戒,000858,五粮液,88.17,日线破位,二卖,向下,无信号,客观缠论信号为二卖，60分钟笔方向向下，中枢震荡，观望,101.59,101.08,91.95,-0.5568,-0.5484,否
2026-05-14 10:21:35,观望,否,警戒,000423,东阿阿胶,52.82,安全,二卖,向下,无信号,客观缠论信号为二卖，60分钟笔方向向下，中枢震荡，观望,51.71,52.11,54.45,-0.1671,-0.2099,否
2026-05-14 10:21:35,二卖,否,警戒,000001,平安银行,11.14,安全,二卖,向上,无信号,客观缠论信号为二卖，60分钟笔方向向上（冲顶模式），因此实际交易动作是二卖（笔方向向上时优先卖点）,10.78,11.03,11.16,-0.0252,-0.0284,否
2026-05-14 10:21:35,二买,否,警戒,000651,格力电器,40.35,安全,二买,向下,无信号,客观缠论信号为二买，60分钟笔方向向下（寻底模式），因此实际交易动作是二买（笔方向向下时优先买点）,40.28,39.51,40.19,0.0152,-0.0062,否
2026-05-14 10:21:35,二买,否,警戒,000895,双汇发展,26.70,安全,二卖+二买,向下,底背驰,客观缠论信号为二卖、二买，60分钟笔方向向下（寻底模式），因此实际交易动作是二买（笔方向向下时优先买点）,26.11,26.51,27.43,-0.0599,-0.0752,否
2026-05-14 10:21:35,观望,否,警戒,002415,海康威视,34.19,安全,二卖,向下,无信号,客观缠论信号为二卖，60分钟笔方向向下，中枢震荡，观望,31.96,33.30,36.35,-0.1410,-0.1851,否
2026-05-14 10:21:35,二买,否,警戒,hk03690,美团,87.75,安全,二买,向下,无信号,客观缠论信号为二买，60分钟笔方向向下（寻底模式），因此实际交易动作是二买（笔方向向下时优先买点）,78.70,83.75,86.55,0.5517,0.6703,否
2026-05-14 10:21:35,观望,否,警戒,hk03896,金山云,8.77,安全,二卖,向下,无信号,客观缠论信号为二卖，60分钟笔方向向下，中枢震荡，观望,7.86,7.80,8.39,0.0611,0.0158,否
2026-05-14 10:21:35,观望,否,警戒,hk00700,腾讯,473.20,日线破位,二卖,向下,顶背驰,客观缠论信号为二卖，60分钟笔方向向下，中枢震荡，观望,494.60,486.20,469.00,2.0325,0.8716,否
2026-05-14 10:21:35,二卖,否,警戒,hk09988,阿里巴巴,141.20,安全,二卖,向上,无信号,客观缠论信号为二卖，60分钟笔方向向上（冲顶模式），因此实际交易动作是二卖（笔方向向上时优先卖点）,129.60,126.70,134.20,1.1677,0.0951,否
2026-05-14 10:21:35,二卖,否,警戒,hk01024,快手,52.10,安全,二卖,向上,无信号,客观缠论信号为二卖，60分钟笔方向向上（冲顶模式），因此实际交易动作是二卖（笔方向向上时优先卖点）,56.95,44.22,51.85,-0.0629,-0.1993,否
2026-05-14 10:21:35,二买,否,警戒,hk06618,京东健康,48.72,安全,二卖+二买,向下,顶背驰,客观缠论信号为二卖、二买，60分钟笔方向向下（寻底模式），因此实际交易动作是二买（笔方向向下时优先买点）,48.50,46.10,46.88,0.5026,0.5318,否
2026-05-14 10:21:35,观望,否,警戒,hk06862,海底捞,14.85,安全,二买,向上,无信号,客观缠论信号为二买，60分钟笔方向向上，中枢震荡，观望,14.62,14.16,15.05,-0.0344,-0.0191,否
2026-05-14 10:21:35,观望,否,警戒,000800,一汽解放,6.43,日线破位,无信号,向下,无信号,客观缠论信号为无信号，60分钟笔方向向下，中枢震荡，观望,6.63,6.46,6.64,-0.0252,-0.0248,否
2026-05-14 10:21:35,二卖,否,警戒,002312,川发龙蟒,10.52,安全,二卖,向上,无信号,客观缠论信号为二卖，60分钟笔方向向上（冲顶模式），因此实际交易动作是二卖（笔方向向上时优先卖点）,10.45,10.34,10.82,-0.0580,-0.0373,否
2026-05-14 10:21:35,二卖,否,警戒,300037,新宙邦,64.22,安全,二卖,向上,顶背驰,客观缠论信号为二卖，60分钟笔方向向上（冲顶模式），因此实际交易动作是二卖（笔方向向上时优先卖点）,52.91,60.88,67.45,-0.1789,-0.2408,否
2026-05-14 10:21:35,二买,否,警戒,600536,中国软件,40.39,安全,二买,向下,无信号,客观缠论信号为二买，60分钟笔方向向下（寻底模式），因此实际交易动作是二买（笔方向向下时优先买点）,43.80,40.30,39.58,-0.2020,-0.0848,否
2026-05-14 10:21:35,观望,否,警戒,600598,北大荒,16.77,安全,二买,向上,无信号,客观缠论信号为二买，60分钟笔方向向上，中枢震荡，观望,16.91,15.69,16.89,-0.0040,-0.0017,否
2026-05-14 10:21:35,二卖,否,警戒,600764,中国海防,23.68,日线破位,二卖+二买,向上,顶背驰,客观缠论信号为二卖、二买，60分钟笔方向向上（冲顶模式），因此实际交易动作是二卖（笔方向向上时优先卖点）,23.72,23.71,24.30,-0.0701,-0.0106,否
2026-05-14 10:21:35,观望,否,警戒,603049,中策橡胶,47.74,安全,无信号,向下,无信号,客观缠论信号为无信号，60分钟笔方向向下，中枢震荡，观望,46.98,48.60,48.72,-0.1049,-0.0361,否
2026-05-14 10:21:35,二买,否,警戒,000739,普洛药业,17.50,安全,二买,向下,无信号,客观缠论信号为二买，60分钟笔方向向下（寻底模式），因此实际交易动作是二买（笔方向向下时优先买点）,17.28,17.24,18.70,-0.1592,-0.1302,否
2026-05-14 10:21:35,二买,否,警戒,001391,国货航,5.30,安全,二买,向下,无信号,客观缠论信号为二买，60分钟笔方向向下（寻底模式），因此实际交易动作是二买（笔方向向下时优先买点）,5.22,5.28,5.32,0.0026,0.0014,否
2026-05-14 10:21:35,观望,否,警戒,002044,美年健康,6.10,安全,无信号,向下,无信号,客观缠论信号为无信号，60分钟笔方向向下，中枢震荡，观望,5.14,5.52,6.45,-0.0059,-0.0148,否
2026-05-14 10:21:35,二买,否,警戒,300146,汤臣倍健,10.38,日线破位,二买,向下,无信号,客观缠论信号为二买，60分钟笔方向向下（寻底模式），因此实际交易动作是二买（笔方向向下时优先买点）,10.71,10.73,10.66,-0.0347,-0.0222,否
2026-05-14 10:21:35,观望,否,警戒,600547,山东黄金,34.24,安全,无信号,向下,无信号,客观缠论信号为无信号，60分钟笔方向向下，中枢震荡，观望,34.20,34.60,35.47,-0.1713,-0.1563,否
2026-05-14 10:21:35,观望,否,警戒,601628,中国人寿,36.25,日线破位,无信号,向下,无信号,客观缠论信号为无信号，60分钟笔方向向下，中枢震荡，观望,39.07,37.11,36.55,-0.2637,-0.3089,否
2026-05-14 10:21:35,二买,否,警戒,601696,中银证券,12.58,安全,二买,向下,无信号,客观缠论信号为二买，60分钟笔方向向下（寻底模式），因此实际交易动作是二买（笔方向向下时优先买点）,12.16,12.34,12.63,-0.0059,-0.0029,否
2026-05-14 10:21:35,观望,否,警戒,603529,爱玛科技,22.16,日线破位,无信号,向下,无信号,客观缠论信号为无信号，60分钟笔方向向下，中枢震荡，观望,28.33,28.28,23.46,-0.1475,-0.1272,否

2026-05-14 10:47:05,观望,是,警戒,603317,天味食品,16.15,安全,二买,向上,无信号,客观缠论信号为二买，60分钟笔方向向上，中枢震荡，观望,12.56,12.98,16.31,0.0485,0.0517,否
2026-05-14 10:47:05,观望,是,警戒,600021,上海电力,17.81,安全,二买,向上,无信号,客观缠论信号为二买，60分钟笔方向向上，中枢震荡，观望,18.15,17.63,18.33,-0.0436,0.0033,否
2026-05-14 10:47:05,二买,是,警戒,600895,张江高科,35.80,日线破位,一卖+二买,向下,无信号,客观缠论信号为一卖、二买，60分钟笔方向向下（寻底模式），因此实际交易动作是二买（笔方向向下时优先买点）,36.90,36.21,36.20,-0.3879,-0.2853,否
2026-05-14 10:47:05,二买,是,警戒,000333,美的集团,81.38,安全,二买,向下,无信号,客观缠论信号为二买，60分钟笔方向向下（寻底模式），因此实际交易动作是二买（笔方向向下时优先买点）,79.17,78.91,80.98,0.2727,0.1074,否
2026-05-14 10:47:05,观望,是,警戒,000429,粤高速A,13.18,安全,二买,向上,无信号,客观缠论信号为二买，60分钟笔方向向上，中枢震荡，观望,13.55,12.70,13.12,0.0477,0.0718,否
2026-05-14 10:47:05,观望,是,警戒,300418,昆仑万维,50.52,安全,无信号,向下,无信号,客观缠论信号为无信号，60分钟笔方向向下，中枢震荡，观望,52.85,49.25,52.12,-0.4045,-0.1780,否
2026-05-14 10:47:05,二买,是,警戒,hk01810,小米集团,32.22,安全,二买,向下,顶背驰,客观缠论信号为二买，60分钟笔方向向下（寻底模式），因此实际交易动作是二买（笔方向向下时优先买点）,32.78,30.26,31.92,0.1892,0.1356,否
2026-05-14 10:47:05,二卖,是,警戒,513130,恒生科技ETF,0.64,安全,二卖,向上,无信号,客观缠论信号为二卖，60分钟笔方向向上（冲顶模式），因此实际交易动作是二卖（笔方向向上时优先卖点）,0.61,0.61,0.64,0.0022,0.0012,否
2026-05-14 10:47:05,一卖,否,警戒,sh000001,上证指数,4204.77,安全,一卖+二买,向上,无信号,客观缠论信号为一卖、二买，60分钟笔方向向上（冲顶模式），因此实际交易动作是一卖（趋势顶背驰卖出）,4101.83,4079.77,4092.83,1.4681,4.5707,否
2026-05-14 10:47:05,二买,否,警戒,510300,沪深300ETF,4.96,安全,二买,向下,无信号,客观缠论信号为二买，60分钟笔方向向下（寻底模式），因此实际交易动作是二买（笔方向向下时优先买点）,4.68,4.75,4.91,0.0065,0.0105,否
2026-05-14 10:47:05,二买,否,警戒,588000,科创50ETF,1.84,安全,二买,向下,无信号,客观缠论信号为二买，60分钟笔方向向下（寻底模式），因此实际交易动作是二买（笔方向向下时优先买点）,1.55,1.55,1.77,0.0122,0.0136,否
2026-05-14 10:47:05,二卖,否,警戒,512400,有色金属ETF,2.16,安全,二卖,向上,无信号,客观缠论信号为二卖，60分钟笔方向向上（冲顶模式），因此实际交易动作是二卖（笔方向向上时优先卖点）,2.10,2.17,2.19,-0.0080,-0.0029,否
2026-05-14 10:47:05,二卖,否,警戒,512690,酒ETF,0.46,日线破位,二卖,向上,无信号,客观缠论信号为二卖，60分钟笔方向向上（冲顶模式），因此实际交易动作是二卖（笔方向向上时优先卖点）,0.48,0.48,0.48,-0.0018,-0.0021,否
2026-05-14 10:47:05,二买,否,警戒,159227,航空航天ETF,1.33,安全,二买,向下,无信号,客观缠论信号为二买，60分钟笔方向向下（寻底模式），因此实际交易动作是二买（笔方向向下时优先买点）,1.43,1.30,1.37,-0.0064,-0.0020,否
2026-05-14 10:47:05,二卖,否,警戒,159992,创新药ETF,0.81,日线破位,一卖+二卖+二买,向上,无信号,客观缠论信号为一卖、二卖、二买，60分钟笔方向向上（冲顶模式），因此实际交易动作是二卖（笔方向向上时优先卖点）,0.83,0.83,0.83,-0.0046,-0.0032,否
2026-05-14 10:47:05,观望,否,警戒,515050,通信ETF,1.13,安全,无信号,向下,无信号,客观缠论信号为无信号，60分钟笔方向向下，中枢震荡，观望,1.08,1.48,2.40,-0.3625,-0.4332,否
2026-05-14 10:47:05,二买,否,警戒,159915,创业板ETF,3.98,安全,二买,向下,无信号,客观缠论信号为二买，60分钟笔方向向下（寻底模式），因此实际交易动作是二买（笔方向向下时优先买点）,3.25,3.27,3.82,0.0194,0.0249,否
2026-05-14 10:47:05,观望,否,警戒,588200,科创芯片ETF,3.52,安全,无信号,向上,无信号,客观缠论信号为无信号，60分钟笔方向向上，中枢震荡，观望,2.41,2.65,3.34,0.0309,0.0323,否
2026-05-14 10:47:05,二卖,否,警戒,159755,电池ETF,1.19,安全,二卖,向上,无信号,客观缠论信号为二卖，60分钟笔方向向上（冲顶模式），因此实际交易动作是二卖（笔方向向上时优先卖点）,1.03,1.17,1.22,-0.0029,-0.0025,否
2026-05-14 10:47:05,观望,否,警戒,159899,软件ETF,0.85,安全,无信号,向下,无信号,客观缠论信号为无信号，60分钟笔方向向下，中枢震荡，观望,0.87,0.85,0.87,-0.0032,-0.0014,否
2026-05-14 10:47:05,观望,否,警戒,513360,教育ETF,0.49,安全,无信号,向下,无信号,客观缠论信号为无信号，60分钟笔方向向下，中枢震荡，观望,0.49,0.50,0.50,-0.0007,-0.0004,否
2026-05-14 10:47:05,二买,否,警戒,515790,光伏ETF,1.14,安全,二买,向下,无信号,客观缠论信号为二买，60分钟笔方向向下（寻底模式），因此实际交易动作是二买（笔方向向下时优先买点）,1.08,1.10,1.09,0.0051,0.0063,否
2026-05-14 10:47:05,二卖,否,警戒,600938,中国海油,36.22,安全,二卖,向上,无信号,客观缠论信号为二卖，60分钟笔方向向上（冲顶模式），因此实际交易动作是二卖（笔方向向上时优先卖点）,34.06,35.29,37.85,-0.0676,-0.0563,否
2026-05-14 10:47:05,观望,否,警戒,601668,中国建筑,4.95,安全,二买,向上,无信号,客观缠论信号为二买，60分钟笔方向向上，中枢震荡，观望,4.88,4.91,4.99,-0.0069,-0.0068,否
2026-05-14 10:47:05,二卖,否,警戒,601288,农业银行,6.81,安全,二卖,向上,无信号,客观缠论信号为二卖，60分钟笔方向向上（冲顶模式），因此实际交易动作是二卖（笔方向向上时优先卖点）,6.53,6.53,6.85,0.0019,-0.0194,否
2026-05-14 10:47:05,二买,否,警戒,601728,中国电信,6.23,安全,二买,向下,无信号,客观缠论信号为二买，60分钟笔方向向下（寻底模式），因此实际交易动作是二买（笔方向向下时优先买点）,6.24,5.91,6.11,0.0217,0.0195,否
2026-05-14 10:47:05,二买,否,警戒,600276,恒瑞医药,54.77,安全,二买,向下,无信号,客观缠论信号为二买，60分钟笔方向向下（寻底模式），因此实际交易动作是二买（笔方向向下时优先买点）,52.67,55.00,54.43,-0.0287,0.1819,否
2026-05-14 10:47:05,二卖,否,警戒,600177,雅戈尔,7.67,安全,二卖+二买,向上,底背驰,客观缠论信号为二卖、二买，60分钟笔方向向上（冲顶模式），因此实际交易动作是二卖（笔方向向上时优先卖点）,7.50,7.63,7.70,-0.0220,-0.0171,否
2026-05-14 10:47:05,二卖,否,警戒,600887,伊利股份,27.61,安全,二卖+二买,向上,无信号,客观缠论信号为二卖、二买，60分钟笔方向向上（冲顶模式），因此实际交易动作是二卖（笔方向向上时优先卖点）,27.75,27.36,27.98,-0.0559,-0.0383,否
2026-05-14 10:47:05,二买,否,警戒,601138,工业富联,68.45,安全,二买,向下,无信号,客观缠论信号为二买，60分钟笔方向向下（寻底模式），因此实际交易动作是二买（笔方向向下时优先买点）,64.65,63.20,66.91,0.8373,1.2473,否
2026-05-14 10:47:05,一卖,否,警戒,688041,海光信息,330.87,安全,一卖+二买,向上,无信号,客观缠论信号为一卖、二买，60分钟笔方向向上（冲顶模式），因此实际交易动作是一卖（趋势顶背驰卖出）,246.00,320.01,355.50,-1.8247,-0.2856,否
2026-05-14 10:47:05,观望,否,警戒,688981,中芯国际,118.25,日线破位,无信号,向下,无信号,客观缠论信号为无信号，60分钟笔方向向下，中枢震荡，观望,120.87,120.05,124.57,-0.3082,-0.1969,否
2026-05-14 10:47:05,观望,否,警戒,601225,陕西煤业,23.46,安全,二卖,向下,无信号,客观缠论信号为二卖，60分钟笔方向向下，中枢震荡，观望,22.32,22.30,24.11,-0.0828,-0.0838,否
2026-05-14 10:47:05,二卖,否,警戒,600900,长江电力,26.89,安全,二卖+三买,向上,无信号,客观缠论信号为二卖、三买，60分钟笔方向向上（冲顶模式），因此实际交易动作是二卖（笔方向向上时优先卖点）,26.66,26.90,26.78,-0.0375,-0.0227,否
2026-05-14 10:47:05,二买,否,警戒,600660,福耀玻璃,56.89,安全,二买,向下,无信号,客观缠论信号为二买，60分钟笔方向向下（寻底模式），因此实际交易动作是二买（笔方向向下时优先买点）,56.86,56.88,58.18,-0.4462,-0.4954,否
2026-05-14 10:47:05,二卖,否,警戒,002507,涪陵榨菜,12.09,日线破位,二卖,向上,无信号,客观缠论信号为二卖，60分钟笔方向向上（冲顶模式），因此实际交易动作是二卖（笔方向向上时优先卖点）,12.23,12.28,12.40,-0.0574,-0.0454,否
2026-05-14 10:47:05,观望,否,警戒,000338,潍柴动力,34.92,安全,二卖,向下,无信号,客观缠论信号为二卖，60分钟笔方向向下，中枢震荡，观望,25.92,23.75,33.85,0.4968,0.4035,否
2026-05-14 10:47:05,观望,否,警戒,000538,云南白药,51.40,日线破位,二卖,向下,无信号,客观缠论信号为二卖，60分钟笔方向向下，中枢震荡，观望,55.40,54.40,52.89,-0.2095,-0.2039,否
2026-05-14 10:47:05,观望,否,警戒,000858,五粮液,88.24,日线破位,二卖,向下,无信号,客观缠论信号为二卖，60分钟笔方向向下，中枢震荡，观望,101.59,101.08,91.95,-0.5681,-0.5558,否
2026-05-14 10:47:05,观望,否,警戒,000423,东阿阿胶,53.21,安全,二卖,向下,无信号,客观缠论信号为二卖，60分钟笔方向向下，中枢震荡，观望,51.71,52.11,53.53,-0.0827,-0.1710,否
2026-05-14 10:47:05,二卖,否,警戒,000001,平安银行,11.12,安全,二卖,向上,无信号,客观缠论信号为二卖，60分钟笔方向向上（冲顶模式），因此实际交易动作是二卖（笔方向向上时优先卖点）,10.78,11.03,11.16,-0.0252,-0.0273,否
2026-05-14 10:47:05,二买,否,警戒,000651,格力电器,40.26,安全,二买,向下,无信号,客观缠论信号为二买，60分钟笔方向向下（寻底模式），因此实际交易动作是二买（笔方向向下时优先买点）,40.28,39.51,40.19,0.0026,-0.0019,否
2026-05-14 10:47:05,二买,否,警戒,000895,双汇发展,26.82,安全,二卖+二买,向下,无信号,客观缠论信号为二卖、二买，60分钟笔方向向下（寻底模式），因此实际交易动作是二买（笔方向向下时优先买点）,26.11,26.51,27.43,-0.0362,-0.0634,否
2026-05-14 10:47:05,三买,否,警戒,002415,海康威视,33.96,安全,二卖+三买,向下,无信号,客观缠论信号为二卖、三买，60分钟笔方向向下（寻底模式），因此实际交易动作是三买（突破回踩买入）,31.96,33.30,33.87,-0.1670,-0.1767,否
2026-05-14 10:47:05,观望,否,警戒,hk03690,美团,88.10,安全,二买,向上,无信号,客观缠论信号为二买，60分钟笔方向向上，中枢震荡，观望,78.70,83.75,86.55,0.4602,0.5969,否
2026-05-14 10:47:05,二卖,否,警戒,hk03896,金山云,8.67,安全,二卖,向上,顶背驰,客观缠论信号为二卖，60分钟笔方向向上（冲顶模式），因此实际交易动作是二卖（笔方向向上时优先卖点）,7.86,7.80,9.10,0.1506,0.0850,否
2026-05-14 10:47:05,观望,否,警戒,hk00700,腾讯,469.20,日线破位,二卖,向下,顶背驰,客观缠论信号为二卖，60分钟笔方向向下，中枢震荡，观望,494.60,486.20,474.40,2.2952,1.3751,否
2026-05-14 10:47:05,二卖,否,警戒,hk09988,阿里巴巴,141.10,安全,二卖,向上,无信号,客观缠论信号为二卖，60分钟笔方向向上（冲顶模式），因此实际交易动作是二卖（笔方向向上时优先卖点）,129.60,126.70,134.20,1.9808,0.9028,否
2026-05-14 10:47:05,二卖,否,警戒,hk01024,快手,52.05,安全,二卖,向上,无信号,客观缠论信号为二卖，60分钟笔方向向上（冲顶模式），因此实际交易动作是二卖（笔方向向上时优先卖点）,56.95,44.22,51.85,-0.0324,-0.1278,否
2026-05-14 10:47:05,二买,否,警戒,hk06618,京东健康,48.70,安全,二卖+二买,向下,顶背驰,客观缠论信号为二卖、二买，60分钟笔方向向下（寻底模式），因此实际交易动作是二买（笔方向向下时优先买点）,48.50,46.10,46.88,0.4426,0.5027,否
2026-05-14 10:47:05,观望,否,警戒,hk06862,海底捞,14.99,安全,二买,向上,底背驰,客观缠论信号为二买，60分钟笔方向向上，中枢震荡，观望,14.62,14.16,15.05,-0.0315,-0.0241,否
2026-05-14 10:47:05,观望,否,警戒,000800,一汽解放,6.42,日线破位,无信号,向下,无信号,客观缠论信号为无信号，60分钟笔方向向下，中枢震荡，观望,6.63,6.46,6.64,-0.0276,-0.0257,否
2026-05-14 10:47:05,二卖,否,警戒,002312,川发龙蟒,10.50,安全,二卖,向上,无信号,客观缠论信号为二卖，60分钟笔方向向上（冲顶模式），因此实际交易动作是二卖（笔方向向上时优先卖点）,10.45,10.34,10.82,-0.0712,-0.0485,否
2026-05-14 10:47:05,二卖,否,警戒,300037,新宙邦,63.73,安全,二卖,向上,顶背驰,客观缠论信号为二卖，60分钟笔方向向上（冲顶模式），因此实际交易动作是二卖（笔方向向上时优先卖点）,52.91,60.88,63.69,-0.2284,-0.2302,否
2026-05-14 10:47:05,二卖,否,警戒,600536,中国软件,40.27,日线破位,二卖+二买,向上,无信号,客观缠论信号为二卖、二买，60分钟笔方向向上（冲顶模式），因此实际交易动作是二卖（笔方向向上时优先卖点）,43.80,40.30,41.97,-0.3129,-0.1596,否
2026-05-14 10:47:05,观望,否,警戒,600598,北大荒,16.70,安全,二买,向上,无信号,客观缠论信号为二买，60分钟笔方向向上，中枢震荡，观望,16.91,15.69,16.89,-0.0147,-0.0057,否
2026-05-14 10:47:05,二卖,否,警戒,600764,中国海防,23.59,日线破位,二卖+二买,向上,顶背驰,客观缠论信号为二卖、二买，60分钟笔方向向上（冲顶模式），因此实际交易动作是二卖（笔方向向上时优先卖点）,23.72,23.71,24.09,-0.1192,-0.0458,否
2026-05-14 10:47:05,二卖,否,警戒,603049,中策橡胶,47.64,安全,二卖,向上,无信号,客观缠论信号为二卖，60分钟笔方向向上（冲顶模式），因此实际交易动作是二卖（笔方向向上时优先卖点）,46.98,48.60,48.72,-0.1815,-0.0834,否
2026-05-14 10:47:05,二买,否,警戒,000739,普洛药业,17.63,安全,二买,向下,底背驰,客观缠论信号为二买，60分钟笔方向向下（寻底模式），因此实际交易动作是二买（笔方向向下时优先买点）,17.28,17.24,17.90,-0.1708,-0.1443,否
2026-05-14 10:47:05,二买,否,警戒,001391,国货航,5.41,安全,二买,向下,无信号,客观缠论信号为二买，60分钟笔方向向下（寻底模式），因此实际交易动作是二买（笔方向向下时优先买点）,5.22,5.28,5.32,0.0119,0.0038,否
2026-05-14 10:47:05,观望,否,警戒,002044,美年健康,6.09,安全,无信号,向下,无信号,客观缠论信号为无信号，60分钟笔方向向下，中枢震荡，观望,5.14,5.52,6.45,-0.0087,-0.0127,否
2026-05-14 10:47:05,二卖,否,警戒,300146,汤臣倍健,10.39,日线破位,二卖+二买,向上,无信号,客观缠论信号为二卖、二买，60分钟笔方向向上（冲顶模式），因此实际交易动作是二卖（笔方向向上时优先卖点）,10.71,10.73,10.59,-0.0434,-0.0294,否
2026-05-14 10:47:05,二卖,否,警戒,600547,山东黄金,34.02,日线破位,二卖,向上,无信号,客观缠论信号为二卖，60分钟笔方向向上（冲顶模式），因此实际交易动作是二卖（笔方向向上时优先卖点）,34.20,34.60,35.47,-0.2075,-0.1715,否
2026-05-14 10:47:05,观望,否,警戒,601628,中国人寿,36.18,日线破位,无信号,向下,无信号,客观缠论信号为无信号，60分钟笔方向向下，中枢震荡，观望,39.07,37.11,36.55,-0.2539,-0.2902,否
2026-05-14 10:47:05,二买,否,警戒,601696,中银证券,12.52,安全,二买,向下,无信号,客观缠论信号为二买，60分钟笔方向向下（寻底模式），因此实际交易动作是二买（笔方向向下时优先买点）,12.16,12.34,12.60,-0.0192,-0.0079,否
2026-05-14 10:47:05,观望,否,警戒,603529,爱玛科技,22.25,日线破位,无信号,向下,底背驰,客观缠论信号为无信号，60分钟笔方向向下，中枢震荡，观望,28.33,28.28,23.46,-0.1618,-0.1393,否

2026-05-14 11:06:29,观望,是,警戒,603317,天味食品,16.10,安全,二买,向上,无信号,客观缠论信号为二买，60分钟笔方向向上，中枢震荡，观望,12.56,12.98,16.31,0.0375,0.0489,否
2026-05-14 11:06:29,观望,是,警戒,600021,上海电力,17.71,安全,二买,向上,无信号,客观缠论信号为二买，60分钟笔方向向上，中枢震荡，观望,18.15,17.63,18.33,-0.0669,-0.0107,否
2026-05-14 11:06:29,二买,是,警戒,600895,张江高科,35.67,日线破位,一卖+二买,向下,无信号,客观缠论信号为一卖、二买，60分钟笔方向向下（寻底模式），因此实际交易动作是二买（笔方向向下时优先买点）,36.90,36.21,36.20,-0.4202,-0.3123,否
2026-05-14 11:06:29,二买,是,警戒,000333,美的集团,81.29,安全,二买,向下,无信号,客观缠论信号为二买，60分钟笔方向向下（寻底模式），因此实际交易动作是二买（笔方向向下时优先买点）,79.17,78.91,80.98,0.2825,0.1425,否
2026-05-14 11:06:29,观望,是,警戒,000429,粤高速A,13.16,安全,二买,向上,无信号,客观缠论信号为二买，60分钟笔方向向上，中枢震荡，观望,13.55,12.70,13.12,0.0399,0.0654,否
2026-05-14 11:06:29,观望,是,警戒,300418,昆仑万维,50.67,安全,无信号,向下,底背驰,客观缠论信号为无信号，60分钟笔方向向下，中枢震荡，观望,52.85,49.25,52.12,-0.4686,-0.2361,否
2026-05-14 11:06:29,二买,是,警戒,hk01810,小米集团,32.16,安全,二买,向下,无信号,客观缠论信号为二买，60分钟笔方向向下（寻底模式），因此实际交易动作是二买（笔方向向下时优先买点）,32.78,30.26,31.92,0.1803,0.1530,否
2026-05-14 11:06:29,二卖,是,警戒,513130,恒生科技ETF,0.64,安全,二卖,向上,无信号,客观缠论信号为二卖，60分钟笔方向向上（冲顶模式），因此实际交易动作是二卖（笔方向向上时优先卖点）,0.61,0.61,0.64,0.0022,0.0014,否
2026-05-14 11:06:29,一卖,否,警戒,sh000001,上证指数,4204.77,安全,一卖+二买,向上,无信号,客观缠论信号为一卖、二买，60分钟笔方向向上（冲顶模式），因此实际交易动作是一卖（趋势顶背驰卖出）,4101.83,4079.77,4092.83,1.4681,4.5707,否
2026-05-14 11:06:29,二买,否,警戒,510300,沪深300ETF,4.96,安全,二买,向下,无信号,客观缠论信号为二买，60分钟笔方向向下（寻底模式），因此实际交易动作是二买（笔方向向下时优先买点）,4.68,4.75,4.91,0.0043,0.0093,否
2026-05-14 11:06:29,二买,否,警戒,588000,科创50ETF,1.84,安全,二买,向下,无信号,客观缠论信号为二买，60分钟笔方向向下（寻底模式），因此实际交易动作是二买（笔方向向下时优先买点）,1.55,1.55,1.77,0.0112,0.0131,否
2026-05-14 11:06:29,二卖,否,警戒,512400,有色金属ETF,2.15,安全,二卖,向上,无信号,客观缠论信号为二卖，60分钟笔方向向上（冲顶模式），因此实际交易动作是二卖（笔方向向上时优先卖点）,2.10,2.17,2.19,-0.0097,-0.0043,否
2026-05-14 11:06:29,二卖,否,警戒,512690,酒ETF,0.46,日线破位,二卖,向上,无信号,客观缠论信号为二卖，60分钟笔方向向上（冲顶模式），因此实际交易动作是二卖（笔方向向上时优先卖点）,0.48,0.48,0.48,-0.0018,-0.0021,否
2026-05-14 11:06:29,二买,否,警戒,159227,航空航天ETF,1.34,安全,二买,向下,无信号,客观缠论信号为二买，60分钟笔方向向下（寻底模式），因此实际交易动作是二买（笔方向向下时优先买点）,1.43,1.30,1.37,-0.0070,-0.0030,否
2026-05-14 11:06:29,二卖,否,警戒,159992,创新药ETF,0.81,日线破位,一卖+二卖+二买,向上,无信号,客观缠论信号为一卖、二卖、二买，60分钟笔方向向上（冲顶模式），因此实际交易动作是二卖（笔方向向上时优先卖点）,0.83,0.83,0.83,-0.0051,-0.0036,否
2026-05-14 11:06:29,观望,否,警戒,515050,通信ETF,1.15,安全,无信号,向下,无信号,客观缠论信号为无信号，60分钟笔方向向下，中枢震荡，观望,1.08,1.48,2.40,-0.3407,-0.4147,否
2026-05-14 11:06:29,二买,否,警戒,159915,创业板ETF,4.00,安全,二买,向下,无信号,客观缠论信号为二买，60分钟笔方向向下（寻底模式），因此实际交易动作是二买（笔方向向下时优先买点）,3.25,3.27,3.82,0.0172,0.0233,否
2026-05-14 11:06:29,观望,否,警戒,588200,科创芯片ETF,3.54,安全,无信号,向上,无信号,客观缠论信号为无信号，60分钟笔方向向上，中枢震荡，观望,2.41,2.65,3.34,0.0290,0.0317,否
2026-05-14 11:06:29,二卖,否,警戒,159755,电池ETF,1.19,安全,二卖,向上,无信号,客观缠论信号为二卖，60分钟笔方向向上（冲顶模式），因此实际交易动作是二卖（笔方向向上时优先卖点）,1.03,1.17,1.22,-0.0032,-0.0026,否
2026-05-14 11:06:29,观望,否,警戒,159899,软件ETF,0.85,安全,无信号,向下,无信号,客观缠论信号为无信号，60分钟笔方向向下，中枢震荡，观望,0.87,0.85,0.87,-0.0037,-0.0019,否
2026-05-14 11:06:29,观望,否,警戒,513360,教育ETF,0.50,安全,无信号,向下,无信号,客观缠论信号为无信号，60分钟笔方向向下，中枢震荡，观望,0.49,0.50,0.50,-0.0007,-0.0005,否
2026-05-14 11:06:29,二买,否,警戒,515790,光伏ETF,1.14,安全,二买,向下,无信号,客观缠论信号为二买，60分钟笔方向向下（寻底模式），因此实际交易动作是二买（笔方向向下时优先买点）,1.08,1.10,1.09,0.0045,0.0059,否
2026-05-14 11:06:29,二卖,否,警戒,600938,中国海油,36.14,安全,二卖,向上,无信号,客观缠论信号为二卖，60分钟笔方向向上（冲顶模式），因此实际交易动作是二卖（笔方向向上时优先卖点）,34.06,35.29,37.85,-0.0620,-0.0574,否
2026-05-14 11:06:29,观望,否,警戒,601668,中国建筑,4.95,安全,二买,向上,无信号,客观缠论信号为二买，60分钟笔方向向上，中枢震荡，观望,4.88,4.91,4.99,-0.0071,-0.0068,否
2026-05-14 11:06:29,二卖,否,警戒,601288,农业银行,6.79,安全,二卖,向上,无信号,客观缠论信号为二卖，60分钟笔方向向上（冲顶模式），因此实际交易动作是二卖（笔方向向上时优先卖点）,6.53,6.53,6.85,0.0069,-0.0141,否
2026-05-14 11:06:29,二买,否,警戒,601728,中国电信,6.24,安全,二买,向下,无信号,客观缠论信号为二买，60分钟笔方向向下（寻底模式），因此实际交易动作是二买（笔方向向下时优先买点）,6.24,5.91,6.11,0.0236,0.0204,否
2026-05-14 11:06:29,二买,否,警戒,600276,恒瑞医药,54.60,安全,二买,向下,无信号,客观缠论信号为二买，60分钟笔方向向下（寻底模式），因此实际交易动作是二买（笔方向向下时优先买点）,52.67,55.00,54.43,-0.0860,0.1284,否
2026-05-14 11:06:29,二卖,否,警戒,600177,雅戈尔,7.70,安全,二卖+二买,向上,底背驰,客观缠论信号为二卖、二买，60分钟笔方向向上（冲顶模式），因此实际交易动作是二卖（笔方向向上时优先卖点）,7.50,7.63,7.70,-0.0207,-0.0178,否
2026-05-14 11:06:29,二卖,否,警戒,600887,伊利股份,27.60,安全,二卖+二买,向上,无信号,客观缠论信号为二卖、二买，60分钟笔方向向上（冲顶模式），因此实际交易动作是二卖（笔方向向上时优先卖点）,27.75,27.36,27.98,-0.0644,-0.0435,否
2026-05-14 11:06:29,二买,否,警戒,601138,工业富联,69.16,安全,二买,向下,无信号,客观缠论信号为二买，60分钟笔方向向下（寻底模式），因此实际交易动作是二买（笔方向向下时优先买点）,64.65,63.20,66.91,0.7303,1.1439,否
2026-05-14 11:06:29,一卖,否,警戒,688041,海光信息,331.01,安全,一卖+二买,向上,无信号,客观缠论信号为一卖、二买，60分钟笔方向向上（冲顶模式），因此实际交易动作是一卖（趋势顶背驰卖出）,246.00,320.01,355.50,-2.3668,-0.7019,否
2026-05-14 11:06:29,观望,否,警戒,688981,中芯国际,118.48,日线破位,无信号,向下,无信号,客观缠论信号为无信号，60分钟笔方向向下，中枢震荡，观望,120.87,120.05,124.57,-0.3974,-0.2370,否
2026-05-14 11:06:29,观望,否,警戒,601225,陕西煤业,23.36,安全,二卖,向下,无信号,客观缠论信号为二卖，60分钟笔方向向下，中枢震荡，观望,22.32,22.30,24.11,-0.0901,-0.0851,否
2026-05-14 11:06:29,二卖,否,警戒,600900,长江电力,26.88,安全,二卖+三买,向上,无信号,客观缠论信号为二卖、三买，60分钟笔方向向上（冲顶模式），因此实际交易动作是二卖（笔方向向上时优先卖点）,26.66,26.90,26.78,-0.0423,-0.0266,否
2026-05-14 11:06:29,二买,否,警戒,600660,福耀玻璃,56.73,日线破位,二买,向下,无信号,客观缠论信号为二买，60分钟笔方向向下（寻底模式），因此实际交易动作是二买（笔方向向下时优先买点）,56.86,56.88,58.18,-0.4448,-0.4852,否
2026-05-14 11:06:29,二卖,否,警戒,002507,涪陵榨菜,12.09,日线破位,二卖,向上,无信号,客观缠论信号为二卖，60分钟笔方向向上（冲顶模式），因此实际交易动作是二卖（笔方向向上时优先卖点）,12.23,12.28,12.40,-0.0595,-0.0482,否
2026-05-14 11:06:29,观望,否,警戒,000338,潍柴动力,34.96,安全,二卖,向下,无信号,客观缠论信号为二卖，60分钟笔方向向下，中枢震荡，观望,25.92,23.75,33.85,0.4858,0.4199,否
2026-05-14 11:06:29,观望,否,警戒,000538,云南白药,51.37,日线破位,二卖,向下,无信号,客观缠论信号为二卖，60分钟笔方向向下，中枢震荡，观望,55.40,54.40,52.89,-0.2117,-0.2055,否
2026-05-14 11:06:29,观望,否,警戒,000858,五粮液,88.11,日线破位,二卖,向下,无信号,客观缠论信号为二卖，60分钟笔方向向下，中枢震荡，观望,101.59,101.08,91.95,-0.5702,-0.5587,否
2026-05-14 11:06:29,观望,否,警戒,000423,东阿阿胶,53.02,安全,二卖,向下,无信号,客观缠论信号为二卖，60分钟笔方向向下，中枢震荡，观望,51.71,52.11,53.53,-0.0630,-0.1494,否
2026-05-14 11:06:29,二卖,否,警戒,000001,平安银行,11.09,安全,二卖,向上,无信号,客观缠论信号为二卖，60分钟笔方向向上（冲顶模式），因此实际交易动作是二卖（笔方向向上时优先卖点）,10.78,11.03,11.16,-0.0272,-0.0272,否
2026-05-14 11:06:29,二买,否,警戒,000651,格力电器,40.21,安全,二买,向下,无信号,客观缠论信号为二买，60分钟笔方向向下（寻底模式），因此实际交易动作是二买（笔方向向下时优先买点）,40.28,39.51,40.19,-0.0068,-0.0029,否
2026-05-14 11:06:29,二买,否,警戒,000895,双汇发展,26.80,安全,二卖+二买,向下,无信号,客观缠论信号为二卖、二买，60分钟笔方向向下（寻底模式），因此实际交易动作是二买（笔方向向下时优先买点）,26.11,26.51,27.43,-0.0266,-0.0560,否
2026-05-14 11:06:29,三买,否,警戒,002415,海康威视,33.98,安全,二卖+三买,向下,无信号,客观缠论信号为二卖、三买，60分钟笔方向向下（寻底模式），因此实际交易动作是三买（突破回踩买入）,31.96,33.30,33.87,-0.1728,-0.1759,否
2026-05-14 11:06:29,观望,否,警戒,hk03690,美团,87.70,安全,二买,向上,无信号,客观缠论信号为二买，60分钟笔方向向上，中枢震荡，观望,78.70,83.75,86.55,0.4119,0.5599,否
2026-05-14 11:06:29,二卖,否,警戒,hk03896,金山云,8.56,安全,二卖,向上,顶背驰,客观缠论信号为二卖，60分钟笔方向向上（冲顶模式），因此实际交易动作是二卖（笔方向向上时优先卖点）,7.86,7.80,9.10,0.1480,0.0976,否
2026-05-14 11:06:29,观望,否,警戒,hk00700,腾讯,469.20,日线破位,二卖,向下,顶背驰,客观缠论信号为二卖，60分钟笔方向向下，中枢震荡，观望,494.60,486.20,474.40,2.2952,1.3751,否
2026-05-14 11:06:29,二卖,否,警戒,hk09988,阿里巴巴,141.10,安全,二卖,向上,无信号,客观缠论信号为二卖，60分钟笔方向向上（冲顶模式），因此实际交易动作是二卖（笔方向向上时优先卖点）,129.60,126.70,134.20,1.9808,0.9028,否
2026-05-14 11:06:29,二卖,否,警戒,hk01024,快手,52.05,安全,二卖,向上,无信号,客观缠论信号为二卖，60分钟笔方向向上（冲顶模式），因此实际交易动作是二卖（笔方向向上时优先卖点）,56.95,44.22,51.85,-0.0324,-0.1278,否
2026-05-14 11:06:29,二买,否,警戒,hk06618,京东健康,48.70,安全,二卖+二买,向下,顶背驰,客观缠论信号为二卖、二买，60分钟笔方向向下（寻底模式），因此实际交易动作是二买（笔方向向下时优先买点）,48.50,46.10,46.88,0.4426,0.5027,否
2026-05-14 11:06:29,观望,否,警戒,hk06862,海底捞,14.94,安全,二买,向上,底背驰,客观缠论信号为二买，60分钟笔方向向上，中枢震荡，观望,14.62,14.16,15.05,-0.0326,-0.0258,否
2026-05-14 11:06:29,观望,否,警戒,000800,一汽解放,6.42,日线破位,无信号,向下,无信号,客观缠论信号为无信号，60分钟笔方向向下，中枢震荡，观望,6.63,6.46,6.64,-0.0280,-0.0262,否
2026-05-14 11:06:29,二卖,否,警戒,002312,川发龙蟒,10.44,安全,二卖,向上,无信号,客观缠论信号为二卖，60分钟笔方向向上（冲顶模式），因此实际交易动作是二卖（笔方向向上时优先卖点）,10.45,10.34,10.82,-0.0800,-0.0548,否
2026-05-14 11:06:29,二卖,否,警戒,300037,新宙邦,64.01,安全,二卖,向上,无信号,客观缠论信号为二卖，60分钟笔方向向上（冲顶模式），因此实际交易动作是二卖（笔方向向上时优先卖点）,52.91,60.88,63.69,-0.2336,-0.2308,否
2026-05-14 11:06:29,二卖,否,警戒,600536,中国软件,40.28,日线破位,二卖+二买,向上,无信号,客观缠论信号为二卖、二买，60分钟笔方向向上（冲顶模式），因此实际交易动作是二卖（笔方向向上时优先卖点）,43.80,40.30,41.97,-0.3446,-0.1966,否
2026-05-14 11:06:29,观望,否,警戒,600598,北大荒,16.65,安全,二买,向上,无信号,客观缠论信号为二买，60分钟笔方向向上，中枢震荡，观望,16.91,15.69,16.89,-0.0217,-0.0089,否
2026-05-14 11:06:29,二卖,否,警戒,600764,中国海防,23.59,日线破位,二卖+二买,向上,顶背驰,客观缠论信号为二卖、二买，60分钟笔方向向上（冲顶模式），因此实际交易动作是二卖（笔方向向上时优先卖点）,23.72,23.71,24.09,-0.1368,-0.0640,否
2026-05-14 11:06:29,二卖,否,警戒,603049,中策橡胶,47.64,安全,二卖,向上,无信号,客观缠论信号为二卖，60分钟笔方向向上（冲顶模式），因此实际交易动作是二卖（笔方向向上时优先卖点）,46.98,48.60,48.72,-0.2040,-0.1075,否
2026-05-14 11:06:29,二买,否,警戒,000739,普洛药业,17.54,安全,二买,向下,底背驰,客观缠论信号为二买，60分钟笔方向向下（寻底模式），因此实际交易动作是二买（笔方向向下时优先买点）,17.28,17.24,17.90,-0.1784,-0.1511,否
2026-05-14 11:06:29,二买,否,警戒,001391,国货航,5.48,安全,二买,向下,无信号,客观缠论信号为二买，60分钟笔方向向下（寻底模式），因此实际交易动作是二买（笔方向向下时优先买点）,5.22,5.28,5.32,0.0244,0.0079,否
2026-05-14 11:06:29,观望,否,警戒,002044,美年健康,6.09,安全,无信号,向下,无信号,客观缠论信号为无信号，60分钟笔方向向下，中枢震荡，观望,5.14,5.52,6.45,-0.0078,-0.0117,否
2026-05-14 11:06:29,二卖,否,警戒,300146,汤臣倍健,10.36,日线破位,二卖+二买,向上,无信号,客观缠论信号为二卖、二买，60分钟笔方向向上（冲顶模式），因此实际交易动作是二卖（笔方向向上时优先卖点）,10.71,10.73,10.59,-0.0474,-0.0330,否
2026-05-14 11:06:29,二卖,否,警戒,600547,山东黄金,33.91,日线破位,二卖,向上,无信号,客观缠论信号为二卖，60分钟笔方向向上（冲顶模式），因此实际交易动作是二卖（笔方向向上时优先卖点）,34.20,34.60,35.47,-0.2296,-0.1831,否
2026-05-14 11:06:29,观望,否,警戒,601628,中国人寿,36.05,日线破位,无信号,向下,无信号,客观缠论信号为无信号，60分钟笔方向向下，中枢震荡，观望,39.07,37.11,36.55,-0.2560,-0.2833,否
2026-05-14 11:06:29,二买,否,警戒,601696,中银证券,12.49,安全,二买,向下,无信号,客观缠论信号为二买，60分钟笔方向向下（寻底模式），因此实际交易动作是二买（笔方向向下时优先买点）,12.16,12.34,12.60,-0.0251,-0.0114,否
2026-05-14 11:06:29,观望,否,警戒,603529,爱玛科技,22.23,日线破位,无信号,向下,底背驰,客观缠论信号为无信号，60分钟笔方向向下，中枢震荡，观望,28.33,28.28,23.46,-0.1632,-0.1441,否

2026-05-14 11:21:30,观望,是,警戒,603317,天味食品,16.07,安全,二买,向上,无信号,客观缠论信号为二买，60分钟笔方向向上，中枢震荡，观望,12.56,12.98,16.31,0.0260,0.0443,否
2026-05-14 11:21:30,观望,是,警戒,600021,上海电力,17.69,安全,二买,向上,无信号,客观缠论信号为二买，60分钟笔方向向上，中枢震荡，观望,18.15,17.63,18.33,-0.0861,-0.0258,否
2026-05-14 11:21:30,二买,是,警戒,600895,张江高科,35.44,日线破位,一卖+二买,向下,无信号,客观缠论信号为一卖、二买，60分钟笔方向向下（寻底模式），因此实际交易动作是二买（笔方向向下时优先买点）,36.90,36.21,36.20,-0.4591,-0.3417,否
2026-05-14 11:21:30,二买,是,警戒,000333,美的集团,81.27,安全,二买,向下,无信号,客观缠论信号为二买，60分钟笔方向向下（寻底模式），因此实际交易动作是二买（笔方向向下时优先买点）,79.17,78.91,80.98,0.2854,0.1711,否
2026-05-14 11:21:30,观望,是,警戒,000429,粤高速A,13.18,安全,二买,向上,无信号,客观缠论信号为二买，60分钟笔方向向上，中枢震荡，观望,13.55,12.70,13.12,0.0350,0.0593,否
2026-05-14 11:21:30,观望,是,警戒,300418,昆仑万维,50.22,安全,无信号,向下,底背驰,客观缠论信号为无信号，60分钟笔方向向下，中枢震荡，观望,52.85,49.25,52.12,-0.5493,-0.2988,否
2026-05-14 11:21:30,二买,是,警戒,hk01810,小米集团,32.16,安全,二买,向下,无信号,客观缠论信号为二买，60分钟笔方向向下（寻底模式），因此实际交易动作是二买（笔方向向下时优先买点）,32.78,30.26,31.92,0.1803,0.1530,否
2026-05-14 11:21:30,二卖,是,警戒,513130,恒生科技ETF,0.64,安全,二卖,向上,无信号,客观缠论信号为二卖，60分钟笔方向向上（冲顶模式），因此实际交易动作是二卖（笔方向向上时优先卖点）,0.61,0.61,0.64,0.0017,0.0015,否
2026-05-14 11:21:30,一卖,否,警戒,sh000001,上证指数,4204.77,安全,一卖+二买,向上,无信号,客观缠论信号为一卖、二买，60分钟笔方向向上（冲顶模式），因此实际交易动作是一卖（趋势顶背驰卖出）,4101.83,4079.77,4092.83,1.4681,4.5707,否
2026-05-14 11:21:30,二买,否,警戒,510300,沪深300ETF,4.94,安全,二买,向下,无信号,客观缠论信号为二买，60分钟笔方向向下（寻底模式），因此实际交易动作是二买（笔方向向下时优先买点）,4.68,4.75,4.91,0.0006,0.0076,否
2026-05-14 11:21:30,二买,否,警戒,588000,科创50ETF,1.82,安全,二买,向下,无信号,客观缠论信号为二买，60分钟笔方向向下（寻底模式），因此实际交易动作是二买（笔方向向下时优先买点）,1.55,1.55,1.77,0.0084,0.0122,否
2026-05-14 11:21:30,二卖,否,警戒,512400,有色金属ETF,2.14,安全,二卖,向上,无信号,客观缠论信号为二卖，60分钟笔方向向上（冲顶模式），因此实际交易动作是二卖（笔方向向上时优先卖点）,2.10,2.17,2.19,-0.0122,-0.0059,否
2026-05-14 11:21:30,二卖,否,警戒,512690,酒ETF,0.46,日线破位,二卖,向上,无信号,客观缠论信号为二卖，60分钟笔方向向上（冲顶模式），因此实际交易动作是二卖（笔方向向上时优先卖点）,0.48,0.48,0.48,-0.0019,-0.0020,否
2026-05-14 11:21:30,二买,否,警戒,159227,航空航天ETF,1.33,安全,二买,向下,无信号,客观缠论信号为二买，60分钟笔方向向下（寻底模式），因此实际交易动作是二买（笔方向向下时优先买点）,1.43,1.30,1.37,-0.0082,-0.0041,否
2026-05-14 11:21:30,二卖,否,警戒,159992,创新药ETF,0.81,日线破位,一卖+二卖+二买,向上,无信号,客观缠论信号为一卖、二卖、二买，60分钟笔方向向上（冲顶模式），因此实际交易动作是二卖（笔方向向上时优先卖点）,0.83,0.83,0.83,-0.0055,-0.0040,否
2026-05-14 11:21:30,观望,否,警戒,515050,通信ETF,1.13,安全,无信号,向下,无信号,客观缠论信号为无信号，60分钟笔方向向下，中枢震荡，观望,1.08,1.48,2.40,-0.3212,-0.3960,否
2026-05-14 11:21:30,二买,否,警戒,159915,创业板ETF,3.96,安全,二买,向下,无信号,客观缠论信号为二买，60分钟笔方向向下（寻底模式），因此实际交易动作是二买（笔方向向下时优先买点）,3.25,3.27,3.82,0.0121,0.0211,否
2026-05-14 11:21:30,观望,否,警戒,588200,科创芯片ETF,3.49,安全,无信号,向上,无信号,客观缠论信号为无信号，60分钟笔方向向上，中枢震荡，观望,2.41,2.65,3.34,0.0230,0.0300,否
2026-05-14 11:21:30,二卖,否,警戒,159755,电池ETF,1.18,安全,二卖,向上,无信号,客观缠论信号为二卖，60分钟笔方向向上（冲顶模式），因此实际交易动作是二卖（笔方向向上时优先卖点）,1.03,1.17,1.22,-0.0042,-0.0029,否
2026-05-14 11:21:30,观望,否,警戒,159899,软件ETF,0.85,日线破位,无信号,向下,无信号,客观缠论信号为无信号，60分钟笔方向向下，中枢震荡，观望,0.87,0.85,0.87,-0.0047,-0.0025,否
2026-05-14 11:21:30,观望,否,警戒,513360,教育ETF,0.49,安全,无信号,向下,无信号,客观缠论信号为无信号，60分钟笔方向向下，中枢震荡，观望,0.49,0.50,0.50,-0.0008,-0.0006,否
2026-05-14 11:21:30,二买,否,警戒,515790,光伏ETF,1.14,安全,二买,向下,无信号,客观缠论信号为二买，60分钟笔方向向下（寻底模式），因此实际交易动作是二买（笔方向向下时优先买点）,1.08,1.10,1.09,0.0037,0.0055,否
2026-05-14 11:21:30,二卖,否,警戒,600938,中国海油,36.06,安全,二卖,向上,无信号,客观缠论信号为二卖，60分钟笔方向向上（冲顶模式），因此实际交易动作是二卖（笔方向向上时优先卖点）,34.06,35.29,37.85,-0.0632,-0.0586,否
2026-05-14 11:21:30,观望,否,警戒,601668,中国建筑,4.94,安全,二买,向上,无信号,客观缠论信号为二买，60分钟笔方向向上，中枢震荡，观望,4.88,4.91,4.99,-0.0079,-0.0071,否
2026-05-14 11:21:30,二卖,否,警戒,601288,农业银行,6.81,安全,二卖,向上,无信号,客观缠论信号为二卖，60分钟笔方向向上（冲顶模式），因此实际交易动作是二卖（笔方向向上时优先卖点）,6.53,6.53,6.85,0.0122,-0.0088,否
2026-05-14 11:21:30,二买,否,警戒,601728,中国电信,6.22,安全,二买,向下,无信号,客观缠论信号为二买，60分钟笔方向向下（寻底模式），因此实际交易动作是二买（笔方向向下时优先买点）,6.24,5.91,6.11,0.0233,0.0209,否
2026-05-14 11:21:30,二买,否,警戒,600276,恒瑞医药,54.37,安全,二买,向下,无信号,客观缠论信号为二买，60分钟笔方向向下（寻底模式），因此实际交易动作是二买（笔方向向下时优先买点）,52.67,55.00,54.43,-0.1482,0.0730,否
2026-05-14 11:21:30,二卖,否,警戒,600177,雅戈尔,7.70,安全,二卖+二买,向上,底背驰,客观缠论信号为二卖、二买，60分钟笔方向向上（冲顶模式），因此实际交易动作是二卖（笔方向向上时优先卖点）,7.50,7.63,7.70,-0.0195,-0.0181,否
2026-05-14 11:21:30,二卖,否,警戒,600887,伊利股份,27.61,安全,二卖+二买,向上,无信号,客观缠论信号为二卖、二买，60分钟笔方向向上（冲顶模式），因此实际交易动作是二卖（笔方向向上时优先卖点）,27.75,27.36,27.98,-0.0696,-0.0487,否
2026-05-14 11:21:30,二买,否,警戒,601138,工业富联,68.22,安全,二买,向下,无信号,客观缠论信号为二买，60分钟笔方向向下（寻底模式），因此实际交易动作是二买（笔方向向下时优先买点）,64.65,63.20,66.91,0.5631,1.0278,否
2026-05-14 11:21:30,一卖,否,警戒,688041,海光信息,326.76,安全,一卖+二买,向上,无信号,客观缠论信号为一卖、二买，60分钟笔方向向上（冲顶模式），因此实际交易动作是一卖（趋势顶背驰卖出）,246.00,320.01,355.50,-3.1036,-1.1822,否
2026-05-14 11:21:30,观望,否,警戒,688981,中芯国际,117.32,日线破位,无信号,向下,无信号,客观缠论信号为无信号，60分钟笔方向向下，中枢震荡，观望,120.87,120.05,124.57,-0.5552,-0.3007,否
2026-05-14 11:21:30,观望,否,警戒,601225,陕西煤业,23.41,安全,二卖,向下,底背驰,客观缠论信号为二卖，60分钟笔方向向下，中枢震荡，观望,22.32,22.30,24.11,-0.0908,-0.0862,否
2026-05-14 11:21:30,二卖,否,警戒,600900,长江电力,26.87,安全,二卖+三买,向上,无信号,客观缠论信号为二卖、三买，60分钟笔方向向上（冲顶模式），因此实际交易动作是二卖（笔方向向上时优先卖点）,26.66,26.90,26.78,-0.0463,-0.0305,否
2026-05-14 11:21:30,二买,否,警戒,600660,福耀玻璃,56.70,日线破位,二买,向下,无信号,客观缠论信号为二买，60分钟笔方向向下（寻底模式），因此实际交易动作是二买（笔方向向下时优先买点）,56.86,56.88,58.18,-0.4410,-0.4764,否
2026-05-14 11:21:30,二卖,否,警戒,002507,涪陵榨菜,12.09,日线破位,二卖,向上,无信号,客观缠论信号为二卖，60分钟笔方向向上（冲顶模式），因此实际交易动作是二卖（笔方向向上时优先卖点）,12.23,12.28,12.40,-0.0605,-0.0507,否
2026-05-14 11:21:30,观望,否,警戒,000338,潍柴动力,34.85,安全,二卖,向下,无信号,客观缠论信号为二卖，60分钟笔方向向下，中枢震荡，观望,25.92,23.75,33.85,0.4629,0.4285,否
2026-05-14 11:21:30,观望,否,警戒,000538,云南白药,51.38,日线破位,二卖,向下,无信号,客观缠论信号为二卖，60分钟笔方向向下，中枢震荡，观望,55.40,54.40,52.89,-0.2103,-0.2064,否
2026-05-14 11:21:30,观望,否,警戒,000858,五粮液,88.04,日线破位,二卖,向下,无信号,客观缠论信号为二卖，60分钟笔方向向下，中枢震荡，观望,101.59,101.08,91.95,-0.5709,-0.5611,否
2026-05-14 11:21:30,观望,否,警戒,000423,东阿阿胶,53.28,安全,二卖,向下,无信号,客观缠论信号为二卖，60分钟笔方向向下，中枢震荡，观望,51.71,52.11,53.53,-0.0261,-0.1248,否
2026-05-14 11:21:30,二卖,否,警戒,000001,平安银行,11.09,安全,二卖,向上,无信号,客观缠论信号为二卖，60分钟笔方向向上（冲顶模式），因此实际交易动作是二卖（笔方向向上时优先卖点）,10.78,11.03,11.16,-0.0284,-0.0275,否
2026-05-14 11:21:30,二买,否,警戒,000651,格力电器,40.20,安全,二买,向下,无信号,客观缠论信号为二买，60分钟笔方向向下（寻底模式），因此实际交易动作是二买（笔方向向下时优先买点）,40.28,39.51,40.19,-0.0150,-0.0053,否
2026-05-14 11:21:30,二买,否,警戒,000895,双汇发展,26.87,安全,二卖+二买,向下,无信号,客观缠论信号为二卖、二买，60分钟笔方向向下（寻底模式），因此实际交易动作是二买（笔方向向下时优先买点）,26.11,26.51,27.43,-0.0131,-0.0474,否
2026-05-14 11:21:30,二卖,否,警戒,002415,海康威视,33.90,安全,二卖,向上,无信号,客观缠论信号为二卖，60分钟笔方向向上（冲顶模式），因此实际交易动作是二卖（笔方向向上时优先卖点）,31.96,33.30,33.87,-0.1817,-0.1771,否
2026-05-14 11:21:30,观望,否,警戒,hk03690,美团,87.25,安全,二买,向上,无信号,客观缠论信号为二买，60分钟笔方向向上，中枢震荡，观望,78.70,83.75,86.55,0.3335,0.5146,否
2026-05-14 11:21:30,二卖,否,警戒,hk03896,金山云,8.56,安全,二卖,向上,顶背驰,客观缠论信号为二卖，60分钟笔方向向上（冲顶模式），因此实际交易动作是二卖（笔方向向上时优先卖点）,7.86,7.80,9.10,0.1480,0.0976,否
2026-05-14 11:21:30,观望,否,警戒,hk00700,腾讯,469.20,日线破位,二卖,向下,顶背驰,客观缠论信号为二卖，60分钟笔方向向下，中枢震荡，观望,494.60,486.20,474.40,2.2952,1.3751,否
2026-05-14 11:21:30,二卖,否,警戒,hk09988,阿里巴巴,141.10,安全,二卖,向上,无信号,客观缠论信号为二卖，60分钟笔方向向上（冲顶模式），因此实际交易动作是二卖（笔方向向上时优先卖点）,129.60,126.70,134.20,1.9808,0.9028,否
2026-05-14 11:21:30,二卖,否,警戒,hk01024,快手,52.05,安全,二卖,向上,无信号,客观缠论信号为二卖，60分钟笔方向向上（冲顶模式），因此实际交易动作是二卖（笔方向向上时优先卖点）,56.95,44.22,51.85,-0.0324,-0.1278,否
2026-05-14 11:21:30,二买,否,警戒,hk06618,京东健康,48.70,安全,二卖+二买,向下,顶背驰,客观缠论信号为二卖、二买，60分钟笔方向向下（寻底模式），因此实际交易动作是二买（笔方向向下时优先买点）,48.50,46.10,46.88,0.4426,0.5027,否
2026-05-14 11:21:30,观望,否,警戒,hk06862,海底捞,14.94,安全,二买,向上,底背驰,客观缠论信号为二买，60分钟笔方向向上，中枢震荡，观望,14.62,14.16,15.05,-0.0326,-0.0258,否
2026-05-14 11:21:30,观望,否,警戒,000800,一汽解放,6.41,日线破位,无信号,向下,无信号,客观缠论信号为无信号，60分钟笔方向向下，中枢震荡，观望,6.63,6.46,6.64,-0.0288,-0.0267,否
2026-05-14 11:21:30,二卖,否,警戒,002312,川发龙蟒,10.42,安全,二卖,向上,无信号,客观缠论信号为二卖，60分钟笔方向向上（冲顶模式），因此实际交易动作是二卖（笔方向向上时优先卖点）,10.45,10.34,10.82,-0.0877,-0.0614,否
2026-05-14 11:21:30,二卖,否,警戒,300037,新宙邦,63.66,安全,二卖,向上,无信号,客观缠论信号为二卖，60分钟笔方向向上（冲顶模式），因此实际交易动作是二卖（笔方向向上时优先卖点）,52.91,60.88,63.69,-0.2629,-0.2373,否
2026-05-14 11:21:30,二卖,否,警戒,600536,中国软件,40.05,日线破位,二卖+二买,向上,无信号,客观缠论信号为二卖、二买，60分钟笔方向向上（冲顶模式），因此实际交易动作是二卖（笔方向向上时优先卖点）,43.80,40.30,41.97,-0.3839,-0.2340,否
2026-05-14 11:21:30,观望,否,警戒,600598,北大荒,16.60,安全,二买,向上,无信号,客观缠论信号为二买，60分钟笔方向向上，中枢震荡，观望,16.91,15.69,16.89,-0.0310,-0.0133,否
2026-05-14 11:21:30,二卖,否,警戒,600764,中国海防,23.51,日线破位,二卖+二买,向上,顶背驰,客观缠论信号为二卖、二买，60分钟笔方向向上（冲顶模式），因此实际交易动作是二卖（笔方向向上时优先卖点）,23.72,23.71,24.09,-0.1554,-0.0823,否
2026-05-14 11:21:30,二卖,否,警戒,603049,中策橡胶,47.42,安全,二卖,向上,无信号,客观缠论信号为二卖，60分钟笔方向向上（冲顶模式），因此实际交易动作是二卖（笔方向向上时优先卖点）,46.98,48.60,48.72,-0.2369,-0.1334,否
2026-05-14 11:21:30,二卖,否,警戒,000739,普洛药业,17.51,安全,二卖+二买,向上,底背驰,客观缠论信号为二卖、二买，60分钟笔方向向上（冲顶模式），因此实际交易动作是二卖（笔方向向上时优先卖点）,17.28,17.24,17.90,-0.1848,-0.1579,否
2026-05-14 11:21:30,二买,否,警戒,001391,国货航,5.47,安全,二买,向下,无信号,客观缠论信号为二买，60分钟笔方向向下（寻底模式），因此实际交易动作是二买（笔方向向下时优先买点）,5.22,5.28,5.36,0.0331,0.0129,否
2026-05-14 11:21:30,二卖,否,警戒,002044,美年健康,6.07,安全,二卖,向上,无信号,客观缠论信号为二卖，60分钟笔方向向上（冲顶模式），因此实际交易动作是二卖（笔方向向上时优先卖点）,5.14,5.52,6.38,-0.0085,-0.0111,否
2026-05-14 11:21:30,二卖,否,警戒,300146,汤臣倍健,10.35,日线破位,二卖+二买,向上,无信号,客观缠论信号为二卖、二买，60分钟笔方向向上（冲顶模式），因此实际交易动作是二卖（笔方向向上时优先卖点）,10.71,10.73,10.59,-0.0508,-0.0366,否
2026-05-14 11:21:30,二卖,否,警戒,600547,山东黄金,33.75,日线破位,二卖,向上,无信号,客观缠论信号为二卖，60分钟笔方向向上（冲顶模式），因此实际交易动作是二卖（笔方向向上时优先卖点）,34.20,34.60,35.47,-0.2571,-0.1979,否
2026-05-14 11:21:30,二卖,否,警戒,601628,中国人寿,35.95,日线破位,二卖,向上,无信号,客观缠论信号为二卖，60分钟笔方向向上（冲顶模式），因此实际交易动作是二卖（笔方向向上时优先卖点）,39.07,37.11,36.55,-0.2627,-0.2792,否
2026-05-14 11:21:30,二卖,否,警戒,601696,中银证券,12.44,安全,二卖+二买,向上,无信号,客观缠论信号为二卖、二买，60分钟笔方向向上（冲顶模式），因此实际交易动作是二卖（笔方向向上时优先卖点）,12.16,12.34,12.60,-0.0335,-0.0158,否
2026-05-14 11:21:30,观望,否,警戒,603529,爱玛科技,22.20,日线破位,无信号,向下,无信号,客观缠论信号为无信号，60分钟笔方向向下，中枢震荡，观望,28.33,28.28,23.46,-0.1648,-0.1482,否

2026-05-14 13:21:29,观望,是,警戒,603317,天味食品,16.11,安全,二买,向上,无信号,客观缠论信号为二买，60分钟笔方向向上，中枢震荡，观望,12.56,12.98,16.31,0.0143,0.0343,否
2026-05-14 13:21:29,观望,是,警戒,600021,上海电力,17.71,安全,二买,向上,无信号,客观缠论信号为二买，60分钟笔方向向上，中枢震荡，观望,18.15,17.63,17.98,-0.1052,-0.0529,否
2026-05-14 13:21:29,二卖,是,警戒,600895,张江高科,36.04,日线破位,二卖+二买,向上,无信号,客观缠论信号为二卖、二买，60分钟笔方向向上（冲顶模式），因此实际交易动作是二卖（笔方向向上时优先卖点）,36.90,36.21,36.20,-0.4477,-0.3851,否
2026-05-14 13:21:29,二买,是,警戒,000333,美的集团,81.83,安全,二买,向下,无信号,客观缠论信号为二买，60分钟笔方向向下（寻底模式），因此实际交易动作是二买（笔方向向下时优先买点）,79.17,78.91,80.98,0.3270,0.2208,否
2026-05-14 13:21:29,观望,是,警戒,000429,粤高速A,13.09,安全,二买,向上,无信号,客观缠论信号为二买，60分钟笔方向向上，中枢震荡，观望,13.55,12.70,13.12,0.0180,0.0461,否
2026-05-14 13:21:29,二卖,是,警戒,300418,昆仑万维,50.18,安全,二卖,向上,底背驰,客观缠论信号为二卖，60分钟笔方向向上（冲顶模式），因此实际交易动作是二卖（笔方向向上时优先卖点）,52.85,49.25,52.12,-0.6447,-0.4166,否
2026-05-14 13:21:29,二买,是,警戒,hk01810,小米集团,32.16,安全,二买,向下,无信号,客观缠论信号为二买，60分钟笔方向向下（寻底模式），因此实际交易动作是二买（笔方向向下时优先买点）,32.78,30.26,32.44,0.1803,0.1530,否
2026-05-14 13:21:29,二卖,是,警戒,513130,恒生科技ETF,0.64,安全,二卖,向上,无信号,客观缠论信号为二卖，60分钟笔方向向上（冲顶模式），因此实际交易动作是二卖（笔方向向上时优先卖点）,0.61,0.61,0.64,0.0014,0.0015,否
2026-05-14 13:21:29,一卖,否,警戒,sh000001,上证指数,4199.19,安全,一卖+二买,向上,无信号,客观缠论信号为一卖、二买，60分钟笔方向向上（冲顶模式），因此实际交易动作是一卖（趋势顶背驰卖出）,4101.83,4079.77,4092.83,-3.4617,1.3026,否
2026-05-14 13:21:29,观望,否,警戒,510300,沪深300ETF,4.97,安全,二买,向上,无信号,客观缠论信号为二买，60分钟笔方向向上，中枢震荡，观望,4.68,4.75,4.99,-0.0017,0.0042,否
2026-05-14 13:21:29,观望,否,警戒,588000,科创50ETF,1.85,安全,二买,向上,无信号,客观缠论信号为二买，60分钟笔方向向上，中枢震荡，观望,1.55,1.55,1.82,0.0076,0.0105,否
2026-05-14 13:21:29,二卖,否,警戒,512400,有色金属ETF,2.17,安全,二卖,向上,无信号,客观缠论信号为二卖，60分钟笔方向向上（冲顶模式），因此实际交易动作是二卖（笔方向向上时优先卖点）,2.10,2.17,2.15,-0.0124,-0.0083,否
2026-05-14 13:21:29,二卖,否,警戒,512690,酒ETF,0.46,日线破位,二卖,向上,无信号,客观缠论信号为二卖，60分钟笔方向向上（冲顶模式），因此实际交易动作是二卖（笔方向向上时优先卖点）,0.48,0.48,0.48,-0.0019,-0.0020,否
2026-05-14 13:21:29,二买,否,警戒,159227,航空航天ETF,1.33,安全,二买,向下,无信号,客观缠论信号为二买，60分钟笔方向向下（寻底模式），因此实际交易动作是二买（笔方向向下时优先买点）,1.43,1.30,1.37,-0.0091,-0.0058,否
2026-05-14 13:21:29,二卖,否,警戒,159992,创新药ETF,0.81,日线破位,一卖+二卖+二买,向上,无信号,客观缠论信号为一卖、二卖、二买，60分钟笔方向向上（冲顶模式），因此实际交易动作是二卖（笔方向向上时优先卖点）,0.83,0.83,0.83,-0.0057,-0.0046,否
2026-05-14 13:21:29,二卖,否,警戒,515050,通信ETF,1.14,安全,二卖,向上,无信号,客观缠论信号为二卖，60分钟笔方向向上（冲顶模式），因此实际交易动作是二卖（笔方向向上时优先卖点）,1.08,1.48,2.40,-0.2827,-0.3583,否
2026-05-14 13:21:29,观望,否,警戒,159915,创业板ETF,4.00,安全,二买,向上,无信号,客观缠论信号为二买，60分钟笔方向向上，中枢震荡，观望,3.25,3.27,3.97,0.0093,0.0168,否
2026-05-14 13:21:29,一卖,否,警戒,588200,科创芯片ETF,3.55,安全,一卖,向上,无信号,客观缠论信号为一卖，60分钟笔方向向上（冲顶模式），因此实际交易动作是一卖（趋势顶背驰卖出）,2.41,2.65,3.34,0.0211,0.0267,否
2026-05-14 13:21:29,二卖,否,警戒,159755,电池ETF,1.20,安全,二卖,向上,无信号,客观缠论信号为二卖，60分钟笔方向向上（冲顶模式），因此实际交易动作是二卖（笔方向向上时优先卖点）,1.03,1.17,1.22,-0.0038,-0.0034,否
2026-05-14 13:21:29,二卖,否,警戒,159899,软件ETF,0.85,安全,二卖,向上,无信号,客观缠论信号为二卖，60分钟笔方向向上（冲顶模式），因此实际交易动作是二卖（笔方向向上时优先卖点）,0.87,0.85,0.89,-0.0053,-0.0035,否
2026-05-14 13:21:29,二卖,否,警戒,513360,教育ETF,0.49,安全,二卖,向上,无信号,客观缠论信号为二卖，60分钟笔方向向上（冲顶模式），因此实际交易动作是二卖（笔方向向上时优先卖点）,0.49,0.50,0.50,-0.0009,-0.0007,否
2026-05-14 13:21:29,观望,否,警戒,515790,光伏ETF,1.15,安全,二买,向上,无信号,客观缠论信号为二买，60分钟笔方向向上，中枢震荡，观望,1.08,1.10,1.13,0.0035,0.0047,否
2026-05-14 13:21:29,观望,否,警戒,600938,中国海油,36.10,安全,二卖,向下,无信号,客观缠论信号为二卖，60分钟笔方向向下，中枢震荡，观望,34.06,35.29,36.45,-0.0604,-0.0599,否
2026-05-14 13:21:29,观望,否,警戒,601668,中国建筑,4.96,安全,二买,向上,无信号,客观缠论信号为二买，60分钟笔方向向上，中枢震荡，观望,4.88,4.91,4.99,-0.0060,-0.0068,否
2026-05-14 13:21:29,观望,否,警戒,601288,农业银行,6.78,安全,二卖,向下,无信号,客观缠论信号为二卖，60分钟笔方向向下，中枢震荡，观望,6.53,6.53,6.85,0.0163,0.0001,否
2026-05-14 13:21:29,二买,否,警戒,601728,中国电信,6.27,安全,二买,向下,无信号,客观缠论信号为二买，60分钟笔方向向下（寻底模式），因此实际交易动作是二买（笔方向向下时优先买点）,6.24,5.91,6.11,0.0260,0.0222,否
2026-05-14 13:21:29,观望,否,警戒,600276,恒瑞医药,54.84,安全,二买,向上,无信号,客观缠论信号为二买，60分钟笔方向向上，中枢震荡，观望,52.67,55.00,54.43,-0.1747,-0.0157,否
2026-05-14 13:21:29,二卖,否,警戒,600177,雅戈尔,7.68,安全,二卖+二买,向上,无信号,客观缠论信号为二卖、二买，60分钟笔方向向上（冲顶模式），因此实际交易动作是二卖（笔方向向上时优先卖点）,7.50,7.63,7.77,-0.0181,-0.0180,否
2026-05-14 13:21:29,二卖,否,警戒,600887,伊利股份,27.70,安全,二卖+二买,向上,底背驰,客观缠论信号为二卖、二买，60分钟笔方向向上（冲顶模式），因此实际交易动作是二卖（笔方向向上时优先卖点）,27.75,27.36,27.98,-0.0656,-0.0556,否
2026-05-14 13:21:29,观望,否,警戒,601138,工业富联,68.37,安全,二买,向上,无信号,客观缠论信号为二买，60分钟笔方向向上，中枢震荡，观望,64.65,63.20,66.91,0.3296,0.7927,否
2026-05-14 13:21:29,一卖,否,警戒,688041,海光信息,331.10,安全,一卖+二买,向上,底背驰,客观缠论信号为一卖、二买，60分钟笔方向向上（冲顶模式），因此实际交易动作是一卖（趋势顶背驰卖出）,246.00,320.01,355.50,-3.4526,-1.9828,否
2026-05-14 13:21:29,二卖,否,警戒,688981,中芯国际,118.72,日线破位,二卖,向上,无信号,客观缠论信号为二卖，60分钟笔方向向上（冲顶模式），因此实际交易动作是二卖（笔方向向上时优先卖点）,120.87,120.05,124.04,-0.5941,-0.4083,否
2026-05-14 13:21:29,观望,否,警戒,601225,陕西煤业,23.54,安全,二卖,向下,底背驰,客观缠论信号为二卖，60分钟笔方向向下，中枢震荡，观望,22.32,22.30,24.11,-0.0767,-0.0846,否
2026-05-14 13:21:29,二卖,否,警戒,600900,长江电力,26.90,安全,二卖+三买,向上,无信号,客观缠论信号为二卖、三买，60分钟笔方向向上（冲顶模式），因此实际交易动作是二卖（笔方向向上时优先卖点）,26.66,26.90,26.78,-0.0474,-0.0367,否
2026-05-14 13:21:29,二买,否,警戒,600660,福耀玻璃,56.82,日线破位,二买,向下,无信号,客观缠论信号为二买，60分钟笔方向向下（寻底模式），因此实际交易动作是二买（笔方向向下时优先买点）,56.86,56.88,58.18,-0.4079,-0.4548,否
2026-05-14 13:21:29,二卖,否,警戒,002507,涪陵榨菜,12.08,日线破位,二卖,向上,无信号,客观缠论信号为二卖，60分钟笔方向向上（冲顶模式），因此实际交易动作是二卖（笔方向向上时优先卖点）,12.23,12.28,12.40,-0.0607,-0.0543,否
2026-05-14 13:21:29,一卖,否,警戒,000338,潍柴动力,34.58,安全,一卖,向上,无信号,客观缠论信号为一卖，60分钟笔方向向上（冲顶模式），因此实际交易动作是一卖（趋势顶背驰卖出）,25.92,23.75,33.85,0.3968,0.4243,否
2026-05-14 13:21:29,观望,否,警戒,000538,云南白药,51.50,日线破位,二卖,向下,底背驰,客观缠论信号为二卖，60分钟笔方向向下，中枢震荡，观望,55.40,54.40,52.89,-0.1901,-0.2028,否
2026-05-14 13:21:29,二卖,否,警戒,000858,五粮液,88.06,日线破位,二卖,向上,底背驰,客观缠论信号为二卖，60分钟笔方向向上（冲顶模式），因此实际交易动作是二卖（笔方向向上时优先卖点）,101.59,101.08,91.95,-0.5548,-0.5610,否
2026-05-14 13:21:29,观望,否,警戒,000423,东阿阿胶,53.30,安全,二卖,向下,无信号,客观缠论信号为二卖，60分钟笔方向向下，中枢震荡，观望,51.71,52.11,53.53,0.0257,-0.0746,否
2026-05-14 13:21:29,二卖,否,警戒,000001,平安银行,11.10,安全,二卖,向上,底背驰,客观缠论信号为二卖，60分钟笔方向向上（冲顶模式），因此实际交易动作是二卖（笔方向向上时优先卖点）,10.78,11.03,11.16,-0.0279,-0.0277,否
2026-05-14 13:21:29,二卖,否,警戒,000651,格力电器,40.36,安全,二卖+二买,向上,无信号,客观缠论信号为二卖、二买，60分钟笔方向向上（冲顶模式），因此实际交易动作是二卖（笔方向向上时优先卖点）,40.28,39.51,40.57,-0.0118,-0.0089,否
2026-05-14 13:21:29,二买,否,警戒,000895,双汇发展,26.79,安全,二卖+二买,向下,无信号,客观缠论信号为二卖、二买，60分钟笔方向向下（寻底模式），因此实际交易动作是二买（笔方向向下时优先买点）,26.11,26.51,27.43,0.0002,-0.0306,否
2026-05-14 13:21:29,二卖,否,警戒,002415,海康威视,33.72,安全,二卖,向上,无信号,客观缠论信号为二卖，60分钟笔方向向上（冲顶模式），因此实际交易动作是二卖（笔方向向上时优先卖点）,31.96,33.30,33.87,-0.2076,-0.1857,否
2026-05-14 13:21:29,观望,否,警戒,hk03690,美团,86.85,安全,二买,向上,无信号,客观缠论信号为二买，60分钟笔方向向上，中枢震荡，观望,78.70,83.75,86.55,0.0107,0.2686,否
2026-05-14 13:21:29,二卖,否,警戒,hk03896,金山云,8.53,安全,二卖,向上,无信号,客观缠论信号为二卖，60分钟笔方向向上（冲顶模式），因此实际交易动作是二卖（笔方向向上时优先卖点）,7.86,7.80,9.10,0.1185,0.1188,否
2026-05-14 13:21:29,观望,否,警戒,hk00700,腾讯,469.20,日线破位,无信号,向上,顶背驰,客观缠论信号为无信号，60分钟笔方向向上，中枢震荡，观望,494.60,486.20,469.00,2.2952,1.3751,否
2026-05-14 13:21:29,二卖,否,警戒,hk09988,阿里巴巴,141.10,安全,二卖,向上,无信号,客观缠论信号为二卖，60分钟笔方向向上（冲顶模式），因此实际交易动作是二卖（笔方向向上时优先卖点）,129.60,126.70,134.20,1.9808,0.9028,否
2026-05-14 13:21:29,二卖,否,警戒,hk01024,快手,52.05,安全,二卖,向上,无信号,客观缠论信号为二卖，60分钟笔方向向上（冲顶模式），因此实际交易动作是二卖（笔方向向上时优先卖点）,56.95,44.22,51.85,-0.0324,-0.1278,否
2026-05-14 13:21:29,二买,否,警戒,hk06618,京东健康,48.70,安全,二卖+二买,向下,顶背驰,客观缠论信号为二卖、二买，60分钟笔方向向下（寻底模式），因此实际交易动作是二买（笔方向向下时优先买点）,48.50,46.10,46.88,0.4426,0.5027,否
2026-05-14 13:21:29,观望,否,警戒,hk06862,海底捞,14.85,安全,二买,向上,底背驰,客观缠论信号为二买，60分钟笔方向向上，中枢震荡，观望,14.62,14.16,15.05,-0.0502,-0.0388,否
2026-05-14 13:21:29,二卖,否,警戒,000800,一汽解放,6.41,日线破位,二卖,向上,无信号,客观缠论信号为二卖，60分钟笔方向向上（冲顶模式），因此实际交易动作是二卖（笔方向向上时优先卖点）,6.63,6.46,6.64,-0.0290,-0.0275,否
2026-05-14 13:21:29,二卖,否,警戒,002312,川发龙蟒,10.45,安全,二卖,向上,无信号,客观缠论信号为二卖，60分钟笔方向向上（冲顶模式），因此实际交易动作是二卖（笔方向向上时优先卖点）,10.45,10.34,10.82,-0.0907,-0.0717,否
2026-05-14 13:21:29,二卖,否,警戒,300037,新宙邦,64.03,安全,二卖,向上,无信号,客观缠论信号为二卖，60分钟笔方向向上（冲顶模式），因此实际交易动作是二卖（笔方向向上时优先卖点）,52.91,60.88,63.69,-0.2664,-0.2505,否
2026-05-14 13:21:29,二卖,否,警戒,600536,中国软件,40.11,日线破位,二卖+二买,向上,无信号,客观缠论信号为二卖、二买，60分钟笔方向向上（冲顶模式），因此实际交易动作是二卖（笔方向向上时优先卖点）,43.80,40.30,41.97,-0.4173,-0.2980,否
2026-05-14 13:21:29,观望,否,警戒,600598,北大荒,16.59,安全,二买,向上,无信号,客观缠论信号为二买，60分钟笔方向向上，中枢震荡，观望,16.91,15.69,16.89,-0.0462,-0.0243,否
2026-05-14 13:21:29,二卖,否,警戒,600764,中国海防,23.55,日线破位,二卖+二买,向上,顶背驰,客观缠论信号为二卖、二买，60分钟笔方向向上（冲顶模式），因此实际交易动作是二卖（笔方向向上时优先卖点）,23.72,23.71,24.09,-0.1724,-0.1139,否
2026-05-14 13:21:29,二卖,否,警戒,603049,中策橡胶,47.52,安全,二卖,向上,无信号,客观缠论信号为二卖，60分钟笔方向向上（冲顶模式），因此实际交易动作是二卖（笔方向向上时优先卖点）,46.98,48.60,48.72,-0.2658,-0.1799,否
2026-05-14 13:21:29,二卖,否,警戒,000739,普洛药业,17.49,安全,二卖+二买,向上,底背驰,客观缠论信号为二卖、二买，60分钟笔方向向上（冲顶模式），因此实际交易动作是二卖（笔方向向上时优先卖点）,17.28,17.24,17.90,-0.1881,-0.1684,否
2026-05-14 13:21:29,二买,否,警戒,001391,国货航,5.54,安全,二买,向下,无信号,客观缠论信号为二买，60分钟笔方向向下（寻底模式），因此实际交易动作是二买（笔方向向下时优先买点）,5.22,5.28,5.36,0.0566,0.0273,否
2026-05-14 13:21:29,二卖,否,警戒,002044,美年健康,6.11,安全,二卖,向上,无信号,客观缠论信号为二卖，60分钟笔方向向上（冲顶模式），因此实际交易动作是二卖（笔方向向上时优先卖点）,5.14,5.52,6.38,-0.0019,-0.0080,否
2026-05-14 13:21:29,二卖,否,警戒,300146,汤臣倍健,10.35,日线破位,二卖+二买,向上,无信号,客观缠论信号为二卖、二买，60分钟笔方向向上（冲顶模式），因此实际交易动作是二卖（笔方向向上时优先卖点）,10.71,10.73,10.59,-0.0545,-0.0429,否
2026-05-14 13:21:29,二卖,否,警戒,600547,山东黄金,34.03,日线破位,二卖,向上,无信号,客观缠论信号为二卖，60分钟笔方向向上（冲顶模式），因此实际交易动作是二卖（笔方向向上时优先卖点）,34.20,34.60,35.47,-0.2599,-0.2218,否
2026-05-14 13:21:29,二卖,否,警戒,601628,中国人寿,36.07,日线破位,二卖,向上,无信号,客观缠论信号为二卖，60分钟笔方向向上（冲顶模式），因此实际交易动作是二卖（笔方向向上时优先卖点）,39.07,37.11,36.55,-0.2584,-0.2736,否
2026-05-14 13:21:29,二卖,否,警戒,601696,中银证券,12.44,安全,二卖+二买,向上,底背驰,客观缠论信号为二卖、二买，60分钟笔方向向上（冲顶模式），因此实际交易动作是二卖（笔方向向上时优先卖点）,12.16,12.34,12.60,-0.0429,-0.0248,否
2026-05-14 13:21:29,观望,否,警戒,603529,爱玛科技,22.20,日线破位,无信号,向下,无信号,客观缠论信号为无信号，60分钟笔方向向下，中枢震荡，观望,28.33,28.28,23.46,-0.1625,-0.1538,否

2026-05-14 13:36:30,观望,是,警戒,603317,天味食品,16.19,安全,二买,向上,无信号,客观缠论信号为二买，60分钟笔方向向上，中枢震荡，观望,12.56,12.98,16.31,0.0168,0.0308,否
2026-05-14 13:36:30,观望,是,警戒,600021,上海电力,17.70,安全,二买,向上,无信号,客观缠论信号为二买，60分钟笔方向向上，中枢震荡，观望,18.15,17.63,17.98,-0.1120,-0.0647,否
2026-05-14 13:36:30,二卖,是,警戒,600895,张江高科,36.43,安全,二卖+二买,向上,无信号,客观缠论信号为二卖、二买，60分钟笔方向向上（冲顶模式），因此实际交易动作是二卖（笔方向向上时优先卖点）,36.90,36.21,36.20,-0.3858,-0.3852,否
2026-05-14 13:36:30,二买,是,警戒,000333,美的集团,81.80,安全,二买,向下,无信号,客观缠论信号为二买，60分钟笔方向向下（寻底模式），因此实际交易动作是二买（笔方向向下时优先买点）,79.17,78.91,80.98,0.3523,0.2471,否
2026-05-14 13:36:30,观望,是,警戒,000429,粤高速A,13.12,安全,二买,向上,无信号,客观缠论信号为二买，60分钟笔方向向上，中枢震荡，观望,13.55,12.70,13.12,0.0121,0.0393,否
2026-05-14 13:36:30,二卖,是,警戒,300418,昆仑万维,50.22,安全,二卖,向上,底背驰,客观缠论信号为二卖，60分钟笔方向向上（冲顶模式），因此实际交易动作是二卖（笔方向向上时优先卖点）,52.85,49.25,52.12,-0.6668,-0.4667,否
2026-05-14 13:36:30,二买,是,警戒,hk01810,小米集团,32.16,安全,二买,向下,无信号,客观缠论信号为二买，60分钟笔方向向下（寻底模式），因此实际交易动作是二买（笔方向向下时优先买点）,32.78,30.26,32.44,0.1803,0.1530,否
2026-05-14 13:36:30,二卖,是,警戒,513130,恒生科技ETF,0.64,安全,二卖,向上,无信号,客观缠论信号为二卖，60分钟笔方向向上（冲顶模式），因此实际交易动作是二卖（笔方向向上时优先卖点）,0.61,0.61,0.64,0.0013,0.0014,否
2026-05-14 13:36:30,一卖,否,警戒,sh000001,上证指数,4199.19,安全,一卖+二买,向上,无信号,客观缠论信号为一卖、二买，60分钟笔方向向上（冲顶模式），因此实际交易动作是一卖（趋势顶背驰卖出）,4101.83,4079.77,4092.83,-3.4617,1.3026,否
2026-05-14 13:36:30,观望,否,警戒,510300,沪深300ETF,4.98,安全,二买,向上,无信号,客观缠论信号为二买，60分钟笔方向向上，中枢震荡，观望,4.68,4.75,4.99,-0.0010,0.0032,否
2026-05-14 13:36:30,观望,否,警戒,588000,科创50ETF,1.85,安全,二买,向上,无信号,客观缠论信号为二买，60分钟笔方向向上，中枢震荡，观望,1.55,1.55,1.82,0.0079,0.0100,否
2026-05-14 13:36:30,二卖,否,警戒,512400,有色金属ETF,2.16,安全,二卖,向上,无信号,客观缠论信号为二卖，60分钟笔方向向上（冲顶模式），因此实际交易动作是二卖（笔方向向上时优先卖点）,2.10,2.17,2.15,-0.0122,-0.0091,否
2026-05-14 13:36:30,二卖,否,警戒,512690,酒ETF,0.47,日线破位,二卖,向上,无信号,客观缠论信号为二卖，60分钟笔方向向上（冲顶模式），因此实际交易动作是二卖（笔方向向上时优先卖点）,0.48,0.48,0.48,-0.0011,-0.0018,否
2026-05-14 13:36:30,二买,否,警戒,159227,航空航天ETF,1.33,安全,二买,向下,无信号,客观缠论信号为二买，60分钟笔方向向下（寻底模式），因此实际交易动作是二买（笔方向向下时优先买点）,1.43,1.30,1.37,-0.0093,-0.0065,否
2026-05-14 13:36:30,二卖,否,警戒,159992,创新药ETF,0.81,日线破位,一卖+二卖+二买,向上,无信号,客观缠论信号为一卖、二卖、二买，60分钟笔方向向上（冲顶模式），因此实际交易动作是二卖（笔方向向上时优先卖点）,0.83,0.83,0.83,-0.0056,-0.0048,否
2026-05-14 13:36:30,二卖,否,警戒,515050,通信ETF,1.14,安全,二卖,向上,无信号,客观缠论信号为二卖，60分钟笔方向向上（冲顶模式），因此实际交易动作是二卖（笔方向向上时优先卖点）,1.08,1.48,2.40,-0.2644,-0.3395,否
2026-05-14 13:36:30,观望,否,警戒,159915,创业板ETF,4.01,安全,二买,向上,无信号,客观缠论信号为二买，60分钟笔方向向上，中枢震荡，观望,3.25,3.27,3.97,0.0099,0.0154,否
2026-05-14 13:36:30,一卖,否,警戒,588200,科创芯片ETF,3.55,安全,一卖,向上,无信号,客观缠论信号为一卖，60分钟笔方向向上（冲顶模式），因此实际交易动作是一卖（趋势顶背驰卖出）,2.41,2.65,3.34,0.0214,0.0256,否
2026-05-14 13:36:30,二卖,否,警戒,159755,电池ETF,1.20,安全,二卖,向上,无信号,客观缠论信号为二卖，60分钟笔方向向上（冲顶模式），因此实际交易动作是二卖（笔方向向上时优先卖点）,1.03,1.17,1.22,-0.0035,-0.0034,否
2026-05-14 13:36:30,二卖,否,警戒,159899,软件ETF,0.86,安全,二卖,向上,无信号,客观缠论信号为二卖，60分钟笔方向向上（冲顶模式），因此实际交易动作是二卖（笔方向向上时优先卖点）,0.87,0.85,0.89,-0.0051,-0.0038,否
2026-05-14 13:36:30,二卖,否,警戒,513360,教育ETF,0.49,安全,二卖,向上,无信号,客观缠论信号为二卖，60分钟笔方向向上（冲顶模式），因此实际交易动作是二卖（笔方向向上时优先卖点）,0.49,0.50,0.50,-0.0009,-0.0007,否
2026-05-14 13:36:30,观望,否,警戒,515790,光伏ETF,1.15,安全,二买,向上,无信号,客观缠论信号为二买，60分钟笔方向向上，中枢震荡，观望,1.08,1.10,1.13,0.0039,0.0046,否
2026-05-14 13:36:30,观望,否,警戒,600938,中国海油,36.11,安全,二卖,向下,无信号,客观缠论信号为二卖，60分钟笔方向向下，中枢震荡，观望,34.06,35.29,36.45,-0.0558,-0.0591,否
2026-05-14 13:36:30,观望,否,警戒,601668,中国建筑,4.96,安全,二买,向上,无信号,客观缠论信号为二买，60分钟笔方向向上，中枢震荡，观望,4.88,4.91,4.99,-0.0052,-0.0065,否
2026-05-14 13:36:30,观望,否,警戒,601288,农业银行,6.77,安全,二卖,向下,无信号,客观缠论信号为二卖，60分钟笔方向向下，中枢震荡，观望,6.53,6.53,6.85,0.0159,0.0032,否
2026-05-14 13:36:30,二买,否,警戒,601728,中国电信,6.28,安全,二买,向下,无信号,客观缠论信号为二买，60分钟笔方向向下（寻底模式），因此实际交易动作是二买（笔方向向下时优先买点）,6.24,5.91,6.11,0.0291,0.0236,否
2026-05-14 13:36:30,观望,否,警戒,600276,恒瑞医药,54.98,安全,二买,向上,无信号,客观缠论信号为二买，60分钟笔方向向上，中枢震荡，观望,52.67,55.00,54.43,-0.1634,-0.0453,否
2026-05-14 13:36:30,二卖,否,警戒,600177,雅戈尔,7.67,安全,二卖+二买,向上,无信号,客观缠论信号为二卖、二买，60分钟笔方向向上（冲顶模式），因此实际交易动作是二卖（笔方向向上时优先卖点）,7.50,7.63,7.77,-0.0191,-0.0182,否
2026-05-14 13:36:30,二卖,否,警戒,600887,伊利股份,27.81,安全,二卖+二买,向上,底背驰,客观缠论信号为二卖、二买，60分钟笔方向向上（冲顶模式），因此实际交易动作是二卖（笔方向向上时优先卖点）,27.75,27.36,27.98,-0.0522,-0.0549,否
2026-05-14 13:36:30,观望,否,警戒,601138,工业富联,68.11,安全,二买,向上,无信号,客观缠论信号为二买，60分钟笔方向向上，中枢震荡，观望,64.65,63.20,66.91,0.2253,0.6792,否
2026-05-14 13:36:30,一卖,否,警戒,688041,海光信息,331.60,安全,一卖+二买,向上,底背驰,客观缠论信号为一卖、二买，60分钟笔方向向上（冲顶模式），因此实际交易动作是一卖（趋势顶背驰卖出）,246.00,320.01,355.50,-3.4554,-2.2773,否
2026-05-14 13:36:30,二卖,否,警戒,688981,中芯国际,119.03,日线破位,二卖,向上,无信号,客观缠论信号为二卖，60分钟笔方向向上（冲顶模式），因此实际交易动作是二卖（笔方向向上时优先卖点）,120.87,120.05,124.04,-0.5529,-0.4372,否
2026-05-14 13:36:30,观望,否,警戒,601225,陕西煤业,23.52,安全,二卖,向下,底背驰,客观缠论信号为二卖，60分钟笔方向向下，中枢震荡，观望,22.32,22.30,24.11,-0.0687,-0.0814,否
2026-05-14 13:36:30,二卖,否,警戒,600900,长江电力,26.96,安全,二卖+三买,向上,无信号,客观缠论信号为二卖、三买，60分钟笔方向向上（冲顶模式），因此实际交易动作是二卖（笔方向向上时优先卖点）,26.66,26.90,26.78,-0.0416,-0.0377,否
2026-05-14 13:36:30,二买,否,警戒,600660,福耀玻璃,57.10,安全,二买,向下,无信号,客观缠论信号为二买，60分钟笔方向向下（寻底模式），因此实际交易动作是二买（笔方向向下时优先买点）,56.86,56.88,58.18,-0.3656,-0.4370,否
2026-05-14 13:36:30,二卖,否,警戒,002507,涪陵榨菜,12.14,日线破位,二卖,向上,无信号,客观缠论信号为二卖，60分钟笔方向向上（冲顶模式），因此实际交易动作是二卖（笔方向向上时优先卖点）,12.23,12.28,12.40,-0.0554,-0.0545,否
2026-05-14 13:36:30,一卖,否,警戒,000338,潍柴动力,34.53,安全,一卖,向上,无信号,客观缠论信号为一卖，60分钟笔方向向上（冲顶模式），因此实际交易动作是一卖（趋势顶背驰卖出）,25.92,23.75,33.85,0.3528,0.4100,否
2026-05-14 13:36:30,观望,否,警戒,000538,云南白药,51.68,日线破位,二卖,向下,底背驰,客观缠论信号为二卖，60分钟笔方向向下，中枢震荡，观望,55.40,54.40,52.89,-0.1625,-0.1948,否
2026-05-14 13:36:30,二卖,否,警戒,000858,五粮液,89.84,日线破位,二卖,向上,底背驰,客观缠论信号为二卖，60分钟笔方向向上（冲顶模式），因此实际交易动作是二卖（笔方向向上时优先卖点）,101.59,101.08,91.95,-0.3959,-0.5280,否
2026-05-14 13:36:30,观望,否,警戒,000423,东阿阿胶,53.60,安全,二卖,向下,无信号,客观缠论信号为二卖，60分钟笔方向向下，中枢震荡，观望,51.71,52.11,53.53,0.0689,-0.0459,否
2026-05-14 13:36:30,二卖,否,警戒,000001,平安银行,11.10,安全,二卖,向上,底背驰,客观缠论信号为二卖，60分钟笔方向向上（冲顶模式），因此实际交易动作是二卖（笔方向向上时优先卖点）,10.78,11.03,11.16,-0.0272,-0.0276,否
2026-05-14 13:36:30,二卖,否,警戒,000651,格力电器,40.41,安全,二卖+二买,向上,无信号,客观缠论信号为二卖、二买，60分钟笔方向向上（冲顶模式），因此实际交易动作是二卖（笔方向向上时优先卖点）,40.28,39.51,40.57,-0.0015,-0.0074,否
2026-05-14 13:36:30,二买,否,警戒,000895,双汇发展,26.86,安全,二卖+二买,向下,无信号,客观缠论信号为二卖、二买，60分钟笔方向向下（寻底模式），因此实际交易动作是二买（笔方向向下时优先买点）,26.11,26.51,27.43,0.0073,-0.0230,否
2026-05-14 13:36:30,二卖,否,警戒,002415,海康威视,33.75,安全,二卖,向上,无信号,客观缠论信号为二卖，60分钟笔方向向上（冲顶模式），因此实际交易动作是二卖（笔方向向上时优先卖点）,31.96,33.30,33.87,-0.2143,-0.1914,否
2026-05-14 13:36:30,观望,否,警戒,hk03690,美团,86.55,安全,二买,向上,无信号,客观缠论信号为二买，60分钟笔方向向上，中枢震荡，观望,78.70,83.75,86.55,-0.0460,0.2057,否
2026-05-14 13:36:30,二卖,否,警戒,hk03896,金山云,8.53,安全,二卖,向上,无信号,客观缠论信号为二卖，60分钟笔方向向上（冲顶模式），因此实际交易动作是二卖（笔方向向上时优先卖点）,7.86,7.80,9.10,0.1113,0.1173,否
2026-05-14 13:36:30,观望,否,警戒,hk00700,腾讯,469.20,日线破位,无信号,向上,顶背驰,客观缠论信号为无信号，60分钟笔方向向上，中枢震荡，观望,494.60,486.20,469.00,2.2952,1.3751,否
2026-05-14 13:36:30,二卖,否,警戒,hk09988,阿里巴巴,141.10,安全,二卖,向上,无信号,客观缠论信号为二卖，60分钟笔方向向上（冲顶模式），因此实际交易动作是二卖（笔方向向上时优先卖点）,129.60,126.70,134.20,1.9808,0.9028,否
2026-05-14 13:36:30,二卖,否,警戒,hk01024,快手,52.05,安全,二卖,向上,无信号,客观缠论信号为二卖，60分钟笔方向向上（冲顶模式），因此实际交易动作是二卖（笔方向向上时优先卖点）,56.95,44.22,51.85,-0.0324,-0.1278,否
2026-05-14 13:36:30,二买,否,警戒,hk06618,京东健康,48.70,安全,二卖+二买,向下,顶背驰,客观缠论信号为二卖、二买，60分钟笔方向向下（寻底模式），因此实际交易动作是二买（笔方向向下时优先买点）,48.50,46.10,46.88,0.4426,0.5027,否
2026-05-14 13:36:30,观望,否,警戒,hk06862,海底捞,14.90,安全,二买,向上,底背驰,客观缠论信号为二买，60分钟笔方向向上，中枢震荡，观望,14.62,14.16,15.05,-0.0476,-0.0406,否
2026-05-14 13:36:30,二卖,否,警戒,000800,一汽解放,6.43,日线破位,二卖,向上,无信号,客观缠论信号为二卖，60分钟笔方向向上（冲顶模式），因此实际交易动作是二卖（笔方向向上时优先卖点）,6.63,6.46,6.64,-0.0270,-0.0274,否
2026-05-14 13:36:30,二卖,否,警戒,002312,川发龙蟒,10.46,安全,二卖,向上,无信号,客观缠论信号为二卖，60分钟笔方向向上（冲顶模式），因此实际交易动作是二卖（笔方向向上时优先卖点）,10.45,10.34,10.82,-0.0898,-0.0753,否
2026-05-14 13:36:30,二卖,否,警戒,300037,新宙邦,63.68,安全,二卖,向上,无信号,客观缠论信号为二卖，60分钟笔方向向上（冲顶模式），因此实际交易动作是二卖（笔方向向上时优先卖点）,52.91,60.88,63.69,-0.2777,-0.2559,否
2026-05-14 13:36:30,二卖,否,警戒,600536,中国软件,40.25,日线破位,二卖+二买,向上,无信号,客观缠论信号为二卖、二买，60分钟笔方向向上（冲顶模式），因此实际交易动作是二卖（笔方向向上时优先卖点）,43.80,40.30,41.97,-0.4111,-0.3206,否
2026-05-14 13:36:30,观望,否,警戒,600598,北大荒,16.62,安全,二买,向上,无信号,客观缠论信号为二买，60分钟笔方向向上，中枢震荡，观望,16.91,15.69,16.89,-0.0472,-0.0289,否
2026-05-14 13:36:30,二卖,否,警戒,600764,中国海防,23.61,日线破位,二卖+二买,向上,无信号,客观缠论信号为二卖、二买，60分钟笔方向向上（冲顶模式），因此实际交易动作是二卖（笔方向向上时优先卖点）,23.72,23.71,24.09,-0.1697,-0.1251,否
2026-05-14 13:36:30,二卖,否,警戒,603049,中策橡胶,47.60,安全,二卖,向上,无信号,客观缠论信号为二卖，60分钟笔方向向上（冲顶模式），因此实际交易动作是二卖（笔方向向上时优先卖点）,46.98,48.60,48.72,-0.2622,-0.1963,否
2026-05-14 13:36:30,二卖,否,警戒,000739,普洛药业,17.49,安全,二卖+二买,向上,底背驰,客观缠论信号为二卖、二买，60分钟笔方向向上（冲顶模式），因此实际交易动作是二卖（笔方向向上时优先卖点）,17.28,17.24,17.90,-0.1876,-0.1723,否
2026-05-14 13:36:30,二买,否,警戒,001391,国货航,5.52,安全,二买,向下,无信号,客观缠论信号为二买，60分钟笔方向向下（寻底模式），因此实际交易动作是二买（笔方向向下时优先买点）,5.22,5.28,5.36,0.0607,0.0340,否
2026-05-14 13:36:30,二卖,否,警戒,002044,美年健康,6.19,安全,二卖,向上,无信号,客观缠论信号为二卖，60分钟笔方向向上（冲顶模式），因此实际交易动作是二卖（笔方向向上时优先卖点）,5.14,5.52,6.38,0.0058,-0.0053,否
2026-05-14 13:36:30,二卖,否,警戒,300146,汤臣倍健,10.38,日线破位,二卖+二买,向上,无信号,客观缠论信号为二卖、二买，60分钟笔方向向上（冲顶模式），因此实际交易动作是二卖（笔方向向上时优先卖点）,10.71,10.73,10.59,-0.0521,-0.0447,否
2026-05-14 13:36:30,二卖,否,警戒,600547,山东黄金,34.06,日线破位,二卖,向上,无信号,客观缠论信号为二卖，60分钟笔方向向上（冲顶模式），因此实际交易动作是二卖（笔方向向上时优先卖点）,34.20,34.60,35.47,-0.2472,-0.2268,否
2026-05-14 13:36:30,二卖,否,警戒,601628,中国人寿,36.38,日线破位,二卖,向上,无信号,客观缠论信号为二卖，60分钟笔方向向上（冲顶模式），因此实际交易动作是二卖（笔方向向上时优先卖点）,39.07,37.11,36.55,-0.2212,-0.2632,否
2026-05-14 13:36:30,二卖,否,警戒,601696,中银证券,12.49,安全,二卖+二买,向上,底背驰,客观缠论信号为二卖、二买，60分钟笔方向向上（冲顶模式），因此实际交易动作是二卖（笔方向向上时优先卖点）,12.16,12.34,12.60,-0.0421,-0.0283,否
2026-05-14 13:36:30,观望,否,警戒,603529,爱玛科技,22.32,日线破位,无信号,向下,无信号,客观缠论信号为无信号，60分钟笔方向向下，中枢震荡，观望,28.33,28.28,23.46,-0.1491,-0.1529,否

2026-05-14 13:51:30,观望,是,警戒,603317,天味食品,16.13,安全,二买,向上,无信号,客观缠论信号为二买，60分钟笔方向向上，中枢震荡，观望,12.56,12.98,16.31,0.0137,0.0273,否
2026-05-14 13:51:30,观望,是,警戒,600021,上海电力,17.66,安全,二买,向上,无信号,客观缠论信号为二买，60分钟笔方向向上，中枢震荡，观望,18.15,17.63,17.98,-0.1192,-0.0756,否
2026-05-14 13:51:30,二卖,是,警戒,600895,张江高科,36.25,安全,二卖+二买,向上,无信号,客观缠论信号为二卖、二买，60分钟笔方向向上（冲顶模式），因此实际交易动作是二卖（笔方向向上时优先卖点）,36.90,36.21,36.20,-0.3474,-0.3776,否
2026-05-14 13:51:30,二买,是,警戒,000333,美的集团,81.80,安全,二买,向下,无信号,客观缠论信号为二买，60分钟笔方向向下（寻底模式），因此实际交易动作是二买（笔方向向下时优先买点）,79.17,78.91,80.98,0.3681,0.2713,否
2026-05-14 13:51:30,观望,是,警戒,000429,粤高速A,13.10,安全,二买,向上,无信号,客观缠论信号为二买，60分钟笔方向向上，中枢震荡，观望,13.55,12.70,13.12,0.0058,0.0326,否
2026-05-14 13:51:30,二卖,是,警戒,300418,昆仑万维,50.00,安全,二卖,向上,底背驰,客观缠论信号为二卖，60分钟笔方向向上（冲顶模式），因此实际交易动作是二卖（笔方向向上时优先卖点）,52.85,49.25,52.12,-0.6941,-0.5122,否
2026-05-14 13:51:30,二买,是,警戒,hk01810,小米集团,31.96,安全,二买,向下,无信号,客观缠论信号为二买，60分钟笔方向向下（寻底模式），因此实际交易动作是二买（笔方向向下时优先买点）,32.78,30.26,32.44,0.0834,0.1140,否
2026-05-14 13:51:30,二卖,是,警戒,513130,恒生科技ETF,0.64,安全,二卖,向上,无信号,客观缠论信号为二卖，60分钟笔方向向上（冲顶模式），因此实际交易动作是二卖（笔方向向上时优先卖点）,0.61,0.61,0.64,0.0010,0.0014,否
2026-05-14 13:51:30,一卖,否,警戒,sh000001,上证指数,4199.19,安全,一卖+二买,向上,无信号,客观缠论信号为一卖、二买，60分钟笔方向向上（冲顶模式），因此实际交易动作是一卖（趋势顶背驰卖出）,4101.83,4079.77,4092.83,-3.4617,1.3026,否
2026-05-14 13:51:30,观望,否,警戒,510300,沪深300ETF,4.96,安全,二买,向上,无信号,客观缠论信号为二买，60分钟笔方向向上，中枢震荡，观望,4.68,4.75,4.99,-0.0016,0.0022,否
2026-05-14 13:51:30,观望,否,警戒,588000,科创50ETF,1.84,安全,二买,向上,无信号,客观缠论信号为二买，60分钟笔方向向上，中枢震荡，观望,1.55,1.55,1.82,0.0069,0.0093,否
2026-05-14 13:51:30,二卖,否,警戒,512400,有色金属ETF,2.15,安全,二卖,向上,无信号,客观缠论信号为二卖，60分钟笔方向向上（冲顶模式），因此实际交易动作是二卖（笔方向向上时优先卖点）,2.10,2.17,2.15,-0.0124,-0.0098,否
2026-05-14 13:51:30,二卖,否,警戒,512690,酒ETF,0.47,日线破位,二卖,向上,无信号,客观缠论信号为二卖，60分钟笔方向向上（冲顶模式），因此实际交易动作是二卖（笔方向向上时优先卖点）,0.48,0.48,0.48,-0.0004,-0.0015,否
2026-05-14 13:51:30,二买,否,警戒,159227,航空航天ETF,1.32,安全,二买,向下,无信号,客观缠论信号为二买，60分钟笔方向向下（寻底模式），因此实际交易动作是二买（笔方向向下时优先买点）,1.43,1.30,1.37,-0.0101,-0.0072,否
2026-05-14 13:51:30,二卖,否,警戒,159992,创新药ETF,0.81,日线破位,一卖+二卖+二买,向上,无信号,客观缠论信号为一卖、二卖、二买，60分钟笔方向向上（冲顶模式），因此实际交易动作是二卖（笔方向向上时优先卖点）,0.83,0.83,0.83,-0.0056,-0.0050,否
2026-05-14 13:51:30,二卖,否,警戒,515050,通信ETF,1.13,安全,二卖,向上,无信号,客观缠论信号为二卖，60分钟笔方向向上（冲顶模式），因此实际交易动作是二卖（笔方向向上时优先卖点）,1.08,1.48,2.40,-0.2476,-0.3211,否
2026-05-14 13:51:30,观望,否,警戒,159915,创业板ETF,3.99,安全,二买,向上,无信号,客观缠论信号为二买，60分钟笔方向向上，中枢震荡，观望,3.25,3.27,3.97,0.0087,0.0141,否
2026-05-14 13:51:30,一卖,否,警戒,588200,科创芯片ETF,3.53,安全,一卖,向上,无信号,客观缠论信号为一卖，60分钟笔方向向上（冲顶模式），因此实际交易动作是一卖（趋势顶背驰卖出）,2.41,2.65,3.34,0.0194,0.0244,否
2026-05-14 13:51:30,二卖,否,警戒,159755,电池ETF,1.19,安全,二卖,向上,无信号,客观缠论信号为二卖，60分钟笔方向向上（冲顶模式），因此实际交易动作是二卖（笔方向向上时优先卖点）,1.03,1.17,1.22,-0.0036,-0.0034,否
2026-05-14 13:51:30,二卖,否,警戒,159899,软件ETF,0.85,安全,二卖,向上,无信号,客观缠论信号为二卖，60分钟笔方向向上（冲顶模式），因此实际交易动作是二卖（笔方向向上时优先卖点）,0.87,0.85,0.89,-0.0052,-0.0041,否
2026-05-14 13:51:30,二卖,否,警戒,513360,教育ETF,0.49,安全,二卖,向上,无信号,客观缠论信号为二卖，60分钟笔方向向上（冲顶模式），因此实际交易动作是二卖（笔方向向上时优先卖点）,0.49,0.50,0.50,-0.0009,-0.0008,否
2026-05-14 13:51:30,观望,否,警戒,515790,光伏ETF,1.14,安全,二买,向上,无信号,客观缠论信号为二买，60分钟笔方向向上，中枢震荡，观望,1.08,1.10,1.13,0.0034,0.0043,否
2026-05-14 13:51:30,观望,否,警戒,600938,中国海油,36.20,安全,二卖,向下,无信号,客观缠论信号为二卖，60分钟笔方向向下，中枢震荡，观望,34.06,35.29,36.45,-0.0445,-0.0561,否
2026-05-14 13:51:30,观望,否,警戒,601668,中国建筑,4.97,安全,二买,向上,无信号,客观缠论信号为二买，60分钟笔方向向上，中枢震荡，观望,4.88,4.91,4.99,-0.0037,-0.0059,否
2026-05-14 13:51:30,观望,否,警戒,601288,农业银行,6.78,安全,二卖,向下,无信号,客观缠论信号为二卖，60分钟笔方向向下，中枢震荡，观望,6.53,6.53,6.85,0.0163,0.0058,否
2026-05-14 13:51:30,二买,否,警戒,601728,中国电信,6.28,安全,二买,向下,无信号,客观缠论信号为二买，60分钟笔方向向下（寻底模式），因此实际交易动作是二买（笔方向向下时优先买点）,6.24,5.91,6.11,0.0312,0.0251,否
2026-05-14 13:51:30,观望,否,警戒,600276,恒瑞医药,54.90,安全,二买,向上,无信号,客观缠论信号为二买，60分钟笔方向向上，中枢震荡，观望,52.67,55.00,54.43,-0.1591,-0.0680,否
2026-05-14 13:51:30,二卖,否,警戒,600177,雅戈尔,7.69,安全,二卖+二买,向上,无信号,客观缠论信号为二卖、二买，60分钟笔方向向上（冲顶模式），因此实际交易动作是二卖（笔方向向上时优先卖点）,7.50,7.63,7.77,-0.0182,-0.0182,否
2026-05-14 13:51:30,二卖,否,警戒,600887,伊利股份,27.85,安全,二卖+二买,向上,底背驰,客观缠论信号为二卖、二买，60分钟笔方向向上（冲顶模式），因此实际交易动作是二卖（笔方向向上时优先卖点）,27.75,27.36,27.98,-0.0379,-0.0515,否
2026-05-14 13:51:30,观望,否,警戒,601138,工业富联,67.66,安全,二买,向上,无信号,客观缠论信号为二买，60分钟笔方向向上，中枢震荡，观望,64.65,63.20,66.91,0.1052,0.5644,否
2026-05-14 13:51:30,一卖,否,警戒,688041,海光信息,328.73,安全,一卖+二买,向上,无信号,客观缠论信号为一卖、二买，60分钟笔方向向上（冲顶模式），因此实际交易动作是一卖（趋势顶背驰卖出）,246.00,320.01,355.50,-3.6471,-2.5513,否
2026-05-14 13:51:30,二卖,否,警戒,688981,中芯国际,118.20,日线破位,二卖,向上,无信号,客观缠论信号为二卖，60分钟笔方向向上（冲顶模式），因此实际交易动作是二卖（笔方向向上时优先卖点）,120.87,120.05,124.04,-0.5806,-0.4659,否
2026-05-14 13:51:30,观望,否,警戒,601225,陕西煤业,23.47,安全,二卖,向下,无信号,客观缠论信号为二卖，60分钟笔方向向下，中枢震荡，观望,22.32,22.30,24.11,-0.0655,-0.0782,否
2026-05-14 13:51:30,二卖,否,警戒,600900,长江电力,26.98,安全,二卖+三买,向上,无信号,客观缠论信号为二卖、三买，60分钟笔方向向上（冲顶模式），因此实际交易动作是二卖（笔方向向上时优先卖点）,26.66,26.90,26.78,-0.0349,-0.0371,否
2026-05-14 13:51:30,二买,否,警戒,600660,福耀玻璃,57.06,安全,二买,向下,无信号,客观缠论信号为二买，60分钟笔方向向下（寻底模式），因此实际交易动作是二买（笔方向向下时优先买点）,56.86,56.88,58.18,-0.3315,-0.4159,否
2026-05-14 13:51:30,二卖,否,警戒,002507,涪陵榨菜,12.16,日线破位,二卖,向上,无信号,客观缠论信号为二卖，60分钟笔方向向上（冲顶模式），因此实际交易动作是二卖（笔方向向上时优先卖点）,12.23,12.28,12.40,-0.0490,-0.0534,否
2026-05-14 13:51:30,一卖,否,警戒,000338,潍柴动力,34.44,安全,一卖,向上,无信号,客观缠论信号为一卖，60分钟笔方向向上（冲顶模式），因此实际交易动作是一卖（趋势顶背驰卖出）,25.92,23.75,33.85,0.3071,0.3894,否
2026-05-14 13:51:30,观望,否,警戒,000538,云南白药,51.64,日线破位,二卖,向下,底背驰,客观缠论信号为二卖，60分钟笔方向向下，中枢震荡，观望,55.40,54.40,52.89,-0.1422,-0.1843,否
2026-05-14 13:51:30,二卖,否,警戒,000858,五粮液,89.60,日线破位,二卖,向上,底背驰,客观缠论信号为二卖，60分钟笔方向向上（冲顶模式），因此实际交易动作是二卖（笔方向向上时优先卖点）,101.59,101.08,91.95,-0.2861,-0.4796,否
2026-05-14 13:51:30,观望,否,警戒,000423,东阿阿胶,53.65,安全,二卖,向下,无信号,客观缠论信号为二卖，60分钟笔方向向下，中枢震荡，观望,51.71,52.11,53.53,0.1059,-0.0155,否
2026-05-14 13:51:30,二卖,否,警戒,000001,平安银行,11.11,安全,二卖,向上,底背驰,客观缠论信号为二卖，60分钟笔方向向上（冲顶模式），因此实际交易动作是二卖（笔方向向上时优先卖点）,10.78,11.03,11.16,-0.0256,-0.0272,否
2026-05-14 13:51:30,二卖,否,警戒,000651,格力电器,40.45,安全,二卖+二买,向上,无信号,客观缠论信号为二卖、二买，60分钟笔方向向上（冲顶模式），因此实际交易动作是二卖（笔方向向上时优先卖点）,40.28,39.51,40.57,0.0097,-0.0040,否
2026-05-14 13:51:30,二买,否,警戒,000895,双汇发展,26.83,安全,二卖+二买,向下,无信号,客观缠论信号为二卖、二买，60分钟笔方向向下（寻底模式），因此实际交易动作是二买（笔方向向下时优先买点）,26.11,26.51,27.43,0.0103,-0.0163,否
2026-05-14 13:51:30,二卖,否,警戒,002415,海康威视,33.69,安全,二卖,向上,无信号,客观缠论信号为二卖，60分钟笔方向向上（冲顶模式），因此实际交易动作是二卖（笔方向向上时优先卖点）,31.96,33.30,33.87,-0.2219,-0.1975,否
2026-05-14 13:51:30,观望,否,警戒,hk03690,美团,86.55,安全,二买,向上,无信号,客观缠论信号为二买，60分钟笔方向向上，中枢震荡，观望,78.70,83.75,86.55,-0.0460,0.2057,否
2026-05-14 13:51:30,二卖,否,警戒,hk03896,金山云,8.53,安全,二卖,向上,无信号,客观缠论信号为二卖，60分钟笔方向向上（冲顶模式），因此实际交易动作是二卖（笔方向向上时优先卖点）,7.86,7.80,9.10,0.1113,0.1173,否
2026-05-14 13:51:30,观望,否,警戒,hk00700,腾讯,469.20,日线破位,无信号,向上,顶背驰,客观缠论信号为无信号，60分钟笔方向向上，中枢震荡，观望,494.60,486.20,469.00,2.2952,1.3751,否
2026-05-14 13:51:30,二卖,否,警戒,hk09988,阿里巴巴,141.10,安全,二卖,向上,无信号,客观缠论信号为二卖，60分钟笔方向向上（冲顶模式），因此实际交易动作是二卖（笔方向向上时优先卖点）,129.60,126.70,134.20,1.9808,0.9028,否
2026-05-14 13:51:30,二卖,否,警戒,hk01024,快手,52.05,安全,二卖,向上,无信号,客观缠论信号为二卖，60分钟笔方向向上（冲顶模式），因此实际交易动作是二卖（笔方向向上时优先卖点）,56.95,44.22,51.85,-0.0324,-0.1278,否
2026-05-14 13:51:30,二买,否,警戒,hk06618,京东健康,48.94,安全,二卖+二买,向下,无信号,客观缠论信号为二卖、二买，60分钟笔方向向下（寻底模式），因此实际交易动作是二买（笔方向向下时优先买点）,48.50,46.10,46.88,0.2829,0.3374,否
2026-05-14 13:51:30,观望,否,警戒,hk06862,海底捞,14.90,安全,二买,向上,底背驰,客观缠论信号为二买，60分钟笔方向向上，中枢震荡，观望,14.62,14.16,15.05,-0.0476,-0.0406,否
2026-05-14 13:51:30,二卖,否,警戒,000800,一汽解放,6.43,日线破位,二卖,向上,无信号,客观缠论信号为二卖，60分钟笔方向向上（冲顶模式），因此实际交易动作是二卖（笔方向向上时优先卖点）,6.63,6.46,6.64,-0.0251,-0.0269,否
2026-05-14 13:51:30,二卖,否,警戒,002312,川发龙蟒,10.43,安全,二卖,向上,无信号,客观缠论信号为二卖，60分钟笔方向向上（冲顶模式），因此实际交易动作是二卖（笔方向向上时优先卖点）,10.45,10.34,10.82,-0.0904,-0.0784,否
2026-05-14 13:51:30,二卖,否,警戒,300037,新宙邦,63.60,安全,二卖,向上,无信号,客观缠论信号为二卖，60分钟笔方向向上（冲顶模式），因此实际交易动作是二卖（笔方向向上时优先卖点）,52.91,60.88,63.69,-0.2898,-0.2627,否
2026-05-14 13:51:30,二卖,否,警戒,600536,中国软件,40.15,日线破位,二卖+二买,向上,无信号,客观缠论信号为二卖、二买，60分钟笔方向向上（冲顶模式），因此实际交易动作是二卖（笔方向向上时优先卖点）,43.80,40.30,41.97,-0.4096,-0.3384,否
2026-05-14 13:51:30,观望,否,警戒,600598,北大荒,16.65,安全,二买,向上,无信号,客观缠论信号为二买，60分钟笔方向向上，中枢震荡，观望,16.91,15.69,16.89,-0.0451,-0.0322,否
2026-05-14 13:51:30,二卖,否,警戒,600764,中国海防,23.53,日线破位,二卖+二买,向上,无信号,客观缠论信号为二卖、二买，60分钟笔方向向上（冲顶模式），因此实际交易动作是二卖（笔方向向上时优先卖点）,23.72,23.71,24.09,-0.1719,-0.1345,否
2026-05-14 13:51:30,二卖,否,警戒,603049,中策橡胶,47.65,安全,二卖,向上,无信号,客观缠论信号为二卖，60分钟笔方向向上（冲顶模式），因此实际交易动作是二卖（笔方向向上时优先卖点）,46.98,48.60,48.72,-0.2525,-0.2076,否
2026-05-14 13:51:30,二卖,否,警戒,000739,普洛药业,17.41,安全,二卖+二买,向上,底背驰,客观缠论信号为二卖、二买，60分钟笔方向向上（冲顶模式），因此实际交易动作是二卖（笔方向向上时优先卖点）,17.28,17.24,17.90,-0.1915,-0.1761,否
2026-05-14 13:51:30,二买,否,警戒,001391,国货航,5.53,安全,二买,向下,无信号,客观缠论信号为二买，60分钟笔方向向下（寻底模式），因此实际交易动作是二买（笔方向向下时优先买点）,5.22,5.28,5.36,0.0641,0.0400,否
2026-05-14 13:51:30,二卖,否,警戒,002044,美年健康,6.21,安全,二卖,向上,无信号,客观缠论信号为二卖，60分钟笔方向向上（冲顶模式），因此实际交易动作是二卖（笔方向向上时优先卖点）,5.14,5.52,6.38,0.0134,-0.0015,否
2026-05-14 13:51:30,二卖,否,警戒,300146,汤臣倍健,10.38,日线破位,二卖+二买,向上,无信号,客观缠论信号为二卖、二买，60分钟笔方向向上（冲顶模式），因此实际交易动作是二卖（笔方向向上时优先卖点）,10.71,10.73,10.59,-0.0497,-0.0457,否
2026-05-14 13:51:30,二卖,否,警戒,600547,山东黄金,34.02,日线破位,二卖,向上,无信号,客观缠论信号为二卖，60分钟笔方向向上（冲顶模式），因此实际交易动作是二卖（笔方向向上时优先卖点）,34.20,34.60,35.47,-0.2375,-0.2290,否
2026-05-14 13:51:30,二卖,否,警戒,601628,中国人寿,36.37,日线破位,二卖,向上,无信号,客观缠论信号为二卖，60分钟笔方向向上（冲顶模式），因此实际交易动作是二卖（笔方向向上时优先卖点）,39.07,37.11,36.55,-0.1904,-0.2486,否
2026-05-14 13:51:30,二卖,否,警戒,601696,中银证券,12.45,安全,二卖+二买,向上,底背驰,客观缠论信号为二卖、二买，60分钟笔方向向上（冲顶模式），因此实际交易动作是二卖（笔方向向上时优先卖点）,12.16,12.34,12.60,-0.0442,-0.0315,否
2026-05-14 13:51:30,观望,否,警戒,603529,爱玛科技,22.33,日线破位,无信号,向下,无信号,客观缠论信号为无信号，60分钟笔方向向下，中枢震荡，观望,28.33,28.28,23.46,-0.1361,-0.1495,否

2026-05-14 14:21:31,观望,是,警戒,603317,天味食品,16.16,安全,二买,向上,无信号,客观缠论信号为二买，60分钟笔方向向上，中枢震荡，观望,12.56,12.98,16.31,0.0108,0.0213,否
2026-05-14 14:21:31,一卖,是,警戒,600021,上海电力,17.71,安全,一卖+二买,向上,底背驰,客观缠论信号为一卖、二买，60分钟笔方向向上（冲顶模式），因此实际交易动作是一卖（趋势顶背驰卖出）,18.15,17.63,17.98,-0.1239,-0.0935,否
2026-05-14 14:21:31,观望,是,警戒,600895,张江高科,36.13,日线破位,二卖,向下,无信号,客观缠论信号为二卖，60分钟笔方向向下，中枢震荡，观望,36.90,36.21,36.20,-0.2987,-0.3528,否
2026-05-14 14:21:31,二买,是,警戒,000333,美的集团,81.80,安全,二买,向下,顶背驰,客观缠论信号为二买，60分钟笔方向向下（寻底模式），因此实际交易动作是二买（笔方向向下时优先买点）,79.17,78.91,80.98,0.3784,0.3095,否
2026-05-14 14:21:31,观望,是,警戒,000429,粤高速A,13.12,安全,二买,向上,无信号,客观缠论信号为二买，60分钟笔方向向上，中枢震荡，观望,13.55,12.70,13.12,-0.0010,0.0209,否
2026-05-14 14:21:31,二卖,是,警戒,300418,昆仑万维,50.08,安全,二卖,向上,无信号,客观缠论信号为二卖，60分钟笔方向向上（冲顶模式），因此实际交易动作是二卖（笔方向向上时优先卖点）,52.85,49.25,52.12,-0.6963,-0.5787,否
2026-05-14 14:21:31,二买,是,警戒,hk01810,小米集团,32.12,安全,二买,向下,无信号,客观缠论信号为二买，60分钟笔方向向下（寻底模式），因此实际交易动作是二买（笔方向向下时优先买点）,32.78,30.26,32.44,0.0774,0.1007,否
2026-05-14 14:21:31,二卖,是,警戒,513130,恒生科技ETF,0.64,安全,二卖,向上,无信号,客观缠论信号为二卖，60分钟笔方向向上（冲顶模式），因此实际交易动作是二卖（笔方向向上时优先卖点）,0.61,0.61,0.64,0.0008,0.0012,否
2026-05-14 14:21:31,一卖,否,警戒,sh000001,上证指数,4206.20,安全,一卖+二买,向上,无信号,客观缠论信号为一卖、二买，60分钟笔方向向上（冲顶模式），因此实际交易动作是一卖（趋势顶背驰卖出）,4101.83,4079.77,4092.83,-3.5817,-1.4660,否
2026-05-14 14:21:31,观望,否,警戒,510300,沪深300ETF,4.98,安全,二买,向上,无信号,客观缠论信号为二买，60分钟笔方向向上，中枢震荡，观望,4.68,4.75,4.99,-0.0008,0.0010,否
2026-05-14 14:21:31,观望,否,警戒,588000,科创50ETF,1.86,安全,二买,向上,无信号,客观缠论信号为二买，60分钟笔方向向上，中枢震荡，观望,1.55,1.55,1.82,0.0071,0.0085,否
2026-05-14 14:21:31,二卖,否,警戒,512400,有色金属ETF,2.16,安全,二卖,向上,无信号,客观缠论信号为二卖，60分钟笔方向向上（冲顶模式），因此实际交易动作是二卖（笔方向向上时优先卖点）,2.10,2.17,2.15,-0.0114,-0.0105,否
2026-05-14 14:21:31,观望,否,警戒,512690,酒ETF,0.47,日线破位,二卖,向下,无信号,客观缠论信号为二卖，60分钟笔方向向下，中枢震荡，观望,0.48,0.48,0.48,0.0003,-0.0009,否
2026-05-14 14:21:31,二买,否,警戒,159227,航空航天ETF,1.33,安全,二买,向下,无信号,客观缠论信号为二买，60分钟笔方向向下（寻底模式），因此实际交易动作是二买（笔方向向下时优先买点）,1.43,1.30,1.37,-0.0098,-0.0082,否
2026-05-14 14:21:31,二卖,否,警戒,159992,创新药ETF,0.81,日线破位,一卖+二卖+二买,向上,无信号,客观缠论信号为一卖、二卖、二买，60分钟笔方向向上（冲顶模式），因此实际交易动作是二卖（笔方向向上时优先卖点）,0.83,0.83,0.83,-0.0055,-0.0052,否
2026-05-14 14:21:31,二卖,否,警戒,515050,通信ETF,1.15,安全,二卖,向上,无信号,客观缠论信号为二卖，60分钟笔方向向上（冲顶模式），因此实际交易动作是二卖（笔方向向上时优先卖点）,1.08,1.48,2.40,-0.2143,-0.2853,否
2026-05-14 14:21:31,观望,否,警戒,159915,创业板ETF,4.03,安全,二买,向上,无信号,客观缠论信号为二买，60分钟笔方向向上，中枢震荡，观望,3.25,3.27,3.97,0.0100,0.0124,否
2026-05-14 14:21:31,一卖,否,警戒,588200,科创芯片ETF,3.57,安全,一卖,向上,无信号,客观缠论信号为一卖，60分钟笔方向向上（冲顶模式），因此实际交易动作是一卖（趋势顶背驰卖出）,2.41,2.65,3.34,0.0200,0.0226,否
2026-05-14 14:21:31,二卖,否,警戒,159755,电池ETF,1.20,安全,二卖,向上,无信号,客观缠论信号为二卖，60分钟笔方向向上（冲顶模式），因此实际交易动作是二卖（笔方向向上时优先卖点）,1.03,1.17,1.22,-0.0034,-0.0035,否
2026-05-14 14:21:31,二卖,否,警戒,159899,软件ETF,0.85,安全,二卖,向上,无信号,客观缠论信号为二卖，60分钟笔方向向上（冲顶模式），因此实际交易动作是二卖（笔方向向上时优先卖点）,0.87,0.85,0.89,-0.0048,-0.0044,否
2026-05-14 14:21:31,二卖,否,警戒,513360,教育ETF,0.49,安全,二卖,向上,无信号,客观缠论信号为二卖，60分钟笔方向向上（冲顶模式），因此实际交易动作是二卖（笔方向向上时优先卖点）,0.49,0.50,0.50,-0.0010,-0.0008,否
2026-05-14 14:21:31,观望,否,警戒,515790,光伏ETF,1.15,安全,二买,向上,无信号,客观缠论信号为二买，60分钟笔方向向上，中枢震荡，观望,1.08,1.10,1.13,0.0031,0.0039,否
2026-05-14 14:21:31,观望,否,警戒,600938,中国海油,36.10,安全,二卖,向下,无信号,客观缠论信号为二卖，60分钟笔方向向下，中枢震荡，观望,34.06,35.29,36.45,-0.0365,-0.0491,否
2026-05-14 14:21:31,观望,否,警戒,601668,中国建筑,4.97,安全,二买,向上,无信号,客观缠论信号为二买，60分钟笔方向向上，中枢震荡，观望,4.88,4.91,4.99,-0.0022,-0.0048,否
2026-05-14 14:21:31,观望,否,警戒,601288,农业银行,6.76,安全,二卖,向下,无信号,客观缠论信号为二卖，60分钟笔方向向下，中枢震荡，观望,6.53,6.53,6.85,0.0146,0.0093,否
2026-05-14 14:21:31,二买,否,警戒,601728,中国电信,6.28,安全,二买,向下,无信号,客观缠论信号为二买，60分钟笔方向向下（寻底模式），因此实际交易动作是二买（笔方向向下时优先买点）,6.24,5.91,6.11,0.0318,0.0274,否
2026-05-14 14:21:31,观望,否,警戒,600276,恒瑞医药,54.78,安全,二买,向上,无信号,客观缠论信号为二买，60分钟笔方向向上，中枢震荡，观望,52.67,55.00,54.43,-0.1651,-0.1027,否
2026-05-14 14:21:31,二卖,否,警戒,600177,雅戈尔,7.69,安全,二卖+二买,向上,无信号,客观缠论信号为二卖、二买，60分钟笔方向向上（冲顶模式），因此实际交易动作是二卖（笔方向向上时优先卖点）,7.50,7.63,7.77,-0.0163,-0.0177,否
2026-05-14 14:21:31,观望,否,警戒,600887,伊利股份,27.81,安全,二卖,向下,无信号,客观缠论信号为二卖，60分钟笔方向向下，中枢震荡，观望,27.75,27.36,27.98,-0.0207,-0.0415,否
2026-05-14 14:21:31,观望,否,警戒,601138,工业富联,69.28,安全,二买,向上,无信号,客观缠论信号为二买，60分钟笔方向向上，中枢震荡，观望,64.65,63.20,66.91,0.1351,0.4045,否
2026-05-14 14:21:31,一卖,否,警戒,688041,海光信息,332.13,安全,一卖+二买,向上,无信号,客观缠论信号为一卖、二买，60分钟笔方向向上（冲顶模式），因此实际交易动作是一卖（趋势顶背驰卖出）,246.00,320.01,355.50,-3.4566,-2.9105,否
2026-05-14 14:21:31,二卖,否,警戒,688981,中芯国际,119.92,日线破位,二卖,向上,无信号,客观缠论信号为二卖，60分钟笔方向向上（冲顶模式），因此实际交易动作是二卖（笔方向向上时优先卖点）,120.87,120.05,124.04,-0.4278,-0.4716,否
2026-05-14 14:21:31,观望,否,警戒,601225,陕西煤业,23.40,安全,二卖,向下,无信号,客观缠论信号为二卖，60分钟笔方向向下，中枢震荡，观望,22.32,22.30,24.11,-0.0684,-0.0745,否
2026-05-14 14:21:31,观望,否,警戒,600900,长江电力,26.96,安全,二卖,向下,无信号,客观缠论信号为二卖，60分钟笔方向向下，中枢震荡，观望,26.66,26.90,27.10,-0.0273,-0.0342,否
2026-05-14 14:21:31,观望,否,警戒,600660,福耀玻璃,57.01,安全,无信号,向下,无信号,客观缠论信号为无信号，60分钟笔方向向下，中枢震荡，观望,56.86,56.88,58.18,-0.2857,-0.3731,否
2026-05-14 14:21:31,二卖,否,警戒,002507,涪陵榨菜,12.13,日线破位,二卖,向上,无信号,客观缠论信号为二卖，60分钟笔方向向上（冲顶模式），因此实际交易动作是二卖（笔方向向上时优先卖点）,12.23,12.28,12.40,-0.0434,-0.0503,否
2026-05-14 14:21:31,一卖,否,警戒,000338,潍柴动力,34.50,安全,一卖,向上,无信号,客观缠论信号为一卖，60分钟笔方向向上（冲顶模式），因此实际交易动作是一卖（趋势顶背驰卖出）,25.92,23.75,33.85,0.2320,0.3371,否
2026-05-14 14:21:31,观望,否,警戒,000538,云南白药,51.64,日线破位,二卖,向下,无信号,客观缠论信号为二卖，60分钟笔方向向下，中枢震荡，观望,55.40,54.40,52.89,-0.1083,-0.1593,否
2026-05-14 14:21:31,二卖,否,警戒,000858,五粮液,89.02,日线破位,二卖,向上,无信号,客观缠论信号为二卖，60分钟笔方向向上（冲顶模式），因此实际交易动作是二卖（笔方向向上时优先卖点）,101.59,101.08,91.95,-0.1931,-0.3817,否
2026-05-14 14:21:31,观望,否,警戒,000423,东阿阿胶,53.55,安全,二卖,向下,无信号,客观缠论信号为二卖，60分钟笔方向向下，中枢震荡，观望,51.71,52.11,54.10,0.1399,0.0382,否
2026-05-14 14:21:31,二卖,否,警戒,000001,平安银行,11.09,安全,二卖,向上,无信号,客观缠论信号为二卖，60分钟笔方向向上（冲顶模式），因此实际交易动作是二卖（笔方向向上时优先卖点）,10.78,11.03,11.16,-0.0247,-0.0263,否
2026-05-14 14:21:31,二卖,否,警戒,000651,格力电器,40.31,安全,二卖+二买,向上,无信号,客观缠论信号为二卖、二买，60分钟笔方向向上（冲顶模式），因此实际交易动作是二卖（笔方向向上时优先卖点）,40.28,39.51,40.57,0.0089,0.0011,否
2026-05-14 14:21:31,二买,否,警戒,000895,双汇发展,26.79,安全,二卖+二买,向下,无信号,客观缠论信号为二卖、二买，60分钟笔方向向下（寻底模式），因此实际交易动作是二买（笔方向向下时优先买点）,26.11,26.51,27.43,0.0110,-0.0062,否
2026-05-14 14:21:31,二卖,否,警戒,002415,海康威视,33.74,安全,二卖,向上,无信号,客观缠论信号为二卖，60分钟笔方向向上（冲顶模式），因此实际交易动作是二卖（笔方向向上时优先卖点）,31.96,33.30,33.87,-0.2257,-0.2085,否
2026-05-14 14:21:31,观望,否,警戒,hk03690,美团,86.40,安全,二买,向上,无信号,客观缠论信号为二买，60分钟笔方向向上，中枢震荡，观望,78.70,83.75,86.55,-0.1730,0.0352,否
2026-05-14 14:21:31,观望,否,警戒,hk03896,金山云,8.63,安全,无信号,向上,无信号,客观缠论信号为无信号，60分钟笔方向向上，中枢震荡，观望,7.86,7.80,8.39,0.1006,0.1090,否
2026-05-14 14:21:31,观望,否,警戒,hk00700,腾讯,463.60,日线破位,无信号,向上,无信号,客观缠论信号为无信号，60分钟笔方向向上，中枢震荡，观望,494.60,486.20,469.00,-0.0154,0.5665,否
2026-05-14 14:21:31,观望,否,警戒,hk09988,阿里巴巴,141.10,安全,无信号,向上,无信号,客观缠论信号为无信号，60分钟笔方向向上，中枢震荡，观望,129.60,126.70,134.20,1.9808,0.9028,否
2026-05-14 14:21:31,二卖,否,警戒,hk01024,快手,51.10,安全,二卖,向上,无信号,客观缠论信号为二卖，60分钟笔方向向上（冲顶模式），因此实际交易动作是二卖（笔方向向上时优先卖点）,56.95,44.22,54.40,-0.1844,-0.1618,否
2026-05-14 14:21:31,观望,否,警戒,hk06618,京东健康,48.74,安全,二买,向上,无信号,客观缠论信号为二买，60分钟笔方向向上，中枢震荡，观望,48.50,46.10,46.88,0.2714,0.3242,否
2026-05-14 14:21:31,观望,否,警戒,hk06862,海底捞,14.91,安全,二买,向上,无信号,客观缠论信号为二买，60分钟笔方向向上，中枢震荡，观望,14.62,14.16,15.05,-0.0357,-0.0391,否
2026-05-14 14:21:31,二卖,否,警戒,000800,一汽解放,6.44,日线破位,二卖,向上,无信号,客观缠论信号为二卖，60分钟笔方向向上（冲顶模式），因此实际交易动作是二卖（笔方向向上时优先卖点）,6.63,6.46,6.64,-0.0203,-0.0249,否
2026-05-14 14:21:31,二卖,否,警戒,002312,川发龙蟒,10.43,安全,二卖,向上,无信号,客观缠论信号为二卖，60分钟笔方向向上（冲顶模式），因此实际交易动作是二卖（笔方向向上时优先卖点）,10.45,10.34,10.82,-0.0879,-0.0820,否
2026-05-14 14:21:31,二卖,否,警戒,300037,新宙邦,64.00,安全,二卖,向上,无信号,客观缠论信号为二卖，60分钟笔方向向上（冲顶模式），因此实际交易动作是二卖（笔方向向上时优先卖点）,52.91,60.88,63.69,-0.2699,-0.2704,否
2026-05-14 14:21:31,二卖,否,警戒,600536,中国软件,40.27,日线破位,二卖+二买,向上,无信号,客观缠论信号为二卖、二买，60分钟笔方向向上（冲顶模式），因此实际交易动作是二卖（笔方向向上时优先卖点）,43.80,40.30,41.97,-0.3832,-0.3574,否
2026-05-14 14:21:31,观望,否,警戒,600598,北大荒,16.68,安全,二买,向上,无信号,客观缠论信号为二买，60分钟笔方向向上，中枢震荡，观望,16.91,15.69,16.89,-0.0408,-0.0361,否
2026-05-14 14:21:31,二卖,否,警戒,600764,中国海防,23.56,日线破位,二卖+二买,向上,无信号,客观缠论信号为二卖、二买，60分钟笔方向向上（冲顶模式），因此实际交易动作是二卖（笔方向向上时优先卖点）,23.72,23.71,24.09,-0.1679,-0.1472,否
2026-05-14 14:21:31,观望,否,警戒,603049,中策橡胶,47.60,安全,二卖,向下,无信号,客观缠论信号为二卖，60分钟笔方向向下，中枢震荡，观望,46.98,48.60,48.70,-0.2325,-0.2175,否
2026-05-14 14:21:31,二卖,否,警戒,000739,普洛药业,17.40,安全,二卖+二买,向上,底背驰,客观缠论信号为二卖、二买，60分钟笔方向向上（冲顶模式），因此实际交易动作是二卖（笔方向向上时优先卖点）,17.28,17.24,17.90,-0.1952,-0.1833,否
2026-05-14 14:21:31,二买,否,警戒,001391,国货航,5.53,安全,二买,向下,无信号,客观缠论信号为二买，60分钟笔方向向下（寻底模式），因此实际交易动作是二买（笔方向向下时优先买点）,5.22,5.28,5.36,0.0674,0.0498,否
2026-05-14 14:21:31,二卖,否,警戒,002044,美年健康,6.19,安全,二卖,向上,无信号,客观缠论信号为二卖，60分钟笔方向向上（冲顶模式），因此实际交易动作是二卖（笔方向向上时优先卖点）,5.14,5.52,6.38,0.0224,0.0067,否
2026-05-14 14:21:31,观望,否,警戒,300146,汤臣倍健,10.38,日线破位,二卖,向下,无信号,客观缠论信号为二卖，60分钟笔方向向下，中枢震荡，观望,10.71,10.73,10.59,-0.0453,-0.0460,否
2026-05-14 14:21:31,二卖,否,警戒,600547,山东黄金,33.96,日线破位,二卖,向上,无信号,客观缠论信号为二卖，60分钟笔方向向上（冲顶模式），因此实际交易动作是二卖（笔方向向上时优先卖点）,34.20,34.60,35.47,-0.2245,-0.2285,否
2026-05-14 14:21:31,二卖,否,警戒,601628,中国人寿,36.23,日线破位,二卖,向上,无信号,客观缠论信号为二卖，60分钟笔方向向上（冲顶模式），因此实际交易动作是二卖（笔方向向上时优先卖点）,39.07,37.11,36.55,-0.1601,-0.2189,否
2026-05-14 14:21:31,二卖,否,警戒,601696,中银证券,12.49,安全,二卖+二买,向上,底背驰,客观缠论信号为二卖、二买，60分钟笔方向向上（冲顶模式），因此实际交易动作是二卖（笔方向向上时优先卖点）,12.16,12.34,12.60,-0.0420,-0.0357,否
2026-05-14 14:21:31,观望,否,警戒,603529,爱玛科技,22.26,日线破位,无信号,向下,无信号,客观缠论信号为无信号，60分钟笔方向向下，中枢震荡，观望,28.33,28.28,23.46,-0.1231,-0.1410,否

2026-05-14 14:36:31,观望,是,警戒,603317,天味食品,16.20,安全,二买,向上,无信号,客观缠论信号为二买，60分钟笔方向向上，中枢震荡，观望,12.56,12.98,16.31,0.0142,0.0199,否
2026-05-14 14:36:31,一卖,是,警戒,600021,上海电力,17.67,安全,一卖+二买,向上,底背驰,客观缠论信号为一卖、二买，60分钟笔方向向上（冲顶模式），因此实际交易动作是一卖（趋势顶背驰卖出）,18.15,17.63,17.98,-0.1235,-0.0995,否
2026-05-14 14:36:31,观望,是,警戒,600895,张江高科,35.92,日线破位,二卖,向下,无信号,客观缠论信号为二卖，60分钟笔方向向下，中枢震荡，观望,36.90,36.21,36.20,-0.2944,-0.3411,否
2026-05-14 14:36:31,二买,是,警戒,000333,美的集团,81.93,安全,二买,向下,顶背驰,客观缠论信号为二买，60分钟笔方向向下（寻底模式），因此实际交易动作是二买（笔方向向下时优先买点）,79.17,78.91,80.98,0.3862,0.3248,否
2026-05-14 14:36:31,观望,是,警戒,000429,粤高速A,13.08,安全,二买,向上,无信号,客观缠论信号为二买，60分钟笔方向向上，中枢震荡，观望,13.55,12.70,13.12,-0.0062,0.0155,否
2026-05-14 14:36:31,二卖,是,警戒,300418,昆仑万维,49.89,安全,二卖,向上,无信号,客观缠论信号为二卖，60分钟笔方向向上（冲顶模式），因此实际交易动作是二卖（笔方向向上时优先卖点）,52.85,49.25,52.12,-0.7021,-0.6034,否
2026-05-14 14:36:31,二买,是,警戒,hk01810,小米集团,32.12,安全,二买,向下,无信号,客观缠论信号为二买，60分钟笔方向向下（寻底模式），因此实际交易动作是二买（笔方向向下时优先买点）,32.78,30.26,32.44,0.0774,0.1007,否
2026-05-14 14:36:31,二卖,是,警戒,513130,恒生科技ETF,0.64,安全,二卖,向上,无信号,客观缠论信号为二卖，60分钟笔方向向上（冲顶模式），因此实际交易动作是二卖（笔方向向上时优先卖点）,0.61,0.61,0.64,0.0007,0.0011,否
2026-05-14 14:36:31,一卖,否,警戒,sh000001,上证指数,4206.20,安全,一卖+二买,向上,无信号,客观缠论信号为一卖、二买，60分钟笔方向向上（冲顶模式），因此实际交易动作是一卖（趋势顶背驰卖出）,4101.83,4079.77,4092.83,-3.5817,-1.4660,否
2026-05-14 14:36:31,观望,否,警戒,510300,沪深300ETF,4.97,安全,二买,向上,无信号,客观缠论信号为二买，60分钟笔方向向上，中枢震荡，观望,4.68,4.75,4.99,-0.0007,0.0006,否
2026-05-14 14:36:31,观望,否,警戒,588000,科创50ETF,1.85,安全,二买,向上,无信号,客观缠论信号为二买，60分钟笔方向向上，中枢震荡，观望,1.55,1.55,1.82,0.0069,0.0081,否
2026-05-14 14:36:31,二卖,否,警戒,512400,有色金属ETF,2.15,安全,二卖,向上,无信号,客观缠论信号为二卖，60分钟笔方向向上（冲顶模式），因此实际交易动作是二卖（笔方向向上时优先卖点）,2.10,2.17,2.15,-0.0112,-0.0106,否
2026-05-14 14:36:31,观望,否,警戒,512690,酒ETF,0.47,日线破位,二卖,向下,无信号,客观缠论信号为二卖，60分钟笔方向向下，中枢震荡，观望,0.48,0.48,0.48,0.0005,-0.0006,否
2026-05-14 14:36:31,二买,否,警戒,159227,航空航天ETF,1.33,安全,二买,向下,无信号,客观缠论信号为二买，60分钟笔方向向下（寻底模式），因此实际交易动作是二买（笔方向向下时优先买点）,1.43,1.30,1.37,-0.0098,-0.0085,否
2026-05-14 14:36:31,二卖,否,警戒,159992,创新药ETF,0.81,日线破位,一卖+二卖+二买,向上,无信号,客观缠论信号为一卖、二卖、二买，60分钟笔方向向上（冲顶模式），因此实际交易动作是二卖（笔方向向上时优先卖点）,0.83,0.83,0.83,-0.0053,-0.0052,否
2026-05-14 14:36:31,二卖,否,警戒,515050,通信ETF,1.15,安全,二卖,向上,无信号,客观缠论信号为二卖，60分钟笔方向向上（冲顶模式），因此实际交易动作是二卖（笔方向向上时优先卖点）,1.08,1.48,2.40,-0.1991,-0.2681,否
2026-05-14 14:36:31,观望,否,警戒,159915,创业板ETF,4.01,安全,二买,向上,无信号,客观缠论信号为二买，60分钟笔方向向上，中枢震荡，观望,3.25,3.27,3.97,0.0103,0.0119,否
2026-05-14 14:36:31,一卖,否,警戒,588200,科创芯片ETF,3.55,安全,一卖,向上,无信号,客观缠论信号为一卖，60分钟笔方向向上（冲顶模式），因此实际交易动作是一卖（趋势顶背驰卖出）,2.41,2.65,3.34,0.0197,0.0220,否
2026-05-14 14:36:31,二卖,否,警戒,159755,电池ETF,1.19,安全,二卖,向上,无信号,客观缠论信号为二卖，60分钟笔方向向上（冲顶模式），因此实际交易动作是二卖（笔方向向上时优先卖点）,1.03,1.17,1.22,-0.0035,-0.0035,否
2026-05-14 14:36:31,二卖,否,警戒,159899,软件ETF,0.85,安全,二卖,向上,无信号,客观缠论信号为二卖，60分钟笔方向向上（冲顶模式），因此实际交易动作是二卖（笔方向向上时优先卖点）,0.87,0.85,0.89,-0.0047,-0.0044,否
2026-05-14 14:36:31,二卖,否,警戒,513360,教育ETF,0.49,安全,二卖,向上,无信号,客观缠论信号为二卖，60分钟笔方向向上（冲顶模式），因此实际交易动作是二卖（笔方向向上时优先卖点）,0.49,0.50,0.50,-0.0009,-0.0009,否
2026-05-14 14:36:31,观望,否,警戒,515790,光伏ETF,1.14,安全,二买,向上,无信号,客观缠论信号为二买，60分钟笔方向向上，中枢震荡，观望,1.08,1.10,1.13,0.0029,0.0037,否
2026-05-14 14:36:31,观望,否,警戒,600938,中国海油,36.11,安全,二卖,向下,无信号,客观缠论信号为二卖，60分钟笔方向向下，中枢震荡，观望,34.06,35.29,36.45,-0.0351,-0.0463,否
2026-05-14 14:36:31,观望,否,警戒,601668,中国建筑,4.96,安全,二买,向上,无信号,客观缠论信号为二买，60分钟笔方向向上，中枢震荡，观望,4.88,4.91,4.99,-0.0021,-0.0042,否
2026-05-14 14:36:31,观望,否,警戒,601288,农业银行,6.77,安全,二卖,向下,无信号,客观缠论信号为二卖，60分钟笔方向向下，中枢震荡，观望,6.53,6.53,6.85,0.0139,0.0102,否
2026-05-14 14:36:31,二买,否,警戒,601728,中国电信,6.28,安全,二买,向下,无信号,客观缠论信号为二买，60分钟笔方向向下（寻底模式），因此实际交易动作是二买（笔方向向下时优先买点）,6.24,5.91,6.11,0.0322,0.0283,否
2026-05-14 14:36:31,观望,否,警戒,600276,恒瑞医药,54.72,安全,二买,向上,无信号,客观缠论信号为二买，60分钟笔方向向上，中枢震荡，观望,52.67,55.00,54.43,-0.1693,-0.1160,否
2026-05-14 14:36:31,二卖,否,警戒,600177,雅戈尔,7.70,安全,二卖+二买,向上,无信号,客观缠论信号为二卖、二买，60分钟笔方向向上（冲顶模式），因此实际交易动作是二卖（笔方向向上时优先卖点）,7.50,7.63,7.77,-0.0145,-0.0170,否
2026-05-14 14:36:31,观望,否,警戒,600887,伊利股份,27.86,安全,二卖,向下,无信号,客观缠论信号为二卖，60分钟笔方向向下，中枢震荡，观望,27.75,27.36,27.98,-0.0115,-0.0355,否
2026-05-14 14:36:31,观望,否,警戒,601138,工业富联,69.17,安全,二买,向上,无信号,客观缠论信号为二买，60分钟笔方向向上，中枢震荡，观望,64.65,63.20,66.91,0.1511,0.3538,否
2026-05-14 14:36:31,一卖,否,警戒,688041,海光信息,331.16,安全,一卖+二买,向上,无信号,客观缠论信号为一卖、二买，60分钟笔方向向上（冲顶模式），因此实际交易动作是一卖（趋势顶背驰卖出）,246.00,320.01,355.50,-3.3315,-2.9947,否
2026-05-14 14:36:31,二卖,否,警戒,688981,中芯国际,119.07,日线破位,二卖,向上,无信号,客观缠论信号为二卖，60分钟笔方向向上（冲顶模式），因此实际交易动作是二卖（笔方向向上时优先卖点）,120.87,120.05,124.04,-0.3954,-0.4564,否
2026-05-14 14:36:31,观望,否,警戒,601225,陕西煤业,23.43,安全,二卖,向下,无信号,客观缠论信号为二卖，60分钟笔方向向下，中枢震荡，观望,22.32,22.30,24.11,-0.0663,-0.0728,否
2026-05-14 14:36:31,观望,否,警戒,600900,长江电力,26.93,安全,二卖,向下,无信号,客观缠论信号为二卖，60分钟笔方向向下，中枢震荡，观望,26.66,26.90,27.10,-0.0267,-0.0327,否
2026-05-14 14:36:31,观望,否,警戒,600660,福耀玻璃,56.97,安全,无信号,向下,无信号,客观缠论信号为无信号，60分钟笔方向向下，中枢震荡，观望,56.86,56.88,58.18,-0.2655,-0.3516,否
2026-05-14 14:36:31,二卖,否,警戒,002507,涪陵榨菜,12.12,日线破位,二卖,向上,无信号,客观缠论信号为二卖，60分钟笔方向向上（冲顶模式），因此实际交易动作是二卖（笔方向向上时优先卖点）,12.23,12.28,12.40,-0.0412,-0.0485,否
2026-05-14 14:36:31,一卖,否,警戒,000338,潍柴动力,34.49,安全,一卖,向上,无信号,客观缠论信号为一卖，60分钟笔方向向上（冲顶模式），因此实际交易动作是一卖（趋势顶背驰卖出）,25.92,23.75,33.85,0.2074,0.3112,否
2026-05-14 14:36:31,观望,否,警戒,000538,云南白药,51.64,日线破位,二卖,向下,无信号,客观缠论信号为二卖，60分钟笔方向向下，中枢震荡，观望,55.40,54.40,52.89,-0.0954,-0.1465,否
2026-05-14 14:36:31,二卖,否,警戒,000858,五粮液,88.85,日线破位,二卖,向上,无信号,客观缠论信号为二卖，60分钟笔方向向上（冲顶模式），因此实际交易动作是二卖（笔方向向上时优先卖点）,101.59,101.08,91.95,-0.1790,-0.3411,否
2026-05-14 14:36:31,观望,否,警戒,000423,东阿阿胶,53.59,安全,二卖,向下,无信号,客观缠论信号为二卖，60分钟笔方向向下，中枢震荡，观望,51.71,52.11,54.10,0.1526,0.0610,否
2026-05-14 14:36:31,二卖,否,警戒,000001,平安银行,11.08,安全,二卖,向上,无信号,客观缠论信号为二卖，60分钟笔方向向上（冲顶模式），因此实际交易动作是二卖（笔方向向上时优先卖点）,10.78,11.03,11.16,-0.0252,-0.0261,否
2026-05-14 14:36:31,二卖,否,警戒,000651,格力电器,40.29,安全,二卖+二买,向上,无信号,客观缠论信号为二卖、二买，60分钟笔方向向上（冲顶模式），因此实际交易动作是二卖（笔方向向上时优先卖点）,40.28,39.51,40.57,0.0047,0.0018,否
2026-05-14 14:36:31,二买,否,警戒,000895,双汇发展,26.82,安全,二卖+二买,向下,无信号,客观缠论信号为二卖、二买，60分钟笔方向向下（寻底模式），因此实际交易动作是二买（笔方向向下时优先买点）,26.11,26.51,27.43,0.0120,-0.0026,否
2026-05-14 14:36:31,二卖,否,警戒,002415,海康威视,33.70,安全,二卖,向上,无信号,客观缠论信号为二卖，60分钟笔方向向上（冲顶模式），因此实际交易动作是二卖（笔方向向上时优先卖点）,31.96,33.30,33.87,-0.2223,-0.2113,否
2026-05-14 14:36:31,观望,否,警戒,hk03690,美团,86.40,安全,二买,向上,无信号,客观缠论信号为二买，60分钟笔方向向上，中枢震荡，观望,78.70,83.75,85.10,-0.1730,0.0352,否
2026-05-14 14:36:31,观望,否,警戒,hk03896,金山云,8.63,安全,无信号,向上,无信号,客观缠论信号为无信号，60分钟笔方向向上，中枢震荡，观望,7.86,7.80,9.10,0.1006,0.1090,否
2026-05-14 14:36:31,观望,否,警戒,hk00700,腾讯,462.00,日线破位,无信号,向上,无信号,客观缠论信号为无信号，60分钟笔方向向上，中枢震荡，观望,494.60,486.20,469.00,-0.1931,0.4146,否
2026-05-14 14:36:31,观望,否,警戒,hk09988,阿里巴巴,138.70,安全,无信号,向上,无信号,客观缠论信号为无信号，60分钟笔方向向上，中枢震荡，观望,129.60,126.70,137.30,1.3761,1.6114,否
2026-05-14 14:36:31,二卖,否,警戒,hk01024,快手,51.10,安全,二卖,向上,无信号,客观缠论信号为二卖，60分钟笔方向向上（冲顶模式），因此实际交易动作是二卖（笔方向向上时优先卖点）,56.95,44.22,54.40,-0.1786,-0.1681,否
2026-05-14 14:36:31,观望,否,警戒,hk06618,京东健康,48.90,安全,二买,向上,无信号,客观缠论信号为二买，60分钟笔方向向上，中枢震荡，观望,48.50,46.10,46.88,0.2695,0.3049,否
2026-05-14 14:36:31,二买,否,警戒,hk06862,海底捞,14.91,安全,二买,向下,无信号,客观缠论信号为二买，60分钟笔方向向下（寻底模式），因此实际交易动作是二买（笔方向向下时优先买点）,14.62,14.16,15.05,-0.0357,-0.0391,否
2026-05-14 14:36:31,二卖,否,警戒,000800,一汽解放,6.43,日线破位,二卖,向上,无信号,客观缠论信号为二卖，60分钟笔方向向上（冲顶模式），因此实际交易动作是二卖（笔方向向上时优先卖点）,6.63,6.46,6.64,-0.0191,-0.0237,否
2026-05-14 14:36:31,二卖,否,警戒,002312,川发龙蟒,10.45,安全,二卖,向上,无信号,客观缠论信号为二卖，60分钟笔方向向上（冲顶模式），因此实际交易动作是二卖（笔方向向上时优先卖点）,10.45,10.34,10.82,-0.0843,-0.0825,否
2026-05-14 14:36:31,二卖,否,警戒,300037,新宙邦,63.68,安全,二卖,向上,无信号,客观缠论信号为二卖，60分钟笔方向向上（冲顶模式），因此实际交易动作是二卖（笔方向向上时优先卖点）,52.91,60.88,63.69,-0.2675,-0.2698,否
2026-05-14 14:36:31,二卖,否,警戒,600536,中国软件,40.18,日线破位,二卖+二买,向上,无信号,客观缠论信号为二卖、二买，60分钟笔方向向上（冲顶模式），因此实际交易动作是二卖（笔方向向上时优先卖点）,43.80,40.30,41.97,-0.3717,-0.3603,否
2026-05-14 14:36:31,观望,否,警戒,600598,北大荒,16.68,安全,二买,向上,无信号,客观缠论信号为二买，60分钟笔方向向上，中枢震荡，观望,16.91,15.69,16.89,-0.0362,-0.0361,否
2026-05-14 14:36:31,二卖,否,警戒,600764,中国海防,23.55,日线破位,二卖+二买,向上,无信号,客观缠论信号为二卖、二买，60分钟笔方向向上（冲顶模式），因此实际交易动作是二卖（笔方向向上时优先卖点）,23.72,23.71,24.09,-0.1631,-0.1504,否
2026-05-14 14:36:31,观望,否,警戒,603049,中策橡胶,47.55,安全,二卖,向下,无信号,客观缠论信号为二卖，60分钟笔方向向下，中枢震荡，观望,46.98,48.60,48.70,-0.2289,-0.2198,否
2026-05-14 14:36:31,二卖,否,警戒,000739,普洛药业,17.42,安全,二卖+二买,向上,底背驰,客观缠论信号为二卖、二买，60分钟笔方向向上（冲顶模式），因此实际交易动作是二卖（笔方向向上时优先卖点）,17.28,17.24,17.90,-0.1900,-0.1846,否
2026-05-14 14:36:31,二买,否,警戒,001391,国货航,5.51,安全,二买,向下,无信号,客观缠论信号为二买，60分钟笔方向向下（寻底模式），因此实际交易动作是二买（笔方向向下时优先买点）,5.22,5.28,5.36,0.0655,0.0529,否
2026-05-14 14:36:31,二卖,否,警戒,002044,美年健康,6.18,安全,二卖,向上,无信号,客观缠论信号为二卖，60分钟笔方向向上（冲顶模式），因此实际交易动作是二卖（笔方向向上时优先卖点）,5.14,5.52,6.38,0.0233,0.0100,否
2026-05-14 14:36:31,观望,否,警戒,300146,汤臣倍健,10.38,日线破位,二卖,向下,无信号,客观缠论信号为二卖，60分钟笔方向向下，中枢震荡，观望,10.71,10.73,10.59,-0.0427,-0.0453,否
2026-05-14 14:36:31,二卖,否,警戒,600547,山东黄金,33.84,日线破位,二卖,向上,无信号,客观缠论信号为二卖，60分钟笔方向向上（冲顶模式），因此实际交易动作是二卖（笔方向向上时优先卖点）,34.20,34.60,35.47,-0.2263,-0.2280,否
2026-05-14 14:36:31,二卖,否,警戒,601628,中国人寿,36.24,日线破位,二卖,向上,无信号,客观缠论信号为二卖，60分钟笔方向向上（冲顶模式），因此实际交易动作是二卖（笔方向向上时优先卖点）,39.07,37.11,36.55,-0.1469,-0.2045,否
2026-05-14 14:36:31,二卖,否,警戒,601696,中银证券,12.48,安全,二卖+二买,向上,底背驰,客观缠论信号为二卖、二买，60分钟笔方向向上（冲顶模式），因此实际交易动作是二卖（笔方向向上时优先卖点）,12.16,12.34,12.60,-0.0403,-0.0366,否
2026-05-14 14:36:31,观望,否,警戒,603529,爱玛科技,22.26,日线破位,无信号,向下,无信号,客观缠论信号为无信号，60分钟笔方向向下，中枢震荡，观望,28.33,28.28,23.46,-0.1169,-0.1362,否

2026-05-14 14:51:30,观望,是,警戒,603317,天味食品,16.19,安全,二买,向上,无信号,客观缠论信号为二买，60分钟笔方向向上，中枢震荡，观望,12.56,12.98,16.31,0.0159,0.0191,否
2026-05-14 14:51:30,一卖,是,警戒,600021,上海电力,17.62,日线破位,一卖+二买,向上,无信号,客观缠论信号为一卖、二买，60分钟笔方向向上（冲顶模式），因此实际交易动作是一卖（趋势顶背驰卖出）,18.15,17.63,17.98,-0.1258,-0.1047,否
2026-05-14 14:51:30,观望,是,警戒,600895,张江高科,35.82,日线破位,二卖,向下,无信号,客观缠论信号为二卖，60分钟笔方向向下，中枢震荡，观望,36.90,36.21,36.20,-0.2956,-0.3320,否
2026-05-14 14:51:30,二买,是,警戒,000333,美的集团,81.88,安全,二买,向下,顶背驰,客观缠论信号为二买，60分钟笔方向向下（寻底模式），因此实际交易动作是二买（笔方向向下时优先买点）,79.17,78.91,80.98,0.3838,0.3366,否
2026-05-14 14:51:30,观望,是,警戒,000429,粤高速A,13.09,安全,二买,向上,无信号,客观缠论信号为二买，60分钟笔方向向上，中枢震荡，观望,13.55,12.70,13.12,-0.0094,0.0105,否
2026-05-14 14:51:30,二卖,是,警戒,300418,昆仑万维,49.40,安全,二卖,向上,无信号,客观缠论信号为二卖，60分钟笔方向向上（冲顶模式），因此实际交易动作是二卖（笔方向向上时优先卖点）,52.85,49.25,52.12,-0.7378,-0.6303,否
2026-05-14 14:51:30,二买,是,警戒,hk01810,小米集团,32.12,安全,二买,向下,无信号,客观缠论信号为二买，60分钟笔方向向下（寻底模式），因此实际交易动作是二买（笔方向向下时优先买点）,32.78,30.26,32.44,0.0774,0.1007,否
2026-05-14 14:51:30,二卖,是,警戒,513130,恒生科技ETF,0.64,安全,二卖,向上,无信号,客观缠论信号为二卖，60分钟笔方向向上（冲顶模式），因此实际交易动作是二卖（笔方向向上时优先卖点）,0.61,0.61,0.64,0.0005,0.0010,否
2026-05-14 14:51:30,一卖,否,警戒,sh000001,上证指数,4206.20,安全,一卖+二买,向上,无信号,客观缠论信号为一卖、二买，60分钟笔方向向上（冲顶模式），因此实际交易动作是一卖（趋势顶背驰卖出）,4101.83,4079.77,4092.83,-3.5817,-1.4660,否
2026-05-14 14:51:30,观望,否,警戒,510300,沪深300ETF,4.96,安全,二买,向上,无信号,客观缠论信号为二买，60分钟笔方向向上，中枢震荡，观望,4.68,4.75,4.99,-0.0017,0.0002,否
2026-05-14 14:51:30,观望,否,警戒,588000,科创50ETF,1.83,安全,二买,向上,无信号,客观缠论信号为二买，60分钟笔方向向上，中枢震荡，观望,1.55,1.55,1.82,0.0055,0.0076,否
2026-05-14 14:51:30,二卖,否,警戒,512400,有色金属ETF,2.15,安全,二卖,向上,无信号,客观缠论信号为二卖，60分钟笔方向向上（冲顶模式），因此实际交易动作是二卖（笔方向向上时优先卖点）,2.10,2.17,2.15,-0.0117,-0.0108,否
2026-05-14 14:51:30,观望,否,警戒,512690,酒ETF,0.47,日线破位,二卖,向下,无信号,客观缠论信号为二卖，60分钟笔方向向下，中枢震荡，观望,0.48,0.48,0.48,0.0005,-0.0004,否
2026-05-14 14:51:30,二买,否,警戒,159227,航空航天ETF,1.32,安全,二买,向下,无信号,客观缠论信号为二买，60分钟笔方向向下（寻底模式），因此实际交易动作是二买（笔方向向下时优先买点）,1.43,1.30,1.37,-0.0103,-0.0089,否
2026-05-14 14:51:30,二卖,否,警戒,159992,创新药ETF,0.81,日线破位,一卖+二卖+二买,向上,无信号,客观缠论信号为一卖、二卖、二买，60分钟笔方向向上（冲顶模式），因此实际交易动作是二卖（笔方向向上时优先卖点）,0.83,0.83,0.83,-0.0054,-0.0052,否
2026-05-14 14:51:30,二卖,否,警戒,515050,通信ETF,1.14,安全,二卖,向上,无信号,客观缠论信号为二卖，60分钟笔方向向上（冲顶模式），因此实际交易动作是二卖（笔方向向上时优先卖点）,1.08,1.48,2.40,-0.1855,-0.2516,否
2026-05-14 14:51:30,观望,否,警戒,159915,创业板ETF,3.99,安全,二买,向上,无信号,客观缠论信号为二买，60分钟笔方向向上，中枢震荡，观望,3.25,3.27,3.97,0.0087,0.0113,否
2026-05-14 14:51:30,一卖,否,警戒,588200,科创芯片ETF,3.52,安全,一卖,向上,无信号,客观缠论信号为一卖，60分钟笔方向向上（冲顶模式），因此实际交易动作是一卖（趋势顶背驰卖出）,2.41,2.65,3.34,0.0168,0.0210,否
2026-05-14 14:51:30,二卖,否,警戒,159755,电池ETF,1.18,安全,二卖,向上,无信号,客观缠论信号为二卖，60分钟笔方向向上（冲顶模式），因此实际交易动作是二卖（笔方向向上时优先卖点）,1.03,1.17,1.22,-0.0040,-0.0036,否
2026-05-14 14:51:30,二卖,否,警戒,159899,软件ETF,0.85,日线破位,二卖,向上,无信号,客观缠论信号为二卖，60分钟笔方向向上（冲顶模式），因此实际交易动作是二卖（笔方向向上时优先卖点）,0.87,0.85,0.89,-0.0051,-0.0046,否
2026-05-14 14:51:30,二卖,否,警戒,513360,教育ETF,0.49,安全,二卖,向上,无信号,客观缠论信号为二卖，60分钟笔方向向上（冲顶模式），因此实际交易动作是二卖（笔方向向上时优先卖点）,0.49,0.50,0.50,-0.0009,-0.0009,否
2026-05-14 14:51:30,观望,否,警戒,515790,光伏ETF,1.14,安全,二买,向上,无信号,客观缠论信号为二买，60分钟笔方向向上，中枢震荡，观望,1.08,1.10,1.13,0.0023,0.0034,否
2026-05-14 14:51:30,观望,否,警戒,600938,中国海油,36.15,安全,二卖,向下,无信号,客观缠论信号为二卖，60分钟笔方向向下，中枢震荡，观望,34.06,35.29,36.45,-0.0305,-0.0431,否
2026-05-14 14:51:30,观望,否,警戒,601668,中国建筑,4.95,安全,二买,向上,无信号,客观缠论信号为二买，60分钟笔方向向上，中枢震荡，观望,4.88,4.91,4.99,-0.0028,-0.0039,否
2026-05-14 14:51:30,观望,否,警戒,601288,农业银行,6.79,安全,二卖,向下,无信号,客观缠论信号为二卖，60分钟笔方向向下，中枢震荡，观望,6.53,6.53,6.85,0.0148,0.0111,否
2026-05-14 14:51:30,二买,否,警戒,601728,中国电信,6.30,安全,二买,向下,无信号,客观缠论信号为二买，60分钟笔方向向下（寻底模式），因此实际交易动作是二买（笔方向向下时优先买点）,6.24,5.91,6.11,0.0338,0.0294,否
2026-05-14 14:51:30,观望,否,警戒,600276,恒瑞医药,54.57,安全,二买,向上,无信号,客观缠论信号为二买，60分钟笔方向向上，中枢震荡，观望,52.67,55.00,54.43,-0.1825,-0.1293,否
2026-05-14 14:51:30,二卖,否,警戒,600177,雅戈尔,7.69,安全,二卖+二买,向上,无信号,客观缠论信号为二卖、二买，60分钟笔方向向上（冲顶模式），因此实际交易动作是二卖（笔方向向上时优先卖点）,7.50,7.63,7.77,-0.0138,-0.0164,否
2026-05-14 14:51:30,观望,否,警戒,600887,伊利股份,27.83,安全,二卖,向下,无信号,客观缠论信号为二卖，60分钟笔方向向下，中枢震荡，观望,27.75,27.36,27.98,-0.0065,-0.0297,否
2026-05-14 14:51:30,观望,否,警戒,601138,工业富联,68.94,安全,二买,向上,无信号,客观缠论信号为二买，60分钟笔方向向上，中枢震荡，观望,64.65,63.20,66.91,0.1435,0.3118,否
2026-05-14 14:51:30,一卖,否,警戒,688041,海光信息,328.00,安全,一卖+二买,向上,无信号,客观缠论信号为一卖、二买，60分钟笔方向向上（冲顶模式），因此实际交易动作是一卖（趋势顶背驰卖出）,246.00,320.01,355.50,-3.4476,-3.0853,否
2026-05-14 14:51:30,二卖,否,警戒,688981,中芯国际,118.55,日线破位,二卖,向上,无信号,客观缠论信号为二卖，60分钟笔方向向上（冲顶模式），因此实际交易动作是二卖（笔方向向上时优先卖点）,120.87,120.05,124.04,-0.4070,-0.4465,否
2026-05-14 14:51:30,观望,否,警戒,601225,陕西煤业,23.39,安全,二卖,向下,无信号,客观缠论信号为二卖，60分钟笔方向向下，中枢震荡，观望,22.32,22.30,24.11,-0.0670,-0.0717,否
2026-05-14 14:51:30,观望,否,警戒,600900,长江电力,26.95,安全,二卖,向下,无信号,客观缠论信号为二卖，60分钟笔方向向下，中枢震荡，观望,26.66,26.90,27.10,-0.0242,-0.0310,否
2026-05-14 14:51:30,观望,否,警戒,600660,福耀玻璃,56.91,安全,无信号,向下,无信号,客观缠论信号为无信号，60分钟笔方向向下，中枢震荡，观望,56.86,56.88,58.18,-0.2514,-0.3316,否
2026-05-14 14:51:30,二卖,否,警戒,002507,涪陵榨菜,12.10,日线破位,二卖,向上,无信号,客观缠论信号为二卖，60分钟笔方向向上（冲顶模式），因此实际交易动作是二卖（笔方向向上时优先卖点）,12.23,12.28,12.40,-0.0406,-0.0469,否
2026-05-14 14:51:30,一卖,否,警戒,000338,潍柴动力,34.45,安全,一卖,向上,无信号,客观缠论信号为一卖，60分钟笔方向向上（冲顶模式），因此实际交易动作是一卖（趋势顶背驰卖出）,25.92,23.75,33.85,0.1825,0.2854,否
2026-05-14 14:51:30,观望,否,警戒,000538,云南白药,51.62,日线破位,二卖,向下,无信号,客观缠论信号为二卖，60分钟笔方向向下，中枢震荡，观望,55.40,54.40,52.89,-0.0859,-0.1344,否
2026-05-14 14:51:30,二卖,否,警戒,000858,五粮液,88.67,日线破位,二卖,向上,无信号,客观缠论信号为二卖，60分钟笔方向向上（冲顶模式），因此实际交易动作是二卖（笔方向向上时优先卖点）,101.59,101.08,91.95,-0.1803,-0.3090,否
2026-05-14 14:51:30,观望,否,警戒,000423,东阿阿胶,53.39,安全,二卖,向下,无信号,客观缠论信号为二卖，60分钟笔方向向下，中枢震荡，观望,51.71,52.11,53.53,0.1448,0.0778,否
2026-05-14 14:51:30,二卖,否,警戒,000001,平安银行,11.09,安全,二卖,向上,无信号,客观缠论信号为二卖，60分钟笔方向向上（冲顶模式），因此实际交易动作是二卖（笔方向向上时优先卖点）,10.78,11.03,11.16,-0.0244,-0.0258,否
2026-05-14 14:51:30,二卖,否,警戒,000651,格力电器,40.31,安全,二卖+二买,向上,无信号,客观缠论信号为二卖、二买，60分钟笔方向向上（冲顶模式），因此实际交易动作是二卖（笔方向向上时优先卖点）,40.28,39.51,40.57,0.0030,0.0021,否
2026-05-14 14:51:30,二买,否,警戒,000895,双汇发展,26.84,安全,二卖+二买,向下,无信号,客观缠论信号为二卖、二买，60分钟笔方向向下（寻底模式），因此实际交易动作是二买（笔方向向下时优先买点）,26.11,26.51,27.43,0.0143,0.0008,否
2026-05-14 14:51:30,二卖,否,警戒,002415,海康威视,33.53,安全,二卖,向上,无信号,客观缠论信号为二卖，60分钟笔方向向上（冲顶模式），因此实际交易动作是二卖（笔方向向上时优先卖点）,31.96,33.30,33.87,-0.2307,-0.2151,否
2026-05-14 14:51:30,观望,否,警戒,hk03690,美团,86.25,安全,二买,向上,无信号,客观缠论信号为二买，60分钟笔方向向上，中枢震荡，观望,78.70,83.75,85.10,-0.2218,-0.0527,否
2026-05-14 14:51:30,观望,否,警戒,hk03896,金山云,8.59,安全,无信号,向上,无信号,客观缠论信号为无信号，60分钟笔方向向上，中枢震荡，观望,7.86,7.80,9.10,0.0955,0.1048,否
2026-05-14 14:51:30,一卖,否,警戒,hk00700,腾讯,462.00,日线破位,一卖,向上,无信号,客观缠论信号为一卖，60分钟笔方向向上（冲顶模式），因此实际交易动作是一卖（趋势顶背驰卖出）,494.60,486.20,469.00,-0.1931,0.4146,否
2026-05-14 14:51:30,观望,否,警戒,hk09988,阿里巴巴,138.70,安全,无信号,向上,无信号,客观缠论信号为无信号，60分钟笔方向向上，中枢震荡，观望,129.60,126.70,134.20,1.3761,1.6114,否
2026-05-14 14:51:30,二卖,否,警戒,hk01024,快手,51.10,安全,二卖,向上,无信号,客观缠论信号为二卖，60分钟笔方向向上（冲顶模式），因此实际交易动作是二卖（笔方向向上时优先卖点）,56.95,44.22,54.40,-0.1786,-0.1681,否
2026-05-14 14:51:30,观望,否,警戒,hk06618,京东健康,48.86,安全,二买,向上,无信号,客观缠论信号为二买，60分钟笔方向向上，中枢震荡，观望,48.50,46.10,46.88,0.2612,0.2962,否
2026-05-14 14:51:30,二买,否,警戒,hk06862,海底捞,14.98,安全,二买,向下,无信号,客观缠论信号为二买，60分钟笔方向向下（寻底模式），因此实际交易动作是二买（笔方向向下时优先买点）,14.62,14.16,15.05,-0.0217,-0.0339,否
2026-05-14 14:51:30,二卖,否,警戒,000800,一汽解放,6.42,日线破位,二卖,向上,无信号,客观缠论信号为二卖，60分钟笔方向向上（冲顶模式），因此实际交易动作是二卖（笔方向向上时优先卖点）,6.63,6.46,6.64,-0.0187,-0.0227,否
2026-05-14 14:51:30,二卖,否,警戒,002312,川发龙蟒,10.42,安全,二卖,向上,无信号,客观缠论信号为二卖，60分钟笔方向向上（冲顶模式），因此实际交易动作是二卖（笔方向向上时优先卖点）,10.45,10.34,10.82,-0.0830,-0.0826,否
2026-05-14 14:51:30,二卖,否,警戒,300037,新宙邦,63.19,安全,二卖,向上,无信号,客观缠论信号为二卖，60分钟笔方向向上（冲顶模式），因此实际交易动作是二卖（笔方向向上时优先卖点）,52.91,60.88,63.69,-0.3017,-0.2762,否
2026-05-14 14:51:30,二卖,否,警戒,600536,中国软件,40.08,日线破位,二卖+二买,向上,无信号,客观缠论信号为二卖、二买，60分钟笔方向向上（冲顶模式），因此实际交易动作是二卖（笔方向向上时优先卖点）,43.80,40.30,41.97,-0.3665,-0.3615,否
2026-05-14 14:51:30,观望,否,警戒,600598,北大荒,16.58,安全,二买,向上,无信号,客观缠论信号为二买，60分钟笔方向向上，中枢震荡，观望,16.91,15.69,16.89,-0.0401,-0.0369,否
2026-05-14 14:51:30,二卖,否,警戒,600764,中国海防,23.50,日线破位,二卖+二买,向上,无信号,客观缠论信号为二卖、二买，60分钟笔方向向上（冲顶模式），因此实际交易动作是二卖（笔方向向上时优先卖点）,23.72,23.71,24.09,-0.1615,-0.1526,否
2026-05-14 14:51:30,观望,否,警戒,603049,中策橡胶,47.53,安全,二卖,向下,无信号,客观缠论信号为二卖，60分钟笔方向向下，中枢震荡，观望,46.98,48.60,48.70,-0.2250,-0.2208,否
2026-05-14 14:51:30,二卖,否,警戒,000739,普洛药业,17.38,安全,二卖+二买,向上,底背驰,客观缠论信号为二卖、二买，60分钟笔方向向上（冲顶模式），因此实际交易动作是二卖（笔方向向上时优先卖点）,17.28,17.24,17.90,-0.1869,-0.1851,否
2026-05-14 14:51:30,观望,否,警戒,001391,国货航,5.52,安全,二买,向上,无信号,客观缠论信号为二买，60分钟笔方向向上，中枢震荡，观望,5.22,5.28,5.37,0.0640,0.0552,否
2026-05-14 14:51:30,二卖,否,警戒,002044,美年健康,6.17,安全,二卖,向上,无信号,客观缠论信号为二卖，60分钟笔方向向上（冲顶模式），因此实际交易动作是二卖（笔方向向上时优先卖点）,5.14,5.52,6.38,0.0230,0.0126,否
2026-05-14 14:51:30,观望,否,警戒,300146,汤臣倍健,10.31,日线破位,二卖,向下,无信号,客观缠论信号为二卖，60分钟笔方向向下，中枢震荡，观望,10.71,10.73,10.59,-0.0464,-0.0454,否
2026-05-14 14:51:30,二卖,否,警戒,600547,山东黄金,33.59,日线破位,二卖,向上,无信号,客观缠论信号为二卖，60分钟笔方向向上（冲顶模式），因此实际交易动作是二卖（笔方向向上时优先卖点）,34.20,34.60,35.47,-0.2470,-0.2325,否
2026-05-14 14:51:30,二卖,否,警戒,601628,中国人寿,35.99,日线破位,二卖,向上,无信号,客观缠论信号为二卖，60分钟笔方向向上（冲顶模式），因此实际交易动作是二卖（笔方向向上时优先卖点）,39.07,37.11,36.55,-0.1494,-0.1835,否
2026-05-14 14:51:30,二卖,否,警戒,601696,中银证券,12.36,安全,二卖+二买,向上,无信号,客观缠论信号为二卖、二买，60分钟笔方向向上（冲顶模式），因此实际交易动作是二卖（笔方向向上时优先卖点）,12.16,12.34,12.38,-0.0492,-0.0400,否
2026-05-14 14:51:30,观望,否,警戒,603529,爱玛科技,22.24,日线破位,无信号,向下,无信号,客观缠论信号为无信号，60分钟笔方向向下，中枢震荡，观望,28.33,28.28,23.46,-0.1074,-0.1266,否

2026-05-14 16:21:55,观望,是,警戒,603317,天味食品,16.13,安全,二买,向上,无信号,客观缠论信号为二买，60分钟笔方向向上，中枢震荡，观望,12.56,12.98,16.31,0.0123,0.0177,否
2026-05-14 16:21:55,观望,是,警戒,600021,上海电力,17.54,日线破位,二买+三买,向上,无信号,客观缠论信号为二买、三买，60分钟笔方向向上，中枢震荡，观望,18.15,17.63,17.42,-0.1326,-0.1103,否
2026-05-14 16:21:55,观望,是,警戒,600895,张江高科,35.58,安全,二卖,向下,无信号,客观缠论信号为二卖，60分钟笔方向向下，中枢震荡，观望,33.37,34.05,36.20,-0.3124,-0.3281,否
2026-05-14 16:21:55,二买,是,警戒,000333,美的集团,81.81,安全,二买,向下,顶背驰,客观缠论信号为二买，60分钟笔方向向下（寻底模式），因此实际交易动作是二买（笔方向向下时优先买点）,79.17,78.91,80.98,0.3720,0.3437,否
2026-05-14 16:21:55,观望,是,警戒,000429,粤高速A,13.05,安全,二买,向上,无信号,客观缠论信号为二买，60分钟笔方向向上，中枢震荡，观望,12.70,12.48,13.12,-0.0150,0.0054,否
2026-05-14 16:21:55,二卖,是,警戒,300418,昆仑万维,49.03,安全,二卖,向上,无信号,客观缠论信号为二卖，60分钟笔方向向上（冲顶模式），因此实际交易动作是二卖（笔方向向上时优先卖点）,44.10,49.25,52.22,-0.7869,-0.6616,否
2026-05-14 16:21:55,二买,是,警戒,hk01810,小米集团,32.12,安全,二买,向下,无信号,客观缠论信号为二买，60分钟笔方向向下（寻底模式），因此实际交易动作是二买（笔方向向下时优先买点）,32.78,30.26,32.44,0.0774,0.1007,否
2026-05-14 16:21:55,二卖,是,警戒,513130,恒生科技ETF,0.64,安全,二卖,向上,无信号,客观缠论信号为二卖，60分钟笔方向向上（冲顶模式），因此实际交易动作是二卖（笔方向向上时优先卖点）,0.61,0.63,0.64,0.0002,0.0008,否
2026-05-14 16:21:55,一卖,否,警戒,sh000001,上证指数,4177.92,安全,一卖+二买,向上,无信号,客观缠论信号为一卖、二买，60分钟笔方向向上（冲顶模式），因此实际交易动作是一卖（趋势顶背驰卖出）,4101.83,4079.77,4092.83,-5.7229,-2.9048,否
2026-05-14 16:21:55,观望,否,警戒,510300,沪深300ETF,4.94,安全,二买,向上,无信号,客观缠论信号为二买，60分钟笔方向向上，中枢震荡，观望,4.68,4.75,4.99,-0.0035,-0.0006,否
2026-05-14 16:21:55,观望,否,警戒,588000,科创50ETF,1.82,安全,二买,向上,无信号,客观缠论信号为二买，60分钟笔方向向上，中枢震荡，观望,1.55,1.55,1.82,0.0028,0.0067,否
2026-05-14 16:21:55,二卖,否,警戒,512400,有色金属ETF,2.13,安全,二卖,向上,无信号,客观缠论信号为二卖，60分钟笔方向向上（冲顶模式），因此实际交易动作是二卖（笔方向向上时优先卖点）,2.11,2.10,2.15,-0.0132,-0.0113,否
2026-05-14 16:21:55,观望,否,警戒,512690,酒ETF,0.47,日线破位,二卖,向下,无信号,客观缠论信号为二卖，60分钟笔方向向下，中枢震荡，观望,0.48,0.48,0.48,0.0004,-0.0002,否
2026-05-14 16:21:55,二买,否,警戒,159227,航空航天ETF,1.31,安全,二买,向下,无信号,客观缠论信号为二买，60分钟笔方向向下（寻底模式），因此实际交易动作是二买（笔方向向下时优先买点）,1.23,1.30,1.33,-0.0113,-0.0094,否
2026-05-14 16:21:55,二卖,否,警戒,159992,创新药ETF,0.80,安全,一卖+二卖+二买,向上,无信号,客观缠论信号为一卖、二卖、二买，60分钟笔方向向上（冲顶模式），因此实际交易动作是二卖（笔方向向上时优先卖点）,0.79,0.77,0.83,-0.0057,-0.0053,否
2026-05-14 16:21:55,二卖,否,警戒,515050,通信ETF,1.13,安全,二卖,向上,无信号,客观缠论信号为二卖，60分钟笔方向向上（冲顶模式），因此实际交易动作是二卖（笔方向向上时优先卖点）,1.08,1.48,2.40,-0.1734,-0.2359,否
2026-05-14 16:21:55,观望,否,警戒,159915,创业板ETF,3.96,安全,二买,向上,无信号,客观缠论信号为二买，60分钟笔方向向上，中枢震荡，观望,3.25,3.27,3.97,0.0048,0.0100,否
2026-05-14 16:21:55,一卖,否,警戒,588200,科创芯片ETF,3.48,安全,一卖,向上,无信号,客观缠论信号为一卖，60分钟笔方向向上（冲顶模式），因此实际交易动作是一卖（趋势顶背驰卖出）,2.41,2.65,3.34,0.0113,0.0190,否
2026-05-14 16:21:55,二卖,否,警戒,159755,电池ETF,1.17,安全,二卖,向上,无信号,客观缠论信号为二卖，60分钟笔方向向上（冲顶模式），因此实际交易动作是二卖（笔方向向上时优先卖点）,1.03,1.17,1.22,-0.0052,-0.0039,否
2026-05-14 16:21:55,二卖,否,警戒,159899,软件ETF,0.84,安全,二卖,向上,无信号,客观缠论信号为二卖，60分钟笔方向向上（冲顶模式），因此实际交易动作是二卖（笔方向向上时优先卖点）,0.81,0.83,0.84,-0.0057,-0.0048,否
2026-05-14 16:21:55,二卖,否,警戒,513360,教育ETF,0.49,安全,二卖,向上,无信号,客观缠论信号为二卖，60分钟笔方向向上（冲顶模式），因此实际交易动作是二卖（笔方向向上时优先卖点）,0.49,0.49,0.50,-0.0010,-0.0009,否
2026-05-14 16:21:55,观望,否,警戒,515790,光伏ETF,1.13,安全,二买,向上,无信号,客观缠论信号为二买，60分钟笔方向向上，中枢震荡，观望,1.08,1.10,1.13,0.0010,0.0029,否
2026-05-14 16:21:55,二卖,否,警戒,600938,中国海油,36.06,安全,二卖,向上,无信号,客观缠论信号为二卖，60分钟笔方向向上（冲顶模式），因此实际交易动作是二卖（笔方向向上时优先卖点）,34.06,35.29,36.28,-0.0337,-0.0413,否
2026-05-14 16:21:55,观望,否,警戒,601668,中国建筑,4.94,安全,二买,向上,无信号,客观缠论信号为二买，60分钟笔方向向上，中枢震荡，观望,4.88,4.91,4.95,-0.0041,-0.0040,否
2026-05-14 16:21:55,二卖,否,警戒,601288,农业银行,6.76,安全,二卖,向上,无信号,客观缠论信号为二卖，60分钟笔方向向上（冲顶模式），因此实际交易动作是二卖（笔方向向上时优先卖点）,6.53,6.53,6.83,0.0129,0.0115,否
2026-05-14 16:21:55,二买,否,警戒,601728,中国电信,6.26,安全,二买,向下,无信号,客观缠论信号为二买，60分钟笔方向向下（寻底模式），因此实际交易动作是二买（笔方向向下时优先买点）,6.24,5.91,6.11,0.0314,0.0298,否
2026-05-14 16:21:55,观望,否,警戒,600276,恒瑞医药,54.32,安全,二买,向上,无信号,客观缠论信号为二买，60分钟笔方向向上，中枢震荡，观望,52.67,52.41,54.43,-0.2108,-0.1456,否
2026-05-14 16:21:55,二卖,否,警戒,600177,雅戈尔,7.67,安全,二卖+二买,向上,无信号,客观缠论信号为二卖、二买，60分钟笔方向向上（冲顶模式），因此实际交易动作是二卖（笔方向向上时优先卖点）,7.50,7.63,7.88,-0.0147,-0.0160,否
2026-05-14 16:21:55,观望,否,警戒,600887,伊利股份,27.78,安全,二卖,向下,无信号,客观缠论信号为二卖，60分钟笔方向向下，中枢震荡，观望,27.75,27.36,27.98,-0.0066,-0.0251,否
2026-05-14 16:21:55,二买,否,警戒,601138,工业富联,68.60,安全,二买,向下,无信号,客观缠论信号为二买，60分钟笔方向向下（寻底模式），因此实际交易动作是二买（笔方向向下时优先买点）,64.65,63.20,66.91,0.1088,0.2712,否
2026-05-14 16:21:55,一卖,否,警戒,688041,海光信息,325.20,安全,一卖+二买,向上,无信号,客观缠论信号为一卖、二买，60分钟笔方向向上（冲顶模式），因此实际交易动作是一卖（趋势顶背驰卖出）,246.00,320.01,355.50,-3.7226,-3.2127,否
2026-05-14 16:21:55,二卖,否,警戒,688981,中芯国际,117.90,安全,二卖,向上,无信号,客观缠论信号为二卖，60分钟笔方向向上（冲顶模式），因此实际交易动作是二卖（笔方向向上时优先卖点）,115.74,113.50,124.04,-0.4633,-0.4499,否
2026-05-14 16:21:55,观望,否,警戒,601225,陕西煤业,23.34,安全,二卖,向下,无信号,客观缠论信号为二卖，60分钟笔方向向下，中枢震荡，观望,22.32,22.30,24.11,-0.0708,-0.0715,否
2026-05-14 16:21:55,观望,否,警戒,600900,长江电力,26.94,安全,二卖,向下,无信号,客观缠论信号为二卖，60分钟笔方向向下，中枢震荡，观望,26.66,26.90,27.10,-0.0229,-0.0294,否
2026-05-14 16:21:55,观望,否,警戒,600660,福耀玻璃,56.71,安全,无信号,向下,无信号,客观缠论信号为无信号，60分钟笔方向向下，中枢震荡，观望,56.46,56.55,58.18,-0.2535,-0.3160,否
2026-05-14 16:21:55,观望,否,警戒,002507,涪陵榨菜,12.08,日线破位,二卖,向下,无信号,客观缠论信号为二卖，60分钟笔方向向下，中枢震荡，观望,12.23,12.28,12.40,-0.0412,-0.0457,否
2026-05-14 16:21:55,一卖,否,警戒,000338,潍柴动力,34.20,安全,一卖,向上,无信号,客观缠论信号为一卖，60分钟笔方向向上（冲顶模式），因此实际交易动作是一卖（趋势顶背驰卖出）,25.92,23.75,33.85,0.1411,0.2566,否
2026-05-14 16:21:55,观望,否,警戒,000538,云南白药,51.50,日线破位,二卖,向下,无信号,客观缠论信号为二卖，60分钟笔方向向下，中枢震荡，观望,55.40,54.40,52.89,-0.0870,-0.1249,否
2026-05-14 16:21:55,二卖,否,警戒,000858,五粮液,88.99,日线破位,二卖,向上,无信号,客观缠论信号为二卖，60分钟笔方向向上（冲顶模式），因此实际交易动作是二卖（笔方向向上时优先卖点）,101.59,101.08,91.95,-0.1537,-0.2779,否
2026-05-14 16:21:55,观望,否,警戒,000423,东阿阿胶,53.20,安全,二卖,向下,无信号,客观缠论信号为二卖，60分钟笔方向向下，中枢震荡，观望,52.11,52.42,53.53,0.1219,0.0866,否
2026-05-14 16:21:55,二卖,否,警戒,000001,平安银行,11.05,安全,二卖,向上,无信号,客观缠论信号为二卖，60分钟笔方向向上（冲顶模式），因此实际交易动作是二卖（笔方向向上时优先卖点）,10.67,11.03,11.16,-0.0268,-0.0260,否
2026-05-14 16:21:55,二卖,否,警戒,000651,格力电器,40.22,安全,二卖+二买,向上,无信号,客观缠论信号为二卖、二买，60分钟笔方向向上（冲顶模式），因此实际交易动作是二卖（笔方向向上时优先卖点）,40.00,39.51,40.57,-0.0055,0.0006,否
2026-05-14 16:21:55,二买,否,警戒,000895,双汇发展,26.81,安全,二卖+二买,向下,无信号,客观缠论信号为二卖、二买，60分钟笔方向向下（寻底模式），因此实际交易动作是二买（笔方向向下时优先买点）,26.66,26.51,27.43,0.0135,0.0033,否
2026-05-14 16:21:55,二卖,否,警戒,002415,海康威视,33.45,安全,二卖,向上,无信号,客观缠论信号为二卖，60分钟笔方向向上（冲顶模式），因此实际交易动作是二卖（笔方向向上时优先卖点）,31.96,33.30,33.87,-0.2410,-0.2203,否
2026-05-14 16:21:55,观望,否,警戒,hk03690,美团,86.25,安全,二买,向上,无信号,客观缠论信号为二买，60分钟笔方向向上，中枢震荡，观望,78.70,83.75,85.10,-0.2218,-0.0527,否
2026-05-14 16:21:55,观望,否,警戒,hk03896,金山云,8.59,安全,无信号,向上,无信号,客观缠论信号为无信号，60分钟笔方向向上，中枢震荡，观望,7.86,7.80,9.10,0.0955,0.1048,否
2026-05-14 16:21:55,一卖,否,警戒,hk00700,腾讯,462.00,日线破位,一卖,向上,无信号,客观缠论信号为一卖，60分钟笔方向向上（冲顶模式），因此实际交易动作是一卖（趋势顶背驰卖出）,494.60,486.20,469.00,-0.1931,0.4146,否
2026-05-14 16:21:55,观望,否,警戒,hk09988,阿里巴巴,138.70,安全,无信号,向上,无信号,客观缠论信号为无信号，60分钟笔方向向上，中枢震荡，观望,129.60,126.70,134.20,1.3761,1.6114,否
2026-05-14 16:21:55,二卖,否,警戒,hk01024,快手,51.10,安全,二卖,向上,无信号,客观缠论信号为二卖，60分钟笔方向向上（冲顶模式），因此实际交易动作是二卖（笔方向向上时优先卖点）,56.95,44.22,54.40,-0.1786,-0.1681,否
2026-05-14 16:21:55,观望,否,警戒,hk06618,京东健康,48.86,安全,二买,向上,无信号,客观缠论信号为二买，60分钟笔方向向上，中枢震荡，观望,48.50,46.10,46.88,0.2612,0.2962,否
2026-05-14 16:21:55,二买,否,警戒,hk06862,海底捞,14.98,安全,二买,向下,无信号,客观缠论信号为二买，60分钟笔方向向下（寻底模式），因此实际交易动作是二买（笔方向向下时优先买点）,14.62,14.16,15.05,-0.0217,-0.0339,否
2026-05-14 16:21:55,二卖,否,警戒,000800,一汽解放,6.40,日线破位,二卖,向上,无信号,客观缠论信号为二卖，60分钟笔方向向上（冲顶模式），因此实际交易动作是二卖（笔方向向上时优先卖点）,6.63,6.46,6.64,-0.0198,-0.0221,否
2026-05-14 16:21:55,二卖,否,警戒,002312,川发龙蟒,10.41,安全,二卖,向上,无信号,客观缠论信号为二卖，60分钟笔方向向上（冲顶模式），因此实际交易动作是二卖（笔方向向上时优先卖点）,10.45,10.34,10.82,-0.0817,-0.0824,否
2026-05-14 16:21:55,二卖,否,警戒,300037,新宙邦,62.72,安全,二卖,向上,无信号,客观缠论信号为二卖，60分钟笔方向向上（冲顶模式），因此实际交易动作是二卖（笔方向向上时优先卖点）,52.91,60.88,63.69,-0.3625,-0.2934,否
2026-05-14 16:21:55,二卖,否,警戒,600536,中国软件,39.95,安全,二卖+二买,向上,无信号,客观缠论信号为二卖、二买，60分钟笔方向向上（冲顶模式），因此实际交易动作是二卖（笔方向向上时优先卖点）,40.30,37.21,41.97,-0.3686,-0.3629,否
2026-05-14 16:21:55,观望,否,警戒,600598,北大荒,16.54,安全,二买,向上,无信号,客观缠论信号为二买，60分钟笔方向向上，中枢震荡，观望,15.69,15.69,16.89,-0.0460,-0.0387,否
2026-05-14 16:21:55,二卖,否,警戒,600764,中国海防,23.43,安全,二卖+二买,向上,无信号,客观缠论信号为二卖、二买，60分钟笔方向向上（冲顶模式），因此实际交易动作是二卖（笔方向向上时优先卖点）,23.30,23.71,24.09,-0.1640,-0.1549,否
2026-05-14 16:21:55,观望,否,警戒,603049,中策橡胶,47.40,安全,二卖,向下,无信号,客观缠论信号为二卖，60分钟笔方向向下，中枢震荡，观望,45.66,46.98,48.70,-0.2299,-0.2226,否
2026-05-14 16:21:55,二卖,否,警戒,000739,普洛药业,17.31,安全,二卖+二买,向上,底背驰,客观缠论信号为二卖、二买，60分钟笔方向向上（冲顶模式），因此实际交易动作是二卖（笔方向向上时优先卖点）,17.28,17.24,17.90,-0.1879,-0.1856,否
2026-05-14 16:21:55,观望,否,警戒,001391,国货航,5.50,安全,二买,向上,无信号,客观缠论信号为二买，60分钟笔方向向上，中枢震荡，观望,5.66,5.28,5.37,0.0606,0.0562,否
2026-05-14 16:21:55,二卖,否,警戒,002044,美年健康,6.13,安全,二卖,向上,无信号,客观缠论信号为二卖，60分钟笔方向向上（冲顶模式），因此实际交易动作是二卖（笔方向向上时优先卖点）,5.14,5.52,6.38,0.0193,0.0139,否
2026-05-14 16:21:55,观望,否,警戒,300146,汤臣倍健,10.31,日线破位,二卖,向下,无信号,客观缠论信号为二卖，60分钟笔方向向下，中枢震荡，观望,10.71,10.73,10.59,-0.0464,-0.0454,否
2026-05-14 16:21:55,二卖,否,警戒,600547,山东黄金,33.59,安全,二卖,向上,无信号,客观缠论信号为二卖，60分钟笔方向向上（冲顶模式），因此实际交易动作是二卖（笔方向向上时优先卖点）,31.33,34.33,35.47,-0.2470,-0.2325,否
2026-05-14 16:21:55,二卖,否,警戒,601628,中国人寿,35.99,日线破位,二卖,向上,无信号,客观缠论信号为二卖，60分钟笔方向向上（冲顶模式），因此实际交易动作是二卖（笔方向向上时优先卖点）,39.07,37.11,36.55,-0.1494,-0.1835,否
2026-05-14 16:21:55,二卖,否,警戒,601696,中银证券,12.36,安全,二卖+二买,向上,无信号,客观缠论信号为二卖、二买，60分钟笔方向向上（冲顶模式），因此实际交易动作是二卖（笔方向向上时优先卖点）,12.04,12.34,12.38,-0.0492,-0.0400,否
2026-05-14 16:21:55,观望,否,警戒,603529,爱玛科技,22.24,日线破位,无信号,向下,无信号,客观缠论信号为无信号，60分钟笔方向向下，中枢震荡，观望,28.33,28.28,23.46,-0.1074,-0.1266,否

2026-05-15 10:04:32,观望,是,警戒,603317,天味食品,16.03,安全,二买,向上,无信号,客观缠论信号为二买，60分钟笔方向向上，中枢震荡，观望,12.56,12.98,16.31,-0.0054,0.0109,否
2026-05-15 10:04:32,二卖,是,警戒,688981,中芯国际,119.41,安全,二卖,向上,无信号,客观缠论信号为二卖，60分钟笔方向向上（冲顶模式），因此实际交易动作是二卖（笔方向向上时优先卖点）,115.74,113.50,124.04,-0.1970,-0.3642,否
2026-05-15 10:04:32,二买,是,警戒,000333,美的集团,83.19,安全,二买,向下,无信号,客观缠论信号为二买，60分钟笔方向向下（寻底模式），因此实际交易动作是二买（笔方向向下时优先买点）,79.17,78.91,80.98,0.5156,0.3932,否
2026-05-15 10:04:32,观望,是,警戒,000429,粤高速A,12.97,安全,二买,向上,无信号,客观缠论信号为二买，60分钟笔方向向上，中枢震荡，观望,12.70,12.48,13.12,-0.0342,-0.0076,否
2026-05-15 10:04:32,二卖,是,警戒,300418,昆仑万维,49.20,安全,二卖,向上,无信号,客观缠论信号为二卖，60分钟笔方向向上（冲顶模式），因此实际交易动作是二卖（笔方向向上时优先卖点）,44.10,49.25,52.22,-0.7568,-0.6930,否
2026-05-15 10:04:32,观望,是,警戒,hk01810,小米集团,31.10,安全,二买,向上,无信号,客观缠论信号为二买，60分钟笔方向向上，中枢震荡，观望,32.78,30.26,32.00,-0.1093,-0.0026,否
2026-05-15 10:04:32,二卖,是,警戒,513130,恒生科技ETF,0.62,安全,二卖,向上,无信号,客观缠论信号为二卖，60分钟笔方向向上（冲顶模式），因此实际交易动作是二卖（笔方向向上时优先卖点）,0.61,0.63,0.64,-0.0016,0.0001,否
2026-05-15 10:04:32,一卖,否,警戒,sh000001,上证指数,4139.76,安全,一卖+二买,向上,无信号,客观缠论信号为一卖、二买，60分钟笔方向向上（冲顶模式），因此实际交易动作是一卖（趋势顶背驰卖出）,4101.83,4079.77,4092.83,-13.2557,-6.0109,否
2026-05-15 10:04:32,观望,否,警戒,510300,沪深300ETF,4.88,安全,二买,向上,无信号,客观缠论信号为二买，60分钟笔方向向上，中枢震荡，观望,4.68,4.75,4.99,-0.0130,-0.0042,否
2026-05-15 10:04:32,观望,否,警戒,588000,科创50ETF,1.77,安全,二买,向上,无信号,客观缠论信号为二买，60分钟笔方向向上，中枢震荡，观望,1.55,1.55,1.82,-0.0057,0.0030,否
2026-05-15 10:04:32,二卖,否,警戒,512400,有色金属ETF,2.06,日线破位,二卖,向上,无信号,客观缠论信号为二卖，60分钟笔方向向上（冲顶模式），因此实际交易动作是二卖（笔方向向上时优先卖点）,2.11,2.10,2.15,-0.0232,-0.0148,否
2026-05-15 10:04:32,观望,否,警戒,512690,酒ETF,0.46,日线破位,二卖,向下,无信号,客观缠论信号为二卖，60分钟笔方向向下，中枢震荡，观望,0.48,0.48,0.48,-0.0005,-0.0003,否
2026-05-15 10:04:32,二买,否,警戒,159227,航空航天ETF,1.29,安全,二买,向下,无信号,客观缠论信号为二买，60分钟笔方向向下（寻底模式），因此实际交易动作是二买（笔方向向下时优先买点）,1.23,1.30,1.33,-0.0142,-0.0108,否
2026-05-15 10:04:32,二卖,否,警戒,159992,创新药ETF,0.81,安全,一卖+二卖+二买,向上,无信号,客观缠论信号为一卖、二卖、二买，60分钟笔方向向上（冲顶模式），因此实际交易动作是二卖（笔方向向上时优先卖点）,0.79,0.77,0.83,-0.0052,-0.0053,否
2026-05-15 10:04:32,二卖,否,警戒,515050,通信ETF,1.09,安全,二卖,向上,无信号,客观缠论信号为二卖，60分钟笔方向向上（冲顶模式），因此实际交易动作是二卖（笔方向向上时优先卖点）,1.08,1.48,2.40,-0.1553,-0.2082,否
2026-05-15 10:04:32,观望,否,警戒,159915,创业板ETF,3.90,安全,二买,向上,无信号,客观缠论信号为二买，60分钟笔方向向上，中枢震荡，观望,3.25,3.27,3.97,-0.0060,0.0054,否
2026-05-15 10:04:32,一卖,否,警戒,588200,科创芯片ETF,3.38,安全,一卖,向上,无信号,客观缠论信号为一卖，60分钟笔方向向上（冲顶模式），因此实际交易动作是一卖（趋势顶背驰卖出）,2.41,2.65,3.34,-0.0072,0.0115,否
2026-05-15 10:04:32,二卖,否,警戒,159755,电池ETF,1.17,安全,二卖,向上,无信号,客观缠论信号为二卖，60分钟笔方向向上（冲顶模式），因此实际交易动作是二卖（笔方向向上时优先卖点）,1.03,1.17,1.22,-0.0067,-0.0048,否
2026-05-15 10:04:32,二卖,否,警戒,159899,软件ETF,0.84,安全,二卖,向上,无信号,客观缠论信号为二卖，60分钟笔方向向上（冲顶模式），因此实际交易动作是二卖（笔方向向上时优先卖点）,0.81,0.83,0.84,-0.0066,-0.0053,否
2026-05-15 10:04:32,二卖,否,警戒,513360,教育ETF,0.49,安全,二卖,向上,无信号,客观缠论信号为二卖，60分钟笔方向向上（冲顶模式），因此实际交易动作是二卖（笔方向向上时优先卖点）,0.49,0.49,0.50,-0.0012,-0.0010,否
2026-05-15 10:04:32,观望,否,警戒,515790,光伏ETF,1.08,安全,二买,向上,无信号,客观缠论信号为二买，60分钟笔方向向上，中枢震荡，观望,1.08,1.10,1.13,-0.0064,0.0002,否
2026-05-15 10:04:32,二卖,否,警戒,600938,中国海油,36.01,安全,二卖,向上,无信号,客观缠论信号为二卖，60分钟笔方向向上（冲顶模式），因此实际交易动作是二卖（笔方向向上时优先卖点）,34.06,35.29,36.28,-0.0577,-0.0471,否
2026-05-15 10:04:32,观望,否,警戒,601668,中国建筑,4.96,安全,二买,向上,无信号,客观缠论信号为二买，60分钟笔方向向上，中枢震荡，观望,4.88,4.91,4.95,-0.0054,-0.0047,否
2026-05-15 10:04:32,二卖,否,警戒,601288,农业银行,6.77,安全,二卖,向上,无信号,客观缠论信号为二卖，60分钟笔方向向上（冲顶模式），因此实际交易动作是二卖（笔方向向上时优先卖点）,6.53,6.53,6.83,0.0064,0.0095,否
2026-05-15 10:04:32,二买,否,警戒,601728,中国电信,6.42,安全,二买,向下,无信号,客观缠论信号为二买，60分钟笔方向向下（寻底模式），因此实际交易动作是二买（笔方向向下时优先买点）,6.24,5.91,6.11,0.0467,0.0345,否
2026-05-15 10:04:32,观望,否,警戒,600276,恒瑞医药,55.08,安全,二买,向上,底背驰,客观缠论信号为二买，60分钟笔方向向上，中枢震荡，观望,52.67,52.41,54.43,-0.1594,-0.1571,否
2026-05-15 10:04:32,二卖,否,警戒,600177,雅戈尔,7.67,安全,二卖+二买,向上,无信号,客观缠论信号为二卖、二买，60分钟笔方向向上（冲顶模式），因此实际交易动作是二卖（笔方向向上时优先卖点）,7.50,7.63,7.88,-0.0160,-0.0160,否
2026-05-15 10:04:32,观望,否,警戒,600887,伊利股份,27.94,安全,二卖,向下,无信号,客观缠论信号为二卖，60分钟笔方向向下，中枢震荡，观望,27.75,27.36,27.98,0.0162,-0.0118,否
2026-05-15 10:04:32,二买,否,警戒,601138,工业富联,68.67,安全,二买,向下,无信号,客观缠论信号为二买，60分钟笔方向向下（寻底模式），因此实际交易动作是二买（笔方向向下时优先买点）,64.65,63.20,66.91,0.1275,0.2253,否
2026-05-15 10:04:32,一卖,否,警戒,688041,海光信息,307.99,安全,一卖+二买,向上,无信号,客观缠论信号为一卖、二买，60分钟笔方向向上（冲顶模式），因此实际交易动作是一卖（趋势顶背驰卖出）,246.00,320.01,355.50,-6.2534,-4.1153,否
2026-05-15 10:04:32,观望,否,警戒,601225,陕西煤业,23.77,安全,二卖,向下,无信号,客观缠论信号为二卖，60分钟笔方向向下，中枢震荡，观望,22.32,22.30,24.11,-0.0340,-0.0631,否
2026-05-15 10:04:32,观望,否,警戒,600900,长江电力,26.95,安全,二卖,向下,底背驰,客观缠论信号为二卖，60分钟笔方向向下，中枢震荡，观望,26.66,26.90,27.10,-0.0287,-0.0299,否
2026-05-15 10:04:32,观望,否,警戒,600660,福耀玻璃,56.24,日线破位,无信号,向下,无信号,客观缠论信号为无信号，60分钟笔方向向下，中枢震荡，观望,56.46,56.55,58.18,-0.3130,-0.3108,否
2026-05-15 10:04:32,观望,否,警戒,002507,涪陵榨菜,12.09,日线破位,二卖,向下,无信号,客观缠论信号为二卖，60分钟笔方向向下，中枢震荡，观望,12.23,12.28,12.40,-0.0419,-0.0446,否
2026-05-15 10:04:32,一卖,否,警戒,000338,潍柴动力,34.40,安全,一卖,向上,无信号,客观缠论信号为一卖，60分钟笔方向向上（冲顶模式），因此实际交易动作是一卖（趋势顶背驰卖出）,25.92,23.75,33.85,0.0912,0.1988,否
2026-05-15 10:04:32,观望,否,警戒,000538,云南白药,51.34,日线破位,二卖,向下,无信号,客观缠论信号为二卖，60分钟笔方向向下，中枢震荡，观望,55.40,54.40,52.89,-0.1085,-0.1176,否
2026-05-15 10:04:32,二卖,否,警戒,000858,五粮液,87.28,日线破位,二卖,向上,无信号,客观缠论信号为二卖，60分钟笔方向向上（冲顶模式），因此实际交易动作是二卖（笔方向向上时优先卖点）,101.59,101.08,91.95,-0.3599,-0.2939,否
2026-05-15 10:04:32,观望,否,警戒,000423,东阿阿胶,53.23,安全,二卖,向下,无信号,客观缠论信号为二卖，60分钟笔方向向下，中枢震荡，观望,52.11,52.42,53.53,0.0831,0.0873,否
2026-05-15 10:04:32,二卖,否,警戒,000001,平安银行,11.10,安全,二卖,向上,底背驰,客观缠论信号为二卖，60分钟笔方向向上（冲顶模式），因此实际交易动作是二卖（笔方向向上时优先卖点）,10.67,11.03,11.16,-0.0258,-0.0264,否
2026-05-15 10:04:32,二卖,否,警戒,000651,格力电器,40.68,安全,二卖+二买,向上,底背驰,客观缠论信号为二卖、二买，60分钟笔方向向上（冲顶模式），因此实际交易动作是二卖（笔方向向上时优先卖点）,40.00,39.51,40.57,0.0336,0.0081,否
2026-05-15 10:04:32,二买,否,警戒,000895,双汇发展,26.77,安全,二卖+二买,向下,无信号,客观缠论信号为二卖、二买，60分钟笔方向向下（寻底模式），因此实际交易动作是二买（笔方向向下时优先买点）,26.66,26.51,27.43,-0.0016,0.0017,否
2026-05-15 10:04:32,二卖,否,警戒,002415,海康威视,33.46,安全,二卖,向上,底背驰,客观缠论信号为二卖，60分钟笔方向向上（冲顶模式），因此实际交易动作是二卖（笔方向向上时优先卖点）,31.96,33.30,33.87,-0.2198,-0.2187,否
2026-05-15 10:04:32,观望,否,警戒,hk03690,美团,83.75,安全,二买,向上,无信号,客观缠论信号为二买，60分钟笔方向向上，中枢震荡，观望,83.75,82.15,85.10,-0.6456,-0.3633,否
2026-05-15 10:04:32,观望,否,警戒,hk03896,金山云,8.22,安全,无信号,向上,无信号,客观缠论信号为无信号，60分钟笔方向向上，中枢震荡，观望,7.86,7.78,8.39,0.0055,0.0549,否
2026-05-15 10:04:32,观望,否,警戒,hk00700,腾讯,460.80,日线破位,无信号,向上,无信号,客观缠论信号为无信号，60分钟笔方向向上，中枢震荡，观望,494.60,486.20,469.00,-1.1440,-0.7877,否
2026-05-15 10:04:32,观望,否,警戒,hk09988,阿里巴巴,134.90,安全,无信号,向上,无信号,客观缠论信号为无信号，60分钟笔方向向上，中枢震荡，观望,129.60,130.30,134.20,0.1219,0.7624,否
2026-05-15 10:04:32,二卖,否,警戒,hk01024,快手,49.84,安全,二卖,向上,无信号,客观缠论信号为二卖，60分钟笔方向向上（冲顶模式），因此实际交易动作是二卖（笔方向向上时优先卖点）,51.00,43.00,54.40,-0.3164,-0.2247,否
2026-05-15 10:04:32,观望,否,警戒,hk06618,京东健康,46.28,安全,二买,向上,无信号,客观缠论信号为二买，60分钟笔方向向上，中枢震荡，观望,46.16,46.10,46.88,-0.1993,0.0922,否
2026-05-15 10:04:32,二买,否,警戒,hk06862,海底捞,14.76,安全,二买,向下,无信号,客观缠论信号为二买，60分钟笔方向向下（寻底模式），因此实际交易动作是二买（笔方向向下时优先买点）,14.62,14.16,15.05,-0.0322,-0.0196,否
2026-05-15 10:04:32,二卖,否,警戒,000800,一汽解放,6.33,日线破位,二卖,向上,无信号,客观缠论信号为二卖，60分钟笔方向向上（冲顶模式），因此实际交易动作是二卖（笔方向向上时优先卖点）,6.63,6.46,6.64,-0.0306,-0.0245,否
2026-05-15 10:04:32,二卖,否,警戒,002312,川发龙蟒,10.52,安全,二卖,向上,底背驰,客观缠论信号为二卖，60分钟笔方向向上（冲顶模式），因此实际交易动作是二卖（笔方向向上时优先卖点）,10.45,10.34,10.82,-0.0668,-0.0785,否
2026-05-15 10:04:32,二卖,否,警戒,300037,新宙邦,63.56,安全,二卖,向上,无信号,客观缠论信号为二卖，60分钟笔方向向上（冲顶模式），因此实际交易动作是二卖（笔方向向上时优先卖点）,52.91,60.88,63.69,-0.3247,-0.3087,否
2026-05-15 10:04:32,二卖,否,警戒,600536,中国软件,39.95,安全,二卖+二买,向上,无信号,客观缠论信号为二卖、二买，60分钟笔方向向上（冲顶模式），因此实际交易动作是二卖（笔方向向上时优先卖点）,40.30,37.21,41.97,-0.3432,-0.3560,否
2026-05-15 10:04:32,观望,否,警戒,600598,北大荒,16.19,安全,二买,向上,无信号,客观缠论信号为二买，60分钟笔方向向上，中枢震荡，观望,15.69,15.69,16.89,-0.0947,-0.0547,否
2026-05-15 10:04:32,二卖,否,警戒,600764,中国海防,23.37,安全,二卖+二买,向上,无信号,客观缠论信号为二卖、二买，60分钟笔方向向上（冲顶模式），因此实际交易动作是二卖（笔方向向上时优先卖点）,23.30,23.71,24.09,-0.1646,-0.1578,否
2026-05-15 10:04:32,观望,否,警戒,603049,中策橡胶,47.29,安全,二卖,向下,无信号,客观缠论信号为二卖，60分钟笔方向向下，中枢震荡，观望,45.66,46.98,48.70,-0.2356,-0.2261,否
2026-05-15 10:04:32,二卖,否,警戒,000739,普洛药业,17.32,安全,二卖+二买,向上,底背驰,客观缠论信号为二卖、二买，60分钟笔方向向上（冲顶模式），因此实际交易动作是二卖（笔方向向上时优先卖点）,17.28,17.24,17.90,-0.1881,-0.1874,否
2026-05-15 10:04:32,观望,否,警戒,001391,国货航,5.41,安全,二买,向上,无信号,客观缠论信号为二买，60分钟笔方向向上，中枢震荡，观望,5.66,5.28,5.37,0.0405,0.0520,否
2026-05-15 10:04:32,二卖,否,警戒,002044,美年健康,6.11,安全,二卖,向上,无信号,客观缠论信号为二卖，60分钟笔方向向上（冲顶模式），因此实际交易动作是二卖（笔方向向上时优先卖点）,5.14,5.52,6.38,0.0119,0.0139,否
2026-05-15 10:04:32,观望,否,警戒,300146,汤臣倍健,10.28,日线破位,二卖,向下,无信号,客观缠论信号为二卖，60分钟笔方向向下，中枢震荡，观望,10.71,10.73,10.59,-0.0498,-0.0465,否
2026-05-15 10:04:32,二卖,否,警戒,600547,山东黄金,32.17,安全,二卖,向上,无信号,客观缠论信号为二卖，60分钟笔方向向上（冲顶模式），因此实际交易动作是二卖（笔方向向上时优先卖点）,31.33,34.33,35.47,-0.4395,-0.2914,否
2026-05-15 10:04:32,二卖,否,警戒,601628,中国人寿,36.05,日线破位,二卖,向上,无信号,客观缠论信号为二卖，60分钟笔方向向上（冲顶模式），因此实际交易动作是二卖（笔方向向上时优先卖点）,39.07,37.11,36.55,-0.1557,-0.1743,否
2026-05-15 10:04:32,二卖,否,警戒,601696,中银证券,12.19,安全,二卖+二买,向上,无信号,客观缠论信号为二卖、二买，60分钟笔方向向上（冲顶模式），因此实际交易动作是二卖（笔方向向上时优先卖点）,12.04,12.34,12.38,-0.0793,-0.0519,否
2026-05-15 10:04:32,观望,否,警戒,603529,爱玛科技,22.20,日线破位,无信号,向下,无信号,客观缠论信号为无信号，60分钟笔方向向下，中枢震荡，观望,28.33,28.28,23.46,-0.1023,-0.1182,否
2026-05-15 10:04:32,观望,否,警戒,600021,上海电力,16.97,日线破位,二买+三买,向上,无信号,客观缠论信号为二买、三买，60分钟笔方向向上，中枢震荡，观望,18.15,17.63,17.42,-0.2177,-0.1431,否
2026-05-15 10:04:32,观望,否,警戒,600895,张江高科,35.28,安全,二卖,向下,无信号,客观缠论信号为二卖，60分钟笔方向向下，中枢震荡，观望,33.37,34.05,36.20,-0.3331,-0.3247,否

2026-05-15 10:21:31,观望,是,警戒,603317,天味食品,16.09,安全,二买,向上,无信号,客观缠论信号为二买，60分钟笔方向向上，中枢震荡，观望,12.56,12.98,16.31,-0.0077,0.0072,否
2026-05-15 10:21:31,二卖,是,警戒,688981,中芯国际,119.44,安全,二卖,向上,无信号,客观缠论信号为二卖，60分钟笔方向向上（冲顶模式），因此实际交易动作是二卖（笔方向向上时优先卖点）,115.74,113.50,124.04,-0.1658,-0.3246,否
2026-05-15 10:21:31,二买,是,警戒,000333,美的集团,82.81,安全,二买,向下,无信号,客观缠论信号为二买，60分钟笔方向向下（寻底模式），因此实际交易动作是二买（笔方向向下时优先买点）,79.17,78.91,80.98,0.5399,0.4226,否
2026-05-15 10:21:31,观望,是,警戒,000429,粤高速A,13.01,安全,二买,向上,无信号,客观缠论信号为二买，60分钟笔方向向上，中枢震荡，观望,12.70,12.48,13.12,-0.0367,-0.0134,否
2026-05-15 10:21:31,二卖,是,警戒,300418,昆仑万维,50.19,安全,二卖,向上,无信号,客观缠论信号为二卖，60分钟笔方向向上（冲顶模式），因此实际交易动作是二卖（笔方向向上时优先卖点）,44.10,49.25,52.22,-0.6832,-0.6911,否
2026-05-15 10:21:31,观望,是,警戒,hk01810,小米集团,31.10,安全,二买,向上,无信号,客观缠论信号为二买，60分钟笔方向向上，中枢震荡，观望,32.78,30.26,32.00,-0.1521,-0.0325,否
2026-05-15 10:21:31,二卖,是,警戒,513130,恒生科技ETF,0.62,安全,二卖,向上,无信号,客观缠论信号为二卖，60分钟笔方向向上（冲顶模式），因此实际交易动作是二卖（笔方向向上时优先卖点）,0.61,0.63,0.64,-0.0023,-0.0004,否
2026-05-15 10:21:31,一卖,否,警戒,sh000001,上证指数,4139.76,安全,一卖+二买,向上,无信号,客观缠论信号为一卖、二买，60分钟笔方向向上（冲顶模式），因此实际交易动作是一卖（趋势顶背驰卖出）,4101.83,4079.77,4092.83,-13.2557,-6.0109,否
2026-05-15 10:21:31,观望,否,警戒,510300,沪深300ETF,4.90,安全,二买,向上,无信号,客观缠论信号为二买，60分钟笔方向向上，中枢震荡，观望,4.68,4.75,4.99,-0.0159,-0.0065,否
2026-05-15 10:21:31,观望,否,警戒,588000,科创50ETF,1.78,安全,二买,向上,无信号,客观缠论信号为二买，60分钟笔方向向上，中枢震荡，观望,1.55,1.55,1.82,-0.0084,0.0007,否
2026-05-15 10:21:31,二卖,否,警戒,512400,有色金属ETF,2.06,日线破位,二卖,向上,无信号,客观缠论信号为二卖，60分钟笔方向向上（冲顶模式），因此实际交易动作是二卖（笔方向向上时优先卖点）,2.11,2.10,2.15,-0.0268,-0.0172,否
2026-05-15 10:21:31,观望,否,警戒,512690,酒ETF,0.46,日线破位,二卖,向下,无信号,客观缠论信号为二卖，60分钟笔方向向下，中枢震荡，观望,0.48,0.48,0.48,-0.0008,-0.0004,否
2026-05-15 10:21:31,二买,否,警戒,159227,航空航天ETF,1.30,安全,二买,向下,无信号,客观缠论信号为二买，60分钟笔方向向下（寻底模式），因此实际交易动作是二买（笔方向向下时优先买点）,1.23,1.30,1.33,-0.0150,-0.0117,否
2026-05-15 10:21:31,二卖,否,警戒,159992,创新药ETF,0.80,安全,一卖+二卖+二买,向上,无信号,客观缠论信号为一卖、二卖、二买，60分钟笔方向向上（冲顶模式），因此实际交易动作是二卖（笔方向向上时优先卖点）,0.79,0.77,0.83,-0.0053,-0.0053,否
2026-05-15 10:21:31,二卖,否,警戒,515050,通信ETF,1.12,安全,二卖,向上,无信号,客观缠论信号为二卖，60分钟笔方向向上（冲顶模式），因此实际交易动作是二卖（笔方向向上时优先卖点）,1.08,1.48,2.40,-0.1454,-0.1956,否
2026-05-15 10:21:31,观望,否,警戒,159915,创业板ETF,3.93,安全,二买,向上,无信号,客观缠论信号为二买，60分钟笔方向向上，中枢震荡，观望,3.25,3.27,3.97,-0.0091,0.0025,否
2026-05-15 10:21:31,一卖,否,警戒,588200,科创芯片ETF,3.42,安全,一卖,向上,无信号,客观缠论信号为一卖，60分钟笔方向向上（冲顶模式），因此实际交易动作是一卖（趋势顶背驰卖出）,2.41,2.65,3.34,-0.0131,0.0065,否
2026-05-15 10:21:31,二卖,否,警戒,159755,电池ETF,1.17,安全,二卖,向上,无信号,客观缠论信号为二卖，60分钟笔方向向上（冲顶模式），因此实际交易动作是二卖（笔方向向上时优先卖点）,1.03,1.17,1.22,-0.0078,-0.0054,否
2026-05-15 10:21:31,二卖,否,警戒,159899,软件ETF,0.84,安全,二卖,向上,无信号,客观缠论信号为二卖，60分钟笔方向向上（冲顶模式），因此实际交易动作是二卖（笔方向向上时优先卖点）,0.81,0.83,0.84,-0.0066,-0.0056,否
2026-05-15 10:21:31,二卖,否,警戒,513360,教育ETF,0.49,安全,二卖,向上,无信号,客观缠论信号为二卖，60分钟笔方向向上（冲顶模式），因此实际交易动作是二卖（笔方向向上时优先卖点）,0.49,0.49,0.50,-0.0013,-0.0011,否
2026-05-15 10:21:31,观望,否,警戒,515790,光伏ETF,1.09,安全,二买,向上,无信号,客观缠论信号为二买，60分钟笔方向向上，中枢震荡，观望,1.08,1.10,1.13,-0.0092,-0.0017,否
2026-05-15 10:21:31,二卖,否,警戒,600938,中国海油,36.27,安全,二卖,向上,底背驰,客观缠论信号为二卖，60分钟笔方向向上（冲顶模式），因此实际交易动作是二卖（笔方向向上时优先卖点）,34.06,35.29,36.28,-0.0365,-0.0450,否
2026-05-15 10:21:31,观望,否,警戒,601668,中国建筑,4.94,安全,二买,向上,底背驰,客观缠论信号为二买，60分钟笔方向向上，中枢震荡，观望,4.88,4.91,4.95,-0.0059,-0.0049,否
2026-05-15 10:21:31,二卖,否,警戒,601288,农业银行,6.73,安全,二卖,向上,无信号,客观缠论信号为二卖，60分钟笔方向向上（冲顶模式），因此实际交易动作是二卖（笔方向向上时优先卖点）,6.53,6.53,6.83,0.0036,0.0083,否
2026-05-15 10:21:31,二买,否,警戒,601728,中国电信,6.36,安全,二买,向下,无信号,客观缠论信号为二买，60分钟笔方向向下（寻底模式），因此实际交易动作是二买（笔方向向下时优先买点）,6.24,5.91,6.11,0.0482,0.0373,否
2026-05-15 10:21:31,观望,否,警戒,600276,恒瑞医药,54.76,安全,二买,向上,底背驰,客观缠论信号为二买，60分钟笔方向向上，中枢震荡，观望,52.67,52.41,54.43,-0.1511,-0.1559,否
2026-05-15 10:21:31,二卖,否,警戒,600177,雅戈尔,7.67,安全,二卖+二买,向上,无信号,客观缠论信号为二卖、二买，60分钟笔方向向上（冲顶模式），因此实际交易动作是二卖（笔方向向上时优先卖点）,7.50,7.63,7.88,-0.0159,-0.0160,否
2026-05-15 10:21:31,观望,否,警戒,600887,伊利股份,27.84,安全,二卖,向下,无信号,客观缠论信号为二卖，60分钟笔方向向下，中枢震荡，观望,27.75,27.36,27.98,0.0159,-0.0063,否
2026-05-15 10:21:31,二买,否,警戒,601138,工业富联,70.51,安全,二买,向下,无信号,客观缠论信号为二买，60分钟笔方向向下（寻底模式），因此实际交易动作是二买（笔方向向下时优先买点）,64.65,63.20,66.91,0.2441,0.2291,否
2026-05-15 10:21:31,一卖,否,警戒,688041,海光信息,309.16,安全,一卖+二买,向上,无信号,客观缠论信号为一卖、二买，60分钟笔方向向上（冲顶模式），因此实际交易动作是一卖（趋势顶背驰卖出）,246.00,320.01,355.50,-7.0292,-4.6981,否
2026-05-15 10:21:31,观望,否,警戒,601225,陕西煤业,23.74,安全,二卖,向下,无信号,客观缠论信号为二卖，60分钟笔方向向下，中枢震荡，观望,22.32,22.30,24.11,-0.0111,-0.0527,否
2026-05-15 10:21:31,观望,否,警戒,600900,长江电力,26.91,安全,二卖,向下,底背驰,客观缠论信号为二卖，60分钟笔方向向下，中枢震荡，观望,26.66,26.90,27.10,-0.0278,-0.0295,否
2026-05-15 10:21:31,观望,否,警戒,600660,福耀玻璃,56.10,日线破位,无信号,向下,无信号,客观缠论信号为无信号，60分钟笔方向向下，中枢震荡，观望,56.46,56.55,58.18,-0.3407,-0.3168,否
2026-05-15 10:21:31,观望,否,警戒,002507,涪陵榨菜,12.09,日线破位,二卖,向下,无信号,客观缠论信号为二卖，60分钟笔方向向下，中枢震荡，观望,12.23,12.28,12.40,-0.0400,-0.0437,否
2026-05-15 10:21:31,一卖,否,警戒,000338,潍柴动力,35.20,安全,一卖,向上,无信号,客观缠论信号为一卖，60分钟笔方向向上（冲顶模式），因此实际交易动作是一卖（趋势顶背驰卖出）,25.92,23.75,33.85,0.1455,0.1881,否
2026-05-15 10:21:31,观望,否,警戒,000538,云南白药,51.28,日线破位,二卖,向下,无信号,客观缠论信号为二卖，60分钟笔方向向下，中枢震荡，观望,55.40,54.40,52.89,-0.1189,-0.1178,否
2026-05-15 10:21:31,二卖,否,警戒,000858,五粮液,87.13,日线破位,二卖,向上,无信号,客观缠论信号为二卖，60分钟笔方向向上（冲顶模式），因此实际交易动作是二卖（笔方向向上时优先卖点）,101.59,101.08,91.95,-0.4338,-0.3219,否
2026-05-15 10:21:31,观望,否,警戒,000423,东阿阿胶,53.21,安全,二卖,向下,无信号,客观缠论信号为二卖，60分钟笔方向向下，中枢震荡，观望,52.11,52.42,53.53,0.0709,0.0840,否
2026-05-15 10:21:31,二卖,否,警戒,000001,平安银行,11.07,安全,二卖,向上,底背驰,客观缠论信号为二卖，60分钟笔方向向上（冲顶模式），因此实际交易动作是二卖（笔方向向上时优先卖点）,10.67,11.03,11.16,-0.0253,-0.0262,否
2026-05-15 10:21:31,二卖,否,警戒,000651,格力电器,40.50,安全,二卖+二买,向上,底背驰,客观缠论信号为二卖、二买，60分钟笔方向向上（冲顶模式），因此实际交易动作是二卖（笔方向向上时优先卖点）,40.00,39.51,40.57,0.0404,0.0145,否
2026-05-15 10:21:31,二买,否,警戒,000895,双汇发展,26.83,安全,二卖+二买,向下,无信号,客观缠论信号为二卖、二买，60分钟笔方向向下（寻底模式），因此实际交易动作是二买（笔方向向下时优先买点）,26.66,26.51,27.43,0.0025,0.0018,否
2026-05-15 10:21:31,二卖,否,警戒,002415,海康威视,33.61,安全,二卖,向上,底背驰,客观缠论信号为二卖，60分钟笔方向向上（冲顶模式），因此实际交易动作是二卖（笔方向向上时优先卖点）,31.96,33.30,33.87,-0.2120,-0.2174,否
2026-05-15 10:21:31,观望,否,警戒,hk03690,美团,83.75,安全,二买,向上,无信号,客观缠论信号为二买，60分钟笔方向向上，中枢震荡，观望,83.75,82.15,85.10,-0.6456,-0.3633,否
2026-05-15 10:21:31,观望,否,警戒,hk03896,金山云,8.22,安全,无信号,向上,无信号,客观缠论信号为无信号，60分钟笔方向向上，中枢震荡，观望,7.86,7.78,8.39,0.0055,0.0549,否
2026-05-15 10:21:31,观望,否,警戒,hk00700,腾讯,460.20,日线破位,无信号,向上,无信号,客观缠论信号为无信号，60分钟笔方向向上，中枢震荡，观望,494.60,486.20,469.00,-1.1343,-0.8570,否
2026-05-15 10:21:31,观望,否,警戒,hk09988,阿里巴巴,134.90,安全,无信号,向上,无信号,客观缠论信号为无信号，60分钟笔方向向上，中枢震荡，观望,129.60,130.30,134.20,-0.0952,0.5909,否
2026-05-15 10:21:31,二卖,否,警戒,hk01024,快手,49.92,安全,二卖,向上,无信号,客观缠论信号为二卖，60分钟笔方向向上（冲顶模式），因此实际交易动作是二卖（笔方向向上时优先卖点）,51.00,43.00,54.40,-0.3577,-0.2513,否
2026-05-15 10:21:31,观望,否,警戒,hk06618,京东健康,46.02,日线破位,二买,向上,无信号,客观缠论信号为二买，60分钟笔方向向上，中枢震荡，观望,46.16,46.10,46.88,-0.3438,0.0050,否
2026-05-15 10:21:31,二买,否,警戒,hk06862,海底捞,14.76,安全,二买,向下,无信号,客观缠论信号为二买，60分钟笔方向向下（寻底模式），因此实际交易动作是二买（笔方向向下时优先买点）,14.62,14.16,15.05,-0.0322,-0.0196,否
2026-05-15 10:21:31,二卖,否,警戒,000800,一汽解放,6.32,日线破位,二卖,向上,无信号,客观缠论信号为二卖，60分钟笔方向向上（冲顶模式），因此实际交易动作是二卖（笔方向向上时优先卖点）,6.63,6.46,6.64,-0.0346,-0.0265,否
2026-05-15 10:21:31,二卖,否,警戒,002312,川发龙蟒,10.48,安全,二卖,向上,底背驰,客观缠论信号为二卖，60分钟笔方向向上（冲顶模式），因此实际交易动作是二卖（笔方向向上时优先卖点）,10.45,10.34,10.82,-0.0610,-0.0750,否
2026-05-15 10:21:31,二卖,否,警戒,300037,新宙邦,62.77,安全,二卖,向上,无信号,客观缠论信号为二卖，60分钟笔方向向上（冲顶模式），因此实际交易动作是二卖（笔方向向上时优先卖点）,52.91,60.88,63.69,-0.3648,-0.3199,否
2026-05-15 10:21:31,二卖,否,警戒,600536,中国软件,40.38,安全,二卖+二买,向上,底背驰,客观缠论信号为二卖、二买，60分钟笔方向向上（冲顶模式），因此实际交易动作是二卖（笔方向向上时优先卖点）,40.30,37.21,41.97,-0.3040,-0.3456,否
2026-05-15 10:21:31,观望,否,警戒,600598,北大荒,16.07,安全,二买,向上,无信号,客观缠论信号为二买，60分钟笔方向向上，中枢震荡，观望,15.69,15.69,16.89,-0.1238,-0.0685,否
2026-05-15 10:21:31,二卖,否,警戒,600764,中国海防,23.37,安全,二卖+二买,向上,无信号,客观缠论信号为二卖、二买，60分钟笔方向向上（冲顶模式），因此实际交易动作是二卖（笔方向向上时优先卖点）,23.30,23.71,24.09,-0.1656,-0.1594,否
2026-05-15 10:21:31,观望,否,警戒,603049,中策橡胶,47.32,安全,二卖,向下,无信号,客观缠论信号为二卖，60分钟笔方向向下，中枢震荡，观望,45.66,46.98,48.70,-0.2366,-0.2282,否
2026-05-15 10:21:31,二卖,否,警戒,000739,普洛药业,17.06,日线破位,二卖+二买,向上,底背驰,客观缠论信号为二卖、二买，60分钟笔方向向上（冲顶模式），因此实际交易动作是二卖（笔方向向上时优先卖点）,17.28,17.24,17.90,-0.2023,-0.1904,否
2026-05-15 10:21:31,观望,否,警戒,001391,国货航,5.42,安全,二买,向上,无信号,客观缠论信号为二买，60分钟笔方向向上，中枢震荡，观望,5.66,5.28,5.37,0.0340,0.0484,否
2026-05-15 10:21:31,二卖,否,警戒,002044,美年健康,6.16,安全,二卖,向上,无信号,客观缠论信号为二卖，60分钟笔方向向上（冲顶模式），因此实际交易动作是二卖（笔方向向上时优先卖点）,5.14,5.52,6.38,0.0124,0.0136,否
2026-05-15 10:21:31,观望,否,警戒,300146,汤臣倍健,10.27,日线破位,二卖,向下,无信号,客观缠论信号为二卖，60分钟笔方向向下，中枢震荡，观望,10.71,10.73,10.59,-0.0524,-0.0477,否
2026-05-15 10:21:31,二卖,否,警戒,600547,山东黄金,32.25,安全,二卖,向上,无信号,客观缠论信号为二卖，60分钟笔方向向上（冲顶模式），因此实际交易动作是二卖（笔方向向上时优先卖点）,31.33,34.33,35.47,-0.5046,-0.3341,否
2026-05-15 10:21:31,二卖,否,警戒,601628,中国人寿,35.95,日线破位,二卖,向上,无信号,客观缠论信号为二卖，60分钟笔方向向上（冲顶模式），因此实际交易动作是二卖（笔方向向上时优先卖点）,39.07,37.11,36.55,-0.1580,-0.1710,否
2026-05-15 10:21:31,二卖,否,警戒,601696,中银证券,12.16,安全,二卖+二买,向上,无信号,客观缠论信号为二卖、二买，60分钟笔方向向上（冲顶模式），因此实际交易动作是二卖（笔方向向上时优先卖点）,12.04,12.34,12.38,-0.0919,-0.0599,否
2026-05-15 10:21:31,观望,否,警戒,603529,爱玛科技,22.12,日线破位,无信号,向下,无信号,客观缠论信号为无信号，60分钟笔方向向下，中枢震荡，观望,28.33,28.28,23.46,-0.1056,-0.1157,否
2026-05-15 10:21:31,观望,否,警戒,600021,上海电力,16.95,日线破位,二买+三买,向上,无信号,客观缠论信号为二买、三买，60分钟笔方向向上，中枢震荡，观望,18.15,17.63,17.42,-0.2455,-0.1636,否
2026-05-15 10:21:31,观望,否,警戒,600895,张江高科,35.25,安全,二卖,向下,无信号,客观缠论信号为二卖，60分钟笔方向向下，中枢震荡，观望,33.37,34.05,36.20,-0.3573,-0.3312,否

2026-05-15 10:47:10,观望,是,警戒,603317,天味食品,16.02,安全,二买,向上,无信号,客观缠论信号为二买，60分钟笔方向向上，中枢震荡，观望,12.56,12.98,16.31,-0.0206,-0.0019,否
2026-05-15 10:47:10,二卖,是,警戒,688981,中芯国际,120.06,安全,二卖,向上,无信号,客观缠论信号为二卖，60分钟笔方向向上（冲顶模式），因此实际交易动作是二卖（笔方向向上时优先卖点）,115.74,113.50,124.04,-0.1084,-0.2601,否
2026-05-15 10:47:10,二买,是,警戒,000333,美的集团,82.89,安全,二买,向下,无信号,客观缠论信号为二买，60分钟笔方向向下（寻底模式），因此实际交易动作是二买（笔方向向下时优先买点）,79.17,78.91,80.98,0.5674,0.4733,否
2026-05-15 10:47:10,观望,是,警戒,000429,粤高速A,12.98,安全,二买,向上,无信号,客观缠论信号为二买，60分钟笔方向向上，中枢震荡，观望,12.70,12.48,13.12,-0.0433,-0.0238,否
2026-05-15 10:47:10,观望,是,警戒,300418,昆仑万维,49.73,安全,二卖,向下,无信号,客观缠论信号为二卖，60分钟笔方向向下，中枢震荡，观望,44.10,49.25,52.22,-0.6140,-0.6676,否
2026-05-15 10:47:10,观望,是,警戒,hk01810,小米集团,31.12,安全,二买,向上,无信号,客观缠论信号为二买，60分钟笔方向向上，中枢震荡，观望,32.78,30.26,32.00,-0.2076,-0.0923,否
2026-05-15 10:47:10,二卖,是,警戒,513130,恒生科技ETF,0.62,安全,二卖,向上,无信号,客观缠论信号为二卖，60分钟笔方向向上（冲顶模式），因此实际交易动作是二卖（笔方向向上时优先卖点）,0.61,0.63,0.63,-0.0033,-0.0014,否
2026-05-15 10:47:10,一卖,否,警戒,sh000001,上证指数,4160.68,安全,一卖+二买,向上,无信号,客观缠论信号为一卖、二买，60分钟笔方向向上（冲顶模式），因此实际交易动作是一卖（趋势顶背驰卖出）,4101.83,4079.77,4092.83,-16.7230,-11.0445,否
2026-05-15 10:47:10,观望,否,警戒,510300,沪深300ETF,4.90,安全,二买,向上,无信号,客观缠论信号为二买，60分钟笔方向向上，中枢震荡，观望,4.68,4.75,4.99,-0.0194,-0.0110,否
2026-05-15 10:47:10,观望,否,警戒,588000,科创50ETF,1.81,安全,二买,向上,无信号,客观缠论信号为二买，60分钟笔方向向上，中枢震荡，观望,1.55,1.55,1.82,-0.0099,-0.0031,否
2026-05-15 10:47:10,二卖,否,警戒,512400,有色金属ETF,2.07,日线破位,二卖+三买,向上,无信号,客观缠论信号为二卖、三买，60分钟笔方向向上（冲顶模式），因此实际交易动作是二卖（笔方向向上时优先卖点）,2.11,2.10,2.15,-0.0307,-0.0218,否
2026-05-15 10:47:10,观望,否,警戒,512690,酒ETF,0.46,日线破位,二卖,向下,无信号,客观缠论信号为二卖，60分钟笔方向向下，中枢震荡，观望,0.48,0.48,0.48,-0.0014,-0.0007,否
2026-05-15 10:47:10,二买,否,警戒,159227,航空航天ETF,1.30,安全,二买,向下,无信号,客观缠论信号为二买，60分钟笔方向向下（寻底模式），因此实际交易动作是二买（笔方向向下时优先买点）,1.23,1.30,1.31,-0.0159,-0.0132,否
2026-05-15 10:47:10,二卖,否,警戒,159992,创新药ETF,0.80,安全,一卖+二卖+二买,向上,无信号,客观缠论信号为一卖、二卖、二买，60分钟笔方向向上（冲顶模式），因此实际交易动作是二卖（笔方向向上时优先卖点）,0.79,0.77,0.83,-0.0056,-0.0054,否
2026-05-15 10:47:10,二卖,否,警戒,515050,通信ETF,1.11,安全,二卖,向上,无信号,客观缠论信号为二卖，60分钟笔方向向上（冲顶模式），因此实际交易动作是二卖（笔方向向上时优先卖点）,1.08,1.48,2.40,-0.1275,-0.1725,否
2026-05-15 10:47:10,观望,否,警戒,159915,创业板ETF,3.93,安全,二买,向上,无信号,客观缠论信号为二买，60分钟笔方向向上，中枢震荡，观望,3.25,3.27,3.97,-0.0141,-0.0032,否
2026-05-15 10:47:10,一卖,否,警戒,588200,科创芯片ETF,3.47,安全,一卖,向上,无信号,客观缠论信号为一卖，60分钟笔方向向上（冲顶模式），因此实际交易动作是一卖（趋势顶背驰卖出）,2.41,2.65,3.34,-0.0162,-0.0017,否
2026-05-15 10:47:10,二卖,否,警戒,159755,电池ETF,1.17,安全,二卖,向上,无信号,客观缠论信号为二卖，60分钟笔方向向上（冲顶模式），因此实际交易动作是二卖（笔方向向上时优先卖点）,1.03,1.17,1.22,-0.0085,-0.0065,否
2026-05-15 10:47:10,二卖,否,警戒,159899,软件ETF,0.84,安全,二卖,向上,底背驰,客观缠论信号为二卖，60分钟笔方向向上（冲顶模式），因此实际交易动作是二卖（笔方向向上时优先卖点）,0.81,0.83,0.84,-0.0069,-0.0061,否
2026-05-15 10:47:10,二卖,否,警戒,513360,教育ETF,0.49,安全,二卖,向上,无信号,客观缠论信号为二卖，60分钟笔方向向上（冲顶模式），因此实际交易动作是二卖（笔方向向上时优先卖点）,0.49,0.49,0.50,-0.0014,-0.0012,否
2026-05-15 10:47:10,观望,否,警戒,515790,光伏ETF,1.09,安全,二买,向上,无信号,客观缠论信号为二买，60分钟笔方向向上，中枢震荡，观望,1.08,1.10,1.09,-0.0122,-0.0053,否
2026-05-15 10:47:10,二卖,否,警戒,600938,中国海油,36.34,安全,二卖,向上,底背驰,客观缠论信号为二卖，60分钟笔方向向上（冲顶模式），因此实际交易动作是二卖（笔方向向上时优先卖点）,34.06,35.29,36.28,0.0038,-0.0303,否
2026-05-15 10:47:10,观望,否,警戒,601668,中国建筑,4.95,安全,二买,向上,无信号,客观缠论信号为二买，60分钟笔方向向上，中枢震荡，观望,4.88,4.91,4.95,-0.0057,-0.0053,否
2026-05-15 10:47:10,二卖,否,警戒,601288,农业银行,6.71,安全,二卖,向上,无信号,客观缠论信号为二卖，60分钟笔方向向上（冲顶模式），因此实际交易动作是二卖（笔方向向上时优先卖点）,6.53,6.53,6.83,-0.0019,0.0052,否
2026-05-15 10:47:10,二买,否,警戒,601728,中国电信,6.40,安全,二买,向下,无信号,客观缠论信号为二买，60分钟笔方向向下（寻底模式），因此实际交易动作是二买（笔方向向下时优先买点）,6.24,5.91,6.11,0.0526,0.0423,否
2026-05-15 10:47:10,观望,否,警戒,600276,恒瑞医药,54.38,安全,二买,向上,底背驰,客观缠论信号为二买，60分钟笔方向向上，中枢震荡，观望,52.67,52.41,54.43,-0.1835,-0.1632,否
2026-05-15 10:47:10,二卖,否,警戒,600177,雅戈尔,7.65,安全,二卖+二买,向上,无信号,客观缠论信号为二卖、二买，60分钟笔方向向上（冲顶模式），因此实际交易动作是二卖（笔方向向上时优先卖点）,7.50,7.63,7.70,-0.0186,-0.0168,否
2026-05-15 10:47:10,观望,否,警戒,600887,伊利股份,27.90,安全,二卖,向下,无信号,客观缠论信号为二卖，60分钟笔方向向下，中枢震荡，观望,27.75,27.36,27.98,0.0209,0.0029,否
2026-05-15 10:47:10,二买,否,警戒,601138,工业富联,70.38,安全,二买,向下,无信号,客观缠论信号为二买，60分钟笔方向向下（寻底模式），因此实际交易动作是二买（笔方向向下时优先买点）,64.65,63.20,66.91,0.3780,0.2734,否
2026-05-15 10:47:10,一卖,否,警戒,688041,海光信息,307.96,安全,一卖+二买,向上,底背驰,客观缠论信号为一卖、二买，60分钟笔方向向上（冲顶模式），因此实际交易动作是一卖（趋势顶背驰卖出）,246.00,320.01,355.50,-8.1862,-5.8959,否
2026-05-15 10:47:10,观望,否,警戒,601225,陕西煤业,23.96,安全,二卖,向下,无信号,客观缠论信号为二卖，60分钟笔方向向下，中枢震荡，观望,22.32,22.30,24.11,0.0497,-0.0204,否
2026-05-15 10:47:10,观望,否,警戒,600900,长江电力,26.98,安全,二卖,向下,底背驰,客观缠论信号为二卖，60分钟笔方向向下，中枢震荡，观望,26.66,26.90,27.10,-0.0182,-0.0264,否
2026-05-15 10:47:10,观望,否,警戒,600660,福耀玻璃,56.28,日线破位,无信号,向下,无信号,客观缠论信号为无信号，60分钟笔方向向下，中枢震荡，观望,56.46,56.55,58.18,-0.3564,-0.3319,否
2026-05-15 10:47:10,观望,否,警戒,002507,涪陵榨菜,12.07,日线破位,二卖,向下,无信号,客观缠论信号为二卖，60分钟笔方向向下，中枢震荡，观望,12.23,12.28,12.40,-0.0390,-0.0421,否
2026-05-15 10:47:10,一卖,否,警戒,000338,潍柴动力,35.17,安全,一卖,向上,无信号,客观缠论信号为一卖，60分钟笔方向向上（冲顶模式），因此实际交易动作是一卖（趋势顶背驰卖出）,25.92,23.75,33.85,0.2095,0.1912,否
2026-05-15 10:47:10,二卖,否,警戒,000538,云南白药,51.19,日线破位,二卖+三卖,向上,无信号,客观缠论信号为二卖、三卖，60分钟笔方向向上（冲顶模式），因此实际交易动作是二卖（笔方向向上时优先卖点）,55.40,54.40,52.89,-0.1417,-0.1249,否
2026-05-15 10:47:10,二卖,否,警戒,000858,五粮液,87.07,日线破位,二卖,向上,无信号,客观缠论信号为二卖，60分钟笔方向向上（冲顶模式），因此实际交易动作是二卖（笔方向向上时优先卖点）,101.59,101.08,91.95,-0.5257,-0.3887,否
2026-05-15 10:47:10,观望,否,警戒,000423,东阿阿胶,52.95,安全,无信号,向上,无信号,客观缠论信号为无信号，60分钟笔方向向上，中枢震荡，观望,52.11,52.42,54.45,0.0064,0.0596,否
2026-05-15 10:47:10,二卖,否,警戒,000001,平安银行,11.04,安全,二卖,向上,底背驰,客观缠论信号为二卖，60分钟笔方向向上（冲顶模式），因此实际交易动作是二卖（笔方向向上时优先卖点）,10.67,11.03,11.16,-0.0275,-0.0265,否
2026-05-15 10:47:10,二卖,否,警戒,000651,格力电器,40.55,安全,二卖+二买,向上,底背驰,客观缠论信号为二卖、二买，60分钟笔方向向上（冲顶模式），因此实际交易动作是二卖（笔方向向上时优先卖点）,40.00,39.51,40.57,0.0525,0.0270,否
2026-05-15 10:47:10,二卖,否,警戒,000895,双汇发展,26.78,安全,二卖+二买,向上,无信号,客观缠论信号为二卖、二买，60分钟笔方向向上（冲顶模式），因此实际交易动作是二卖（笔方向向上时优先卖点）,26.66,26.51,26.98,-0.0007,0.0009,否
2026-05-15 10:47:10,二卖,否,警戒,002415,海康威视,33.77,安全,二卖,向上,底背驰,客观缠论信号为二卖，60分钟笔方向向上（冲顶模式），因此实际交易动作是二卖（笔方向向上时优先卖点）,31.96,33.30,33.87,-0.1830,-0.2085,否
2026-05-15 10:47:10,观望,否,警戒,hk03690,美团,83.40,安全,二买,向上,无信号,客观缠论信号为二买，60分钟笔方向向上，中枢震荡，观望,83.75,82.15,84.60,-0.9189,-0.6058,否
2026-05-15 10:47:10,一卖,否,警戒,hk03896,金山云,8.36,安全,一卖,向上,无信号,客观缠论信号为一卖，60分钟笔方向向上（冲顶模式），因此实际交易动作是一卖（趋势顶背驰卖出）,7.86,7.78,8.39,-0.0209,0.0202,否
2026-05-15 10:47:10,观望,否,警戒,hk00700,腾讯,460.20,日线破位,无信号,向上,无信号,客观缠论信号为无信号，60分钟笔方向向上，中枢震荡，观望,494.60,486.20,469.00,-1.1343,-0.8570,否
2026-05-15 10:47:10,观望,否,警戒,hk09988,阿里巴巴,134.90,安全,无信号,向上,无信号,客观缠论信号为无信号，60分钟笔方向向上，中枢震荡，观望,129.60,130.30,134.20,-0.0952,0.5909,否
2026-05-15 10:47:10,二卖,否,警戒,hk01024,快手,49.92,安全,二卖,向上,无信号,客观缠论信号为二卖，60分钟笔方向向上（冲顶模式），因此实际交易动作是二卖（笔方向向上时优先卖点）,51.00,43.00,54.40,-0.3577,-0.2513,否
2026-05-15 10:47:10,观望,否,警戒,hk06618,京东健康,46.02,日线破位,二买,向上,无信号,客观缠论信号为二买，60分钟笔方向向上，中枢震荡，观望,46.16,46.10,46.58,-0.3438,0.0050,否
2026-05-15 10:47:10,二卖,否,警戒,hk06862,海底捞,14.78,安全,二卖+二买,向上,无信号,客观缠论信号为二卖、二买，60分钟笔方向向上（冲顶模式），因此实际交易动作是二卖（笔方向向上时优先卖点）,14.62,14.16,14.88,-0.0496,-0.0325,否
2026-05-15 10:47:10,二卖,否,警戒,000800,一汽解放,6.33,日线破位,二卖,向上,无信号,客观缠论信号为二卖，60分钟笔方向向上（冲顶模式），因此实际交易动作是二卖（笔方向向上时优先卖点）,6.63,6.46,6.64,-0.0383,-0.0306,否
2026-05-15 10:47:10,二卖,否,警戒,002312,川发龙蟒,10.44,安全,二卖,向上,底背驰,客观缠论信号为二卖，60分钟笔方向向上（冲顶模式），因此实际交易动作是二卖（笔方向向上时优先卖点）,10.45,10.34,10.82,-0.0553,-0.0682,否
2026-05-15 10:47:10,二卖,否,警戒,300037,新宙邦,62.98,安全,二卖,向上,无信号,客观缠论信号为二卖，60分钟笔方向向上（冲顶模式），因此实际交易动作是二卖（笔方向向上时优先卖点）,52.91,60.88,63.69,-0.4235,-0.3586,否
2026-05-15 10:47:10,二卖,否,警戒,600536,中国软件,40.08,安全,二卖+二买,向上,无信号,客观缠论信号为二卖、二买，60分钟笔方向向上（冲顶模式），因此实际交易动作是二卖（笔方向向上时优先卖点）,40.30,37.21,41.97,-0.2873,-0.3267,否
2026-05-15 10:47:10,观望,否,警戒,600598,北大荒,16.14,安全,二买,向上,无信号,客观缠论信号为二买，60分钟笔方向向上，中枢震荡，观望,15.69,15.69,16.16,-0.1584,-0.0995,否
2026-05-15 10:47:10,二卖,否,警戒,600764,中国海防,23.34,安全,二卖+二买,向上,无信号,客观缠论信号为二卖、二买，60分钟笔方向向上（冲顶模式），因此实际交易动作是二卖（笔方向向上时优先卖点）,23.30,23.71,24.09,-0.1710,-0.1639,否
2026-05-15 10:47:10,观望,否,警戒,603049,中策橡胶,47.60,安全,二卖,向下,底背驰,客观缠论信号为二卖，60分钟笔方向向下，中枢震荡，观望,45.66,46.98,48.70,-0.2137,-0.2275,否
2026-05-15 10:47:10,二卖,否,警戒,000739,普洛药业,16.92,日线破位,二卖+二买,向上,底背驰,客观缠论信号为二卖、二买，60分钟笔方向向上（冲顶模式），因此实际交易动作是二卖（笔方向向上时优先卖点）,17.28,17.24,17.90,-0.2324,-0.2033,否
2026-05-15 10:47:10,观望,否,警戒,001391,国货航,5.40,安全,二买,向上,无信号,客观缠论信号为二买，60分钟笔方向向上，中枢震荡，观望,5.66,5.28,5.37,0.0218,0.0398,否
2026-05-15 10:47:10,二卖,否,警戒,002044,美年健康,6.19,安全,二卖,向上,无信号,客观缠论信号为二卖，60分钟笔方向向上（冲顶模式），因此实际交易动作是二卖（笔方向向上时优先卖点）,5.14,5.52,6.38,0.0158,0.0140,否
2026-05-15 10:47:10,观望,否,警戒,300146,汤臣倍健,10.25,日线破位,二卖,向下,无信号,客观缠论信号为二卖，60分钟笔方向向下，中枢震荡，观望,10.71,10.73,10.59,-0.0584,-0.0513,否
2026-05-15 10:47:10,二卖,否,警戒,600547,山东黄金,32.34,安全,二卖,向上,无信号,客观缠论信号为二卖，60分钟笔方向向上（冲顶模式），因此实际交易动作是二卖（笔方向向上时优先卖点）,31.33,34.33,35.47,-0.5725,-0.4164,否
2026-05-15 10:47:10,二卖,否,警戒,601628,中国人寿,35.75,日线破位,二卖,向上,无信号,客观缠论信号为二卖，60分钟笔方向向上（冲顶模式），因此实际交易动作是二卖（笔方向向上时优先卖点）,39.07,37.11,36.55,-0.1826,-0.1734,否
2026-05-15 10:47:10,二卖,否,警戒,601696,中银证券,12.16,安全,二卖+二买,向上,无信号,客观缠论信号为二卖、二买，60分钟笔方向向上（冲顶模式），因此实际交易动作是二卖（笔方向向上时优先卖点）,12.04,12.34,12.38,-0.1089,-0.0767,否
2026-05-15 10:47:10,观望,否,警戒,603529,爱玛科技,22.12,日线破位,无信号,向下,无信号,客观缠论信号为无信号，60分钟笔方向向下，中枢震荡，观望,28.33,28.28,23.46,-0.1086,-0.1133,否
2026-05-15 10:47:10,观望,否,警戒,600021,上海电力,16.93,日线破位,二买,向上,无信号,客观缠论信号为二买，60分钟笔方向向上，中枢震荡，观望,18.15,17.63,17.42,-0.2768,-0.2021,否
2026-05-15 10:47:10,观望,否,警戒,600895,张江高科,35.88,安全,二卖,向下,底背驰,客观缠论信号为二卖，60分钟笔方向向下，中枢震荡，观望,33.37,34.05,36.20,-0.3040,-0.3271,否

2026-05-15 11:06:32,观望,是,警戒,603317,天味食品,16.02,安全,二买,向上,无信号,客观缠论信号为二买，60分钟笔方向向上，中枢震荡，观望,12.56,12.98,16.31,-0.0247,-0.0065,否
2026-05-15 11:06:32,二卖,是,警戒,688981,中芯国际,124.07,安全,二卖,向上,无信号,客观缠论信号为二卖，60分钟笔方向向上（冲顶模式），因此实际交易动作是二卖（笔方向向上时优先卖点）,115.74,113.50,124.04,0.2783,-0.1524,否
2026-05-15 11:06:32,二买,是,警戒,000333,美的集团,82.76,安全,二买,向下,无信号,客观缠论信号为二买，60分钟笔方向向下（寻底模式），因此实际交易动作是二买（笔方向向下时优先买点）,79.17,78.91,80.98,0.5575,0.4901,否
2026-05-15 11:06:32,观望,是,警戒,000429,粤高速A,12.98,安全,二买,向上,无信号,客观缠论信号为二买，60分钟笔方向向上，中枢震荡，观望,12.70,12.48,13.12,-0.0449,-0.0280,否
2026-05-15 11:06:32,观望,是,警戒,300418,昆仑万维,50.35,安全,二卖,向下,无信号,客观缠论信号为二卖，60分钟笔方向向下，中枢震荡，观望,44.10,49.25,52.22,-0.5365,-0.6414,否
2026-05-15 11:06:32,观望,是,警戒,hk01810,小米集团,31.12,安全,二买,向上,无信号,客观缠论信号为二买，60分钟笔方向向上，中枢震荡，观望,32.78,30.26,32.00,-0.2076,-0.0923,否
2026-05-15 11:06:32,二卖,是,警戒,513130,恒生科技ETF,0.63,安全,二卖,向上,无信号,客观缠论信号为二卖，60分钟笔方向向上（冲顶模式），因此实际交易动作是二卖（笔方向向上时优先卖点）,0.61,0.63,0.63,-0.0033,-0.0017,否
2026-05-15 11:06:32,一卖,否,警戒,sh000001,上证指数,4160.68,安全,一卖+二买,向上,无信号,客观缠论信号为一卖、二买，60分钟笔方向向上（冲顶模式），因此实际交易动作是一卖（趋势顶背驰卖出）,4101.83,4079.77,4092.83,-16.7230,-11.0445,否
2026-05-15 11:06:32,观望,否,警戒,510300,沪深300ETF,4.92,安全,二买,向上,无信号,客观缠论信号为二买，60分钟笔方向向上，中枢震荡，观望,4.68,4.75,4.99,-0.0182,-0.0125,否
2026-05-15 11:06:32,观望,否,警戒,588000,科创50ETF,1.84,安全,二买,向上,无信号,客观缠论信号为二买，60分钟笔方向向上，中枢震荡，观望,1.55,1.55,1.82,-0.0073,-0.0040,否
2026-05-15 11:06:32,二卖,否,警戒,512400,有色金属ETF,2.08,日线破位,二卖+三买,向上,无信号,客观缠论信号为二卖、三买，60分钟笔方向向上（冲顶模式），因此实际交易动作是二卖（笔方向向上时优先卖点）,2.11,2.10,2.15,-0.0308,-0.0236,否
2026-05-15 11:06:32,观望,否,警戒,512690,酒ETF,0.46,日线破位,二卖,向下,无信号,客观缠论信号为二卖，60分钟笔方向向下，中枢震荡，观望,0.48,0.48,0.48,-0.0016,-0.0009,否
2026-05-15 11:06:32,二买,否,警戒,159227,航空航天ETF,1.30,安全,二买,向下,无信号,客观缠论信号为二买，60分钟笔方向向下（寻底模式），因此实际交易动作是二买（笔方向向下时优先买点）,1.23,1.30,1.31,-0.0154,-0.0136,否
2026-05-15 11:06:32,二卖,否,警戒,159992,创新药ETF,0.81,安全,一卖+二卖+二买,向上,底背驰,客观缠论信号为一卖、二卖、二买，60分钟笔方向向上（冲顶模式），因此实际交易动作是二卖（笔方向向上时优先卖点）,0.79,0.77,0.83,-0.0053,-0.0054,否
2026-05-15 11:06:32,二卖,否,警戒,515050,通信ETF,1.12,安全,二卖,向上,无信号,客观缠论信号为二卖，60分钟笔方向向上（冲顶模式），因此实际交易动作是二卖（笔方向向上时优先卖点）,1.08,1.48,2.40,-0.1184,-0.1617,否
2026-05-15 11:06:32,观望,否,警戒,159915,创业板ETF,3.96,安全,二买,向上,无信号,客观缠论信号为二买，60分钟笔方向向上，中枢震荡，观望,3.25,3.27,3.97,-0.0125,-0.0051,否
2026-05-15 11:06:32,一卖,否,警戒,588200,科创芯片ETF,3.53,安全,一卖,向上,无信号,客观缠论信号为一卖，60分钟笔方向向上（冲顶模式），因此实际交易动作是一卖（趋势顶背驰卖出）,2.41,2.65,3.34,-0.0108,-0.0035,否
2026-05-15 11:06:32,二卖,否,警戒,159755,电池ETF,1.18,安全,二卖,向上,无信号,客观缠论信号为二卖，60分钟笔方向向上（冲顶模式），因此实际交易动作是二卖（笔方向向上时优先卖点）,1.03,1.17,1.22,-0.0080,-0.0068,否
2026-05-15 11:06:32,二卖,否,警戒,159899,软件ETF,0.85,安全,二卖,向上,底背驰,客观缠论信号为二卖，60分钟笔方向向上（冲顶模式），因此实际交易动作是二卖（笔方向向上时优先卖点）,0.81,0.83,0.84,-0.0061,-0.0061,否
2026-05-15 11:06:32,二卖,否,警戒,513360,教育ETF,0.49,安全,二卖,向上,无信号,客观缠论信号为二卖，60分钟笔方向向上（冲顶模式），因此实际交易动作是二卖（笔方向向上时优先卖点）,0.49,0.49,0.50,-0.0014,-0.0012,否
2026-05-15 11:06:32,观望,否,警戒,515790,光伏ETF,1.10,安全,二买,向上,无信号,客观缠论信号为二买，60分钟笔方向向上，中枢震荡，观望,1.08,1.10,1.09,-0.0122,-0.0067,否
2026-05-15 11:06:32,二卖,否,警戒,600938,中国海油,36.26,安全,二卖,向上,无信号,客观缠论信号为二卖，60分钟笔方向向上（冲顶模式），因此实际交易动作是二卖（笔方向向上时优先卖点）,34.06,35.29,36.28,0.0114,-0.0219,否
2026-05-15 11:06:32,观望,否,警戒,601668,中国建筑,4.96,安全,二买,向上,无信号,客观缠论信号为二买，60分钟笔方向向上，中枢震荡，观望,4.88,4.91,4.95,-0.0044,-0.0051,否
2026-05-15 11:06:32,二卖,否,警戒,601288,农业银行,6.68,安全,二卖,向上,无信号,客观缠论信号为二卖，60分钟笔方向向上（冲顶模式），因此实际交易动作是二卖（笔方向向上时优先卖点）,6.53,6.53,6.83,-0.0069,0.0028,否
2026-05-15 11:06:32,二买,否,警戒,601728,中国电信,6.39,安全,二买,向下,无信号,客观缠论信号为二买，60分钟笔方向向下（寻底模式），因此实际交易动作是二买（笔方向向下时优先买点）,6.24,5.91,6.11,0.0535,0.0445,否
2026-05-15 11:06:32,观望,否,警戒,600276,恒瑞医药,54.47,安全,二买,向上,底背驰,客观缠论信号为二买，60分钟笔方向向上，中枢震荡，观望,52.67,52.41,54.43,-0.1874,-0.1680,否
2026-05-15 11:06:32,二卖,否,警戒,600177,雅戈尔,7.63,安全,二卖+二买,向上,无信号,客观缠论信号为二卖、二买，60分钟笔方向向上（冲顶模式），因此实际交易动作是二卖（笔方向向上时优先卖点）,7.50,7.63,7.70,-0.0205,-0.0176,否
2026-05-15 11:06:32,观望,否,警戒,600887,伊利股份,27.79,安全,二卖,向下,无信号,客观缠论信号为二卖，60分钟笔方向向下，中枢震荡，观望,27.75,27.36,27.98,0.0149,0.0053,否
2026-05-15 11:06:32,二买,否,警戒,601138,工业富联,70.37,安全,二买,向下,无信号,客观缠论信号为二买，60分钟笔方向向下（寻底模式），因此实际交易动作是二买（笔方向向下时优先买点）,64.65,63.20,66.91,0.4184,0.3024,否
2026-05-15 11:06:32,一卖,否,警戒,688041,海光信息,312.42,安全,一卖+二买,向上,底背驰,客观缠论信号为一卖、二买，60分钟笔方向向上（冲顶模式），因此实际交易动作是一卖（趋势顶背驰卖出）,246.00,320.01,355.50,-8.0209,-6.3209,否
2026-05-15 11:06:32,观望,否,警戒,601225,陕西煤业,23.85,安全,二卖,向下,无信号,客观缠论信号为二卖，60分钟笔方向向下，中枢震荡，观望,22.32,22.30,24.11,0.0626,-0.0038,否
2026-05-15 11:06:32,观望,否,警戒,600900,长江电力,27.00,安全,二卖,向下,底背驰,客观缠论信号为二卖，60分钟笔方向向下，中枢震荡，观望,26.66,26.90,27.10,-0.0116,-0.0234,否
2026-05-15 11:06:32,观望,否,警戒,600660,福耀玻璃,56.42,日线破位,无信号,向下,无信号,客观缠论信号为无信号，60分钟笔方向向下，中枢震荡，观望,56.46,56.55,58.18,-0.3371,-0.3329,否
2026-05-15 11:06:32,观望,否,警戒,002507,涪陵榨菜,12.06,日线破位,二卖,向下,无信号,客观缠论信号为二卖，60分钟笔方向向下，中枢震荡，观望,12.23,12.28,12.40,-0.0388,-0.0415,否
2026-05-15 11:06:32,一卖,否,警戒,000338,潍柴动力,35.05,安全,一卖,向上,无信号,客观缠论信号为一卖，60分钟笔方向向上（冲顶模式），因此实际交易动作是一卖（趋势顶背驰卖出）,25.92,23.75,33.85,0.2200,0.1970,否
2026-05-15 11:06:32,二卖,否,警戒,000538,云南白药,51.20,日线破位,二卖+三卖,向上,底背驰,客观缠论信号为二卖、三卖，60分钟笔方向向上（冲顶模式），因此实际交易动作是二卖（笔方向向上时优先卖点）,55.40,54.40,52.89,-0.1468,-0.1293,否
2026-05-15 11:06:32,二卖,否,警戒,000858,五粮液,87.05,日线破位,二卖,向上,无信号,客观缠论信号为二卖，60分钟笔方向向上（冲顶模式），因此实际交易动作是二卖（笔方向向上时优先卖点）,101.59,101.08,91.95,-0.5536,-0.4217,否
2026-05-15 11:06:32,观望,否,警戒,000423,东阿阿胶,52.85,安全,无信号,向上,无信号,客观缠论信号为无信号，60分钟笔方向向上，中枢震荡，观望,52.11,52.42,54.45,-0.0191,0.0439,否
2026-05-15 11:06:32,二卖,否,警戒,000001,平安银行,11.03,安全,二卖,向上,底背驰,客观缠论信号为二卖，60分钟笔方向向上（冲顶模式），因此实际交易动作是二卖（笔方向向上时优先卖点）,10.67,11.03,11.16,-0.0289,-0.0270,否
2026-05-15 11:06:32,二卖,否,警戒,000651,格力电器,40.60,安全,二卖+二买,向上,底背驰,客观缠论信号为二卖、二买，60分钟笔方向向上（冲顶模式），因此实际交易动作是二卖（笔方向向上时优先卖点）,40.00,39.51,40.57,0.0616,0.0340,否
2026-05-15 11:06:32,二卖,否,警戒,000895,双汇发展,26.67,安全,二卖+二买,向上,无信号,客观缠论信号为二卖、二买，60分钟笔方向向上（冲顶模式），因此实际交易动作是二卖（笔方向向上时优先卖点）,26.66,26.51,26.98,-0.0096,-0.0012,否
2026-05-15 11:06:32,二卖,否,警戒,002415,海康威视,33.87,安全,二卖,向上,底背驰,客观缠论信号为二卖，60分钟笔方向向上（冲顶模式），因此实际交易动作是二卖（笔方向向上时优先卖点）,31.96,33.30,33.87,-0.1556,-0.1980,否
2026-05-15 11:06:32,观望,否,警戒,hk03690,美团,83.40,安全,二买,向上,无信号,客观缠论信号为二买，60分钟笔方向向上，中枢震荡，观望,83.75,82.15,84.60,-0.9189,-0.6058,否
2026-05-15 11:06:32,一卖,否,警戒,hk03896,金山云,8.36,安全,一卖,向上,无信号,客观缠论信号为一卖，60分钟笔方向向上（冲顶模式），因此实际交易动作是一卖（趋势顶背驰卖出）,7.86,7.78,8.39,-0.0209,0.0202,否
2026-05-15 11:06:32,观望,否,警戒,hk00700,腾讯,460.20,日线破位,无信号,向上,无信号,客观缠论信号为无信号，60分钟笔方向向上，中枢震荡，观望,494.60,486.20,469.00,-1.1343,-0.8570,否
2026-05-15 11:06:32,观望,否,警戒,hk09988,阿里巴巴,134.90,安全,无信号,向上,无信号,客观缠论信号为无信号，60分钟笔方向向上，中枢震荡，观望,129.60,130.30,134.20,-0.0952,0.5909,否
2026-05-15 11:06:32,二卖,否,警戒,hk01024,快手,49.92,安全,二卖,向上,无信号,客观缠论信号为二卖，60分钟笔方向向上（冲顶模式），因此实际交易动作是二卖（笔方向向上时优先卖点）,51.00,43.00,54.40,-0.3577,-0.2513,否
2026-05-15 11:06:32,观望,否,警戒,hk06618,京东健康,46.02,日线破位,二买,向上,无信号,客观缠论信号为二买，60分钟笔方向向上，中枢震荡，观望,46.16,46.10,46.58,-0.3438,0.0050,否
2026-05-15 11:06:32,二卖,否,警戒,hk06862,海底捞,14.78,安全,二卖+二买,向上,无信号,客观缠论信号为二卖、二买，60分钟笔方向向上（冲顶模式），因此实际交易动作是二卖（笔方向向上时优先卖点）,14.62,14.16,14.88,-0.0517,-0.0363,否
2026-05-15 11:06:32,二卖,否,警戒,000800,一汽解放,6.33,日线破位,二卖,向上,无信号,客观缠论信号为二卖，60分钟笔方向向上（冲顶模式），因此实际交易动作是二卖（笔方向向上时优先卖点）,6.63,6.46,6.64,-0.0386,-0.0322,否
2026-05-15 11:06:32,二卖,否,警戒,002312,川发龙蟒,10.47,安全,二卖,向上,底背驰,客观缠论信号为二卖，60分钟笔方向向上（冲顶模式），因此实际交易动作是二卖（笔方向向上时优先卖点）,10.45,10.34,10.82,-0.0507,-0.0647,否
2026-05-15 11:06:32,二卖,否,警戒,300037,新宙邦,63.20,安全,二卖,向上,无信号,客观缠论信号为二卖，60分钟笔方向向上（冲顶模式），因此实际交易动作是二卖（笔方向向上时优先卖点）,52.91,60.88,63.69,-0.3939,-0.3657,否
2026-05-15 11:06:32,二卖,否,警戒,600536,中国软件,40.58,安全,二卖+二买,向上,无信号,客观缠论信号为二卖、二买，60分钟笔方向向上（冲顶模式），因此实际交易动作是二卖（笔方向向上时优先卖点）,40.30,37.21,41.97,-0.2341,-0.3082,否
2026-05-15 11:06:32,观望,否,警戒,600598,北大荒,16.13,安全,二买,向上,无信号,客观缠论信号为二买，60分钟笔方向向上，中枢震荡，观望,15.69,15.69,16.16,-0.1640,-0.1124,否
2026-05-15 11:06:32,二卖,否,警戒,600764,中国海防,23.34,安全,二卖+二买,向上,底背驰,客观缠论信号为二卖、二买，60分钟笔方向向上（冲顶模式），因此实际交易动作是二卖（笔方向向上时优先卖点）,23.30,23.71,24.09,-0.1672,-0.1646,否
2026-05-15 11:06:32,观望,否,警戒,603049,中策橡胶,47.69,安全,二卖,向下,底背驰,客观缠论信号为二卖，60分钟笔方向向下，中枢震荡，观望,45.66,46.98,48.70,-0.1821,-0.2184,否
2026-05-15 11:06:32,二卖,否,警戒,000739,普洛药业,16.90,日线破位,二卖+二买,向上,底背驰,客观缠论信号为二卖、二买，60分钟笔方向向上（冲顶模式），因此实际交易动作是二卖（笔方向向上时优先卖点）,17.28,17.24,17.90,-0.2423,-0.2111,否
2026-05-15 11:06:32,观望,否,警戒,001391,国货航,5.40,安全,二买,向上,无信号,客观缠论信号为二买，60分钟笔方向向上，中枢震荡，观望,5.66,5.28,5.37,0.0168,0.0352,否
2026-05-15 11:06:32,二卖,否,警戒,002044,美年健康,6.28,安全,二卖,向上,无信号,客观缠论信号为二卖，60分钟笔方向向上（冲顶模式），因此实际交易动作是二卖（笔方向向上时优先卖点）,5.14,5.52,6.38,0.0246,0.0161,否
2026-05-15 11:06:32,观望,否,警戒,300146,汤臣倍健,10.24,日线破位,二卖,向下,底背驰,客观缠论信号为二卖，60分钟笔方向向下，中枢震荡，观望,10.71,10.73,10.59,-0.0596,-0.0530,否
2026-05-15 11:06:32,二卖,否,警戒,600547,山东黄金,32.50,安全,二卖,向上,无信号,客观缠论信号为二卖，60分钟笔方向向上（冲顶模式），因此实际交易动作是二卖（笔方向向上时优先卖点）,31.33,34.33,35.47,-0.5703,-0.4472,否
2026-05-15 11:06:32,二卖,否,警戒,601628,中国人寿,35.80,日线破位,二卖,向上,无信号,客观缠论信号为二卖，60分钟笔方向向上（冲顶模式），因此实际交易动作是二卖（笔方向向上时优先卖点）,39.07,37.11,36.55,-0.1852,-0.1758,否
2026-05-15 11:06:32,二卖,否,警戒,601696,中银证券,12.23,安全,二卖+二买,向上,无信号,客观缠论信号为二卖、二买，60分钟笔方向向上（冲顶模式），因此实际交易动作是二卖（笔方向向上时优先卖点）,12.04,12.34,12.38,-0.1060,-0.0826,否
2026-05-15 11:06:32,观望,否,警戒,603529,爱玛科技,22.23,日线破位,无信号,向下,无信号,客观缠论信号为无信号，60分钟笔方向向下，中枢震荡，观望,28.33,28.28,23.46,-0.0981,-0.1102,否
2026-05-15 11:06:32,观望,否,警戒,600021,上海电力,17.09,日线破位,二买,向上,无信号,客观缠论信号为二买，60分钟笔方向向上，中枢震荡，观望,18.15,17.63,17.42,-0.2718,-0.2161,否
2026-05-15 11:06:32,观望,否,警戒,600895,张江高科,36.52,安全,二卖,向下,底背驰,客观缠论信号为二卖，60分钟笔方向向下，中枢震荡，观望,33.37,34.05,36.20,-0.2218,-0.3060,否

2026-05-15 11:21:32,观望,是,警戒,603317,天味食品,16.03,安全,二买,向上,无信号,客观缠论信号为二买，60分钟笔方向向上，中枢震荡，观望,12.56,12.98,16.31,-0.0268,-0.0106,否
2026-05-15 11:21:32,二卖,是,警戒,688981,中芯国际,124.38,安全,二卖,向上,无信号,客观缠论信号为二卖，60分钟笔方向向上（冲顶模式），因此实际交易动作是二卖（笔方向向上时优先卖点）,115.74,113.50,124.04,0.6029,-0.0014,否
2026-05-15 11:21:32,二买,是,警戒,000333,美的集团,82.86,安全,二买,向下,无信号,客观缠论信号为二买，60分钟笔方向向下（寻底模式），因此实际交易动作是二买（笔方向向下时优先买点）,79.17,78.91,80.98,0.5514,0.5024,否
2026-05-15 11:21:32,观望,是,警戒,000429,粤高速A,13.11,安全,二买,向上,无信号,客观缠论信号为二买，60分钟笔方向向上，中枢震荡，观望,12.70,12.48,13.12,-0.0353,-0.0295,否
2026-05-15 11:21:32,观望,是,警戒,300418,昆仑万维,50.89,安全,二卖,向下,无信号,客观缠论信号为二卖，60分钟笔方向向下，中枢震荡，观望,44.10,49.25,52.22,-0.4266,-0.5984,否
2026-05-15 11:21:32,观望,是,警戒,hk01810,小米集团,31.08,安全,二买,向上,无信号,客观缠论信号为二买，60分钟笔方向向上，中枢震荡，观望,32.78,30.26,32.00,-0.2290,-0.1395,否
2026-05-15 11:21:32,二卖,是,警戒,513130,恒生科技ETF,0.63,安全,二卖,向上,无信号,客观缠论信号为二卖，60分钟笔方向向上（冲顶模式），因此实际交易动作是二卖（笔方向向上时优先卖点）,0.61,0.63,0.63,-0.0032,-0.0020,否
2026-05-15 11:21:32,一卖,否,警戒,sh000001,上证指数,4160.68,安全,一卖+二买,向上,无信号,客观缠论信号为一卖、二买，60分钟笔方向向上（冲顶模式），因此实际交易动作是一卖（趋势顶背驰卖出）,4101.83,4079.77,4092.83,-16.7230,-11.0445,否
2026-05-15 11:21:32,观望,否,警戒,510300,沪深300ETF,4.95,安全,二买,向上,无信号,客观缠论信号为二买，60分钟笔方向向上，中枢震荡，观望,4.68,4.75,4.99,-0.0152,-0.0130,否
2026-05-15 11:21:32,观望,否,警戒,588000,科创50ETF,1.86,安全,二买,向上,无信号,客观缠论信号为二买，60分钟笔方向向上，中枢震荡，观望,1.55,1.55,1.82,-0.0030,-0.0038,否
2026-05-15 11:21:32,二卖,否,警戒,512400,有色金属ETF,2.08,日线破位,二卖+三买,向上,无信号,客观缠论信号为二卖、三买，60分钟笔方向向上（冲顶模式），因此实际交易动作是二卖（笔方向向上时优先卖点）,2.11,2.10,2.15,-0.0298,-0.0249,否
2026-05-15 11:21:32,观望,否,警戒,512690,酒ETF,0.46,日线破位,二卖,向下,无信号,客观缠论信号为二卖，60分钟笔方向向下，中枢震荡，观望,0.48,0.48,0.48,-0.0017,-0.0010,否
2026-05-15 11:21:32,二买,否,警戒,159227,航空航天ETF,1.31,安全,二买,向下,无信号,客观缠论信号为二买，60分钟笔方向向下（寻底模式），因此实际交易动作是二买（笔方向向下时优先买点）,1.23,1.30,1.31,-0.0144,-0.0138,否
2026-05-15 11:21:32,二卖,否,警戒,159992,创新药ETF,0.81,安全,一卖+二卖+二买,向上,底背驰,客观缠论信号为一卖、二卖、二买，60分钟笔方向向上（冲顶模式），因此实际交易动作是二卖（笔方向向上时优先卖点）,0.79,0.77,0.83,-0.0048,-0.0053,否
2026-05-15 11:21:32,二卖,否,警戒,515050,通信ETF,1.14,安全,二卖,向上,无信号,客观缠论信号为二卖，60分钟笔方向向上（冲顶模式），因此实际交易动作是二卖（笔方向向上时优先卖点）,1.08,1.48,2.40,-0.1090,-0.1511,否
2026-05-15 11:21:32,观望,否,警戒,159915,创业板ETF,4.00,安全,二买,向上,无信号,客观缠论信号为二买，60分钟笔方向向上，中枢震荡，观望,3.25,3.27,3.97,-0.0079,-0.0057,否
2026-05-15 11:21:32,一卖,否,警戒,588200,科创芯片ETF,3.58,安全,一卖,向上,无信号,客观缠论信号为一卖，60分钟笔方向向上（冲顶模式），因此实际交易动作是一卖（趋势顶背驰卖出）,2.41,2.65,3.34,-0.0018,-0.0032,否
2026-05-15 11:21:32,二卖,否,警戒,159755,电池ETF,1.18,安全,二卖,向上,无信号,客观缠论信号为二卖，60分钟笔方向向上（冲顶模式），因此实际交易动作是二卖（笔方向向上时优先卖点）,1.03,1.17,1.22,-0.0069,-0.0069,否
2026-05-15 11:21:32,二卖,否,警戒,159899,软件ETF,0.85,安全,二卖,向上,底背驰,客观缠论信号为二卖，60分钟笔方向向上（冲顶模式），因此实际交易动作是二卖（笔方向向上时优先卖点）,0.81,0.83,0.84,-0.0051,-0.0059,否
2026-05-15 11:21:32,二卖,否,警戒,513360,教育ETF,0.49,安全,二卖,向上,无信号,客观缠论信号为二卖，60分钟笔方向向上（冲顶模式），因此实际交易动作是二卖（笔方向向上时优先卖点）,0.49,0.49,0.50,-0.0012,-0.0012,否
2026-05-15 11:21:32,观望,否,警戒,515790,光伏ETF,1.11,安全,二买,向上,无信号,客观缠论信号为二买，60分钟笔方向向上，中枢震荡，观望,1.08,1.10,1.09,-0.0113,-0.0076,否
2026-05-15 11:21:32,二卖,否,警戒,600938,中国海油,36.25,安全,二卖,向上,无信号,客观缠论信号为二卖，60分钟笔方向向上（冲顶模式），因此实际交易动作是二卖（笔方向向上时优先卖点）,34.06,35.29,36.28,0.0164,-0.0143,否
2026-05-15 11:21:32,观望,否,警戒,601668,中国建筑,4.95,安全,二买,向上,无信号,客观缠论信号为二买，60分钟笔方向向上，中枢震荡，观望,4.88,4.91,4.95,-0.0041,-0.0049,否
2026-05-15 11:21:32,二卖,否,警戒,601288,农业银行,6.66,安全,二卖,向上,无信号,客观缠论信号为二卖，60分钟笔方向向上（冲顶模式），因此实际交易动作是二卖（笔方向向上时优先卖点）,6.53,6.53,6.83,-0.0123,-0.0002,否
2026-05-15 11:21:32,二买,否,警戒,601728,中国电信,6.38,安全,二买,向下,无信号,客观缠论信号为二买，60分钟笔方向向下（寻底模式），因此实际交易动作是二买（笔方向向下时优先买点）,6.24,5.91,6.11,0.0528,0.0462,否
2026-05-15 11:21:32,观望,否,警戒,600276,恒瑞医药,54.50,安全,二买,向上,底背驰,客观缠论信号为二买，60分钟笔方向向上，中枢震荡，观望,52.67,52.41,54.43,-0.1859,-0.1716,否
2026-05-15 11:21:32,二卖,否,警戒,600177,雅戈尔,7.63,安全,二卖+二买,向上,无信号,客观缠论信号为二卖、二买，60分钟笔方向向上（冲顶模式），因此实际交易动作是二卖（笔方向向上时优先卖点）,7.50,7.63,7.70,-0.0218,-0.0184,否
2026-05-15 11:21:32,观望,否,警戒,600887,伊利股份,27.79,安全,二卖,向下,无信号,客观缠论信号为二卖，60分钟笔方向向下，中枢震荡，观望,27.75,27.36,27.98,0.0101,0.0063,否
2026-05-15 11:21:32,二买,否,警戒,601138,工业富联,70.42,安全,二买,向下,无信号,客观缠论信号为二买，60分钟笔方向向下（寻底模式），因此实际交易动作是二买（笔方向向下时优先买点）,64.65,63.20,66.91,0.4493,0.3318,否
2026-05-15 11:21:32,一卖,否,警戒,688041,海光信息,314.40,安全,一卖+二买,向上,底背驰,客观缠论信号为一卖、二买，60分钟笔方向向上（冲顶模式），因此实际交易动作是一卖（趋势顶背驰卖出）,246.00,320.01,355.50,-7.6420,-6.5851,否
2026-05-15 11:21:32,观望,否,警戒,601225,陕西煤业,23.85,安全,二卖,向下,无信号,客观缠论信号为二卖，60分钟笔方向向下，中枢震荡，观望,22.32,22.30,24.11,0.0719,0.0114,否
2026-05-15 11:21:32,观望,否,警戒,600900,长江电力,26.98,安全,二卖,向下,底背驰,客观缠论信号为二卖，60分钟笔方向向下，中枢震荡，观望,26.66,26.90,27.10,-0.0078,-0.0203,否
2026-05-15 11:21:32,观望,否,警戒,600660,福耀玻璃,56.59,安全,无信号,向下,无信号,客观缠论信号为无信号，60分钟笔方向向下，中枢震荡，观望,56.46,56.55,58.18,-0.3046,-0.3273,否
2026-05-15 11:21:32,观望,否,警戒,002507,涪陵榨菜,12.07,日线破位,二卖,向下,无信号,客观缠论信号为二卖，60分钟笔方向向下，中枢震荡，观望,12.23,12.28,12.40,-0.0374,-0.0406,否
2026-05-15 11:21:32,一卖,否,警戒,000338,潍柴动力,35.53,安全,一卖,向上,无信号,客观缠论信号为一卖，60分钟笔方向向上（冲顶模式），因此实际交易动作是一卖（趋势顶背驰卖出）,25.92,23.75,33.85,0.2641,0.2104,否
2026-05-15 11:21:32,二卖,否,警戒,000538,云南白药,51.17,日线破位,二卖+三卖,向上,无信号,客观缠论信号为二卖、三卖，60分钟笔方向向上（冲顶模式），因此实际交易动作是二卖（笔方向向上时优先卖点）,55.40,54.40,52.89,-0.1516,-0.1337,否
2026-05-15 11:21:32,二卖,否,警戒,000858,五粮液,87.14,日线破位,二卖,向上,无信号,客观缠论信号为二卖，60分钟笔方向向上（冲顶模式），因此实际交易动作是二卖（笔方向向上时优先卖点）,101.59,101.08,91.95,-0.5620,-0.4497,否
2026-05-15 11:21:32,观望,否,警戒,000423,东阿阿胶,52.77,安全,无信号,向上,无信号,客观缠论信号为无信号，60分钟笔方向向上，中枢震荡，观望,52.11,52.42,54.45,-0.0452,0.0261,否
2026-05-15 11:21:32,二卖,否,警戒,000001,平安银行,11.03,安全,二卖,向上,底背驰,客观缠论信号为二卖，60分钟笔方向向上（冲顶模式），因此实际交易动作是二卖（笔方向向上时优先卖点）,10.67,11.03,11.16,-0.0297,-0.0275,否
2026-05-15 11:21:32,二卖,否,警戒,000651,格力电器,40.62,安全,二卖+二买,向上,底背驰,客观缠论信号为二卖、二买，60分钟笔方向向上（冲顶模式），因此实际交易动作是二卖（笔方向向上时优先卖点）,40.00,39.51,40.57,0.0696,0.0411,否
2026-05-15 11:21:32,二卖,否,警戒,000895,双汇发展,26.66,安全,二卖+二买,向上,无信号,客观缠论信号为二卖、二买，60分钟笔方向向上（冲顶模式），因此实际交易动作是二卖（笔方向向上时优先卖点）,26.66,26.51,26.98,-0.0172,-0.0044,否
2026-05-15 11:21:32,二卖,否,警戒,002415,海康威视,33.97,安全,二卖,向上,底背驰,客观缠论信号为二卖，60分钟笔方向向上（冲顶模式），因此实际交易动作是二卖（笔方向向上时优先卖点）,31.96,33.30,33.87,-0.1244,-0.1832,否
2026-05-15 11:21:32,观望,否,警戒,hk03690,美团,83.35,安全,二买,向上,无信号,客观缠论信号为二买，60分钟笔方向向上，中枢震荡，观望,83.75,82.15,84.60,-0.9554,-0.7272,否
2026-05-15 11:21:32,一卖,否,警戒,hk03896,金山云,8.35,安全,一卖,向上,无信号,客观缠论信号为一卖，60分钟笔方向向上（冲顶模式），因此实际交易动作是一卖（趋势顶背驰卖出）,7.86,7.78,8.39,-0.0230,0.0049,否
2026-05-15 11:21:32,观望,否,警戒,hk00700,腾讯,460.20,日线破位,无信号,向上,无信号,客观缠论信号为无信号，60分钟笔方向向上，中枢震荡，观望,494.60,486.20,469.00,-1.1343,-0.8570,否
2026-05-15 11:21:32,观望,否,警戒,hk09988,阿里巴巴,135.00,安全,无信号,向上,无信号,客观缠论信号为无信号，60分钟笔方向向上，中枢震荡，观望,129.60,130.30,134.20,-0.5816,-0.0415,否
2026-05-15 11:21:32,二卖,否,警戒,hk01024,快手,49.92,安全,二卖,向上,无信号,客观缠论信号为二卖，60分钟笔方向向上（冲顶模式），因此实际交易动作是二卖（笔方向向上时优先卖点）,51.00,43.00,54.40,-0.3577,-0.2513,否
2026-05-15 11:21:32,观望,否,警戒,hk06618,京东健康,45.80,日线破位,二买,向上,无信号,客观缠论信号为二买，60分钟笔方向向上，中枢震荡，观望,46.16,46.10,46.58,-0.6524,-0.3357,否
2026-05-15 11:21:32,二卖,否,警戒,hk06862,海底捞,14.75,安全,二卖+二买,向上,无信号,客观缠论信号为二卖、二买，60分钟笔方向向上（冲顶模式），因此实际交易动作是二卖（笔方向向上时优先卖点）,14.62,14.16,14.88,-0.0551,-0.0401,否
2026-05-15 11:21:32,二卖,否,警戒,000800,一汽解放,6.34,日线破位,二卖,向上,无信号,客观缠论信号为二卖，60分钟笔方向向上（冲顶模式），因此实际交易动作是二卖（笔方向向上时优先卖点）,6.63,6.46,6.64,-0.0376,-0.0333,否
2026-05-15 11:21:32,二卖,否,警戒,002312,川发龙蟒,10.48,安全,二卖,向上,底背驰,客观缠论信号为二卖，60分钟笔方向向上（冲顶模式），因此实际交易动作是二卖（笔方向向上时优先卖点）,10.45,10.34,10.82,-0.0458,-0.0609,否
2026-05-15 11:21:32,二卖,否,警戒,300037,新宙邦,63.57,安全,二卖,向上,无信号,客观缠论信号为二卖，60分钟笔方向向上（冲顶模式），因此实际交易动作是二卖（笔方向向上时优先卖点）,52.91,60.88,63.69,-0.3367,-0.3599,否
2026-05-15 11:21:32,二卖,否,警戒,600536,中国软件,40.70,安全,二卖+二买,向上,无信号,客观缠论信号为二卖、二买，60分钟笔方向向上（冲顶模式），因此实际交易动作是二卖（笔方向向上时优先卖点）,40.30,37.21,41.97,-0.1802,-0.2826,否
2026-05-15 11:21:32,观望,否,警戒,600598,北大荒,16.13,安全,二买,向上,无信号,客观缠论信号为二买，60分钟笔方向向上，中枢震荡，观望,15.69,15.69,16.16,-0.1666,-0.1232,否
2026-05-15 11:21:32,二卖,否,警戒,600764,中国海防,23.39,安全,二卖+二买,向上,底背驰,客观缠论信号为二卖、二买，60分钟笔方向向上（冲顶模式），因此实际交易动作是二卖（笔方向向上时优先卖点）,23.30,23.71,24.09,-0.1584,-0.1633,否
2026-05-15 11:21:32,观望,否,警戒,603049,中策橡胶,47.70,安全,二卖,向下,底背驰,客观缠论信号为二卖，60分钟笔方向向下，中枢震荡，观望,45.66,46.98,48.70,-0.1544,-0.2056,否
2026-05-15 11:21:32,二卖,否,警戒,000739,普洛药业,17.01,日线破位,二卖+二买,向上,底背驰,客观缠论信号为二卖、二买，60分钟笔方向向上（冲顶模式），因此实际交易动作是二卖（笔方向向上时优先卖点）,17.28,17.24,17.90,-0.2386,-0.2166,否
2026-05-15 11:21:32,观望,否,警戒,001391,国货航,5.41,安全,二买,向上,无信号,客观缠论信号为二买，60分钟笔方向向上，中枢震荡，观望,5.66,5.28,5.37,0.0135,0.0308,否
2026-05-15 11:21:32,二卖,否,警戒,002044,美年健康,6.36,安全,二卖,向上,无信号,客观缠论信号为二卖，60分钟笔方向向上（冲顶模式），因此实际交易动作是二卖（笔方向向上时优先卖点）,5.14,5.52,6.38,0.0376,0.0204,否
2026-05-15 11:21:32,观望,否,警戒,300146,汤臣倍健,10.27,日线破位,二卖,向下,底背驰,客观缠论信号为二卖，60分钟笔方向向下，中枢震荡，观望,10.71,10.73,10.59,-0.0575,-0.0539,否
2026-05-15 11:21:32,二卖,否,警戒,600547,山东黄金,32.60,安全,二卖,向上,无信号,客观缠论信号为二卖，60分钟笔方向向上（冲顶模式），因此实际交易动作是二卖（笔方向向上时优先卖点）,31.33,34.33,35.47,-0.5541,-0.4685,否
2026-05-15 11:21:32,二卖,否,警戒,601628,中国人寿,35.82,日线破位,二卖,向上,无信号,客观缠论信号为二卖，60分钟笔方向向上（冲顶模式），因此实际交易动作是二卖（笔方向向上时优先卖点）,39.07,37.11,36.55,-0.1835,-0.1773,否
2026-05-15 11:21:32,二卖,否,警戒,601696,中银证券,12.29,安全,二卖+二买,向上,无信号,客观缠论信号为二卖、二买，60分钟笔方向向上（冲顶模式），因此实际交易动作是二卖（笔方向向上时优先卖点）,12.04,12.34,12.38,-0.0977,-0.0856,否
2026-05-15 11:21:32,观望,否,警戒,603529,爱玛科技,22.20,日线破位,无信号,向下,无信号,客观缠论信号为无信号，60分钟笔方向向下，中枢震荡，观望,28.33,28.28,23.46,-0.0911,-0.1064,否
2026-05-15 11:21:32,观望,否,警戒,600021,上海电力,17.15,日线破位,二买,向上,无信号,客观缠论信号为二买，60分钟笔方向向上，中枢震荡，观望,18.15,17.63,17.42,-0.2599,-0.2248,否
2026-05-15 11:21:32,观望,否,警戒,600895,张江高科,36.62,安全,二卖,向下,底背驰,客观缠论信号为二卖，60分钟笔方向向下，中枢震荡，观望,33.37,34.05,36.20,-0.1469,-0.2742,否

2026-05-15 11:47:05,观望,是,警戒,603317,天味食品,16.04,安全,二买,向上,无信号,客观缠论信号为二买，60分钟笔方向向上，中枢震荡，观望,12.56,12.98,16.31,-0.0274,-0.0139,否
2026-05-15 11:47:05,二卖,是,警戒,688981,中芯国际,122.88,安全,二卖,向上,无信号,客观缠论信号为二卖，60分钟笔方向向上（冲顶模式），因此实际交易动作是二卖（笔方向向上时优先卖点）,115.74,113.50,124.04,0.7306,0.1450,否
2026-05-15 11:47:05,二买,是,警戒,000333,美的集团,82.91,安全,二买,向下,无信号,客观缠论信号为二买，60分钟笔方向向下（寻底模式），因此实际交易动作是二买（笔方向向下时优先买点）,79.17,78.91,80.98,0.5444,0.5108,否
2026-05-15 11:47:05,观望,是,警戒,000429,粤高速A,13.11,安全,二买,向上,无信号,客观缠论信号为二买，60分钟笔方向向上，中枢震荡，观望,12.70,12.48,13.12,-0.0273,-0.0290,否
2026-05-15 11:47:05,观望,是,警戒,300418,昆仑万维,50.44,安全,二卖,向下,无信号,客观缠论信号为二卖，60分钟笔方向向下，中枢震荡，观望,44.10,49.25,52.12,-0.3715,-0.5531,否
2026-05-15 11:47:05,一卖,是,警戒,hk01810,小米集团,31.08,安全,一卖+二买,向上,无信号,客观缠论信号为一卖、二买，60分钟笔方向向上（冲顶模式），因此实际交易动作是一卖（趋势顶背驰卖出）,32.78,30.26,31.18,-0.2290,-0.1395,否
2026-05-15 11:47:05,二卖,是,警戒,513130,恒生科技ETF,0.63,安全,二卖,向上,无信号,客观缠论信号为二卖，60分钟笔方向向上（冲顶模式），因此实际交易动作是二卖（笔方向向上时优先卖点）,0.61,0.63,0.63,-0.0033,-0.0023,否
2026-05-15 11:47:05,三买,否,警戒,sh000001,上证指数,4183.06,安全,一卖+三买,向下,无信号,客观缠论信号为一卖、三买，60分钟笔方向向下（寻底模式），因此实际交易动作是三买（突破回踩买入）,4101.83,4079.77,4092.83,-11.9510,-12.2008,否
2026-05-15 11:47:05,观望,否,警戒,510300,沪深300ETF,4.93,安全,二买,向上,无信号,客观缠论信号为二买，60分钟笔方向向上，中枢震荡，观望,4.68,4.75,4.99,-0.0137,-0.0132,否
2026-05-15 11:47:05,观望,否,警戒,588000,科创50ETF,1.84,安全,二买,向上,无信号,客观缠论信号为二买，60分钟笔方向向上，中枢震荡，观望,1.55,1.55,1.82,-0.0016,-0.0033,否
2026-05-15 11:47:05,二卖,否,警戒,512400,有色金属ETF,2.09,日线破位,二卖+三买,向上,无信号,客观缠论信号为二卖、三买，60分钟笔方向向上（冲顶模式），因此实际交易动作是二卖（笔方向向上时优先卖点）,2.11,2.10,2.15,-0.0284,-0.0256,否
2026-05-15 11:47:05,观望,否,警戒,512690,酒ETF,0.46,日线破位,二卖,向下,无信号,客观缠论信号为二卖，60分钟笔方向向下，中枢震荡，观望,0.48,0.48,0.48,-0.0019,-0.0012,否
2026-05-15 11:47:05,二买,否,警戒,159227,航空航天ETF,1.31,安全,二买,向下,无信号,客观缠论信号为二买，60分钟笔方向向下（寻底模式），因此实际交易动作是二买（笔方向向下时优先买点）,1.23,1.30,1.31,-0.0137,-0.0138,否
2026-05-15 11:47:05,二卖,否,警戒,159992,创新药ETF,0.81,安全,一卖+二卖+二买,向上,底背驰,客观缠论信号为一卖、二卖、二买，60分钟笔方向向上（冲顶模式），因此实际交易动作是二卖（笔方向向上时优先卖点）,0.79,0.77,0.83,-0.0045,-0.0051,否
2026-05-15 11:47:05,二卖,否,警戒,515050,通信ETF,1.13,安全,二卖,向上,无信号,客观缠论信号为二卖，60分钟笔方向向上（冲顶模式），因此实际交易动作是二卖（笔方向向上时优先卖点）,1.08,1.48,2.40,-0.1011,-0.1411,否
2026-05-15 11:47:05,观望,否,警戒,159915,创业板ETF,3.98,安全,二买,向上,无信号,客观缠论信号为二买，60分钟笔方向向上，中枢震荡，观望,3.25,3.27,3.97,-0.0059,-0.0057,否
2026-05-15 11:47:05,一卖,否,警戒,588200,科创芯片ETF,3.53,安全,一卖,向上,无信号,客观缠论信号为一卖，60分钟笔方向向上（冲顶模式），因此实际交易动作是一卖（趋势顶背驰卖出）,2.41,2.65,3.34,0.0012,-0.0023,否
2026-05-15 11:47:05,观望,否,警戒,159755,电池ETF,1.18,安全,二卖,向下,无信号,客观缠论信号为二卖，60分钟笔方向向下，中枢震荡，观望,1.03,1.17,1.22,-0.0060,-0.0067,否
2026-05-15 11:47:05,观望,否,警戒,159899,软件ETF,0.85,安全,二卖,向下,无信号,客观缠论信号为二卖，60分钟笔方向向下，中枢震荡，观望,0.81,0.83,0.89,-0.0045,-0.0056,否
2026-05-15 11:47:05,二卖,否,警戒,513360,教育ETF,0.49,安全,二卖,向上,无信号,客观缠论信号为二卖，60分钟笔方向向上（冲顶模式），因此实际交易动作是二卖（笔方向向上时优先卖点）,0.49,0.49,0.50,-0.0012,-0.0012,否
2026-05-15 11:47:05,观望,否,警戒,515790,光伏ETF,1.11,安全,二买,向上,无信号,客观缠论信号为二买，60分钟笔方向向上，中枢震荡，观望,1.08,1.10,1.13,-0.0103,-0.0081,否
2026-05-15 11:47:05,观望,否,警戒,600938,中国海油,36.38,安全,二卖,向下,无信号,客观缠论信号为二卖，60分钟笔方向向下，中枢震荡，观望,34.06,35.29,36.28,0.0305,-0.0053,否
2026-05-15 11:47:05,二买,否,警戒,601668,中国建筑,4.95,安全,二买,向下,无信号,客观缠论信号为二买，60分钟笔方向向下（寻底模式），因此实际交易动作是二买（笔方向向下时优先买点）,4.88,4.91,4.95,-0.0038,-0.0047,否
2026-05-15 11:47:05,二卖,否,警戒,601288,农业银行,6.67,安全,二卖,向上,无信号,客观缠论信号为二卖，60分钟笔方向向上（冲顶模式），因此实际交易动作是二卖（笔方向向上时优先卖点）,6.53,6.53,6.85,-0.0156,-0.0033,否
2026-05-15 11:47:05,二买,否,警戒,601728,中国电信,6.37,安全,二买,向下,无信号,客观缠论信号为二买，60分钟笔方向向下（寻底模式），因此实际交易动作是二买（笔方向向下时优先买点）,6.24,5.91,6.11,0.0508,0.0471,否
2026-05-15 11:47:05,观望,否,警戒,600276,恒瑞医药,54.54,安全,二买,向上,底背驰,客观缠论信号为二买，60分钟笔方向向上，中枢震荡，观望,52.67,52.41,54.43,-0.1794,-0.1732,否
2026-05-15 11:47:05,二卖,否,警戒,600177,雅戈尔,7.67,安全,二卖+二买,向上,无信号,客观缠论信号为二卖、二买，60分钟笔方向向上（冲顶模式），因此实际交易动作是二卖（笔方向向上时优先卖点）,7.50,7.63,7.88,-0.0193,-0.0186,否
2026-05-15 11:47:05,观望,否,警戒,600887,伊利股份,27.79,安全,二卖,向下,无信号,客观缠论信号为二卖，60分钟笔方向向下，中枢震荡，观望,27.75,27.36,27.98,0.0062,0.0063,否
2026-05-15 11:47:05,二买,否,警戒,601138,工业富联,69.85,安全,二买,向下,无信号,客观缠论信号为二买，60分钟笔方向向下（寻底模式），因此实际交易动作是二买（笔方向向下时优先买点）,64.65,63.20,66.91,0.4230,0.3500,否
2026-05-15 11:47:05,一卖,否,警戒,688041,海光信息,310.00,安全,一卖+二买,向上,无信号,客观缠论信号为一卖、二买，60分钟笔方向向上（冲顶模式），因此实际交易动作是一卖（趋势顶背驰卖出）,246.00,320.01,355.50,-7.6090,-6.7899,否
2026-05-15 11:47:05,观望,否,警戒,601225,陕西煤业,23.99,安全,二卖,向下,无信号,客观缠论信号为二卖，60分钟笔方向向下，中枢震荡，观望,22.32,22.30,24.11,0.0896,0.0270,否
2026-05-15 11:47:05,观望,否,警戒,600900,长江电力,27.06,安全,二卖,向下,底背驰,客观缠论信号为二卖，60分钟笔方向向下，中枢震荡，观望,26.66,26.90,27.03,0.0016,-0.0159,否
2026-05-15 11:47:05,观望,否,警戒,600660,福耀玻璃,56.82,安全,无信号,向下,无信号,客观缠论信号为无信号，60分钟笔方向向下，中枢震荡，观望,56.46,56.55,58.18,-0.2573,-0.3133,否
2026-05-15 11:47:05,观望,否,警戒,002507,涪陵榨菜,12.07,日线破位,二卖,向下,无信号,客观缠论信号为二卖，60分钟笔方向向下，中枢震荡，观望,12.23,12.28,12.40,-0.0359,-0.0397,否
2026-05-15 11:47:05,二买,否,警戒,000338,潍柴动力,35.37,安全,一卖+二买,向下,无信号,客观缠论信号为一卖、二买，60分钟笔方向向下（寻底模式），因此实际交易动作是二买（笔方向向下时优先买点）,25.92,23.75,33.85,0.2829,0.2249,否
2026-05-15 11:47:05,二卖,否,警戒,000538,云南白药,51.17,日线破位,二卖+三卖,向上,无信号,客观缠论信号为二卖、三卖，60分钟笔方向向上（冲顶模式），因此实际交易动作是二卖（笔方向向上时优先卖点）,55.40,54.40,52.89,-0.1536,-0.1377,否
2026-05-15 11:47:05,二卖,否,警戒,000858,五粮液,87.19,日线破位,二卖,向上,无信号,客观缠论信号为二卖，60分钟笔方向向上（冲顶模式），因此实际交易动作是二卖（笔方向向上时优先卖点）,101.59,101.08,91.95,-0.5582,-0.4714,否
2026-05-15 11:47:05,观望,否,警戒,000423,东阿阿胶,52.93,安全,无信号,向上,无信号,客观缠论信号为无信号，60分钟笔方向向上，中枢震荡，观望,52.11,52.42,54.45,-0.0524,0.0104,否
2026-05-15 11:47:05,二卖,否,警戒,000001,平安银行,11.04,安全,二卖,向上,底背驰,客观缠论信号为二卖，60分钟笔方向向上（冲顶模式），因此实际交易动作是二卖（笔方向向上时优先卖点）,10.67,11.03,11.16,-0.0292,-0.0279,否
2026-05-15 11:47:05,观望,否,警戒,000651,格力电器,40.63,安全,二卖,向下,底背驰,客观缠论信号为二卖，60分钟笔方向向下，中枢震荡，观望,40.00,39.51,40.57,0.0759,0.0480,否
2026-05-15 11:47:05,二卖,否,警戒,000895,双汇发展,26.64,安全,二卖+二买,向上,无信号,客观缠论信号为二卖、二买，60分钟笔方向向上（冲顶模式），因此实际交易动作是二卖（笔方向向上时优先卖点）,26.66,26.51,26.98,-0.0245,-0.0084,否
2026-05-15 11:47:05,观望,否,警戒,002415,海康威视,33.82,安全,二卖,向下,无信号,客观缠论信号为二卖，60分钟笔方向向下，中枢震荡，观望,31.96,33.30,34.85,-0.1105,-0.1687,否
2026-05-15 11:47:05,观望,否,警戒,hk03690,美团,83.35,安全,二买,向上,无信号,客观缠论信号为二买，60分钟笔方向向上，中枢震荡，观望,83.75,82.15,84.60,-0.9554,-0.7272,否
2026-05-15 11:47:05,一卖,否,警戒,hk03896,金山云,8.35,安全,一卖,向上,无信号,客观缠论信号为一卖，60分钟笔方向向上（冲顶模式），因此实际交易动作是一卖（趋势顶背驰卖出）,7.86,7.78,8.39,-0.0230,0.0049,否
2026-05-15 11:47:05,观望,否,警戒,hk00700,腾讯,460.20,日线破位,无信号,向上,无信号,客观缠论信号为无信号，60分钟笔方向向上，中枢震荡，观望,494.60,486.20,469.00,-1.1343,-0.8570,否
2026-05-15 11:47:05,观望,否,警戒,hk09988,阿里巴巴,135.00,安全,无信号,向上,无信号,客观缠论信号为无信号，60分钟笔方向向上，中枢震荡，观望,129.60,130.30,134.20,-0.5816,-0.0415,否
2026-05-15 11:47:05,二卖,否,警戒,hk01024,快手,49.92,安全,二卖,向上,无信号,客观缠论信号为二卖，60分钟笔方向向上（冲顶模式），因此实际交易动作是二卖（笔方向向上时优先卖点）,51.00,43.00,54.40,-0.3577,-0.2513,否
2026-05-15 11:47:05,观望,否,警戒,hk06618,京东健康,45.80,日线破位,二买,向上,无信号,客观缠论信号为二买，60分钟笔方向向上，中枢震荡，观望,46.16,46.10,46.58,-0.6524,-0.3357,否
2026-05-15 11:47:05,二卖,否,警戒,hk06862,海底捞,14.75,安全,二卖+二买,向上,无信号,客观缠论信号为二卖、二买，60分钟笔方向向上（冲顶模式），因此实际交易动作是二卖（笔方向向上时优先卖点）,14.62,14.16,14.88,-0.0551,-0.0401,否
2026-05-15 11:47:05,二卖,否,警戒,000800,一汽解放,6.34,日线破位,二卖,向上,无信号,客观缠论信号为二卖，60分钟笔方向向上（冲顶模式），因此实际交易动作是二卖（笔方向向上时优先卖点）,6.63,6.46,6.64,-0.0364,-0.0339,否
2026-05-15 11:47:05,观望,否,警戒,002312,川发龙蟒,10.48,安全,二卖,向下,底背驰,客观缠论信号为二卖，60分钟笔方向向下，中枢震荡，观望,10.45,10.34,10.82,-0.0414,-0.0570,否
2026-05-15 11:47:05,二卖,否,警戒,300037,新宙邦,63.42,安全,二卖,向上,无信号,客观缠论信号为二卖，60分钟笔方向向上（冲顶模式），因此实际交易动作是二卖（笔方向向上时优先卖点）,52.91,60.88,63.69,-0.3001,-0.3479,否
2026-05-15 11:47:05,观望,否,警戒,600536,中国软件,40.52,安全,二卖,向下,无信号,客观缠论信号为二卖，60分钟笔方向向下，中枢震荡，观望,40.30,37.21,41.97,-0.1502,-0.2561,否
2026-05-15 11:47:05,观望,否,警戒,600598,北大荒,16.10,安全,二买,向上,无信号,客观缠论信号为二买，60分钟笔方向向上，中枢震荡，观望,15.69,15.69,16.16,-0.1690,-0.1324,否
2026-05-15 11:47:05,二卖,否,警戒,600764,中国海防,23.35,安全,二卖+二买,向上,无信号,客观缠论信号为二卖、二买，60分钟笔方向向上（冲顶模式），因此实际交易动作是二卖（笔方向向上时优先卖点）,23.30,23.71,24.09,-0.1528,-0.1612,否
2026-05-15 11:47:05,观望,否,警戒,603049,中策橡胶,47.78,安全,二卖,向下,无信号,客观缠论信号为二卖，60分钟笔方向向下，中枢震荡，观望,45.66,46.98,48.72,-0.1246,-0.1894,否
2026-05-15 11:47:05,二卖,否,警戒,000739,普洛药业,16.96,日线破位,二卖+二买,向上,底背驰,客观缠论信号为二卖、二买，60分钟笔方向向上（冲顶模式），因此实际交易动作是二卖（笔方向向上时优先卖点）,17.28,17.24,17.90,-0.2369,-0.2207,否
2026-05-15 11:47:05,观望,否,警戒,001391,国货航,5.43,安全,二买,向上,无信号,客观缠论信号为二买，60分钟笔方向向上，中枢震荡，观望,5.66,5.28,5.37,0.0124,0.0272,否
2026-05-15 11:47:05,二买,否,警戒,002044,美年健康,6.37,安全,二卖+二买,向下,无信号,客观缠论信号为二卖、二买，60分钟笔方向向下（寻底模式），因此实际交易动作是二买（笔方向向下时优先买点）,5.14,5.52,6.30,0.0481,0.0259,否
2026-05-15 11:47:05,观望,否,警戒,300146,汤臣倍健,10.27,日线破位,二卖,向下,底背驰,客观缠论信号为二卖，60分钟笔方向向下，中枢震荡，观望,10.71,10.73,10.59,-0.0551,-0.0541,否
2026-05-15 11:47:05,二卖,否,警戒,600547,山东黄金,32.56,安全,二卖,向上,无信号,客观缠论信号为二卖，60分钟笔方向向上（冲顶模式），因此实际交易动作是二卖（笔方向向上时优先卖点）,31.33,34.33,35.47,-0.5382,-0.4825,否
2026-05-15 11:47:05,二卖,否,警戒,601628,中国人寿,35.81,日线破位,二卖,向上,无信号,客观缠论信号为二卖，60分钟笔方向向上（冲顶模式），因此实际交易动作是二卖（笔方向向上时优先卖点）,39.07,37.11,36.55,-0.1809,-0.1780,否
2026-05-15 11:47:05,二卖,否,警戒,601696,中银证券,12.27,安全,二卖+二买,向上,无信号,客观缠论信号为二卖、二买，60分钟笔方向向上（冲顶模式），因此实际交易动作是二卖（笔方向向上时优先卖点）,12.04,12.34,12.38,-0.0917,-0.0868,否
2026-05-15 11:47:05,观望,否,警戒,603529,爱玛科技,22.25,日线破位,无信号,向下,无信号,客观缠论信号为无信号，60分钟笔方向向下，中枢震荡，观望,28.33,28.28,23.46,-0.0806,-0.1012,否
2026-05-15 11:47:05,观望,否,警戒,600021,上海电力,17.13,日线破位,二买,向上,无信号,客观缠论信号为二买，60分钟笔方向向上，中枢震荡，观望,18.15,17.63,17.42,-0.2492,-0.2297,否
2026-05-15 11:47:05,观望,否,警戒,600895,张江高科,35.92,安全,二卖,向下,无信号,客观缠论信号为二卖，60分钟笔方向向下，中枢震荡，观望,33.37,34.05,36.20,-0.1423,-0.2478,否

2026-05-15 13:22:53,观望,是,警戒,603317,天味食品,15.97,安全,二买,向上,无信号,客观缠论信号为二买，60分钟笔方向向上，中枢震荡，观望,12.56,12.98,16.31,-0.0331,-0.0178,否
2026-05-15 13:22:53,二卖,是,警戒,688981,中芯国际,121.52,安全,二卖,向上,无信号,客观缠论信号为二卖，60分钟笔方向向上（冲顶模式），因此实际交易动作是二卖（笔方向向上时优先卖点）,115.74,113.50,124.04,0.7138,0.2588,否
2026-05-15 13:22:53,二买,是,警戒,000333,美的集团,83.06,安全,二买,向下,无信号,客观缠论信号为二买，60分钟笔方向向下（寻底模式），因此实际交易动作是二买（笔方向向下时优先买点）,79.17,78.91,80.98,0.5446,0.5176,否
2026-05-15 13:22:53,观望,是,警戒,000429,粤高速A,13.09,安全,二买,向上,无信号,客观缠论信号为二买，60分钟笔方向向上，中枢震荡，观望,12.70,12.48,13.12,-0.0224,-0.0277,否
2026-05-15 13:22:53,观望,是,警戒,300418,昆仑万维,49.69,安全,二卖,向下,无信号,客观缠论信号为二卖，60分钟笔方向向下，中枢震荡，观望,44.10,49.25,52.12,-0.3839,-0.5192,否
2026-05-15 13:22:53,一卖,是,警戒,hk01810,小米集团,31.08,安全,一卖+二买,向上,无信号,客观缠论信号为一卖、二买，60分钟笔方向向上（冲顶模式），因此实际交易动作是一卖（趋势顶背驰卖出）,32.78,30.26,31.18,-0.2290,-0.1395,否
2026-05-15 13:22:53,二卖,是,警戒,513130,恒生科技ETF,0.62,安全,二卖,向上,无信号,客观缠论信号为二卖，60分钟笔方向向上（冲顶模式），因此实际交易动作是二卖（笔方向向上时优先卖点）,0.61,0.63,0.63,-0.0035,-0.0025,否
2026-05-15 13:22:53,三买,否,警戒,sh000001,上证指数,4164.58,安全,一卖+三买,向下,无信号,客观缠论信号为一卖、三买，60分钟笔方向向下（寻底模式），因此实际交易动作是三买（突破回踩买入）,4101.83,4079.77,4092.83,-12.1175,-12.1841,否
2026-05-15 13:22:53,观望,否,警戒,510300,沪深300ETF,4.90,安全,二买,向上,无信号,客观缠论信号为二买，60分钟笔方向向上，中枢震荡，观望,4.68,4.75,4.99,-0.0150,-0.0135,否
2026-05-15 13:22:53,观望,否,警戒,588000,科创50ETF,1.81,安全,二买,向上,无信号,客观缠论信号为二买，60分钟笔方向向上，中枢震荡，观望,1.55,1.55,1.82,-0.0027,-0.0032,否
2026-05-15 13:22:53,观望,否,警戒,513100,纳指ETF,2.07,安全,二买+三买,向上,无信号,客观缠论信号为二买、三买，60分钟笔方向向上，中枢震荡，观望,1.91,1.93,1.83,0.0075,0.0069,否
2026-05-15 13:22:53,二买,否,警戒,513520,日经ETF,2.16,安全,二买,向下,无信号,客观缠论信号为二买，60分钟笔方向向下（寻底模式），因此实际交易动作是二买（笔方向向下时优先买点）,1.89,2.00,2.04,0.0048,0.0054,否
2026-05-15 13:22:53,二卖,否,警戒,512400,有色金属ETF,2.06,日线破位,二卖+三买,向上,无信号,客观缠论信号为二卖、三买，60分钟笔方向向上（冲顶模式），因此实际交易动作是二卖（笔方向向上时优先卖点）,2.11,2.10,2.15,-0.0295,-0.0263,否
2026-05-15 13:22:53,观望,否,警戒,512690,酒ETF,0.46,日线破位,二卖,向下,无信号,客观缠论信号为二卖，60分钟笔方向向下，中枢震荡，观望,0.48,0.48,0.48,-0.0020,-0.0014,否
2026-05-15 13:22:53,二买,否,警戒,159227,航空航天ETF,1.30,安全,二买,向下,无信号,客观缠论信号为二买，60分钟笔方向向下（寻底模式），因此实际交易动作是二买（笔方向向下时优先买点）,1.23,1.30,1.31,-0.0138,-0.0138,否
2026-05-15 13:22:53,二卖,否,警戒,159992,创新药ETF,0.80,安全,一卖+二卖+二买,向上,无信号,客观缠论信号为一卖、二卖、二买，60分钟笔方向向上（冲顶模式），因此实际交易动作是二卖（笔方向向上时优先卖点）,0.79,0.77,0.83,-0.0047,-0.0050,否
2026-05-15 13:22:53,二卖,否,警戒,515050,通信ETF,1.11,安全,二卖,向上,无信号,客观缠论信号为二卖，60分钟笔方向向上（冲顶模式），因此实际交易动作是二卖（笔方向向上时优先卖点）,1.08,1.48,2.40,-0.0951,-0.1319,否
2026-05-15 13:22:53,观望,否,警戒,159915,创业板ETF,3.96,安全,二买,向上,无信号,客观缠论信号为二买，60分钟笔方向向上，中枢震荡，观望,3.25,3.27,3.97,-0.0064,-0.0058,否
2026-05-15 13:22:53,一卖,否,警戒,588200,科创芯片ETF,3.47,安全,一卖,向上,无信号,客观缠论信号为一卖，60分钟笔方向向上（冲顶模式），因此实际交易动作是一卖（趋势顶背驰卖出）,2.41,2.65,3.34,-0.0013,-0.0021,否
2026-05-15 13:22:53,观望,否,警戒,159755,电池ETF,1.18,安全,二卖,向下,无信号,客观缠论信号为二卖，60分钟笔方向向下，中枢震荡，观望,1.03,1.17,1.22,-0.0057,-0.0065,否
2026-05-15 13:22:53,观望,否,警戒,159899,软件ETF,0.84,安全,二卖,向下,无信号,客观缠论信号为二卖，60分钟笔方向向下，中枢震荡，观望,0.81,0.83,0.89,-0.0047,-0.0054,否
2026-05-15 13:22:53,二卖,否,警戒,513360,教育ETF,0.49,日线破位,二卖,向上,无信号,客观缠论信号为二卖，60分钟笔方向向上（冲顶模式），因此实际交易动作是二卖（笔方向向上时优先卖点）,0.49,0.49,0.50,-0.0013,-0.0012,否
2026-05-15 13:22:53,观望,否,警戒,515790,光伏ETF,1.11,安全,二买,向上,无信号,客观缠论信号为二买，60分钟笔方向向上，中枢震荡，观望,1.08,1.10,1.13,-0.0092,-0.0083,否
2026-05-15 13:22:53,观望,否,警戒,600938,中国海油,36.62,安全,二卖,向下,无信号,客观缠论信号为二卖，60分钟笔方向向下，中枢震荡，观望,34.06,35.29,36.28,0.0603,0.0078,否
2026-05-15 13:22:53,二买,否,警戒,601668,中国建筑,4.95,安全,二买,向下,无信号,客观缠论信号为二买，60分钟笔方向向下（寻底模式），因此实际交易动作是二买（笔方向向下时优先买点）,4.88,4.91,4.95,-0.0036,-0.0045,否
2026-05-15 13:22:53,二卖,否,警戒,601288,农业银行,6.69,安全,二卖,向上,无信号,客观缠论信号为二卖，60分钟笔方向向上（冲顶模式），因此实际交易动作是二卖（笔方向向上时优先卖点）,6.53,6.53,6.85,-0.0164,-0.0059,否
2026-05-15 13:22:53,二买,否,警戒,601728,中国电信,6.38,安全,二买,向下,无信号,客观缠论信号为二买，60分钟笔方向向下（寻底模式），因此实际交易动作是二买（笔方向向下时优先买点）,6.24,5.91,6.11,0.0495,0.0476,否
2026-05-15 13:22:53,观望,否,警戒,600276,恒瑞医药,54.14,安全,二买,向上,无信号,客观缠论信号为二买，60分钟笔方向向上，中枢震荡，观望,52.67,52.41,54.43,-0.2042,-0.1794,否
2026-05-15 13:22:53,二卖,否,警戒,600177,雅戈尔,7.62,安全,二卖+二买,向上,无信号,客观缠论信号为二卖、二买，60分钟笔方向向上（冲顶模式），因此实际交易动作是二卖（笔方向向上时优先卖点）,7.50,7.63,7.88,-0.0211,-0.0191,否
2026-05-15 13:22:53,观望,否,警戒,600887,伊利股份,27.76,安全,二卖,向下,无信号,客观缠论信号为二卖，60分钟笔方向向下，中枢震荡，观望,27.75,27.36,27.98,0.0007,0.0051,否
2026-05-15 13:22:53,二买,否,警戒,601138,工业富联,69.04,安全,二买,向下,无信号,客观缠论信号为二买，60分钟笔方向向下（寻底模式），因此实际交易动作是二买（笔方向向下时优先买点）,64.65,63.20,66.91,0.3329,0.3466,否
2026-05-15 13:22:53,一卖,否,警戒,688041,海光信息,306.18,安全,一卖+二买,向上,无信号,客观缠论信号为一卖、二买，60分钟笔方向向上（冲顶模式），因此实际交易动作是一卖（趋势顶背驰卖出）,246.00,320.01,355.50,-7.8012,-6.9921,否
2026-05-15 13:22:53,观望,否,警戒,601225,陕西煤业,23.99,安全,二卖,向下,无信号,客观缠论信号为二卖，60分钟笔方向向下，中枢震荡，观望,22.32,22.30,24.11,0.0896,0.0270,否
2026-05-15 13:22:53,观望,否,警戒,600900,长江电力,27.10,安全,二卖,向下,底背驰,客观缠论信号为二卖，60分钟笔方向向下，中枢震荡，观望,26.66,26.90,27.03,0.0121,-0.0103,否
2026-05-15 13:22:53,观望,否,警戒,600660,福耀玻璃,56.70,安全,无信号,向下,无信号,客观缠论信号为无信号，60分钟笔方向向下，中枢震荡，观望,56.46,56.55,58.18,-0.2268,-0.2960,否
2026-05-15 13:22:53,观望,否,警戒,002507,涪陵榨菜,12.05,日线破位,二卖,向下,无信号,客观缠论信号为二卖，60分钟笔方向向下，中枢震荡，观望,12.23,12.28,12.40,-0.0359,-0.0389,否
2026-05-15 13:22:53,二买,否,警戒,000338,潍柴动力,35.05,安全,一卖+二买,向下,无信号,客观缠论信号为一卖、二买，60分钟笔方向向下（寻底模式），因此实际交易动作是二买（笔方向向下时优先买点）,25.92,23.75,33.85,0.2688,0.2337,否
2026-05-15 13:22:53,二卖,否,警戒,000538,云南白药,51.12,日线破位,二卖+三卖,向上,无信号,客观缠论信号为二卖、三卖，60分钟笔方向向上（冲顶模式），因此实际交易动作是二卖（笔方向向上时优先卖点）,55.40,54.40,52.89,-0.1574,-0.1416,否
2026-05-15 13:22:53,观望,否,警戒,000423,东阿阿胶,52.68,安全,无信号,向上,无信号,客观缠论信号为无信号，60分钟笔方向向上，中枢震荡，观望,52.11,52.42,54.45,-0.0774,-0.0072,否
2026-05-15 13:22:53,二卖,否,警戒,000001,平安银行,11.04,安全,二卖,向上,底背驰,客观缠论信号为二卖，60分钟笔方向向上（冲顶模式），因此实际交易动作是二卖（笔方向向上时优先卖点）,10.67,11.03,11.16,-0.0285,-0.0280,否
2026-05-15 13:22:53,观望,否,警戒,000651,格力电器,40.57,安全,二卖,向下,无信号,客观缠论信号为二卖，60分钟笔方向向下，中枢震荡，观望,40.00,39.51,40.57,0.0752,0.0535,否
2026-05-15 13:22:53,二卖,否,警戒,000895,双汇发展,26.60,安全,二卖+二买,向上,无信号,客观缠论信号为二卖、二买，60分钟笔方向向上（冲顶模式），因此实际交易动作是二卖（笔方向向上时优先卖点）,26.66,26.51,26.98,-0.0332,-0.0134,否
2026-05-15 13:22:53,观望,否,警戒,002415,海康威视,33.56,安全,二卖,向下,无信号,客观缠论信号为二卖，60分钟笔方向向下，中枢震荡，观望,31.96,33.30,34.85,-0.1191,-0.1588,否
2026-05-15 13:22:53,观望,否,警戒,hk03690,美团,83.35,安全,二买,向上,无信号,客观缠论信号为二买，60分钟笔方向向上，中枢震荡，观望,83.75,82.15,84.60,-0.9554,-0.7272,否
2026-05-15 13:22:53,一卖,否,警戒,hk03896,金山云,8.35,安全,一卖,向上,无信号,客观缠论信号为一卖，60分钟笔方向向上（冲顶模式），因此实际交易动作是一卖（趋势顶背驰卖出）,7.86,7.78,8.39,-0.0230,0.0049,否
2026-05-15 13:22:53,观望,否,警戒,hk00700,腾讯,460.20,日线破位,无信号,向上,无信号,客观缠论信号为无信号，60分钟笔方向向上，中枢震荡，观望,494.60,486.20,469.00,-1.1343,-0.8570,否
2026-05-15 13:22:53,观望,否,警戒,hk09988,阿里巴巴,135.00,安全,无信号,向上,无信号,客观缠论信号为无信号，60分钟笔方向向上，中枢震荡，观望,129.60,130.30,134.20,-0.5816,-0.0415,否
2026-05-15 13:22:53,二卖,否,警戒,hk01024,快手,49.92,安全,二卖,向上,无信号,客观缠论信号为二卖，60分钟笔方向向上（冲顶模式），因此实际交易动作是二卖（笔方向向上时优先卖点）,51.00,43.00,54.40,-0.3577,-0.2513,否
2026-05-15 13:22:53,观望,否,警戒,hk06618,京东健康,45.80,日线破位,二买,向上,无信号,客观缠论信号为二买，60分钟笔方向向上，中枢震荡，观望,46.16,46.10,45.88,-0.6524,-0.3357,否
2026-05-15 13:22:53,二卖,否,警戒,hk06862,海底捞,14.78,安全,二卖+二买,向上,无信号,客观缠论信号为二卖、二买，60分钟笔方向向上（冲顶模式），因此实际交易动作是二卖（笔方向向上时优先卖点）,14.62,14.16,14.88,-0.0474,-0.0462,否
2026-05-15 13:22:53,观望,否,警戒,600895,张江高科,35.06,安全,二卖,向下,无信号,客观缠论信号为二卖，60分钟笔方向向下，中枢震荡，观望,33.37,34.05,36.20,-0.2057,-0.2394,否

2026-05-15 13:35:28,观望,是,警戒,603317,天味食品,16.01,安全,二买,向上,无信号,客观缠论信号为二买，60分钟笔方向向上，中枢震荡，观望,12.56,12.98,16.31,-0.0341,-0.0210,否
2026-05-15 13:35:28,二卖,是,警戒,688981,中芯国际,121.34,安全,二卖,向上,无信号,客观缠论信号为二卖，60分钟笔方向向上（冲顶模式），因此实际交易动作是二卖（笔方向向上时优先卖点）,115.74,113.50,124.04,0.6782,0.3427,否
2026-05-15 13:35:28,二买,是,警戒,000333,美的集团,82.66,安全,二买,向下,顶背驰,客观缠论信号为二买，60分钟笔方向向下（寻底模式），因此实际交易动作是二买（笔方向向下时优先买点）,79.17,78.91,80.98,0.5067,0.5154,否
2026-05-15 13:35:28,观望,是,警戒,000429,粤高速A,13.05,安全,二买,向上,无信号,客观缠论信号为二买，60分钟笔方向向上，中枢震荡，观望,12.70,12.48,13.12,-0.0214,-0.0264,否
2026-05-15 13:35:28,观望,是,警戒,300418,昆仑万维,49.71,安全,二卖,向下,无信号,客观缠论信号为二卖，60分钟笔方向向下，中枢震荡，观望,44.10,49.25,52.12,-0.3877,-0.4929,否
2026-05-15 13:35:28,一卖,是,警戒,hk01810,小米集团,31.08,安全,一卖+二买,向上,无信号,客观缠论信号为一卖、二买，60分钟笔方向向上（冲顶模式），因此实际交易动作是一卖（趋势顶背驰卖出）,32.78,30.26,31.18,-0.2290,-0.1395,否
2026-05-15 13:35:28,二卖,是,警戒,513130,恒生科技ETF,0.62,安全,二卖,向上,无信号,客观缠论信号为二卖，60分钟笔方向向上（冲顶模式），因此实际交易动作是二卖（笔方向向上时优先卖点）,0.61,0.63,0.63,-0.0038,-0.0028,否
2026-05-15 13:35:28,三买,否,警戒,sh000001,上证指数,4164.58,安全,一卖+三买,向下,无信号,客观缠论信号为一卖、三买，60分钟笔方向向下（寻底模式），因此实际交易动作是三买（突破回踩买入）,4101.83,4079.77,4092.83,-12.1175,-12.1841,否
2026-05-15 13:35:28,观望,否,警戒,510300,沪深300ETF,4.91,安全,二买,向上,无信号,客观缠论信号为二买，60分钟笔方向向上，中枢震荡，观望,4.68,4.75,4.99,-0.0154,-0.0139,否
2026-05-15 13:35:28,观望,否,警戒,588000,科创50ETF,1.81,安全,二买,向上,无信号,客观缠论信号为二买，60分钟笔方向向上，中枢震荡，观望,1.55,1.55,1.82,-0.0035,-0.0033,否
2026-05-15 13:35:28,观望,否,警戒,513100,纳指ETF,2.11,安全,二买,向上,无信号,客观缠论信号为二买，60分钟笔方向向上，中枢震荡，观望,1.91,1.93,2.11,0.0064,0.0060,否
2026-05-15 13:35:28,观望,否,警戒,513520,日经ETF,2.08,安全,无信号,向上,无信号,客观缠论信号为无信号，60分钟笔方向向上，中枢震荡，观望,1.89,2.00,2.16,-0.0147,-0.0121,否
2026-05-15 13:35:28,二卖,否,警戒,512400,有色金属ETF,2.06,日线破位,二卖+三买,向上,无信号,客观缠论信号为二卖、三买，60分钟笔方向向上（冲顶模式），因此实际交易动作是二卖（笔方向向上时优先卖点）,2.11,2.10,2.15,-0.0296,-0.0270,否
2026-05-15 13:35:28,观望,否,警戒,512690,酒ETF,0.46,日线破位,二卖,向下,无信号,客观缠论信号为二卖，60分钟笔方向向下，中枢震荡，观望,0.48,0.48,0.48,-0.0021,-0.0015,否
2026-05-15 13:35:28,二买,否,警戒,159227,航空航天ETF,1.30,安全,二买,向下,无信号,客观缠论信号为二买，60分钟笔方向向下（寻底模式），因此实际交易动作是二买（笔方向向下时优先买点）,1.23,1.30,1.31,-0.0136,-0.0137,否
2026-05-15 13:35:28,二卖,否,警戒,159992,创新药ETF,0.80,安全,一卖+二卖+二买,向上,无信号,客观缠论信号为一卖、二卖、二买，60分钟笔方向向上（冲顶模式），因此实际交易动作是二卖（笔方向向上时优先卖点）,0.79,0.77,0.83,-0.0047,-0.0050,否
2026-05-15 13:35:28,二卖,否,警戒,515050,通信ETF,1.11,安全,二卖,向上,无信号,客观缠论信号为二卖，60分钟笔方向向上（冲顶模式），因此实际交易动作是二卖（笔方向向上时优先卖点）,1.08,1.48,2.40,-0.0891,-0.1234,否
2026-05-15 13:35:28,观望,否,警戒,159915,创业板ETF,3.97,安全,二买,向上,无信号,客观缠论信号为二买，60分钟笔方向向上，中枢震荡，观望,3.25,3.27,3.97,-0.0053,-0.0057,否
2026-05-15 13:35:28,一卖,否,警戒,588200,科创芯片ETF,3.47,安全,一卖,向上,无信号,客观缠论信号为一卖，60分钟笔方向向上（冲顶模式），因此实际交易动作是一卖（趋势顶背驰卖出）,2.41,2.65,3.34,-0.0032,-0.0023,否
2026-05-15 13:35:28,观望,否,警戒,159755,电池ETF,1.19,安全,二卖,向下,无信号,客观缠论信号为二卖，60分钟笔方向向下，中枢震荡，观望,1.03,1.17,1.22,-0.0046,-0.0061,否
2026-05-15 13:35:28,观望,否,警戒,159899,软件ETF,0.84,安全,二卖,向下,无信号,客观缠论信号为二卖，60分钟笔方向向下，中枢震荡，观望,0.81,0.83,0.89,-0.0047,-0.0053,否
2026-05-15 13:35:28,二卖,否,警戒,513360,教育ETF,0.49,安全,二卖,向上,无信号,客观缠论信号为二卖，60分钟笔方向向上（冲顶模式），因此实际交易动作是二卖（笔方向向上时优先卖点）,0.49,0.49,0.50,-0.0012,-0.0012,否
2026-05-15 13:35:28,观望,否,警戒,515790,光伏ETF,1.12,安全,二买,向上,无信号,客观缠论信号为二买，60分钟笔方向向上，中枢震荡，观望,1.08,1.10,1.13,-0.0075,-0.0082,否
2026-05-15 13:35:28,观望,否,警戒,600938,中国海油,36.48,安全,二卖,向下,无信号,客观缠论信号为二卖，60分钟笔方向向下，中枢震荡，观望,34.06,35.29,36.28,0.0718,0.0206,否
2026-05-15 13:35:28,二买,否,警戒,601668,中国建筑,4.95,安全,二买,向下,无信号,客观缠论信号为二买，60分钟笔方向向下（寻底模式），因此实际交易动作是二买（笔方向向下时优先买点）,4.88,4.91,4.95,-0.0033,-0.0042,否
2026-05-15 13:35:28,二卖,否,警戒,601288,农业银行,6.67,安全,二卖,向上,无信号,客观缠论信号为二卖，60分钟笔方向向上（冲顶模式），因此实际交易动作是二卖（笔方向向上时优先卖点）,6.53,6.53,6.85,-0.0184,-0.0084,否
2026-05-15 13:35:28,二买,否,警戒,601728,中国电信,6.39,安全,二买,向下,无信号,客观缠论信号为二买，60分钟笔方向向下（寻底模式），因此实际交易动作是二买（笔方向向下时优先买点）,6.24,5.91,6.11,0.0487,0.0478,否
2026-05-15 13:35:28,观望,否,警戒,600276,恒瑞医药,54.10,安全,二买,向上,无信号,客观缠论信号为二买，60分钟笔方向向上，中枢震荡，观望,52.67,52.41,54.43,-0.2245,-0.1884,否
2026-05-15 13:35:28,二卖,否,警戒,600177,雅戈尔,7.64,安全,二卖+二买,向上,无信号,客观缠论信号为二卖、二买，60分钟笔方向向上（冲顶模式），因此实际交易动作是二卖（笔方向向上时优先卖点）,7.50,7.63,7.88,-0.0207,-0.0194,否
2026-05-15 13:35:28,观望,否,警戒,600887,伊利股份,27.69,安全,二卖,向下,无信号,客观缠论信号为二卖，60分钟笔方向向下，中枢震荡，观望,27.75,27.36,27.98,-0.0093,0.0023,否
2026-05-15 13:35:28,二买,否,警戒,601138,工业富联,68.82,安全,二买,向下,无信号,客观缠论信号为二买，60分钟笔方向向下（寻底模式），因此实际交易动作是二买（笔方向向下时优先买点）,64.65,63.20,66.91,0.2409,0.3255,否
2026-05-15 13:35:28,一卖,否,警戒,688041,海光信息,305.04,安全,一卖+二买,向上,无信号,客观缠论信号为一卖、二买，60分钟笔方向向上（冲顶模式），因此实际交易动作是一卖（趋势顶背驰卖出）,246.00,320.01,355.50,-7.9538,-7.1845,否
2026-05-15 13:35:28,观望,否,警戒,601225,陕西煤业,23.94,安全,二卖,向下,无信号,客观缠论信号为二卖，60分钟笔方向向下，中枢震荡，观望,22.32,22.30,24.11,0.1049,0.0542,否
2026-05-15 13:35:28,观望,否,警戒,600900,长江电力,27.08,安全,二卖,向下,底背驰,客观缠论信号为二卖，60分钟笔方向向下，中枢震荡，观望,26.66,26.90,27.03,0.0186,-0.0045,否
2026-05-15 13:35:28,观望,否,警戒,600660,福耀玻璃,56.32,日线破位,无信号,向下,无信号,客观缠论信号为无信号，60分钟笔方向向下，中枢震荡，观望,56.46,56.55,58.18,-0.2307,-0.2829,否
2026-05-15 13:35:28,观望,否,警戒,002507,涪陵榨菜,12.04,日线破位,二卖,向下,无信号,客观缠论信号为二卖，60分钟笔方向向下，中枢震荡，观望,12.23,12.28,12.40,-0.0362,-0.0384,否
2026-05-15 13:35:28,二买,否,警戒,000338,潍柴动力,35.33,安全,一卖+二买,向下,无信号,客观缠论信号为一卖、二买，60分钟笔方向向下（寻底模式），因此实际交易动作是二买（笔方向向下时优先买点）,25.92,23.75,33.85,0.2770,0.2424,否
2026-05-15 13:35:28,二卖,否,警戒,000538,云南白药,51.10,日线破位,二卖+三卖,向上,无信号,客观缠论信号为二卖、三卖，60分钟笔方向向上（冲顶模式），因此实际交易动作是二卖（笔方向向上时优先卖点）,55.40,54.40,52.89,-0.1601,-0.1453,否
2026-05-15 13:35:28,观望,否,警戒,000423,东阿阿胶,52.60,安全,无信号,向上,无信号,客观缠论信号为无信号，60分钟笔方向向上，中枢震荡，观望,52.11,52.42,54.45,-0.1025,-0.0262,否
2026-05-15 13:35:28,二卖,否,警戒,000001,平安银行,11.03,安全,二卖,向上,底背驰,客观缠论信号为二卖，60分钟笔方向向上（冲顶模式），因此实际交易动作是二卖（笔方向向上时优先卖点）,10.67,11.03,11.16,-0.0284,-0.0281,否
2026-05-15 13:35:28,观望,否,警戒,000651,格力电器,40.40,安全,二卖,向下,无信号,客观缠论信号为二卖，60分钟笔方向向下，中枢震荡，观望,40.00,39.51,40.57,0.0602,0.0548,否
2026-05-15 13:35:28,二卖,否,警戒,000895,双汇发展,26.56,安全,二卖+二买,向上,无信号,客观缠论信号为二卖、二买，60分钟笔方向向上（冲顶模式），因此实际交易动作是二卖（笔方向向上时优先卖点）,26.66,26.51,26.98,-0.0428,-0.0192,否
2026-05-15 13:35:28,观望,否,警戒,002415,海康威视,33.46,安全,二卖,向下,无信号,客观缠论信号为二卖，60分钟笔方向向下，中枢震荡，观望,31.96,33.30,34.85,-0.1325,-0.1535,否
2026-05-15 13:35:28,观望,否,警戒,hk03690,美团,83.35,安全,二买,向上,无信号,客观缠论信号为二买，60分钟笔方向向上，中枢震荡，观望,83.75,82.15,84.55,-0.9554,-0.7272,否
2026-05-15 13:35:28,一卖,否,警戒,hk03896,金山云,8.20,安全,一卖,向上,无信号,客观缠论信号为一卖，60分钟笔方向向上（冲顶模式），因此实际交易动作是一卖（趋势顶背驰卖出）,7.86,7.78,8.39,-0.0477,-0.0229,否
2026-05-15 13:35:28,二买,否,警戒,hk00700,腾讯,460.20,日线破位,二买,向下,无信号,客观缠论信号为二买，60分钟笔方向向下（寻底模式），因此实际交易动作是二买（笔方向向下时优先买点）,494.60,486.20,469.00,-1.1343,-0.8570,否
2026-05-15 13:35:28,观望,否,警戒,hk09988,阿里巴巴,133.30,安全,无信号,向上,无信号,客观缠论信号为无信号，60分钟笔方向向上，中枢震荡，观望,129.60,130.30,134.20,-0.8606,-0.5053,否
2026-05-15 13:35:28,二卖,否,警戒,hk01024,快手,49.40,安全,二卖,向上,无信号,客观缠论信号为二卖，60分钟笔方向向上（冲顶模式），因此实际交易动作是二卖（笔方向向上时优先卖点）,51.00,43.00,54.40,-0.4442,-0.3992,否
2026-05-15 13:35:28,观望,否,警戒,hk06618,京东健康,45.40,日线破位,二买,向上,无信号,客观缠论信号为二买，60分钟笔方向向上，中枢震荡，观望,46.16,46.10,45.88,-0.7481,-0.5965,否
2026-05-15 13:35:28,二卖,否,警戒,hk06862,海底捞,14.68,安全,二卖+二买,向上,无信号,客观缠论信号为二卖、二买，60分钟笔方向向上（冲顶模式），因此实际交易动作是二卖（笔方向向上时优先卖点）,14.62,14.16,14.88,-0.0544,-0.0478,否
2026-05-15 13:35:28,观望,否,警戒,600895,张江高科,35.03,安全,二卖,向下,无信号,客观缠论信号为二卖，60分钟笔方向向下，中枢震荡，观望,33.37,34.05,36.20,-0.2555,-0.2426,否

2026-05-15 13:50:28,观望,是,警戒,603317,天味食品,15.97,安全,二买,向上,无信号,客观缠论信号为二买，60分钟笔方向向上，中枢震荡，观望,12.56,12.98,16.31,-0.0376,-0.0243,否
2026-05-15 13:50:28,二卖,是,警戒,688981,中芯国际,119.91,安全,二卖,向上,无信号,客观缠论信号为二卖，60分钟笔方向向上（冲顶模式），因此实际交易动作是二卖（笔方向向上时优先卖点）,115.74,113.50,124.04,0.5285,0.3798,否
2026-05-15 13:50:28,二买,是,警戒,000333,美的集团,82.49,安全,二买,向下,顶背驰,客观缠论信号为二买，60分钟笔方向向下（寻底模式），因此实际交易动作是二买（笔方向向下时优先买点）,79.17,78.91,80.98,0.4576,0.5038,否
2026-05-15 13:50:28,观望,是,警戒,000429,粤高速A,13.08,安全,二买,向上,无信号,客观缠论信号为二买，60分钟笔方向向上，中枢震荡，观望,12.70,12.48,13.12,-0.0180,-0.0248,否
2026-05-15 13:50:28,观望,是,警戒,300418,昆仑万维,49.28,安全,二卖,向下,无信号,客观缠论信号为二卖，60分钟笔方向向下，中枢震荡，观望,44.10,49.25,52.12,-0.4205,-0.4784,否
2026-05-15 13:50:28,一卖,是,警戒,hk01810,小米集团,31.08,安全,一卖+二买,向上,无信号,客观缠论信号为一卖、二买，60分钟笔方向向上（冲顶模式），因此实际交易动作是一卖（趋势顶背驰卖出）,32.78,30.26,31.18,-0.2290,-0.1395,否
2026-05-15 13:50:28,二卖,是,警戒,513130,恒生科技ETF,0.62,安全,二卖,向上,无信号,客观缠论信号为二卖，60分钟笔方向向上（冲顶模式），因此实际交易动作是二卖（笔方向向上时优先卖点）,0.61,0.63,0.63,-0.0042,-0.0031,否
2026-05-15 13:50:28,三买,否,警戒,sh000001,上证指数,4164.58,安全,一卖+三买,向下,无信号,客观缠论信号为一卖、三买，60分钟笔方向向下（寻底模式），因此实际交易动作是三买（突破回踩买入）,4101.83,4079.77,4092.83,-12.1175,-12.1841,否
2026-05-15 13:50:28,观望,否,警戒,510300,沪深300ETF,4.88,安全,二买,向上,无信号,客观缠论信号为二买，60分钟笔方向向上，中枢震荡，观望,4.68,4.75,4.99,-0.0179,-0.0147,否
2026-05-15 13:50:28,观望,否,警戒,588000,科创50ETF,1.79,安全,二买,向上,无信号,客观缠论信号为二买，60分钟笔方向向上，中枢震荡，观望,1.55,1.55,1.82,-0.0055,-0.0037,否
2026-05-15 13:50:28,观望,否,警戒,513100,纳指ETF,2.09,安全,二买,向上,无信号,客观缠论信号为二买，60分钟笔方向向上，中枢震荡，观望,1.91,1.93,2.11,0.0041,0.0056,否
2026-05-15 13:50:28,观望,否,警戒,513520,日经ETF,2.07,安全,无信号,向上,无信号,客观缠论信号为无信号，60分钟笔方向向上，中枢震荡，观望,1.89,2.00,2.16,-0.0161,-0.0129,否
2026-05-15 13:50:28,二卖,否,警戒,512400,有色金属ETF,2.04,日线破位,二卖+三买,向上,无信号,客观缠论信号为二卖、三买，60分钟笔方向向上（冲顶模式），因此实际交易动作是二卖（笔方向向上时优先卖点）,2.11,2.10,2.15,-0.0311,-0.0278,否
2026-05-15 13:50:28,观望,否,警戒,512690,酒ETF,0.46,日线破位,二卖,向下,无信号,客观缠论信号为二卖，60分钟笔方向向下，中枢震荡，观望,0.48,0.48,0.48,-0.0022,-0.0016,否
2026-05-15 13:50:28,二买,否,警戒,159227,航空航天ETF,1.29,安全,二买,向下,无信号,客观缠论信号为二买，60分钟笔方向向下（寻底模式），因此实际交易动作是二买（笔方向向下时优先买点）,1.23,1.30,1.31,-0.0139,-0.0138,否
2026-05-15 13:50:28,二卖,否,警戒,159992,创新药ETF,0.80,安全,一卖+二卖+二买,向上,无信号,客观缠论信号为一卖、二卖、二买，60分钟笔方向向上（冲顶模式），因此实际交易动作是二卖（笔方向向上时优先卖点）,0.79,0.77,0.83,-0.0049,-0.0050,否
2026-05-15 13:50:28,二卖,否,警戒,515050,通信ETF,1.10,安全,二卖,向上,无信号,客观缠论信号为二卖，60分钟笔方向向上（冲顶模式），因此实际交易动作是二卖（笔方向向上时优先卖点）,1.08,1.48,2.40,-0.0842,-0.1155,否
2026-05-15 13:50:28,观望,否,警戒,159915,创业板ETF,3.93,安全,二买,向上,无信号,客观缠论信号为二买，60分钟笔方向向上，中枢震荡，观望,3.25,3.27,3.97,-0.0078,-0.0062,否
2026-05-15 13:50:28,一卖,否,警戒,588200,科创芯片ETF,3.43,安全,一卖,向上,无信号,客观缠论信号为一卖，60分钟笔方向向上（冲顶模式），因此实际交易动作是一卖（趋势顶背驰卖出）,2.41,2.65,3.34,-0.0078,-0.0034,否
2026-05-15 13:50:28,观望,否,警戒,159755,电池ETF,1.17,安全,二卖,向下,无信号,客观缠论信号为二卖，60分钟笔方向向下，中枢震荡，观望,1.03,1.17,1.22,-0.0048,-0.0059,否
2026-05-15 13:50:28,观望,否,警戒,159899,软件ETF,0.84,安全,二卖,向下,无信号,客观缠论信号为二卖，60分钟笔方向向下，中枢震荡，观望,0.81,0.83,0.89,-0.0052,-0.0053,否
2026-05-15 13:50:28,二卖,否,警戒,513360,教育ETF,0.49,日线破位,二卖,向上,无信号,客观缠论信号为二卖，60分钟笔方向向上（冲顶模式），因此实际交易动作是二卖（笔方向向上时优先卖点）,0.49,0.49,0.50,-0.0012,-0.0012,否
2026-05-15 13:50:28,观望,否,警戒,515790,光伏ETF,1.11,安全,二买,向上,无信号,客观缠论信号为二买，60分钟笔方向向上，中枢震荡，观望,1.08,1.10,1.13,-0.0074,-0.0080,否
2026-05-15 13:50:28,观望,否,警戒,600938,中国海油,36.39,安全,二卖,向下,无信号,客观缠论信号为二卖，60分钟笔方向向下，中枢震荡，观望,34.06,35.29,36.28,0.0729,0.0311,否
2026-05-15 13:50:28,二买,否,警戒,601668,中国建筑,4.93,安全,二买,向下,无信号,客观缠论信号为二买，60分钟笔方向向下（寻底模式），因此实际交易动作是二买（笔方向向下时优先买点）,4.88,4.91,4.95,-0.0047,-0.0043,否
2026-05-15 13:50:28,二卖,否,警戒,601288,农业银行,6.67,安全,二卖,向上,无信号,客观缠论信号为二卖，60分钟笔方向向上（冲顶模式），因此实际交易动作是二卖（笔方向向上时优先卖点）,6.53,6.53,6.85,-0.0198,-0.0107,否
2026-05-15 13:50:28,二买,否,警戒,601728,中国电信,6.32,安全,二买,向下,无信号,客观缠论信号为二买，60分钟笔方向向下（寻底模式），因此实际交易动作是二买（笔方向向下时优先买点）,6.24,5.91,6.11,0.0420,0.0467,否
2026-05-15 13:50:28,观望,否,警戒,600276,恒瑞医药,53.91,安全,二买,向上,无信号,客观缠论信号为二买，60分钟笔方向向上，中枢震荡，观望,52.67,52.41,54.43,-0.2530,-0.2013,否
2026-05-15 13:50:28,二卖,否,警戒,600177,雅戈尔,7.62,安全,二卖+二买,向上,无信号,客观缠论信号为二卖、二买，60分钟笔方向向上（冲顶模式），因此实际交易动作是二卖（笔方向向上时优先卖点）,7.50,7.63,7.88,-0.0218,-0.0199,否
2026-05-15 13:50:28,观望,否,警戒,600887,伊利股份,27.60,安全,二卖,向下,无信号,客观缠论信号为二卖，60分钟笔方向向下，中枢震荡，观望,27.75,27.36,27.98,-0.0241,-0.0030,否
2026-05-15 13:50:28,二买,否,警戒,601138,工业富联,68.42,安全,二买,向下,无信号,客观缠论信号为二买，60分钟笔方向向下（寻底模式），因此实际交易动作是二买（笔方向向下时优先买点）,64.65,63.20,66.91,0.1342,0.2872,否
2026-05-15 13:50:28,一卖,否,警戒,688041,海光信息,302.71,安全,一卖+二买,向上,无信号,客观缠论信号为一卖、二买，60分钟笔方向向上（冲顶模式），因此实际交易动作是一卖（趋势顶背驰卖出）,246.00,320.01,355.50,-8.1686,-7.3813,否
2026-05-15 13:50:28,观望,否,警戒,601225,陕西煤业,23.80,安全,二卖,向下,无信号,客观缠论信号为二卖，60分钟笔方向向下，中枢震荡，观望,22.32,22.30,24.11,0.0970,0.0627,否
2026-05-15 13:50:28,观望,否,警戒,600900,长江电力,27.07,安全,二卖,向下,无信号,客观缠论信号为二卖，60分钟笔方向向下，中枢震荡，观望,26.66,26.90,27.03,0.0227,0.0009,否
2026-05-15 13:50:28,观望,否,警戒,600660,福耀玻璃,56.11,日线破位,无信号,向下,无信号,客观缠论信号为无信号，60分钟笔方向向下，中枢震荡，观望,56.46,56.55,58.18,-0.2479,-0.2759,否
2026-05-15 13:50:28,观望,否,警戒,002507,涪陵榨菜,12.02,日线破位,二卖,向下,无信号,客观缠论信号为二卖，60分钟笔方向向下，中枢震荡，观望,12.23,12.28,12.40,-0.0377,-0.0383,否
2026-05-15 13:50:28,二买,否,警戒,000338,潍柴动力,34.81,安全,一卖+二买,向下,无信号,客观缠论信号为一卖、二买，60分钟笔方向向下（寻底模式），因此实际交易动作是二买（笔方向向下时优先买点）,25.92,23.75,33.85,0.2389,0.2417,否
2026-05-15 13:50:28,二卖,否,警戒,000538,云南白药,51.01,日线破位,二卖+三卖,向上,无信号,客观缠论信号为二卖、三卖，60分钟笔方向向上（冲顶模式），因此实际交易动作是二卖（笔方向向上时优先卖点）,55.40,54.40,52.89,-0.1677,-0.1498,否
2026-05-15 13:50:28,观望,否,警戒,000423,东阿阿胶,52.35,安全,无信号,向上,无信号,客观缠论信号为无信号，60分钟笔方向向上，中枢震荡，观望,52.11,52.42,54.45,-0.1409,-0.0492,否
2026-05-15 13:50:28,二卖,否,警戒,000001,平安银行,11.00,安全,二卖,向上,底背驰,客观缠论信号为二卖，60分钟笔方向向上（冲顶模式），因此实际交易动作是二卖（笔方向向上时优先卖点）,10.67,11.03,11.16,-0.0304,-0.0285,否
2026-05-15 13:50:28,观望,否,警戒,000651,格力电器,40.40,安全,二卖,向下,无信号,客观缠论信号为二卖，60分钟笔方向向下，中枢震荡，观望,40.00,39.51,40.57,0.0477,0.0534,否
2026-05-15 13:50:28,二卖,否,警戒,000895,双汇发展,26.57,安全,二卖+二买,向上,无信号,客观缠论信号为二卖、二买，60分钟笔方向向上（冲顶模式），因此实际交易动作是二卖（笔方向向上时优先卖点）,26.66,26.51,26.98,-0.0491,-0.0252,否
2026-05-15 13:50:28,观望,否,警戒,002415,海康威视,33.33,安全,二卖,向下,无信号,客观缠论信号为二卖，60分钟笔方向向下，中枢震荡，观望,31.96,33.30,34.85,-0.1518,-0.1532,否
2026-05-15 13:50:28,观望,否,警戒,hk03690,美团,83.35,安全,二买,向上,无信号,客观缠论信号为二买，60分钟笔方向向上，中枢震荡，观望,83.75,82.15,84.55,-0.9554,-0.7272,否
2026-05-15 13:50:28,一卖,否,警戒,hk03896,金山云,8.20,安全,一卖,向上,无信号,客观缠论信号为一卖，60分钟笔方向向上（冲顶模式），因此实际交易动作是一卖（趋势顶背驰卖出）,7.86,7.78,8.39,-0.0477,-0.0229,否
2026-05-15 13:50:28,二买,否,警戒,hk00700,腾讯,460.20,日线破位,二买,向下,无信号,客观缠论信号为二买，60分钟笔方向向下（寻底模式），因此实际交易动作是二买（笔方向向下时优先买点）,494.60,486.20,469.00,-1.1343,-0.8570,否
2026-05-15 13:50:28,观望,否,警戒,hk09988,阿里巴巴,132.20,安全,无信号,向上,无信号,客观缠论信号为无信号，60分钟笔方向向上，中枢震荡，观望,129.60,130.30,134.20,-1.0187,-0.6079,否
2026-05-15 13:50:28,二卖,否,警戒,hk01024,快手,48.98,安全,二卖,向上,无信号,客观缠论信号为二卖，60分钟笔方向向上（冲顶模式），因此实际交易动作是二卖（笔方向向上时优先卖点）,51.00,43.00,54.40,-0.4859,-0.4165,否
2026-05-15 13:50:28,观望,否,警戒,hk06618,京东健康,45.18,日线破位,二买,向上,无信号,客观缠论信号为二买，60分钟笔方向向上，中枢震荡，观望,46.16,46.10,45.88,-0.7708,-0.6314,否
2026-05-15 13:50:28,二卖,否,警戒,hk06862,海底捞,14.68,安全,二卖+二买,向上,无信号,客观缠论信号为二卖、二买，60分钟笔方向向上（冲顶模式），因此实际交易动作是二卖（笔方向向上时优先卖点）,14.62,14.16,14.88,-0.0544,-0.0478,否
2026-05-15 13:50:28,观望,否,警戒,600895,张江高科,34.91,安全,二卖,向下,无信号,客观缠论信号为二卖，60分钟笔方向向下，中枢震荡，观望,33.37,34.05,36.20,-0.3011,-0.2543,否

2026-05-15 14:13:48,观望,是,警戒,603317,天味食品,15.93,安全,二买,向上,无信号,客观缠论信号为二买，60分钟笔方向向上，中枢震荡，观望,12.56,12.98,16.31,-0.0431,-0.0281,否
2026-05-15 14:13:48,二卖,是,警戒,688981,中芯国际,119.50,安全,二卖,向上,无信号,客观缠论信号为二卖，60分钟笔方向向上（冲顶模式），因此实际交易动作是二卖（笔方向向上时优先卖点）,115.74,113.50,124.04,0.3725,0.3784,否
2026-05-15 14:13:48,观望,是,警戒,000333,美的集团,82.28,安全,二买,向上,顶背驰,客观缠论信号为二买，60分钟笔方向向上，中枢震荡，观望,79.17,78.91,80.98,0.3972,0.4825,否
2026-05-15 14:13:48,二买,是,警戒,000429,粤高速A,13.04,安全,二买,向下,无信号,客观缠论信号为二买，60分钟笔方向向下（寻底模式），因此实际交易动作是二买（笔方向向下时优先买点）,12.70,12.48,13.12,-0.0184,-0.0235,否
2026-05-15 14:13:48,二卖,是,警戒,300418,昆仑万维,49.10,安全,二卖,向上,无信号,客观缠论信号为二卖，60分钟笔方向向上（冲顶模式），因此实际交易动作是二卖（笔方向向上时优先卖点）,44.10,49.25,52.22,-0.4558,-0.4739,否
2026-05-15 14:13:48,一卖,是,警戒,hk01810,小米集团,31.08,安全,一卖+二买,向上,无信号,客观缠论信号为一卖、二买，60分钟笔方向向上（冲顶模式），因此实际交易动作是一卖（趋势顶背驰卖出）,32.78,30.26,31.18,-0.2290,-0.1395,否
2026-05-15 14:13:48,二卖,是,警戒,513130,恒生科技ETF,0.62,安全,二卖,向上,无信号,客观缠论信号为二卖，60分钟笔方向向上（冲顶模式），因此实际交易动作是二卖（笔方向向上时优先卖点）,0.61,0.63,0.63,-0.0046,-0.0034,否
2026-05-15 14:13:48,三买,否,警戒,sh000001,上证指数,4127.66,安全,一卖+三买,向下,无信号,客观缠论信号为一卖、三买，60分钟笔方向向下（寻底模式），因此实际交易动作是三买（突破回踩买入）,4101.83,4079.77,4092.83,-16.2052,-13.2630,否
2026-05-15 14:13:48,观望,否,警戒,510300,沪深300ETF,4.87,安全,二买,向上,无信号,客观缠论信号为二买，60分钟笔方向向上，中枢震荡，观望,4.68,4.75,4.99,-0.0204,-0.0159,否
2026-05-15 14:13:48,观望,否,警戒,588000,科创50ETF,1.78,安全,二买,向上,无信号,客观缠论信号为二买，60分钟笔方向向上，中枢震荡，观望,1.55,1.55,1.82,-0.0077,-0.0045,否
2026-05-15 14:13:48,观望,否,警戒,513100,纳指ETF,2.09,安全,二买,向上,无信号,客观缠论信号为二买，60分钟笔方向向上，中枢震荡，观望,1.91,1.93,2.11,0.0024,0.0050,否
2026-05-15 14:13:48,观望,否,警戒,513520,日经ETF,2.06,安全,无信号,向上,无信号,客观缠论信号为无信号，60分钟笔方向向上，中枢震荡，观望,1.89,2.00,2.04,-0.0175,-0.0138,否
2026-05-15 14:13:48,二卖,否,警戒,512400,有色金属ETF,2.03,日线破位,二卖+三买,向上,无信号,客观缠论信号为二卖、三买，60分钟笔方向向上（冲顶模式），因此实际交易动作是二卖（笔方向向上时优先卖点）,2.11,2.10,2.15,-0.0326,-0.0288,否
2026-05-15 14:13:48,观望,否,警戒,512690,酒ETF,0.46,日线破位,二卖,向下,无信号,客观缠论信号为二卖，60分钟笔方向向下，中枢震荡，观望,0.48,0.48,0.48,-0.0023,-0.0018,否
2026-05-15 14:13:48,二买,否,警戒,159227,航空航天ETF,1.29,安全,二买,向下,无信号,客观缠论信号为二买，60分钟笔方向向下（寻底模式），因此实际交易动作是二买（笔方向向下时优先买点）,1.23,1.30,1.31,-0.0143,-0.0139,否
2026-05-15 14:13:48,二卖,否,警戒,159992,创新药ETF,0.80,安全,一卖+二卖+二买,向上,无信号,客观缠论信号为一卖、二卖、二买，60分钟笔方向向上（冲顶模式），因此实际交易动作是二卖（笔方向向上时优先卖点）,0.79,0.77,0.83,-0.0052,-0.0050,否
2026-05-15 14:13:48,二卖,否,警戒,515050,通信ETF,1.10,安全,二卖,向上,无信号,客观缠论信号为二卖，60分钟笔方向向上（冲顶模式），因此实际交易动作是二卖（笔方向向上时优先卖点）,1.08,1.48,2.40,-0.0796,-0.1084,否
2026-05-15 14:13:48,观望,否,警戒,159915,创业板ETF,3.93,安全,二买,向上,无信号,客观缠论信号为二买，60分钟笔方向向上，中枢震荡，观望,3.25,3.27,3.97,-0.0116,-0.0079,否
2026-05-15 14:13:48,一卖,否,警戒,588200,科创芯片ETF,3.41,安全,一卖,向上,无信号,客观缠论信号为一卖，60分钟笔方向向上（冲顶模式），因此实际交易动作是一卖（趋势顶背驰卖出）,2.41,2.65,3.34,-0.0164,-0.0075,否
2026-05-15 14:13:48,观望,否,警戒,159755,电池ETF,1.17,安全,二卖,向下,无信号,客观缠论信号为二卖，60分钟笔方向向下，中枢震荡，观望,1.03,1.17,1.22,-0.0057,-0.0057,否
2026-05-15 14:13:48,三买,否,警戒,159899,软件ETF,0.83,安全,二卖+三买,向下,无信号,客观缠论信号为二卖、三买，60分钟笔方向向下（寻底模式），因此实际交易动作是三买（突破回踩买入）,0.81,0.83,0.84,-0.0063,-0.0056,否
2026-05-15 14:13:48,二卖,否,警戒,513360,教育ETF,0.49,日线破位,二卖,向上,无信号,客观缠论信号为二卖，60分钟笔方向向上（冲顶模式），因此实际交易动作是二卖（笔方向向上时优先卖点）,0.49,0.49,0.50,-0.0013,-0.0012,否
2026-05-15 14:13:48,观望,否,警戒,515790,光伏ETF,1.11,安全,无信号,向下,无信号,客观缠论信号为无信号，60分钟笔方向向下，中枢震荡，观望,1.08,1.10,1.13,-0.0073,-0.0078,否
2026-05-15 14:13:48,观望,否,警戒,600938,中国海油,36.52,安全,二卖,向下,无信号,客观缠论信号为二卖，60分钟笔方向向下，中枢震荡，观望,34.06,35.29,36.28,0.0861,0.0495,否
2026-05-15 14:13:48,二买,否,警戒,601668,中国建筑,4.92,安全,二买,向下,无信号,客观缠论信号为二买，60分钟笔方向向下（寻底模式），因此实际交易动作是二买（笔方向向下时优先买点）,4.88,4.91,4.95,-0.0079,-0.0054,否
2026-05-15 14:13:48,二卖,否,警戒,601288,农业银行,6.68,安全,二卖,向上,无信号,客观缠论信号为二卖，60分钟笔方向向上（冲顶模式），因此实际交易动作是二卖（笔方向向上时优先卖点）,6.53,6.53,6.85,-0.0203,-0.0142,否
2026-05-15 14:13:48,观望,否,警戒,601728,中国电信,6.32,安全,二买,向上,无信号,客观缠论信号为二买，60分钟笔方向向上，中枢震荡，观望,6.24,5.91,6.19,0.0288,0.0409,否
2026-05-15 14:13:48,观望,否,警戒,600276,恒瑞医药,53.94,安全,二买,向上,无信号,客观缠论信号为二买，60分钟笔方向向上，中枢震荡，观望,52.67,52.41,53.92,-0.2890,-0.2316,否
2026-05-15 14:13:48,二卖,否,警戒,600177,雅戈尔,7.60,安全,二卖+二买,向上,无信号,客观缠论信号为二卖、二买，60分钟笔方向向上（冲顶模式），因此实际交易动作是二卖（笔方向向上时优先卖点）,7.50,7.63,7.70,-0.0254,-0.0216,否
2026-05-15 14:13:48,观望,否,警戒,600887,伊利股份,27.55,安全,无信号,向上,无信号,客观缠论信号为无信号，60分钟笔方向向上，中枢震荡，观望,27.75,27.36,27.98,-0.0510,-0.0184,否
2026-05-15 14:13:48,二卖,否,警戒,601138,工业富联,68.03,安全,二卖+二买,向上,无信号,客观缠论信号为二卖、二买，60分钟笔方向向上（冲顶模式），因此实际交易动作是二卖（笔方向向上时优先卖点）,64.65,63.20,71.76,-0.0714,0.1728,否
2026-05-15 14:13:48,一卖,否,警戒,688041,海光信息,302.05,安全,一卖+二买,向上,无信号,客观缠论信号为一卖、二买，60分钟笔方向向上（冲顶模式），因此实际交易动作是一卖（趋势顶背驰卖出）,246.00,320.01,305.00,-8.2541,-7.6923,否
2026-05-15 14:13:48,观望,否,警戒,601225,陕西煤业,23.76,安全,二卖,向下,无信号,客观缠论信号为二卖，60分钟笔方向向下，中枢震荡，观望,22.32,22.30,24.11,0.0772,0.0694,否
2026-05-15 14:13:48,观望,否,警戒,600900,长江电力,27.04,安全,二卖,向下,无信号,客观缠论信号为二卖，60分钟笔方向向下，中枢震荡，观望,26.66,26.90,27.03,0.0222,0.0085,否
2026-05-15 14:13:48,观望,否,警戒,600660,福耀玻璃,56.01,日线破位,无信号,向下,无信号,客观缠论信号为无信号，60分钟笔方向向下，中枢震荡，观望,56.46,56.55,58.18,-0.2756,-0.2738,否
2026-05-15 14:13:48,观望,否,警戒,002507,涪陵榨菜,11.99,日线破位,二卖,向下,无信号,客观缠论信号为二卖，60分钟笔方向向下，中枢震荡，观望,12.23,12.28,12.40,-0.0428,-0.0396,否
2026-05-15 14:13:48,二买,否,警戒,000338,潍柴动力,34.80,安全,一卖+二买,向下,无信号,客观缠论信号为一卖、二买，60分钟笔方向向下（寻底模式），因此实际交易动作是二买（笔方向向下时优先买点）,25.92,23.75,33.85,0.1757,0.2224,否
2026-05-15 14:13:48,二卖,否,警戒,000538,云南白药,50.85,日线破位,二卖+三卖,向上,无信号,客观缠论信号为二卖、三卖，60分钟笔方向向上（冲顶模式），因此实际交易动作是二卖（笔方向向上时优先卖点）,55.40,54.40,52.89,-0.1887,-0.1617,否
2026-05-15 14:13:48,观望,否,警戒,000423,东阿阿胶,52.10,日线破位,无信号,向上,无信号,客观缠论信号为无信号，60分钟笔方向向上，中枢震荡，观望,52.11,52.42,54.45,-0.2183,-0.1040,否
2026-05-15 14:13:48,二卖,否,警戒,000001,平安银行,10.97,安全,二卖,向上,底背驰,客观缠论信号为二卖，60分钟笔方向向上（冲顶模式），因此实际交易动作是二卖（笔方向向上时优先卖点）,10.67,11.03,11.03,-0.0352,-0.0305,否
2026-05-15 14:13:48,观望,否,警戒,000651,格力电器,40.27,安全,二卖,向下,无信号,客观缠论信号为二卖，60分钟笔方向向下，中枢震荡，观望,40.00,39.51,40.57,0.0112,0.0409,否
2026-05-15 14:13:48,二卖,否,警戒,000895,双汇发展,26.43,日线破位,二卖+二买,向上,无信号,客观缠论信号为二卖、二买，60分钟笔方向向上（冲顶模式），因此实际交易动作是二卖（笔方向向上时优先卖点）,26.66,26.51,26.98,-0.0680,-0.0384,否
2026-05-15 14:13:48,观望,否,警戒,002415,海康威视,33.16,安全,二卖,向下,无信号,客观缠论信号为二卖，60分钟笔方向向下，中枢震荡，观望,31.96,33.30,33.87,-0.1941,-0.1647,否
2026-05-15 14:13:48,观望,否,警戒,hk03690,美团,82.30,安全,二买,向上,无信号,客观缠论信号为二买，60分钟笔方向向上，中枢震荡，观望,83.75,82.15,84.55,-0.9870,-0.9046,否
2026-05-15 14:13:48,一卖,否,警戒,hk03896,金山云,8.08,安全,一卖,向上,无信号,客观缠论信号为一卖，60分钟笔方向向上（冲顶模式），因此实际交易动作是一卖（趋势顶背驰卖出）,7.86,7.78,8.39,-0.0744,-0.0396,否
2026-05-15 14:13:48,二买,否,警戒,hk00700,腾讯,456.00,日线破位,二买,向下,无信号,客观缠论信号为二买，60分钟笔方向向下（寻底模式），因此实际交易动作是二买（笔方向向下时优先买点）,494.60,486.20,469.00,-1.4767,-1.3055,否
2026-05-15 14:13:48,观望,否,警戒,hk09988,阿里巴巴,132.20,安全,无信号,向上,无信号,客观缠论信号为无信号，60分钟笔方向向上，中枢震荡，观望,129.60,130.30,134.20,-1.0187,-0.6079,否
2026-05-15 14:13:48,二卖,否,警戒,hk01024,快手,48.86,安全,二卖,向上,无信号,客观缠论信号为二卖，60分钟笔方向向上（冲顶模式），因此实际交易动作是二卖（笔方向向上时优先卖点）,51.00,43.00,54.40,-0.5226,-0.4377,否
2026-05-15 14:13:48,观望,否,警戒,hk06618,京东健康,44.98,日线破位,二买,向上,无信号,客观缠论信号为二买，60分钟笔方向向上，中枢震荡，观望,46.16,46.10,45.88,-0.7957,-0.6642,否
2026-05-15 14:13:48,二卖,否,警戒,hk06862,海底捞,14.62,安全,二卖+二买,向上,无信号,客观缠论信号为二卖、二买，60分钟笔方向向上（冲顶模式），因此实际交易动作是二卖（笔方向向上时优先卖点）,14.62,14.16,14.88,-0.0677,-0.0538,否
2026-05-15 14:13:48,观望,否,警戒,600895,张江高科,34.81,安全,二卖,向下,无信号,客观缠论信号为二卖，60分钟笔方向向下，中枢震荡，观望,33.37,34.05,35.66,-0.3685,-0.2910,否

2026-05-15 14:35:28,观望,是,警戒,603317,天味食品,15.91,安全,二买,向上,无信号,客观缠论信号为二买，60分钟笔方向向上，中枢震荡，观望,12.56,12.98,16.31,-0.0522,-0.0362,否
2026-05-15 14:35:28,二卖,是,警戒,688981,中芯国际,118.83,安全,二卖,向上,无信号,客观缠论信号为二卖，60分钟笔方向向上（冲顶模式），因此实际交易动作是二卖（笔方向向上时优先卖点）,115.74,113.50,124.04,0.0820,0.2961,否
2026-05-15 14:35:28,观望,是,警戒,000333,美的集团,82.54,安全,二买,向上,无信号,客观缠论信号为二买，60分钟笔方向向上，中枢震荡，观望,79.17,78.91,80.98,0.3252,0.4299,否
2026-05-15 14:35:28,二买,是,警戒,000429,粤高速A,13.09,安全,二买,向下,无信号,客观缠论信号为二买，60分钟笔方向向下（寻底模式），因此实际交易动作是二买（笔方向向下时优先买点）,12.70,12.48,13.12,-0.0137,-0.0206,否
2026-05-15 14:35:28,二卖,是,警戒,300418,昆仑万维,49.04,安全,二卖,向上,无信号,客观缠论信号为二卖，60分钟笔方向向上（冲顶模式），因此实际交易动作是二卖（笔方向向上时优先卖点）,44.10,49.25,52.22,-0.4878,-0.4758,否
2026-05-15 14:35:28,一卖,是,警戒,hk01810,小米集团,30.50,安全,一卖+二买,向上,底背驰,客观缠论信号为一卖、二买，60分钟笔方向向上（冲顶模式），因此实际交易动作是一卖（趋势顶背驰卖出）,32.78,30.26,31.18,-0.3251,-0.2714,否
2026-05-15 14:35:28,二卖,是,警戒,513130,恒生科技ETF,0.62,安全,二卖,向上,无信号,客观缠论信号为二卖，60分钟笔方向向上（冲顶模式），因此实际交易动作是二卖（笔方向向上时优先卖点）,0.61,0.63,0.63,-0.0049,-0.0039,否
2026-05-15 14:35:28,三买,否,警戒,sh000001,上证指数,4128.61,安全,一卖+三买,向下,无信号,客观缠论信号为一卖、三买，60分钟笔方向向下（寻底模式），因此实际交易动作是三买（突破回踩买入）,4101.83,4079.77,4092.83,-17.7001,-14.1505,否
2026-05-15 14:35:28,观望,否,警戒,510300,沪深300ETF,4.86,安全,二买,向上,底背驰,客观缠论信号为二买，60分钟笔方向向上，中枢震荡，观望,4.68,4.75,4.99,-0.0232,-0.0182,否
2026-05-15 14:35:28,观望,否,警戒,588000,科创50ETF,1.77,安全,二买,向上,无信号,客观缠论信号为二买，60分钟笔方向向上，中枢震荡，观望,1.55,1.55,1.82,-0.0114,-0.0067,否
2026-05-15 14:35:28,观望,否,警戒,513100,纳指ETF,2.09,安全,二买,向上,无信号,客观缠论信号为二买，60分钟笔方向向上，中枢震荡，观望,1.91,1.93,2.11,-0.0003,0.0033,否
2026-05-15 14:35:28,观望,否,警戒,513520,日经ETF,2.07,安全,无信号,向上,底背驰,客观缠论信号为无信号，60分钟笔方向向上，中枢震荡，观望,1.89,2.00,2.04,-0.0181,-0.0154,否
2026-05-15 14:35:28,二卖,否,警戒,512400,有色金属ETF,2.03,日线破位,二卖+三买,向上,底背驰,客观缠论信号为二卖、三买，60分钟笔方向向上（冲顶模式），因此实际交易动作是二卖（笔方向向上时优先卖点）,2.11,2.10,2.15,-0.0335,-0.0304,否
2026-05-15 14:35:28,观望,否,警戒,512690,酒ETF,0.46,日线破位,二卖,向下,无信号,客观缠论信号为二卖，60分钟笔方向向下，中枢震荡，观望,0.48,0.48,0.48,-0.0022,-0.0019,否
2026-05-15 14:35:28,二买,否,警戒,159227,航空航天ETF,1.28,安全,二买,向下,底背驰,客观缠论信号为二买，60分钟笔方向向下（寻底模式），因此实际交易动作是二买（笔方向向下时优先买点）,1.23,1.30,1.31,-0.0147,-0.0141,否
2026-05-15 14:35:28,二卖,否,警戒,159992,创新药ETF,0.80,安全,一卖+二卖+二买,向上,无信号,客观缠论信号为一卖、二卖、二买，60分钟笔方向向上（冲顶模式），因此实际交易动作是二卖（笔方向向上时优先卖点）,0.79,0.77,0.83,-0.0055,-0.0052,否
2026-05-15 14:35:28,二卖,否,警戒,515050,通信ETF,1.10,安全,二卖,向上,无信号,客观缠论信号为二卖，60分钟笔方向向上（冲顶模式），因此实际交易动作是二卖（笔方向向上时优先卖点）,1.08,1.48,2.40,-0.0707,-0.0955,否
2026-05-15 14:35:28,观望,否,警戒,159915,创业板ETF,3.92,安全,二买,向上,无信号,客观缠论信号为二买，60分钟笔方向向上，中枢震荡，观望,3.25,3.27,3.97,-0.0136,-0.0091,否
2026-05-15 14:35:28,一卖,否,警戒,588200,科创芯片ETF,3.40,安全,一卖,向上,无信号,客观缠论信号为一卖，60分钟笔方向向上（冲顶模式），因此实际交易动作是一卖（趋势顶背驰卖出）,2.41,2.65,3.34,-0.0206,-0.0101,否
2026-05-15 14:35:28,观望,否,警戒,159755,电池ETF,1.17,安全,二卖,向下,无信号,客观缠论信号为二卖，60分钟笔方向向下，中枢震荡，观望,1.03,1.17,1.22,-0.0060,-0.0058,否
2026-05-15 14:35:28,三买,否,警戒,159899,软件ETF,0.83,安全,二卖+三买,向下,底背驰,客观缠论信号为二卖、三买，60分钟笔方向向下（寻底模式），因此实际交易动作是三买（突破回踩买入）,0.81,0.83,0.84,-0.0068,-0.0058,否
2026-05-15 14:35:28,二卖,否,警戒,513360,教育ETF,0.49,日线破位,二卖,向上,无信号,客观缠论信号为二卖，60分钟笔方向向上（冲顶模式），因此实际交易动作是二卖（笔方向向上时优先卖点）,0.49,0.49,0.50,-0.0013,-0.0012,否
2026-05-15 14:35:28,观望,否,警戒,515790,光伏ETF,1.10,安全,无信号,向下,无信号,客观缠论信号为无信号，60分钟笔方向向下，中枢震荡，观望,1.08,1.10,1.13,-0.0073,-0.0077,否
2026-05-15 14:35:28,观望,否,警戒,600938,中国海油,36.50,安全,二卖,向下,无信号,客观缠论信号为二卖，60分钟笔方向向下，中枢震荡，观望,34.06,35.29,36.28,0.0901,0.0576,否
2026-05-15 14:35:28,二买,否,警戒,601668,中国建筑,4.93,安全,二买,向下,无信号,客观缠论信号为二买，60分钟笔方向向下（寻底模式），因此实际交易动作是二买（笔方向向下时优先买点）,4.88,4.91,4.95,-0.0080,-0.0059,否
2026-05-15 14:35:28,二卖,否,警戒,601288,农业银行,6.67,安全,二卖,向上,无信号,客观缠论信号为二卖，60分钟笔方向向上（冲顶模式），因此实际交易动作是二卖（笔方向向上时优先卖点）,6.53,6.53,6.85,-0.0206,-0.0155,否
2026-05-15 14:35:28,观望,否,警戒,601728,中国电信,6.32,安全,二买,向上,无信号,客观缠论信号为二买，60分钟笔方向向上，中枢震荡，观望,6.24,5.91,6.19,0.0252,0.0378,否
2026-05-15 14:35:28,观望,否,警戒,600276,恒瑞医药,53.85,安全,二买,向上,底背驰,客观缠论信号为二买，60分钟笔方向向上，中枢震荡，观望,52.67,52.41,53.92,-0.2989,-0.2451,否
2026-05-15 14:35:28,二卖,否,警戒,600177,雅戈尔,7.60,安全,二卖+二买,向上,无信号,客观缠论信号为二卖、二买，60分钟笔方向向上（冲顶模式），因此实际交易动作是二卖（笔方向向上时优先卖点）,7.50,7.63,7.70,-0.0262,-0.0226,否
2026-05-15 14:35:28,观望,否,警戒,600887,伊利股份,27.50,安全,无信号,向上,无信号,客观缠论信号为无信号，60分钟笔方向向上，中枢震荡，观望,27.75,27.36,27.98,-0.0635,-0.0275,否
2026-05-15 14:35:28,二卖,否,警戒,601138,工业富联,67.80,安全,二卖+二买,向上,无信号,客观缠论信号为二卖、二买，60分钟笔方向向上（冲顶模式），因此实际交易动作是二卖（笔方向向上时优先卖点）,64.65,63.20,71.76,-0.1609,0.1061,否
2026-05-15 14:35:28,一卖,否,警戒,688041,海光信息,300.92,安全,一卖+二买,向上,底背驰,客观缠论信号为一卖、二买，60分钟笔方向向上（冲顶模式），因此实际交易动作是一卖（趋势顶背驰卖出）,246.00,320.01,305.00,-8.2657,-7.8070,否
2026-05-15 14:35:28,观望,否,警戒,601225,陕西煤业,23.76,安全,二卖,向下,无信号,客观缠论信号为二卖，60分钟笔方向向下，中枢震荡，观望,22.32,22.30,24.11,0.0691,0.0694,否
2026-05-15 14:35:28,观望,否,警戒,600900,长江电力,27.03,安全,二卖,向下,无信号,客观缠论信号为二卖，60分钟笔方向向下，中枢震荡，观望,26.66,26.90,27.03,0.0216,0.0111,否
2026-05-15 14:35:28,观望,否,警戒,600660,福耀玻璃,55.97,日线破位,无信号,向下,无信号,客观缠论信号为无信号，60分钟笔方向向下，中枢震荡，观望,56.46,56.55,58.18,-0.2852,-0.2761,否
2026-05-15 14:35:28,观望,否,警戒,002507,涪陵榨菜,11.99,日线破位,二卖,向下,无信号,客观缠论信号为二卖，60分钟笔方向向下，中枢震荡，观望,12.23,12.28,12.40,-0.0439,-0.0405,否
2026-05-15 14:35:28,二买,否,警戒,000338,潍柴动力,34.66,安全,一卖+二买,向下,底背驰,客观缠论信号为一卖、二买，60分钟笔方向向下（寻底模式），因此实际交易动作是二买（笔方向向下时优先买点）,25.92,23.75,33.85,0.1405,0.2060,否
2026-05-15 14:35:28,二卖,否,警戒,000538,云南白药,50.83,日线破位,二卖+三卖,向上,无信号,客观缠论信号为二卖、三卖，60分钟笔方向向上（冲顶模式），因此实际交易动作是二卖（笔方向向上时优先卖点）,55.40,54.40,52.89,-0.1983,-0.1690,否
2026-05-15 14:35:28,观望,否,警戒,000423,东阿阿胶,52.14,安全,无信号,向上,无信号,客观缠论信号为无信号，60分钟笔方向向上，中枢震荡，观望,52.11,52.42,54.45,-0.2423,-0.1317,否
2026-05-15 14:35:28,二卖,否,警戒,000001,平安银行,10.97,安全,二卖,向上,底背驰,客观缠论信号为二卖，60分钟笔方向向上（冲顶模式），因此实际交易动作是二卖（笔方向向上时优先卖点）,10.67,11.03,11.03,-0.0370,-0.0318,否
2026-05-15 14:35:28,观望,否,警戒,000651,格力电器,40.23,安全,二卖,向下,无信号,客观缠论信号为二卖，60分钟笔方向向下，中枢震荡，观望,40.00,39.51,40.57,-0.0052,0.0317,否
2026-05-15 14:35:28,二卖,否,警戒,000895,双汇发展,26.41,日线破位,二卖+二买,向上,无信号,客观缠论信号为二卖、二买，60分钟笔方向向上（冲顶模式），因此实际交易动作是二卖（笔方向向上时优先卖点）,26.66,26.51,26.98,-0.0796,-0.0466,否
2026-05-15 14:35:28,观望,否,警戒,002415,海康威视,33.10,安全,二卖,向下,无信号,客观缠论信号为二卖，60分钟笔方向向下，中枢震荡，观望,31.96,33.30,33.87,-0.2125,-0.1743,否
2026-05-15 14:35:28,观望,否,警戒,hk03690,美团,82.30,安全,二买,向上,无信号,客观缠论信号为二买，60分钟笔方向向上，中枢震荡，观望,83.75,82.15,84.55,-0.9870,-0.9046,否
2026-05-15 14:35:28,一卖,否,警戒,hk03896,金山云,8.08,安全,一卖,向上,无信号,客观缠论信号为一卖，60分钟笔方向向上（冲顶模式），因此实际交易动作是一卖（趋势顶背驰卖出）,7.86,7.78,8.39,-0.0744,-0.0396,否
2026-05-15 14:35:28,二买,否,警戒,hk00700,腾讯,456.00,日线破位,二买,向下,无信号,客观缠论信号为二买，60分钟笔方向向下（寻底模式），因此实际交易动作是二买（笔方向向下时优先买点）,494.60,486.20,469.00,-1.4767,-1.3055,否
2026-05-15 14:35:28,观望,否,警戒,hk09988,阿里巴巴,132.20,安全,无信号,向上,无信号,客观缠论信号为无信号，60分钟笔方向向上，中枢震荡，观望,129.60,130.30,134.20,-1.0187,-0.6079,否
2026-05-15 14:35:28,二卖,否,警戒,hk01024,快手,48.86,安全,二卖,向上,无信号,客观缠论信号为二卖，60分钟笔方向向上（冲顶模式），因此实际交易动作是二卖（笔方向向上时优先卖点）,51.00,43.00,54.40,-0.5226,-0.4377,否
2026-05-15 14:35:28,观望,否,警戒,hk06618,京东健康,44.86,日线破位,二买,向上,无信号,客观缠论信号为二买，60分钟笔方向向上，中枢震荡，观望,46.16,46.10,45.88,-0.8147,-0.7170,否
2026-05-15 14:35:28,二卖,否,警戒,hk06862,海底捞,14.62,安全,二卖+二买,向上,无信号,客观缠论信号为二卖、二买，60分钟笔方向向上（冲顶模式），因此实际交易动作是二卖（笔方向向上时优先卖点）,14.62,14.16,14.88,-0.0677,-0.0538,否
2026-05-15 14:35:28,观望,否,警戒,600895,张江高科,34.64,安全,二卖,向下,无信号,客观缠论信号为二卖，60分钟笔方向向下，中枢震荡，观望,33.37,34.05,35.66,-0.3997,-0.3127,否

2026-05-15 14:50:24,观望,是,警戒,603317,天味食品,15.98,安全,二买,向上,无信号,客观缠论信号为二买，60分钟笔方向向上，中枢震荡，观望,12.56,12.98,16.31,-0.0490,-0.0387,否
2026-05-15 14:50:24,二卖,是,警戒,688981,中芯国际,119.18,安全,二卖,向上,无信号,客观缠论信号为二卖，60分钟笔方向向上（冲顶模式），因此实际交易动作是二卖（笔方向向上时优先卖点）,115.74,113.50,124.04,-0.0107,0.2348,否
2026-05-15 14:50:24,观望,是,警戒,000333,美的集团,82.55,安全,二买,向上,无信号,客观缠论信号为二买，60分钟笔方向向上，中枢震荡，观望,79.17,78.91,80.98,0.3028,0.4045,否
2026-05-15 14:50:24,二买,是,警戒,000429,粤高速A,13.08,安全,二买,向下,无信号,客观缠论信号为二买，60分钟笔方向向下（寻底模式），因此实际交易动作是二买（笔方向向下时优先买点）,12.70,12.48,13.12,-0.0112,-0.0187,否
2026-05-15 14:50:24,一卖,是,警戒,hk01810,小米集团,30.50,安全,一卖+二买,向上,底背驰,客观缠论信号为一卖、二买，60分钟笔方向向上（冲顶模式），因此实际交易动作是一卖（趋势顶背驰卖出）,32.78,30.26,31.18,-0.3251,-0.2714,否
2026-05-15 14:50:24,二卖,是,警戒,513130,恒生科技ETF,0.62,安全,二卖,向上,无信号,客观缠论信号为二卖，60分钟笔方向向上（冲顶模式），因此实际交易动作是二卖（笔方向向上时优先卖点）,0.61,0.63,0.63,-0.0048,-0.0041,否
2026-05-15 14:50:24,三买,否,警戒,sh000001,上证指数,4128.61,安全,一卖+三买,向下,无信号,客观缠论信号为一卖、三买，60分钟笔方向向下（寻底模式），因此实际交易动作是三买（突破回踩买入）,4101.83,4079.77,4092.83,-17.7001,-14.1505,否
2026-05-15 14:50:24,观望,否,警戒,510300,沪深300ETF,4.88,安全,二买,向上,底背驰,客观缠论信号为二买，60分钟笔方向向上，中枢震荡，观望,4.68,4.75,4.99,-0.0231,-0.0192,否
2026-05-15 14:50:24,观望,否,警戒,588000,科创50ETF,1.79,安全,二买,向上,无信号,客观缠论信号为二买，60分钟笔方向向上，中枢震荡，观望,1.55,1.55,1.82,-0.0117,-0.0077,否
2026-05-15 14:50:24,观望,否,警戒,513100,纳指ETF,2.10,安全,二买,向上,无信号,客观缠论信号为二买，60分钟笔方向向上，中枢震荡，观望,1.91,1.93,2.11,-0.0005,0.0025,否
2026-05-15 14:50:24,观望,否,警戒,513520,日经ETF,2.09,安全,无信号,向上,底背驰,客观缠论信号为无信号，60分钟笔方向向上，中枢震荡，观望,1.89,2.00,2.04,-0.0163,-0.0156,否
2026-05-15 14:50:24,二卖,否,警戒,512400,有色金属ETF,2.04,日线破位,二卖+三买,向上,底背驰,客观缠论信号为二卖、三买，60分钟笔方向向上（冲顶模式），因此实际交易动作是二卖（笔方向向上时优先卖点）,2.11,2.10,2.15,-0.0330,-0.0309,否
2026-05-15 14:50:24,观望,否,警戒,512690,酒ETF,0.46,日线破位,二卖,向下,无信号,客观缠论信号为二卖，60分钟笔方向向下，中枢震荡，观望,0.48,0.48,0.48,-0.0022,-0.0020,否
2026-05-15 14:50:24,二买,否,警戒,159227,航空航天ETF,1.29,安全,二买,向下,底背驰,客观缠论信号为二买，60分钟笔方向向下（寻底模式），因此实际交易动作是二买（笔方向向下时优先买点）,1.23,1.30,1.31,-0.0144,-0.0142,否
2026-05-15 14:50:24,二卖,否,警戒,159992,创新药ETF,0.80,安全,一卖+二卖+二买,向上,无信号,客观缠论信号为一卖、二卖、二买，60分钟笔方向向上（冲顶模式），因此实际交易动作是二卖（笔方向向上时优先卖点）,0.79,0.77,0.83,-0.0054,-0.0052,否
2026-05-15 14:50:24,二卖,否,警戒,515050,通信ETF,1.11,安全,二卖,向上,无信号,客观缠论信号为二卖，60分钟笔方向向上（冲顶模式），因此实际交易动作是二卖（笔方向向上时优先卖点）,1.08,1.48,2.40,-0.0660,-0.0896,否
2026-05-15 14:50:24,观望,否,警戒,159915,创业板ETF,3.93,安全,二买,向上,无信号,客观缠论信号为二买，60分钟笔方向向上，中枢震荡，观望,3.25,3.27,3.97,-0.0135,-0.0100,否
2026-05-15 14:50:24,一卖,否,警戒,588200,科创芯片ETF,3.43,安全,一卖,向上,无信号,客观缠论信号为一卖，60分钟笔方向向上（冲顶模式），因此实际交易动作是一卖（趋势顶背驰卖出）,2.41,2.65,3.34,-0.0212,-0.0123,否
2026-05-15 14:50:24,观望,否,警戒,159755,电池ETF,1.17,安全,二卖,向下,无信号,客观缠论信号为二卖，60分钟笔方向向下，中枢震荡，观望,1.03,1.17,1.22,-0.0061,-0.0058,否
2026-05-15 14:50:24,三买,否,警戒,159899,软件ETF,0.83,安全,二卖+三买,向下,底背驰,客观缠论信号为二卖、三买，60分钟笔方向向下（寻底模式），因此实际交易动作是三买（突破回踩买入）,0.81,0.83,0.84,-0.0068,-0.0060,否
2026-05-15 14:50:24,二卖,否,警戒,513360,教育ETF,0.49,日线破位,二卖,向上,无信号,客观缠论信号为二卖，60分钟笔方向向上（冲顶模式），因此实际交易动作是二卖（笔方向向上时优先卖点）,0.49,0.49,0.50,-0.0013,-0.0013,否
2026-05-15 14:50:24,观望,否,警戒,515790,光伏ETF,1.11,安全,无信号,向下,无信号,客观缠论信号为无信号，60分钟笔方向向下，中枢震荡，观望,1.08,1.10,1.13,-0.0069,-0.0076,否
2026-05-15 14:50:24,观望,否,警戒,600938,中国海油,36.47,安全,二卖,向下,无信号,客观缠论信号为二卖，60分钟笔方向向下，中枢震荡，观望,34.06,35.29,36.28,0.0898,0.0641,否
2026-05-15 14:50:24,二买,否,警戒,601668,中国建筑,4.94,安全,二买,向下,无信号,客观缠论信号为二买，60分钟笔方向向下（寻底模式），因此实际交易动作是二买（笔方向向下时优先买点）,4.88,4.91,4.95,-0.0073,-0.0062,否
2026-05-15 14:50:24,二卖,否,警戒,601288,农业银行,6.67,安全,二卖,向上,无信号,客观缠论信号为二卖，60分钟笔方向向上（冲顶模式），因此实际交易动作是二卖（笔方向向上时优先卖点）,6.53,6.53,6.85,-0.0206,-0.0165,否
2026-05-15 14:50:24,观望,否,警戒,601728,中国电信,6.33,安全,二买,向上,无信号,客观缠论信号为二买，60分钟笔方向向上，中枢震荡，观望,6.24,5.91,6.19,0.0229,0.0348,否
2026-05-15 14:50:24,观望,否,警戒,600276,恒瑞医药,54.00,安全,二买,向上,底背驰,客观缠论信号为二买，60分钟笔方向向上，中枢震荡，观望,52.67,52.41,53.92,-0.2913,-0.2543,否
2026-05-15 14:50:24,二卖,否,警戒,600177,雅戈尔,7.61,安全,二卖+二买,向上,无信号,客观缠论信号为二卖、二买，60分钟笔方向向上（冲顶模式），因此实际交易动作是二卖（笔方向向上时优先卖点）,7.50,7.63,7.70,-0.0258,-0.0232,否
2026-05-15 14:50:24,观望,否,警戒,600887,伊利股份,27.52,安全,无信号,向上,无信号,客观缠论信号为无信号，60分钟笔方向向上，中枢震荡，观望,27.75,27.36,27.98,-0.0710,-0.0362,否
2026-05-15 14:50:24,二卖,否,警戒,601138,工业富联,67.68,安全,二卖+二买,向上,无信号,客观缠论信号为二卖、二买，60分钟笔方向向上（冲顶模式），因此实际交易动作是二卖（笔方向向上时优先卖点）,64.65,63.20,71.76,-0.2387,0.0371,否
2026-05-15 14:50:24,一卖,否,警戒,688041,海光信息,303.36,安全,一卖+二买,向上,底背驰,客观缠论信号为一卖、二买，60分钟笔方向向上（冲顶模式），因此实际交易动作是一卖（趋势顶背驰卖出）,246.00,320.01,305.00,-7.9859,-7.8428,否
2026-05-15 14:50:24,观望,否,警戒,601225,陕西煤业,23.86,安全,二卖,向下,无信号,客观缠论信号为二卖，60分钟笔方向向下，中枢震荡，观望,22.32,22.30,24.11,0.0699,0.0695,否
2026-05-15 14:50:24,观望,否,警戒,600900,长江电力,27.04,安全,二卖,向下,无信号,客观缠论信号为二卖，60分钟笔方向向下，中枢震荡，观望,26.66,26.90,27.03,0.0216,0.0132,否
2026-05-15 14:50:24,观望,否,警戒,600660,福耀玻璃,56.00,日线破位,无信号,向下,无信号,客观缠论信号为无信号，60分钟笔方向向下，中枢震荡，观望,56.46,56.55,58.18,-0.2872,-0.2783,否
2026-05-15 14:50:24,观望,否,警戒,002507,涪陵榨菜,12.01,日线破位,二卖,向下,无信号,客观缠论信号为二卖，60分钟笔方向向下，中枢震荡，观望,12.23,12.28,12.40,-0.0426,-0.0409,否
2026-05-15 14:50:24,二买,否,警戒,000338,潍柴动力,34.68,安全,一卖+二买,向下,底背驰,客观缠论信号为一卖、二买，60分钟笔方向向下（寻底模式），因此实际交易动作是二买（笔方向向下时优先买点）,25.92,23.75,33.85,0.1128,0.1874,否
2026-05-15 14:50:24,二卖,否,警戒,000538,云南白药,50.88,日线破位,二卖+三卖,向上,无信号,客观缠论信号为二卖、三卖，60分钟笔方向向上（冲顶模式），因此实际交易动作是二卖（笔方向向上时优先卖点）,55.40,54.40,52.89,-0.1996,-0.1751,否
2026-05-15 14:50:24,观望,否,警戒,000423,东阿阿胶,52.22,安全,无信号,向上,无信号,客观缠论信号为无信号，60分钟笔方向向上，中枢震荡，观望,52.11,52.42,54.45,-0.2519,-0.1557,否
2026-05-15 14:50:24,二卖,否,警戒,000001,平安银行,10.99,安全,二卖,向上,无信号,客观缠论信号为二卖，60分钟笔方向向上（冲顶模式），因此实际交易动作是二卖（笔方向向上时优先卖点）,10.67,11.03,11.03,-0.0364,-0.0327,否
2026-05-15 14:50:24,观望,否,警戒,000651,格力电器,40.27,安全,二卖,向下,无信号,客观缠论信号为二卖，60分钟笔方向向下，中枢震荡，观望,40.00,39.51,40.57,-0.0148,0.0224,否
2026-05-15 14:50:24,二卖,否,警戒,000895,双汇发展,26.50,日线破位,二卖+二买,向上,无信号,客观缠论信号为二卖、二买，60分钟笔方向向上（冲顶模式），因此实际交易动作是二卖（笔方向向上时优先卖点）,26.66,26.51,26.98,-0.0806,-0.0534,否
2026-05-15 14:50:24,观望,否,警戒,002415,海康威视,33.11,安全,二卖,向下,无信号,客观缠论信号为二卖，60分钟笔方向向下，中枢震荡，观望,31.96,33.30,33.87,-0.2237,-0.1842,否
2026-05-15 14:50:24,观望,否,警戒,hk03690,美团,82.30,安全,二买,向上,无信号,客观缠论信号为二买，60分钟笔方向向上，中枢震荡，观望,83.75,82.15,84.55,-0.9870,-0.9046,否
2026-05-15 14:50:24,一卖,否,警戒,hk03896,金山云,8.08,安全,一卖,向上,无信号,客观缠论信号为一卖，60分钟笔方向向上（冲顶模式），因此实际交易动作是一卖（趋势顶背驰卖出）,7.86,7.78,8.39,-0.0744,-0.0396,否
2026-05-15 14:50:24,二卖,否,警戒,hk00700,腾讯,457.40,日线破位,二卖+二买,向上,无信号,客观缠论信号为二卖、二买，60分钟笔方向向上（冲顶模式），因此实际交易动作是二卖（笔方向向上时优先卖点）,494.60,486.20,460.20,-1.5491,-1.4113,否
2026-05-15 14:50:24,一卖,否,警戒,hk09988,阿里巴巴,132.20,安全,一卖,向上,无信号,客观缠论信号为一卖，60分钟笔方向向上（冲顶模式），因此实际交易动作是一卖（趋势顶背驰卖出）,129.60,130.30,134.20,-1.0187,-0.6079,否
2026-05-15 14:50:24,二卖,否,警戒,hk01024,快手,49.22,安全,二卖,向上,无信号,客观缠论信号为二卖，60分钟笔方向向上（冲顶模式），因此实际交易动作是二卖（笔方向向上时优先卖点）,51.00,43.00,52.65,-0.5208,-0.4828,否
2026-05-15 14:50:24,观望,否,警戒,hk06618,京东健康,45.00,日线破位,二买,向上,无信号,客观缠论信号为二买，60分钟笔方向向上，中枢震荡，观望,46.16,46.10,45.88,-0.8009,-0.7338,否
2026-05-15 14:50:24,观望,否,警戒,hk06862,海底捞,14.62,安全,二卖,向下,无信号,客观缠论信号为二卖，60分钟笔方向向下，中枢震荡，观望,14.62,14.16,14.88,-0.0677,-0.0538,否
2026-05-15 14:50:24,观望,否,警戒,600895,张江高科,34.82,安全,二卖,向下,无信号,客观缠论信号为二卖，60分钟笔方向向下，中枢震荡，观望,33.37,34.05,35.66,-0.4052,-0.3312,否

2026-05-15 15:13:27,观望,是,警戒,603317,天味食品,15.98,安全,二买,向上,无信号,客观缠论信号为二买，60分钟笔方向向上，中枢震荡，观望,12.56,12.98,16.31,-0.0458,-0.0402,否
2026-05-15 15:13:27,二卖,是,警戒,688981,中芯国际,119.02,安全,二卖,向上,无信号,客观缠论信号为二卖，60分钟笔方向向上（冲顶模式），因此实际交易动作是二卖（笔方向向上时优先卖点）,115.74,113.50,125.00,-0.0960,0.1686,否
2026-05-15 15:13:27,观望,是,警戒,000333,美的集团,82.57,安全,二买,向上,无信号,客观缠论信号为二买，60分钟笔方向向上，中枢震荡，观望,79.17,78.91,80.98,0.2834,0.3802,否
2026-05-15 15:13:27,二买,是,警戒,000429,粤高速A,13.13,安全,二买,向下,无信号,客观缠论信号为二买，60分钟笔方向向下（寻底模式），因此实际交易动作是二买（笔方向向下时优先买点）,12.70,12.48,13.12,-0.0051,-0.0160,否
2026-05-15 15:13:27,一卖,是,警戒,hk01810,小米集团,30.50,安全,一卖+二买,向上,底背驰,客观缠论信号为一卖、二买，60分钟笔方向向上（冲顶模式），因此实际交易动作是一卖（趋势顶背驰卖出）,32.78,30.26,31.18,-0.3251,-0.2714,否
2026-05-15 15:13:27,二卖,是,警戒,513130,恒生科技ETF,0.62,安全,二卖,向上,底背驰,客观缠论信号为二卖，60分钟笔方向向上（冲顶模式），因此实际交易动作是二卖（笔方向向上时优先卖点）,0.61,0.63,0.63,-0.0047,-0.0042,否
2026-05-15 15:13:27,三买,否,警戒,sh000001,上证指数,4135.39,安全,一卖+三买,向下,底背驰,客观缠论信号为一卖、三买，60分钟笔方向向下（寻底模式），因此实际交易动作是三买（突破回踩买入）,4101.83,4079.77,4092.83,-18.9710,-16.5968,否
2026-05-15 15:13:27,观望,否,警戒,510300,沪深300ETF,4.88,安全,二买,向上,底背驰,客观缠论信号为二买，60分钟笔方向向上，中枢震荡，观望,4.68,4.75,4.99,-0.0227,-0.0199,否
2026-05-15 15:13:27,观望,否,警戒,588000,科创50ETF,1.79,安全,二买,向上,无信号,客观缠论信号为二买，60分钟笔方向向上，中枢震荡，观望,1.55,1.55,1.82,-0.0119,-0.0085,否
2026-05-15 15:13:27,观望,否,警戒,513100,纳指ETF,2.10,安全,二买,向上,无信号,客观缠论信号为二买，60分钟笔方向向上，中枢震荡，观望,1.91,1.93,2.11,-0.0007,0.0019,否
2026-05-15 15:13:27,观望,否,警戒,513520,日经ETF,2.08,安全,无信号,向上,底背驰,客观缠论信号为无信号，60分钟笔方向向上，中枢震荡，观望,1.89,2.00,2.16,-0.0152,-0.0155,否
2026-05-15 15:13:27,二卖,否,警戒,512400,有色金属ETF,2.04,日线破位,二卖+三买,向上,底背驰,客观缠论信号为二卖、三买，60分钟笔方向向上（冲顶模式），因此实际交易动作是二卖（笔方向向上时优先卖点）,2.11,2.10,2.15,-0.0320,-0.0311,否
2026-05-15 15:13:27,观望,否,警戒,512690,酒ETF,0.46,日线破位,二卖,向下,无信号,客观缠论信号为二卖，60分钟笔方向向下，中枢震荡，观望,0.48,0.48,0.48,-0.0022,-0.0020,否
2026-05-15 15:13:27,二买,否,警戒,159227,航空航天ETF,1.29,安全,二买,向下,底背驰,客观缠论信号为二买，60分钟笔方向向下（寻底模式），因此实际交易动作是二买（笔方向向下时优先买点）,1.23,1.30,1.31,-0.0140,-0.0141,否
2026-05-15 15:13:27,二卖,否,警戒,159992,创新药ETF,0.80,安全,一卖+二卖+二买,向上,无信号,客观缠论信号为一卖、二卖、二买，60分钟笔方向向上（冲顶模式），因此实际交易动作是二卖（笔方向向上时优先卖点）,0.79,0.77,0.83,-0.0052,-0.0052,否
2026-05-15 15:13:27,二卖,否,警戒,515050,通信ETF,1.11,安全,二卖,向上,无信号,客观缠论信号为二卖，60分钟笔方向向上（冲顶模式），因此实际交易动作是二卖（笔方向向上时优先卖点）,1.08,1.48,2.40,-0.0614,-0.0840,否
2026-05-15 15:13:27,观望,否,警戒,159915,创业板ETF,3.97,安全,二买,向上,无信号,客观缠论信号为二买，60分钟笔方向向上，中枢震荡，观望,3.25,3.27,3.97,-0.0105,-0.0101,否
2026-05-15 15:13:27,一卖,否,警戒,588200,科创芯片ETF,3.42,安全,一卖,向上,无信号,客观缠论信号为一卖，60分钟笔方向向上（冲顶模式），因此实际交易动作是一卖（趋势顶背驰卖出）,2.41,2.65,3.34,-0.0220,-0.0142,否
2026-05-15 15:13:27,二卖,否,警戒,159755,电池ETF,1.17,安全,二卖,向上,无信号,客观缠论信号为二卖，60分钟笔方向向上（冲顶模式），因此实际交易动作是二卖（笔方向向上时优先卖点）,1.03,1.17,1.22,-0.0061,-0.0059,否
2026-05-15 15:13:27,观望,否,警戒,159899,软件ETF,0.83,安全,二卖,向下,底背驰,客观缠论信号为二卖，60分钟笔方向向下，中枢震荡，观望,0.81,0.83,0.84,-0.0069,-0.0062,否
2026-05-15 15:13:27,二卖,否,警戒,513360,教育ETF,0.49,日线破位,二卖,向上,无信号,客观缠论信号为二卖，60分钟笔方向向上（冲顶模式），因此实际交易动作是二卖（笔方向向上时优先卖点）,0.49,0.49,0.50,-0.0012,-0.0013,否
2026-05-15 15:13:27,二卖,否,警戒,515790,光伏ETF,1.11,安全,二卖,向上,无信号,客观缠论信号为二卖，60分钟笔方向向上（冲顶模式），因此实际交易动作是二卖（笔方向向上时优先卖点）,1.08,1.10,1.13,-0.0066,-0.0074,否
2026-05-15 15:13:27,观望,否,警戒,600938,中国海油,36.51,安全,二卖,向下,无信号,客观缠论信号为二卖，60分钟笔方向向下，中枢震荡，观望,34.06,35.29,36.28,0.0918,0.0696,否
2026-05-15 15:13:27,二买,否,警戒,601668,中国建筑,4.93,安全,二买,向下,无信号,客观缠论信号为二买，60分钟笔方向向下（寻底模式），因此实际交易动作是二买（笔方向向下时优先买点）,4.88,4.91,4.95,-0.0074,-0.0064,否
2026-05-15 15:13:27,二卖,否,警戒,601288,农业银行,6.67,安全,二卖,向上,无信号,客观缠论信号为二卖，60分钟笔方向向上（冲顶模式），因此实际交易动作是二卖（笔方向向上时优先卖点）,6.53,6.53,6.85,-0.0204,-0.0173,否
2026-05-15 15:13:27,观望,否,警戒,601728,中国电信,6.33,安全,二买,向上,无信号,客观缠论信号为二买，60分钟笔方向向上，中枢震荡，观望,6.24,5.91,6.19,0.0208,0.0320,否
2026-05-15 15:13:27,观望,否,警戒,600276,恒瑞医药,53.99,安全,二买+三买,向上,底背驰,客观缠论信号为二买、三买，60分钟笔方向向上，中枢震荡，观望,52.67,52.41,53.92,-0.2829,-0.2600,否
2026-05-15 15:13:27,二卖,否,警戒,600177,雅戈尔,7.62,安全,二卖+二买,向上,无信号,客观缠论信号为二卖、二买，60分钟笔方向向上（冲顶模式），因此实际交易动作是二卖（笔方向向上时优先卖点）,7.50,7.63,7.70,-0.0243,-0.0234,否
2026-05-15 15:13:27,观望,否,警戒,600887,伊利股份,27.61,安全,无信号,向上,无信号,客观缠论信号为无信号，60分钟笔方向向上，中枢震荡，观望,27.75,27.36,27.98,-0.0688,-0.0427,否
2026-05-15 15:13:27,二卖,否,警戒,601138,工业富联,67.62,安全,二卖+二买,向上,无信号,客观缠论信号为二卖、二买，60分钟笔方向向上（冲顶模式），因此实际交易动作是二卖（笔方向向上时优先卖点）,64.65,63.20,71.76,-0.3018,-0.0307,否
2026-05-15 15:13:27,一卖,否,警戒,688041,海光信息,303.01,安全,一卖+二买,向上,底背驰,客观缠论信号为一卖、二买，60分钟笔方向向上（冲顶模式），因此实际交易动作是一卖（趋势顶背驰卖出）,246.00,320.01,305.00,-7.7036,-7.8150,否
2026-05-15 15:13:27,二卖,否,警戒,601225,陕西煤业,23.86,安全,二卖,向上,无信号,客观缠论信号为二卖，60分钟笔方向向上（冲顶模式），因此实际交易动作是二卖（笔方向向上时优先卖点）,22.32,22.30,24.11,0.0698,0.0695,否
2026-05-15 15:13:27,二卖,否,警戒,600900,长江电力,27.03,安全,二卖,向上,无信号,客观缠论信号为二卖，60分钟笔方向向上（冲顶模式），因此实际交易动作是二卖（笔方向向上时优先卖点）,26.66,26.90,27.03,0.0206,0.0147,否
2026-05-15 15:13:27,观望,否,警戒,600660,福耀玻璃,56.00,日线破位,无信号,向下,底背驰,客观缠论信号为无信号，60分钟笔方向向下，中枢震荡，观望,56.46,56.55,58.18,-0.2854,-0.2797,否
2026-05-15 15:13:27,观望,否,警戒,002507,涪陵榨菜,11.99,日线破位,二卖,向下,无信号,客观缠论信号为二卖，60分钟笔方向向下，中枢震荡，观望,12.23,12.28,12.40,-0.0428,-0.0413,否
2026-05-15 15:13:27,二买,否,警戒,000338,潍柴动力,34.77,安全,一卖+二买,向下,底背驰,客观缠论信号为一卖、二买，60分钟笔方向向下（寻底模式），因此实际交易动作是二买（笔方向向下时优先买点）,25.92,23.75,33.85,0.0971,0.1693,否
2026-05-15 15:13:27,二卖,否,警戒,000538,云南白药,50.90,日线破位,二卖+三卖,向上,无信号,客观缠论信号为二卖、三卖，60分钟笔方向向上（冲顶模式），因此实际交易动作是二卖（笔方向向上时优先卖点）,55.40,54.40,52.89,-0.1968,-0.1795,否
2026-05-15 15:13:27,观望,否,警戒,000423,东阿阿胶,52.26,安全,无信号,向上,无信号,客观缠论信号为无信号，60分钟笔方向向上，中枢震荡，观望,52.11,52.42,54.45,-0.2534,-0.1752,否
2026-05-15 15:13:27,二卖,否,警戒,000001,平安银行,10.99,安全,二卖,向上,无信号,客观缠论信号为二卖，60分钟笔方向向上（冲顶模式），因此实际交易动作是二卖（笔方向向上时优先卖点）,10.67,11.03,11.03,-0.0355,-0.0333,否
2026-05-15 15:13:27,观望,否,警戒,000651,格力电器,40.28,安全,二卖,向下,无信号,客观缠论信号为二卖，60分钟笔方向向下，中枢震荡，观望,40.00,39.51,40.57,-0.0213,0.0136,否
2026-05-15 15:13:27,二卖,否,警戒,000895,双汇发展,26.58,安全,二卖+二买,向上,无信号,客观缠论信号为二卖、二买，60分钟笔方向向上（冲顶模式），因此实际交易动作是二卖（笔方向向上时优先卖点）,26.66,26.51,26.98,-0.0741,-0.0575,否
2026-05-15 15:13:27,观望,否,警戒,002415,海康威视,33.12,安全,二卖,向下,无信号,客观缠论信号为二卖，60分钟笔方向向下，中枢震荡，观望,31.96,33.30,33.87,-0.2291,-0.1932,否
2026-05-15 15:13:27,观望,否,警戒,hk03690,美团,82.30,安全,二买,向上,无信号,客观缠论信号为二买，60分钟笔方向向上，中枢震荡，观望,83.75,82.15,84.55,-0.9870,-0.9046,否
2026-05-15 15:13:27,一卖,否,警戒,hk03896,金山云,8.08,安全,一卖,向上,无信号,客观缠论信号为一卖，60分钟笔方向向上（冲顶模式），因此实际交易动作是一卖（趋势顶背驰卖出）,7.86,7.78,8.39,-0.0744,-0.0396,否
2026-05-15 15:13:27,二卖,否,警戒,hk00700,腾讯,457.40,日线破位,二卖+二买,向上,无信号,客观缠论信号为二卖、二买，60分钟笔方向向上（冲顶模式），因此实际交易动作是二卖（笔方向向上时优先卖点）,494.60,486.20,460.20,-1.5491,-1.4113,否
2026-05-15 15:13:27,一卖,否,警戒,hk09988,阿里巴巴,132.20,安全,一卖,向上,无信号,客观缠论信号为一卖，60分钟笔方向向上（冲顶模式），因此实际交易动作是一卖（趋势顶背驰卖出）,129.60,130.30,134.20,-1.0187,-0.6079,否
2026-05-15 15:13:27,二卖,否,警戒,hk01024,快手,49.22,安全,二卖,向上,无信号,客观缠论信号为二卖，60分钟笔方向向上（冲顶模式），因此实际交易动作是二卖（笔方向向上时优先卖点）,51.00,43.00,52.65,-0.5208,-0.4828,否
2026-05-15 15:13:27,观望,否,警戒,hk06618,京东健康,45.00,日线破位,二买,向上,无信号,客观缠论信号为二买，60分钟笔方向向上，中枢震荡，观望,46.16,46.10,45.88,-0.8009,-0.7338,否
2026-05-15 15:13:27,观望,否,警戒,hk06862,海底捞,14.59,安全,二卖,向下,底背驰,客观缠论信号为二卖，60分钟笔方向向下，中枢震荡，观望,14.62,14.16,14.88,-0.0806,-0.0683,否
2026-05-15 15:13:27,观望,否,警戒,600895,张江高科,34.82,安全,二卖,向下,无信号,客观缠论信号为二卖，60分钟笔方向向下，中枢震荡，观望,33.37,34.05,35.66,-0.4049,-0.3459,否

2026-05-15 23:54:59,观望,是,警戒,603317,天味食品,15.98,安全,二买,向上,无信号,客观缠论信号为二买，60分钟笔方向向上，中枢震荡，观望,12.56,15.25,16.31,-0.0458,-0.0402,否
2026-05-15 23:54:59,二卖,是,警戒,688981,中芯国际,119.02,安全,二卖,向上,无信号,客观缠论信号为二卖，60分钟笔方向向上（冲顶模式），因此实际交易动作是二卖（笔方向向上时优先卖点）,100.13,113.50,125.00,-0.0960,0.1686,否
2026-05-15 23:54:59,观望,是,警戒,600938,中国海油,36.51,安全,二卖,向下,无信号,客观缠论信号为二卖，60分钟笔方向向下，中枢震荡，观望,34.06,36.28,36.28,0.0918,0.0696,否
2026-05-15 23:54:59,观望,是,警戒,000333,美的集团,82.57,安全,二买,向上,无信号,客观缠论信号为二买，60分钟笔方向向上，中枢震荡，观望,79.17,78.91,80.98,0.2834,0.3802,否
2026-05-15 23:54:59,二买,是,警戒,000429,粤高速A,13.13,安全,二买,向下,无信号,客观缠论信号为二买，60分钟笔方向向下（寻底模式），因此实际交易动作是二买（笔方向向下时优先买点）,13.29,12.48,13.12,-0.0051,-0.0160,否
2026-05-15 23:54:59,观望,是,警戒,001391,国货航,5.40,安全,二买,向上,无信号,客观缠论信号为二买，60分钟笔方向向上，中枢震荡，观望,5.22,5.25,5.37,-0.0042,0.0042,否
2026-05-15 23:54:59,一卖,是,警戒,hk01810,小米集团,30.50,安全,一卖+二买,向上,底背驰,客观缠论信号为一卖、二买，60分钟笔方向向上（冲顶模式），因此实际交易动作是一卖（趋势顶背驰卖出）,32.78,30.26,31.18,-0.3251,-0.2714,否
2026-05-15 23:54:59,二卖,是,警戒,513130,恒生科技ETF,0.62,安全,二卖,向上,底背驰,客观缠论信号为二卖，60分钟笔方向向上（冲顶模式），因此实际交易动作是二卖（笔方向向上时优先卖点）,0.59,0.61,0.63,-0.0047,-0.0042,否
2026-05-15 23:54:59,三买,否,警戒,sh000001,上证指数,4135.39,安全,一卖+三买,向下,底背驰,客观缠论信号为一卖、三买，60分钟笔方向向下（寻底模式），因此实际交易动作是三买（突破回踩买入）,4101.83,4079.77,4092.83,-18.9710,-16.5968,否
2026-05-15 23:54:59,观望,否,警戒,510300,沪深300ETF,4.88,安全,二买,向上,底背驰,客观缠论信号为二买，60分钟笔方向向上，中枢震荡，观望,4.68,4.86,4.99,-0.0227,-0.0199,否
2026-05-15 23:54:59,观望,否,警戒,588000,科创50ETF,1.79,安全,二买,向上,无信号,客观缠论信号为二买，60分钟笔方向向上，中枢震荡，观望,1.55,1.71,1.82,-0.0119,-0.0085,否
2026-05-15 23:54:59,观望,否,警戒,513100,纳指ETF,2.10,安全,二买,向上,无信号,客观缠论信号为二买，60分钟笔方向向上，中枢震荡，观望,1.91,1.93,2.11,-0.0007,0.0019,否
2026-05-15 23:54:59,观望,否,警戒,513520,日经ETF,2.08,安全,无信号,向上,底背驰,客观缠论信号为无信号，60分钟笔方向向上，中枢震荡，观望,2.00,2.13,2.16,-0.0152,-0.0155,否
2026-05-15 23:54:59,二卖,否,警戒,512400,有色金属ETF,2.04,安全,二卖+三买,向上,底背驰,客观缠论信号为二卖、三买，60分钟笔方向向上（冲顶模式），因此实际交易动作是二卖（笔方向向上时优先卖点）,2.11,1.96,2.15,-0.0320,-0.0311,否
2026-05-15 23:54:59,观望,否,警戒,512690,酒ETF,0.46,日线破位,二卖,向下,无信号,客观缠论信号为二卖，60分钟笔方向向下，中枢震荡，观望,0.48,0.48,0.48,-0.0022,-0.0020,否
2026-05-15 23:54:59,二买,否,警戒,159227,航空航天ETF,1.29,安全,二买,向下,底背驰,客观缠论信号为二买，60分钟笔方向向下（寻底模式），因此实际交易动作是二买（笔方向向下时优先买点）,1.23,1.30,1.31,-0.0140,-0.0141,否
2026-05-15 23:54:59,二卖,否,警戒,159992,创新药ETF,0.80,安全,一卖+二卖+二买,向上,无信号,客观缠论信号为一卖、二卖、二买，60分钟笔方向向上（冲顶模式），因此实际交易动作是二卖（笔方向向上时优先卖点）,0.79,0.77,0.83,-0.0052,-0.0052,否
2026-05-15 23:54:59,二卖,否,警戒,515050,通信ETF,1.11,安全,二卖,向上,无信号,客观缠论信号为二卖，60分钟笔方向向上（冲顶模式），因此实际交易动作是二卖（笔方向向上时优先卖点）,1.08,1.48,2.40,-0.0614,-0.0840,否
2026-05-15 23:54:59,观望,否,警戒,159915,创业板ETF,3.97,安全,二买,向上,无信号,客观缠论信号为二买，60分钟笔方向向上，中枢震荡，观望,3.24,3.61,3.97,-0.0105,-0.0101,否
2026-05-15 23:54:59,一卖,否,警戒,588200,科创芯片ETF,3.42,安全,一卖,向上,无信号,客观缠论信号为一卖，60分钟笔方向向上（冲顶模式），因此实际交易动作是一卖（趋势顶背驰卖出）,2.65,3.20,3.34,-0.0220,-0.0142,否
2026-05-15 23:54:59,二卖,否,警戒,159755,电池ETF,1.17,安全,二卖,向上,无信号,客观缠论信号为二卖，60分钟笔方向向上（冲顶模式），因此实际交易动作是二卖（笔方向向上时优先卖点）,1.03,1.17,1.22,-0.0061,-0.0059,否
2026-05-15 23:54:59,观望,否,警戒,159899,软件ETF,0.83,安全,二卖,向下,底背驰,客观缠论信号为二卖，60分钟笔方向向下，中枢震荡，观望,0.81,0.83,0.84,-0.0069,-0.0062,否
2026-05-15 23:54:59,二卖,否,警戒,513360,教育ETF,0.49,日线破位,二卖,向上,无信号,客观缠论信号为二卖，60分钟笔方向向上（冲顶模式），因此实际交易动作是二卖（笔方向向上时优先卖点）,0.49,0.49,0.50,-0.0012,-0.0013,否
2026-05-15 23:54:59,二卖,否,警戒,515790,光伏ETF,1.11,安全,二卖,向上,无信号,客观缠论信号为二卖，60分钟笔方向向上（冲顶模式），因此实际交易动作是二卖（笔方向向上时优先卖点）,1.08,1.10,1.13,-0.0066,-0.0074,否
2026-05-15 23:54:59,二买,否,警戒,601668,中国建筑,4.93,安全,二买,向下,无信号,客观缠论信号为二买，60分钟笔方向向下（寻底模式），因此实际交易动作是二买（笔方向向下时优先买点）,4.88,4.91,4.95,-0.0074,-0.0064,否
2026-05-15 23:54:59,二卖,否,警戒,601288,农业银行,6.67,安全,二卖,向上,无信号,客观缠论信号为二卖，60分钟笔方向向上（冲顶模式），因此实际交易动作是二卖（笔方向向上时优先卖点）,6.53,6.53,6.85,-0.0204,-0.0173,否
2026-05-15 23:54:59,观望,否,警戒,601728,中国电信,6.33,安全,二买,向上,无信号,客观缠论信号为二买，60分钟笔方向向上，中枢震荡，观望,6.50,5.75,6.19,0.0208,0.0320,否
2026-05-15 23:54:59,观望,否,警戒,600276,恒瑞医药,53.99,安全,二买+三买,向上,底背驰,客观缠论信号为二买、三买，60分钟笔方向向上，中枢震荡，观望,52.67,52.41,53.92,-0.2829,-0.2600,否
2026-05-15 23:54:59,二卖,否,警戒,600177,雅戈尔,7.62,安全,二卖+二买,向上,无信号,客观缠论信号为二卖、二买，60分钟笔方向向上（冲顶模式），因此实际交易动作是二卖（笔方向向上时优先卖点）,7.50,7.25,7.70,-0.0243,-0.0234,否
2026-05-15 23:54:59,观望,否,警戒,600887,伊利股份,27.61,安全,无信号,向上,无信号,客观缠论信号为无信号，60分钟笔方向向上，中枢震荡，观望,27.22,27.36,27.98,-0.0688,-0.0427,否
2026-05-15 23:54:59,二卖,否,警戒,601138,工业富联,67.62,安全,二卖+二买,向上,无信号,客观缠论信号为二卖、二买，60分钟笔方向向上（冲顶模式），因此实际交易动作是二卖（笔方向向上时优先卖点）,62.70,63.20,71.76,-0.3018,-0.0307,否
2026-05-15 23:54:59,一卖,否,警戒,688041,海光信息,303.01,安全,一卖+二买,向上,底背驰,客观缠论信号为一卖、二买，60分钟笔方向向上（冲顶模式），因此实际交易动作是一卖（趋势顶背驰卖出）,246.00,320.01,305.00,-7.7036,-7.8150,否
2026-05-15 23:54:59,二卖,否,警戒,601225,陕西煤业,23.86,安全,二卖,向上,无信号,客观缠论信号为二卖，60分钟笔方向向上（冲顶模式），因此实际交易动作是二卖（笔方向向上时优先卖点）,22.32,22.30,24.11,0.0698,0.0695,否
2026-05-15 23:54:59,二卖,否,警戒,600900,长江电力,27.03,安全,二卖,向上,无信号,客观缠论信号为二卖，60分钟笔方向向上（冲顶模式），因此实际交易动作是二卖（笔方向向上时优先卖点）,26.66,26.90,27.03,0.0206,0.0147,否
2026-05-15 23:54:59,观望,否,警戒,600660,福耀玻璃,56.00,安全,无信号,向下,底背驰,客观缠论信号为无信号，60分钟笔方向向下，中枢震荡，观望,55.27,55.65,58.18,-0.2854,-0.2797,否
2026-05-15 23:54:59,观望,否,警戒,002507,涪陵榨菜,11.99,日线破位,二卖,向下,无信号,客观缠论信号为二卖，60分钟笔方向向下，中枢震荡，观望,12.23,12.28,12.40,-0.0428,-0.0413,否
2026-05-15 23:54:59,二买,否,警戒,000338,潍柴动力,34.77,安全,一卖+二买,向下,底背驰,客观缠论信号为一卖、二买，60分钟笔方向向下（寻底模式），因此实际交易动作是二买（笔方向向下时优先买点）,25.92,23.75,33.85,0.0971,0.1693,否
2026-05-15 23:54:59,二卖,否,警戒,000538,云南白药,50.90,日线破位,二卖+三卖,向上,无信号,客观缠论信号为二卖、三卖，60分钟笔方向向上（冲顶模式），因此实际交易动作是二卖（笔方向向上时优先卖点）,55.40,54.40,52.89,-0.1968,-0.1795,否
2026-05-15 23:54:59,观望,否,警戒,000423,东阿阿胶,52.26,安全,无信号,向上,无信号,客观缠论信号为无信号，60分钟笔方向向上，中枢震荡，观望,51.71,52.11,54.45,-0.2534,-0.1752,否
2026-05-15 23:54:59,二卖,否,警戒,000001,平安银行,10.99,安全,二卖,向上,无信号,客观缠论信号为二卖，60分钟笔方向向上（冲顶模式），因此实际交易动作是二卖（笔方向向上时优先卖点）,10.78,10.97,11.03,-0.0355,-0.0333,否
2026-05-15 23:54:59,观望,否,警戒,000651,格力电器,40.28,安全,二卖,向下,无信号,客观缠论信号为二卖，60分钟笔方向向下，中枢震荡，观望,40.28,39.51,40.57,-0.0213,0.0136,否
2026-05-15 23:54:59,二卖,否,警戒,000895,双汇发展,26.58,安全,二卖+二买,向上,无信号,客观缠论信号为二卖、二买，60分钟笔方向向上（冲顶模式），因此实际交易动作是二卖（笔方向向上时优先卖点）,26.11,26.51,26.98,-0.0741,-0.0575,否
2026-05-15 23:54:59,观望,否,警戒,002415,海康威视,33.12,安全,二卖,向下,无信号,客观缠论信号为二卖，60分钟笔方向向下，中枢震荡，观望,31.96,33.30,33.87,-0.2291,-0.1932,否
2026-05-15 23:54:59,观望,否,警戒,hk03690,美团,82.30,安全,二买,向上,无信号,客观缠论信号为二买，60分钟笔方向向上，中枢震荡，观望,83.75,82.15,84.55,-0.9870,-0.9046,否
2026-05-15 23:54:59,一卖,否,警戒,hk03896,金山云,8.08,安全,一卖,向上,无信号,客观缠论信号为一卖，60分钟笔方向向上（冲顶模式），因此实际交易动作是一卖（趋势顶背驰卖出）,7.86,7.78,8.39,-0.0744,-0.0396,否
2026-05-15 23:54:59,二卖,否,警戒,hk00700,腾讯,457.40,日线破位,二卖+二买,向上,无信号,客观缠论信号为二卖、二买，60分钟笔方向向上（冲顶模式），因此实际交易动作是二卖（笔方向向上时优先卖点）,494.60,486.20,460.20,-1.5491,-1.4113,否
2026-05-15 23:54:59,一卖,否,警戒,hk09988,阿里巴巴,132.20,安全,一卖,向上,无信号,客观缠论信号为一卖，60分钟笔方向向上（冲顶模式），因此实际交易动作是一卖（趋势顶背驰卖出）,129.60,130.30,134.20,-1.0187,-0.6079,否
2026-05-15 23:54:59,二卖,否,警戒,hk01024,快手,49.22,安全,二卖,向上,无信号,客观缠论信号为二卖，60分钟笔方向向上（冲顶模式），因此实际交易动作是二卖（笔方向向上时优先卖点）,51.00,43.00,52.65,-0.5208,-0.4828,否
2026-05-15 23:54:59,观望,否,警戒,hk06618,京东健康,45.00,日线破位,二买,向上,无信号,客观缠论信号为二买，60分钟笔方向向上，中枢震荡，观望,46.16,46.10,45.88,-0.8009,-0.7338,否
2026-05-15 23:54:59,观望,否,警戒,hk06862,海底捞,14.59,安全,二卖,向下,底背驰,客观缠论信号为二卖，60分钟笔方向向下，中枢震荡，观望,14.62,14.16,14.88,-0.0806,-0.0683,否
2026-05-15 23:54:59,观望,否,警戒,600895,张江高科,34.82,安全,二卖,向下,无信号,客观缠论信号为二卖，60分钟笔方向向下，中枢震荡，观望,33.37,34.05,35.66,-0.4049,-0.3459,否

2026-05-16 12:52:29,观望,是,警戒,603317,天味食品,15.98,安全,二买,向上,无信号,客观缠论信号为二买，60分钟笔方向向上，中枢震荡，观望,12.56,15.25,16.31,-0.0458,-0.0402,否
2026-05-16 12:52:29,二卖,是,警戒,688981,中芯国际,119.02,安全,二卖,向上,无信号,客观缠论信号为二卖，60分钟笔方向向上（冲顶模式），因此实际交易动作是二卖（笔方向向上时优先卖点）,100.13,113.50,125.00,-0.0960,0.1686,否
2026-05-16 12:52:29,观望,是,警戒,600938,中国海油,36.51,安全,二卖,向下,无信号,客观缠论信号为二卖，60分钟笔方向向下，中枢震荡，观望,34.06,36.28,36.28,0.0918,0.0696,否
2026-05-16 12:52:29,观望,是,警戒,000333,美的集团,82.57,安全,二买,向上,无信号,客观缠论信号为二买，60分钟笔方向向上，中枢震荡，观望,79.17,78.91,80.98,0.2834,0.3802,否
2026-05-16 12:52:29,二买,是,警戒,000429,粤高速A,13.13,安全,二买,向下,无信号,客观缠论信号为二买，60分钟笔方向向下（寻底模式），因此实际交易动作是二买（笔方向向下时优先买点）,13.29,12.48,12.91,-0.0051,-0.0160,否
2026-05-16 12:52:29,观望,是,警戒,001391,国货航,5.40,安全,二买,向上,无信号,客观缠论信号为二买，60分钟笔方向向上，中枢震荡，观望,5.22,5.25,5.37,-0.0042,0.0042,否
2026-05-16 12:52:29,一卖,是,警戒,hk01810,小米集团,30.50,安全,一卖+二买,向上,底背驰,客观缠论信号为一卖、二买，60分钟笔方向向上（冲顶模式），因此实际交易动作是一卖（趋势顶背驰卖出）,32.78,30.26,31.18,-0.3251,-0.2714,否
2026-05-16 12:52:29,二卖,是,警戒,513130,恒生科技ETF,0.62,安全,二卖,向上,底背驰,客观缠论信号为二卖，60分钟笔方向向上（冲顶模式），因此实际交易动作是二卖（笔方向向上时优先卖点）,0.59,0.61,0.63,-0.0047,-0.0042,否
2026-05-16 12:52:29,三买,否,警戒,sh000001,上证指数,4135.39,安全,一卖+三买,向下,底背驰,客观缠论信号为一卖、三买，60分钟笔方向向下（寻底模式），因此实际交易动作是三买（突破回踩买入）,4101.83,4079.77,4092.83,-18.9710,-16.5968,否
2026-05-16 12:52:29,观望,否,警戒,510300,沪深300ETF,4.88,安全,二买,向上,底背驰,客观缠论信号为二买，60分钟笔方向向上，中枢震荡，观望,4.68,4.86,4.99,-0.0227,-0.0199,否
2026-05-16 12:52:29,观望,否,警戒,588000,科创50ETF,1.79,安全,二买,向上,无信号,客观缠论信号为二买，60分钟笔方向向上，中枢震荡，观望,1.55,1.71,1.82,-0.0119,-0.0085,否
2026-05-16 12:52:29,观望,否,警戒,513100,纳指ETF,2.10,安全,二买,向上,无信号,客观缠论信号为二买，60分钟笔方向向上，中枢震荡，观望,1.91,1.93,2.11,-0.0007,0.0019,否
2026-05-16 12:52:29,观望,否,警戒,513520,日经ETF,2.08,安全,无信号,向上,底背驰,客观缠论信号为无信号，60分钟笔方向向上，中枢震荡，观望,2.00,2.13,2.16,-0.0152,-0.0155,否
2026-05-16 12:52:29,二卖,否,警戒,512400,有色金属ETF,2.04,安全,二卖+三买,向上,底背驰,客观缠论信号为二卖、三买，60分钟笔方向向上（冲顶模式），因此实际交易动作是二卖（笔方向向上时优先卖点）,2.11,1.96,2.15,-0.0320,-0.0311,否
2026-05-16 12:52:29,观望,否,警戒,512690,酒ETF,0.46,日线破位,二卖,向下,无信号,客观缠论信号为二卖，60分钟笔方向向下，中枢震荡，观望,0.48,0.48,0.48,-0.0022,-0.0020,否
2026-05-16 12:52:29,二买,否,警戒,159227,航空航天ETF,1.29,安全,二买,向下,底背驰,客观缠论信号为二买，60分钟笔方向向下（寻底模式），因此实际交易动作是二买（笔方向向下时优先买点）,1.23,1.30,1.31,-0.0140,-0.0141,否
2026-05-16 12:52:29,二卖,否,警戒,159992,创新药ETF,0.80,安全,二卖+二买,向上,无信号,客观缠论信号为二卖、二买，60分钟笔方向向上（冲顶模式），因此实际交易动作是二卖（笔方向向上时优先卖点）,0.79,0.77,0.83,-0.0052,-0.0052,否
2026-05-16 12:52:29,二卖,否,警戒,515050,通信ETF,1.11,安全,二卖,向上,无信号,客观缠论信号为二卖，60分钟笔方向向上（冲顶模式），因此实际交易动作是二卖（笔方向向上时优先卖点）,1.08,1.48,2.40,-0.0614,-0.0840,否
2026-05-16 12:52:29,观望,否,警戒,159915,创业板ETF,3.97,安全,二买,向上,无信号,客观缠论信号为二买，60分钟笔方向向上，中枢震荡，观望,3.24,3.61,3.97,-0.0105,-0.0101,否
2026-05-16 12:52:29,一卖,否,警戒,588200,科创芯片ETF,3.42,安全,一卖,向上,无信号,客观缠论信号为一卖，60分钟笔方向向上（冲顶模式），因此实际交易动作是一卖（趋势顶背驰卖出）,2.65,3.20,3.34,-0.0220,-0.0142,否
2026-05-16 12:52:29,二卖,否,警戒,159755,电池ETF,1.17,安全,二卖,向上,无信号,客观缠论信号为二卖，60分钟笔方向向上（冲顶模式），因此实际交易动作是二卖（笔方向向上时优先卖点）,1.03,1.17,1.22,-0.0061,-0.0059,否
2026-05-16 12:52:29,观望,否,警戒,159899,软件ETF,0.83,安全,二卖,向下,底背驰,客观缠论信号为二卖，60分钟笔方向向下，中枢震荡，观望,0.81,0.83,0.84,-0.0069,-0.0062,否
2026-05-16 12:52:29,二卖,否,警戒,513360,教育ETF,0.49,日线破位,二卖,向上,无信号,客观缠论信号为二卖，60分钟笔方向向上（冲顶模式），因此实际交易动作是二卖（笔方向向上时优先卖点）,0.49,0.49,0.50,-0.0012,-0.0013,否
2026-05-16 12:52:29,二卖,否,警戒,515790,光伏ETF,1.11,安全,二卖,向上,无信号,客观缠论信号为二卖，60分钟笔方向向上（冲顶模式），因此实际交易动作是二卖（笔方向向上时优先卖点）,1.08,1.10,1.13,-0.0066,-0.0074,否
2026-05-16 12:52:29,二买,否,警戒,601668,中国建筑,4.93,安全,二买,向下,无信号,客观缠论信号为二买，60分钟笔方向向下（寻底模式），因此实际交易动作是二买（笔方向向下时优先买点）,4.88,4.91,4.95,-0.0074,-0.0064,否
2026-05-16 12:52:29,二卖,否,警戒,601288,农业银行,6.67,安全,二卖,向上,无信号,客观缠论信号为二卖，60分钟笔方向向上（冲顶模式），因此实际交易动作是二卖（笔方向向上时优先卖点）,6.53,6.53,6.85,-0.0204,-0.0173,否
2026-05-16 12:52:29,观望,否,警戒,601728,中国电信,6.33,安全,二买,向上,无信号,客观缠论信号为二买，60分钟笔方向向上，中枢震荡，观望,6.50,5.75,6.19,0.0208,0.0320,否
2026-05-16 12:52:29,观望,否,警戒,600276,恒瑞医药,53.99,安全,二买+三买,向上,底背驰,客观缠论信号为二买、三买，60分钟笔方向向上，中枢震荡，观望,52.67,52.41,53.92,-0.2829,-0.2600,否
2026-05-16 12:52:29,二卖,否,警戒,600177,雅戈尔,7.62,安全,二卖+二买,向上,无信号,客观缠论信号为二卖、二买，60分钟笔方向向上（冲顶模式），因此实际交易动作是二卖（笔方向向上时优先卖点）,7.50,7.25,7.70,-0.0243,-0.0234,否
2026-05-16 12:52:29,观望,否,警戒,600887,伊利股份,27.61,安全,无信号,向上,无信号,客观缠论信号为无信号，60分钟笔方向向上，中枢震荡，观望,27.22,27.36,27.98,-0.0688,-0.0427,否
2026-05-16 12:52:29,二卖,否,警戒,601138,工业富联,67.62,安全,二卖+二买,向上,无信号,客观缠论信号为二卖、二买，60分钟笔方向向上（冲顶模式），因此实际交易动作是二卖（笔方向向上时优先卖点）,62.70,63.20,71.76,-0.3018,-0.0307,否
2026-05-16 12:52:29,一卖,否,警戒,688041,海光信息,303.01,安全,一卖+二买,向上,底背驰,客观缠论信号为一卖、二买，60分钟笔方向向上（冲顶模式），因此实际交易动作是一卖（趋势顶背驰卖出）,246.00,320.01,305.00,-7.7036,-7.8150,否
2026-05-16 12:52:29,二卖,否,警戒,601225,陕西煤业,23.86,安全,二卖,向上,无信号,客观缠论信号为二卖，60分钟笔方向向上（冲顶模式），因此实际交易动作是二卖（笔方向向上时优先卖点）,22.32,22.30,24.11,0.0698,0.0695,否
2026-05-16 12:52:29,二卖,否,警戒,600900,长江电力,27.03,安全,二卖,向上,无信号,客观缠论信号为二卖，60分钟笔方向向上（冲顶模式），因此实际交易动作是二卖（笔方向向上时优先卖点）,26.66,26.90,27.03,0.0206,0.0147,否
2026-05-16 12:52:29,观望,否,警戒,600660,福耀玻璃,56.00,安全,无信号,向下,底背驰,客观缠论信号为无信号，60分钟笔方向向下，中枢震荡，观望,55.27,55.65,58.18,-0.2854,-0.2797,否
2026-05-16 12:52:29,观望,否,警戒,002507,涪陵榨菜,11.99,日线破位,二卖,向下,无信号,客观缠论信号为二卖，60分钟笔方向向下，中枢震荡，观望,12.23,12.28,12.40,-0.0428,-0.0413,否
2026-05-16 12:52:29,二买,否,警戒,000338,潍柴动力,34.77,安全,一卖+二买,向下,底背驰,客观缠论信号为一卖、二买，60分钟笔方向向下（寻底模式），因此实际交易动作是二买（笔方向向下时优先买点）,25.92,23.75,33.85,0.0971,0.1693,否
2026-05-16 12:52:29,二卖,否,警戒,000538,云南白药,50.90,日线破位,二卖+三卖,向上,无信号,客观缠论信号为二卖、三卖，60分钟笔方向向上（冲顶模式），因此实际交易动作是二卖（笔方向向上时优先卖点）,55.40,54.40,52.89,-0.1968,-0.1795,否
2026-05-16 12:52:29,观望,否,警戒,000423,东阿阿胶,52.26,安全,无信号,向上,无信号,客观缠论信号为无信号，60分钟笔方向向上，中枢震荡，观望,51.71,52.11,54.45,-0.2534,-0.1752,否
2026-05-16 12:52:29,二卖,否,警戒,000001,平安银行,10.99,安全,二卖,向上,无信号,客观缠论信号为二卖，60分钟笔方向向上（冲顶模式），因此实际交易动作是二卖（笔方向向上时优先卖点）,10.78,10.97,11.03,-0.0355,-0.0333,否
2026-05-16 12:52:29,观望,否,警戒,000651,格力电器,40.28,安全,二卖,向下,无信号,客观缠论信号为二卖，60分钟笔方向向下，中枢震荡，观望,40.28,39.51,40.57,-0.0213,0.0136,否
2026-05-16 12:52:29,二卖,否,警戒,000895,双汇发展,26.58,安全,二卖+二买,向上,无信号,客观缠论信号为二卖、二买，60分钟笔方向向上（冲顶模式），因此实际交易动作是二卖（笔方向向上时优先卖点）,26.11,26.51,26.98,-0.0741,-0.0575,否
2026-05-16 12:52:29,观望,否,警戒,002415,海康威视,33.12,安全,二卖,向下,无信号,客观缠论信号为二卖，60分钟笔方向向下，中枢震荡，观望,31.96,33.30,33.87,-0.2291,-0.1932,否
2026-05-16 12:52:29,观望,否,警戒,hk03690,美团,82.30,安全,二买,向上,无信号,客观缠论信号为二买，60分钟笔方向向上，中枢震荡，观望,78.70,82.40,84.55,-0.9870,-0.9046,否
2026-05-16 12:52:29,一卖,否,警戒,hk03896,金山云,8.08,安全,一卖,向上,无信号,客观缠论信号为一卖，60分钟笔方向向上（冲顶模式），因此实际交易动作是一卖（趋势顶背驰卖出）,7.86,7.78,8.39,-0.0744,-0.0396,否
2026-05-16 12:52:29,二卖,否,警戒,hk00700,腾讯,457.40,日线破位,二卖+二买,向上,无信号,客观缠论信号为二卖、二买，60分钟笔方向向上（冲顶模式），因此实际交易动作是二卖（笔方向向上时优先卖点）,494.60,486.20,460.20,-1.5491,-1.4113,否
2026-05-16 12:52:29,一卖,否,警戒,hk09988,阿里巴巴,132.20,安全,一卖,向上,无信号,客观缠论信号为一卖，60分钟笔方向向上（冲顶模式），因此实际交易动作是一卖（趋势顶背驰卖出）,129.60,130.30,134.20,-1.0187,-0.6079,否
2026-05-16 12:52:29,二卖,否,警戒,hk01024,快手,49.22,安全,二卖,向上,无信号,客观缠论信号为二卖，60分钟笔方向向上（冲顶模式），因此实际交易动作是二卖（笔方向向上时优先卖点）,51.00,43.00,52.65,-0.5208,-0.4828,否
2026-05-16 12:52:29,观望,否,警戒,hk06618,京东健康,45.00,安全,二买,向上,无信号,客观缠论信号为二买，60分钟笔方向向上，中枢震荡，观望,40.70,46.10,45.88,-0.8009,-0.7338,否
2026-05-16 12:52:29,观望,否,警戒,hk06862,海底捞,14.59,安全,二卖,向下,底背驰,客观缠论信号为二卖，60分钟笔方向向下，中枢震荡，观望,14.22,14.16,14.88,-0.0806,-0.0683,否
2026-05-16 12:52:29,观望,否,警戒,600895,张江高科,34.82,安全,二卖,向下,无信号,客观缠论信号为二卖，60分钟笔方向向下，中枢震荡，观望,33.37,34.05,35.66,-0.4049,-0.3459,否

2026-05-16 13:20:33,观望,是,警戒,603317,天味食品,15.98,安全,二买,向上,无信号,客观缠论信号为二买，60分钟笔方向向上，中枢震荡，观望,12.56,15.25,16.31,-0.0458,-0.0402,否
2026-05-16 13:20:33,二卖,是,警戒,688981,中芯国际,119.02,安全,二卖,向上,无信号,客观缠论信号为二卖，60分钟笔方向向上（冲顶模式），因此实际交易动作是二卖（笔方向向上时优先卖点）,100.13,113.50,125.00,-0.0960,0.1686,否
2026-05-16 13:20:33,观望,是,警戒,600938,中国海油,36.51,安全,二卖,向下,无信号,客观缠论信号为二卖，60分钟笔方向向下，中枢震荡，观望,34.06,36.28,36.28,0.0918,0.0696,否
2026-05-16 13:20:33,观望,是,警戒,000333,美的集团,82.57,安全,二买,向上,无信号,客观缠论信号为二买，60分钟笔方向向上，中枢震荡，观望,79.17,78.91,80.98,0.2834,0.3802,否
2026-05-16 13:20:33,二买,是,警戒,000429,粤高速A,13.13,安全,二买,向下,无信号,客观缠论信号为二买，60分钟笔方向向下（寻底模式），因此实际交易动作是二买（笔方向向下时优先买点）,13.29,12.48,12.91,-0.0051,-0.0160,否
2026-05-16 13:20:33,观望,是,警戒,001391,国货航,5.40,安全,二买,向上,无信号,客观缠论信号为二买，60分钟笔方向向上，中枢震荡，观望,5.22,5.25,5.37,-0.0042,0.0042,否
2026-05-16 13:20:33,一卖,是,警戒,hk01810,小米集团,30.50,安全,一卖+二买,向上,底背驰,客观缠论信号为一卖、二买，60分钟笔方向向上（冲顶模式），因此实际交易动作是一卖（趋势顶背驰卖出）,32.78,30.26,31.18,-0.3251,-0.2714,否
2026-05-16 13:20:33,二卖,是,警戒,513130,恒生科技ETF,0.62,安全,二卖,向上,底背驰,客观缠论信号为二卖，60分钟笔方向向上（冲顶模式），因此实际交易动作是二卖（笔方向向上时优先卖点）,0.59,0.61,0.63,-0.0047,-0.0042,否
2026-05-16 13:20:33,三买,否,警戒,sh000001,上证指数,4135.39,安全,一卖+三买,向下,底背驰,客观缠论信号为一卖、三买，60分钟笔方向向下（寻底模式），因此实际交易动作是三买（突破回踩买入）,4101.83,4079.77,4092.83,-18.9710,-16.5968,否
2026-05-16 13:20:33,观望,否,警戒,510300,沪深300ETF,4.88,安全,二买,向上,底背驰,客观缠论信号为二买，60分钟笔方向向上，中枢震荡，观望,4.68,4.86,4.99,-0.0227,-0.0199,否
2026-05-16 13:20:33,观望,否,警戒,588000,科创50ETF,1.79,安全,二买,向上,无信号,客观缠论信号为二买，60分钟笔方向向上，中枢震荡，观望,1.55,1.71,1.82,-0.0119,-0.0085,否
2026-05-16 13:20:33,观望,否,警戒,513100,纳指ETF,2.10,安全,二买,向上,无信号,客观缠论信号为二买，60分钟笔方向向上，中枢震荡，观望,1.91,1.93,2.11,-0.0007,0.0019,否
2026-05-16 13:20:33,观望,否,警戒,513520,日经ETF,2.08,安全,无信号,向上,底背驰,客观缠论信号为无信号，60分钟笔方向向上，中枢震荡，观望,2.00,2.13,2.16,-0.0152,-0.0155,否
2026-05-16 13:20:33,二卖,否,警戒,512400,有色金属ETF,2.04,安全,二卖+三买,向上,底背驰,客观缠论信号为二卖、三买，60分钟笔方向向上（冲顶模式），因此实际交易动作是二卖（笔方向向上时优先卖点）,2.11,1.96,2.15,-0.0320,-0.0311,否
2026-05-16 13:20:33,观望,否,警戒,512690,酒ETF,0.46,日线破位,二卖,向下,无信号,客观缠论信号为二卖，60分钟笔方向向下，中枢震荡，观望,0.48,0.48,0.48,-0.0022,-0.0020,否
2026-05-16 13:20:33,二买,否,警戒,159227,航空航天ETF,1.29,安全,二买,向下,底背驰,客观缠论信号为二买，60分钟笔方向向下（寻底模式），因此实际交易动作是二买（笔方向向下时优先买点）,1.23,1.30,1.31,-0.0140,-0.0141,否
2026-05-16 13:20:33,二卖,否,警戒,159992,创新药ETF,0.80,安全,二卖+二买,向上,无信号,客观缠论信号为二卖、二买，60分钟笔方向向上（冲顶模式），因此实际交易动作是二卖（笔方向向上时优先卖点）,0.79,0.77,0.83,-0.0052,-0.0052,否
2026-05-16 13:20:33,二卖,否,警戒,515050,通信ETF,1.11,安全,二卖,向上,无信号,客观缠论信号为二卖，60分钟笔方向向上（冲顶模式），因此实际交易动作是二卖（笔方向向上时优先卖点）,1.08,1.48,2.40,-0.0614,-0.0840,否
2026-05-16 13:20:33,观望,否,警戒,159915,创业板ETF,3.97,安全,二买,向上,无信号,客观缠论信号为二买，60分钟笔方向向上，中枢震荡，观望,3.24,3.61,3.97,-0.0105,-0.0101,否
2026-05-16 13:20:33,一卖,否,警戒,588200,科创芯片ETF,3.42,安全,一卖,向上,无信号,客观缠论信号为一卖，60分钟笔方向向上（冲顶模式），因此实际交易动作是一卖（趋势顶背驰卖出）,2.65,3.20,3.34,-0.0220,-0.0142,否
2026-05-16 13:20:33,二卖,否,警戒,159755,电池ETF,1.17,安全,二卖,向上,无信号,客观缠论信号为二卖，60分钟笔方向向上（冲顶模式），因此实际交易动作是二卖（笔方向向上时优先卖点）,1.03,1.17,1.22,-0.0061,-0.0059,否
2026-05-16 13:20:33,观望,否,警戒,159899,软件ETF,0.83,安全,二卖,向下,底背驰,客观缠论信号为二卖，60分钟笔方向向下，中枢震荡，观望,0.81,0.83,0.84,-0.0069,-0.0062,否
2026-05-16 13:20:33,二卖,否,警戒,513360,教育ETF,0.49,日线破位,二卖,向上,无信号,客观缠论信号为二卖，60分钟笔方向向上（冲顶模式），因此实际交易动作是二卖（笔方向向上时优先卖点）,0.49,0.49,0.50,-0.0012,-0.0013,否
2026-05-16 13:20:33,二卖,否,警戒,515790,光伏ETF,1.11,安全,二卖,向上,无信号,客观缠论信号为二卖，60分钟笔方向向上（冲顶模式），因此实际交易动作是二卖（笔方向向上时优先卖点）,1.08,1.10,1.13,-0.0066,-0.0074,否
2026-05-16 13:20:33,二买,否,警戒,601668,中国建筑,4.93,安全,二买,向下,无信号,客观缠论信号为二买，60分钟笔方向向下（寻底模式），因此实际交易动作是二买（笔方向向下时优先买点）,4.88,4.91,4.95,-0.0074,-0.0064,否
2026-05-16 13:20:33,二卖,否,警戒,601288,农业银行,6.67,安全,二卖,向上,无信号,客观缠论信号为二卖，60分钟笔方向向上（冲顶模式），因此实际交易动作是二卖（笔方向向上时优先卖点）,6.53,6.53,6.85,-0.0204,-0.0173,否
2026-05-16 13:20:33,观望,否,警戒,601728,中国电信,6.33,安全,二买,向上,无信号,客观缠论信号为二买，60分钟笔方向向上，中枢震荡，观望,6.50,5.75,6.19,0.0208,0.0320,否
2026-05-16 13:20:33,观望,否,警戒,600276,恒瑞医药,53.99,安全,二买+三买,向上,底背驰,客观缠论信号为二买、三买，60分钟笔方向向上，中枢震荡，观望,52.67,52.41,53.92,-0.2829,-0.2600,否
2026-05-16 13:20:33,二卖,否,警戒,600177,雅戈尔,7.62,安全,二卖+二买,向上,无信号,客观缠论信号为二卖、二买，60分钟笔方向向上（冲顶模式），因此实际交易动作是二卖（笔方向向上时优先卖点）,7.50,7.25,7.70,-0.0243,-0.0234,否
2026-05-16 13:20:33,观望,否,警戒,600887,伊利股份,27.61,安全,无信号,向上,无信号,客观缠论信号为无信号，60分钟笔方向向上，中枢震荡，观望,27.22,27.36,27.98,-0.0688,-0.0427,否
2026-05-16 13:20:33,二卖,否,警戒,601138,工业富联,67.62,安全,二卖+二买,向上,无信号,客观缠论信号为二卖、二买，60分钟笔方向向上（冲顶模式），因此实际交易动作是二卖（笔方向向上时优先卖点）,62.70,63.20,71.76,-0.3018,-0.0307,否
2026-05-16 13:20:33,一卖,否,警戒,688041,海光信息,303.01,安全,一卖+二买,向上,底背驰,客观缠论信号为一卖、二买，60分钟笔方向向上（冲顶模式），因此实际交易动作是一卖（趋势顶背驰卖出）,246.00,320.01,305.00,-7.7036,-7.8150,否
2026-05-16 13:20:33,二卖,否,警戒,601225,陕西煤业,23.86,安全,二卖,向上,无信号,客观缠论信号为二卖，60分钟笔方向向上（冲顶模式），因此实际交易动作是二卖（笔方向向上时优先卖点）,22.32,22.30,24.11,0.0698,0.0695,否
2026-05-16 13:20:33,二卖,否,警戒,600900,长江电力,27.03,安全,二卖,向上,无信号,客观缠论信号为二卖，60分钟笔方向向上（冲顶模式），因此实际交易动作是二卖（笔方向向上时优先卖点）,26.66,26.90,27.03,0.0206,0.0147,否
2026-05-16 13:20:33,观望,否,警戒,600660,福耀玻璃,56.00,安全,无信号,向下,底背驰,客观缠论信号为无信号，60分钟笔方向向下，中枢震荡，观望,55.27,55.65,58.18,-0.2854,-0.2797,否
2026-05-16 13:20:33,观望,否,警戒,002507,涪陵榨菜,11.99,日线破位,二卖,向下,无信号,客观缠论信号为二卖，60分钟笔方向向下，中枢震荡，观望,12.23,12.28,12.40,-0.0428,-0.0413,否
2026-05-16 13:20:33,二买,否,警戒,000338,潍柴动力,34.77,安全,一卖+二买,向下,底背驰,客观缠论信号为一卖、二买，60分钟笔方向向下（寻底模式），因此实际交易动作是二买（笔方向向下时优先买点）,25.92,23.75,33.85,0.0971,0.1693,否
2026-05-16 13:20:33,二卖,否,警戒,000538,云南白药,50.90,日线破位,二卖+三卖,向上,无信号,客观缠论信号为二卖、三卖，60分钟笔方向向上（冲顶模式），因此实际交易动作是二卖（笔方向向上时优先卖点）,55.40,54.40,52.89,-0.1968,-0.1795,否
2026-05-16 13:20:33,观望,否,警戒,000423,东阿阿胶,52.26,安全,无信号,向上,无信号,客观缠论信号为无信号，60分钟笔方向向上，中枢震荡，观望,51.71,52.11,54.45,-0.2534,-0.1752,否
2026-05-16 13:20:33,二卖,否,警戒,000001,平安银行,10.99,安全,二卖,向上,无信号,客观缠论信号为二卖，60分钟笔方向向上（冲顶模式），因此实际交易动作是二卖（笔方向向上时优先卖点）,10.78,10.97,11.03,-0.0355,-0.0333,否
2026-05-16 13:20:33,观望,否,警戒,000651,格力电器,40.28,安全,二卖,向下,无信号,客观缠论信号为二卖，60分钟笔方向向下，中枢震荡，观望,40.28,39.51,40.57,-0.0213,0.0136,否
2026-05-16 13:20:33,二卖,否,警戒,000895,双汇发展,26.58,安全,二卖+二买,向上,无信号,客观缠论信号为二卖、二买，60分钟笔方向向上（冲顶模式），因此实际交易动作是二卖（笔方向向上时优先卖点）,26.11,26.51,26.98,-0.0741,-0.0575,否
2026-05-16 13:20:33,观望,否,警戒,002415,海康威视,33.12,安全,二卖,向下,无信号,客观缠论信号为二卖，60分钟笔方向向下，中枢震荡，观望,31.96,33.30,33.87,-0.2291,-0.1932,否
2026-05-16 13:20:33,观望,否,警戒,hk03690,美团,82.30,安全,二买,向上,无信号,客观缠论信号为二买，60分钟笔方向向上，中枢震荡，观望,78.70,82.40,84.55,-0.9870,-0.9046,否
2026-05-16 13:20:33,一卖,否,警戒,hk03896,金山云,8.08,安全,一卖,向上,无信号,客观缠论信号为一卖，60分钟笔方向向上（冲顶模式），因此实际交易动作是一卖（趋势顶背驰卖出）,7.86,7.78,8.39,-0.0744,-0.0396,否
2026-05-16 13:20:33,二卖,否,警戒,hk00700,腾讯,457.40,日线破位,二卖+二买,向上,无信号,客观缠论信号为二卖、二买，60分钟笔方向向上（冲顶模式），因此实际交易动作是二卖（笔方向向上时优先卖点）,494.60,486.20,460.20,-1.5491,-1.4113,否
2026-05-16 13:20:33,一卖,否,警戒,hk09988,阿里巴巴,132.20,安全,一卖,向上,无信号,客观缠论信号为一卖，60分钟笔方向向上（冲顶模式），因此实际交易动作是一卖（趋势顶背驰卖出）,129.60,130.30,134.20,-1.0187,-0.6079,否
2026-05-16 13:20:33,二卖,否,警戒,hk01024,快手,49.22,安全,二卖,向上,无信号,客观缠论信号为二卖，60分钟笔方向向上（冲顶模式），因此实际交易动作是二卖（笔方向向上时优先卖点）,51.00,43.00,52.65,-0.5208,-0.4828,否
2026-05-16 13:20:33,观望,否,警戒,hk06618,京东健康,45.00,安全,二买,向上,无信号,客观缠论信号为二买，60分钟笔方向向上，中枢震荡，观望,40.70,46.10,45.88,-0.8009,-0.7338,否
2026-05-16 13:20:33,观望,否,警戒,hk06862,海底捞,14.59,安全,二卖,向下,底背驰,客观缠论信号为二卖，60分钟笔方向向下，中枢震荡，观望,14.22,14.16,14.88,-0.0806,-0.0683,否
2026-05-16 13:20:33,观望,否,警戒,600895,张江高科,34.82,安全,二卖,向下,无信号,客观缠论信号为二卖，60分钟笔方向向下，中枢震荡，观望,33.37,34.05,35.66,-0.4049,-0.3459,否

2026-05-16 13:35:27,观望,是,警戒,603317,天味食品,15.98,安全,二买,向上,无信号,客观缠论信号为二买，60分钟笔方向向上，中枢震荡，观望,12.56,15.25,16.31,-0.0458,-0.0402,否
2026-05-16 13:35:27,二卖,是,警戒,688981,中芯国际,119.02,安全,二卖,向上,无信号,客观缠论信号为二卖，60分钟笔方向向上（冲顶模式），因此实际交易动作是二卖（笔方向向上时优先卖点）,100.13,113.50,125.00,-0.0960,0.1686,否
2026-05-16 13:35:27,观望,是,警戒,600938,中国海油,36.51,安全,二卖,向下,无信号,客观缠论信号为二卖，60分钟笔方向向下，中枢震荡，观望,34.06,36.28,36.28,0.0918,0.0696,否
2026-05-16 13:35:27,观望,是,警戒,000333,美的集团,82.57,安全,二买,向上,无信号,客观缠论信号为二买，60分钟笔方向向上，中枢震荡，观望,79.17,78.91,80.98,0.2834,0.3802,否
2026-05-16 13:35:27,二买,是,警戒,000429,粤高速A,13.13,安全,二买,向下,无信号,客观缠论信号为二买，60分钟笔方向向下（寻底模式），因此实际交易动作是二买（笔方向向下时优先买点）,13.29,12.48,12.91,-0.0051,-0.0160,否
2026-05-16 13:35:27,观望,是,警戒,001391,国货航,5.40,安全,二买,向上,无信号,客观缠论信号为二买，60分钟笔方向向上，中枢震荡，观望,5.22,5.25,5.37,-0.0042,0.0042,否
2026-05-16 13:35:27,一卖,是,警戒,hk01810,小米集团,30.50,安全,一卖+二买,向上,底背驰,客观缠论信号为一卖、二买，60分钟笔方向向上（冲顶模式），因此实际交易动作是一卖（趋势顶背驰卖出）,32.78,30.26,31.18,-0.3251,-0.2714,否
2026-05-16 13:35:27,二卖,是,警戒,513130,恒生科技ETF,0.62,安全,二卖,向上,底背驰,客观缠论信号为二卖，60分钟笔方向向上（冲顶模式），因此实际交易动作是二卖（笔方向向上时优先卖点）,0.59,0.61,0.63,-0.0047,-0.0042,否
2026-05-16 13:35:27,三买,否,警戒,sh000001,上证指数,4135.39,安全,一卖+三买,向下,底背驰,客观缠论信号为一卖、三买，60分钟笔方向向下（寻底模式），因此实际交易动作是三买（突破回踩买入）,4101.83,4079.77,4092.83,-18.9710,-16.5968,否
2026-05-16 13:35:27,观望,否,警戒,510300,沪深300ETF,4.88,安全,二买,向上,底背驰,客观缠论信号为二买，60分钟笔方向向上，中枢震荡，观望,4.68,4.86,4.99,-0.0227,-0.0199,否
2026-05-16 13:35:27,观望,否,警戒,588000,科创50ETF,1.79,安全,二买,向上,无信号,客观缠论信号为二买，60分钟笔方向向上，中枢震荡，观望,1.55,1.71,1.82,-0.0119,-0.0085,否
2026-05-16 13:35:27,观望,否,警戒,513100,纳指ETF,2.10,安全,二买,向上,无信号,客观缠论信号为二买，60分钟笔方向向上，中枢震荡，观望,1.91,1.93,2.11,-0.0007,0.0019,否
2026-05-16 13:35:27,观望,否,警戒,513520,日经ETF,2.08,安全,无信号,向上,底背驰,客观缠论信号为无信号，60分钟笔方向向上，中枢震荡，观望,2.00,2.13,2.16,-0.0152,-0.0155,否
2026-05-16 13:35:27,二卖,否,警戒,512400,有色金属ETF,2.04,安全,二卖+三买,向上,底背驰,客观缠论信号为二卖、三买，60分钟笔方向向上（冲顶模式），因此实际交易动作是二卖（笔方向向上时优先卖点）,2.11,1.96,2.15,-0.0320,-0.0311,否
2026-05-16 13:35:27,观望,否,警戒,512690,酒ETF,0.46,日线破位,二卖,向下,无信号,客观缠论信号为二卖，60分钟笔方向向下，中枢震荡，观望,0.48,0.48,0.48,-0.0022,-0.0020,否
2026-05-16 13:35:27,二买,否,警戒,159227,航空航天ETF,1.29,安全,二买,向下,底背驰,客观缠论信号为二买，60分钟笔方向向下（寻底模式），因此实际交易动作是二买（笔方向向下时优先买点）,1.23,1.30,1.31,-0.0140,-0.0141,否
2026-05-16 13:35:27,二卖,否,警戒,159992,创新药ETF,0.80,安全,二卖+二买,向上,无信号,客观缠论信号为二卖、二买，60分钟笔方向向上（冲顶模式），因此实际交易动作是二卖（笔方向向上时优先卖点）,0.79,0.77,0.83,-0.0052,-0.0052,否
2026-05-16 13:35:27,二卖,否,警戒,515050,通信ETF,1.11,安全,二卖,向上,无信号,客观缠论信号为二卖，60分钟笔方向向上（冲顶模式），因此实际交易动作是二卖（笔方向向上时优先卖点）,1.08,1.48,2.40,-0.0614,-0.0840,否
2026-05-16 13:35:27,观望,否,警戒,159915,创业板ETF,3.97,安全,二买,向上,无信号,客观缠论信号为二买，60分钟笔方向向上，中枢震荡，观望,3.24,3.61,3.97,-0.0105,-0.0101,否
2026-05-16 13:35:27,一卖,否,警戒,588200,科创芯片ETF,3.42,安全,一卖,向上,无信号,客观缠论信号为一卖，60分钟笔方向向上（冲顶模式），因此实际交易动作是一卖（趋势顶背驰卖出）,2.65,3.20,3.34,-0.0220,-0.0142,否
2026-05-16 13:35:27,二卖,否,警戒,159755,电池ETF,1.17,安全,二卖,向上,无信号,客观缠论信号为二卖，60分钟笔方向向上（冲顶模式），因此实际交易动作是二卖（笔方向向上时优先卖点）,1.03,1.17,1.22,-0.0061,-0.0059,否
2026-05-16 13:35:27,观望,否,警戒,159899,软件ETF,0.83,安全,二卖,向下,底背驰,客观缠论信号为二卖，60分钟笔方向向下，中枢震荡，观望,0.81,0.83,0.84,-0.0069,-0.0062,否
2026-05-16 13:35:27,二卖,否,警戒,513360,教育ETF,0.49,日线破位,二卖,向上,无信号,客观缠论信号为二卖，60分钟笔方向向上（冲顶模式），因此实际交易动作是二卖（笔方向向上时优先卖点）,0.49,0.49,0.50,-0.0012,-0.0013,否
2026-05-16 13:35:27,二卖,否,警戒,515790,光伏ETF,1.11,安全,二卖,向上,无信号,客观缠论信号为二卖，60分钟笔方向向上（冲顶模式），因此实际交易动作是二卖（笔方向向上时优先卖点）,1.08,1.10,1.13,-0.0066,-0.0074,否
2026-05-16 13:35:27,二买,否,警戒,601668,中国建筑,4.93,安全,二买,向下,无信号,客观缠论信号为二买，60分钟笔方向向下（寻底模式），因此实际交易动作是二买（笔方向向下时优先买点）,4.88,4.91,4.95,-0.0074,-0.0064,否
2026-05-16 13:35:27,二卖,否,警戒,601288,农业银行,6.67,安全,二卖,向上,无信号,客观缠论信号为二卖，60分钟笔方向向上（冲顶模式），因此实际交易动作是二卖（笔方向向上时优先卖点）,6.53,6.53,6.85,-0.0204,-0.0173,否
2026-05-16 13:35:27,观望,否,警戒,601728,中国电信,6.33,安全,二买,向上,无信号,客观缠论信号为二买，60分钟笔方向向上，中枢震荡，观望,6.50,5.75,6.19,0.0208,0.0320,否
2026-05-16 13:35:27,观望,否,警戒,600276,恒瑞医药,53.99,安全,二买+三买,向上,底背驰,客观缠论信号为二买、三买，60分钟笔方向向上，中枢震荡，观望,52.67,52.41,53.92,-0.2829,-0.2600,否
2026-05-16 13:35:27,二卖,否,警戒,600177,雅戈尔,7.62,安全,二卖+二买,向上,无信号,客观缠论信号为二卖、二买，60分钟笔方向向上（冲顶模式），因此实际交易动作是二卖（笔方向向上时优先卖点）,7.50,7.25,7.70,-0.0243,-0.0234,否
2026-05-16 13:35:27,观望,否,警戒,600887,伊利股份,27.61,安全,无信号,向上,无信号,客观缠论信号为无信号，60分钟笔方向向上，中枢震荡，观望,27.22,27.36,27.98,-0.0688,-0.0427,否
2026-05-16 13:35:27,二卖,否,警戒,601138,工业富联,67.62,安全,二卖+二买,向上,无信号,客观缠论信号为二卖、二买，60分钟笔方向向上（冲顶模式），因此实际交易动作是二卖（笔方向向上时优先卖点）,62.70,63.20,71.76,-0.3018,-0.0307,否
2026-05-16 13:35:27,一卖,否,警戒,688041,海光信息,303.01,安全,一卖+二买,向上,底背驰,客观缠论信号为一卖、二买，60分钟笔方向向上（冲顶模式），因此实际交易动作是一卖（趋势顶背驰卖出）,246.00,320.01,305.00,-7.7036,-7.8150,否
2026-05-16 13:35:27,二卖,否,警戒,601225,陕西煤业,23.86,安全,二卖,向上,无信号,客观缠论信号为二卖，60分钟笔方向向上（冲顶模式），因此实际交易动作是二卖（笔方向向上时优先卖点）,22.32,22.30,24.11,0.0698,0.0695,否
2026-05-16 13:35:27,二卖,否,警戒,600900,长江电力,27.03,安全,二卖,向上,无信号,客观缠论信号为二卖，60分钟笔方向向上（冲顶模式），因此实际交易动作是二卖（笔方向向上时优先卖点）,26.66,26.90,27.03,0.0206,0.0147,否
2026-05-16 13:35:27,观望,否,警戒,600660,福耀玻璃,56.00,安全,无信号,向下,底背驰,客观缠论信号为无信号，60分钟笔方向向下，中枢震荡，观望,55.27,55.65,58.18,-0.2854,-0.2797,否
2026-05-16 13:35:27,观望,否,警戒,002507,涪陵榨菜,11.99,日线破位,二卖,向下,无信号,客观缠论信号为二卖，60分钟笔方向向下，中枢震荡，观望,12.23,12.28,12.40,-0.0428,-0.0413,否
2026-05-16 13:35:27,二买,否,警戒,000338,潍柴动力,34.77,安全,一卖+二买,向下,底背驰,客观缠论信号为一卖、二买，60分钟笔方向向下（寻底模式），因此实际交易动作是二买（笔方向向下时优先买点）,25.92,23.75,33.85,0.0971,0.1693,否
2026-05-16 13:35:27,二卖,否,警戒,000538,云南白药,50.90,日线破位,二卖+三卖,向上,无信号,客观缠论信号为二卖、三卖，60分钟笔方向向上（冲顶模式），因此实际交易动作是二卖（笔方向向上时优先卖点）,55.40,54.40,52.89,-0.1968,-0.1795,否
2026-05-16 13:35:27,观望,否,警戒,000423,东阿阿胶,52.26,安全,无信号,向上,无信号,客观缠论信号为无信号，60分钟笔方向向上，中枢震荡，观望,51.71,52.11,54.45,-0.2534,-0.1752,否
2026-05-16 13:35:27,二卖,否,警戒,000001,平安银行,10.99,安全,二卖,向上,无信号,客观缠论信号为二卖，60分钟笔方向向上（冲顶模式），因此实际交易动作是二卖（笔方向向上时优先卖点）,10.78,10.97,11.03,-0.0355,-0.0333,否
2026-05-16 13:35:27,观望,否,警戒,000651,格力电器,40.28,安全,二卖,向下,无信号,客观缠论信号为二卖，60分钟笔方向向下，中枢震荡，观望,40.28,39.51,40.57,-0.0213,0.0136,否
2026-05-16 13:35:27,二卖,否,警戒,000895,双汇发展,26.58,安全,二卖+二买,向上,无信号,客观缠论信号为二卖、二买，60分钟笔方向向上（冲顶模式），因此实际交易动作是二卖（笔方向向上时优先卖点）,26.11,26.51,26.98,-0.0741,-0.0575,否
2026-05-16 13:35:27,观望,否,警戒,002415,海康威视,33.12,安全,二卖,向下,无信号,客观缠论信号为二卖，60分钟笔方向向下，中枢震荡，观望,31.96,33.30,33.87,-0.2291,-0.1932,否
2026-05-16 13:35:27,观望,否,警戒,hk03690,美团,82.30,安全,二买,向上,无信号,客观缠论信号为二买，60分钟笔方向向上，中枢震荡，观望,78.70,82.40,84.55,-0.9870,-0.9046,否
2026-05-16 13:35:27,一卖,否,警戒,hk03896,金山云,8.08,安全,一卖,向上,无信号,客观缠论信号为一卖，60分钟笔方向向上（冲顶模式），因此实际交易动作是一卖（趋势顶背驰卖出）,7.86,7.78,8.39,-0.0744,-0.0396,否
2026-05-16 13:35:27,二卖,否,警戒,hk00700,腾讯,457.40,日线破位,二卖+二买,向上,无信号,客观缠论信号为二卖、二买，60分钟笔方向向上（冲顶模式），因此实际交易动作是二卖（笔方向向上时优先卖点）,494.60,486.20,460.20,-1.5491,-1.4113,否
2026-05-16 13:35:27,一卖,否,警戒,hk09988,阿里巴巴,132.20,安全,一卖,向上,无信号,客观缠论信号为一卖，60分钟笔方向向上（冲顶模式），因此实际交易动作是一卖（趋势顶背驰卖出）,129.60,130.30,134.20,-1.0187,-0.6079,否
2026-05-16 13:35:27,二卖,否,警戒,hk01024,快手,49.22,安全,二卖,向上,无信号,客观缠论信号为二卖，60分钟笔方向向上（冲顶模式），因此实际交易动作是二卖（笔方向向上时优先卖点）,51.00,43.00,52.65,-0.5208,-0.4828,否
2026-05-16 13:35:27,观望,否,警戒,hk06618,京东健康,45.00,安全,二买,向上,无信号,客观缠论信号为二买，60分钟笔方向向上，中枢震荡，观望,40.70,46.10,45.88,-0.8009,-0.7338,否
2026-05-16 13:35:27,观望,否,警戒,hk06862,海底捞,14.59,安全,二卖,向下,底背驰,客观缠论信号为二卖，60分钟笔方向向下，中枢震荡，观望,14.22,14.16,14.88,-0.0806,-0.0683,否
2026-05-16 13:35:27,观望,否,警戒,600895,张江高科,34.82,安全,二卖,向下,无信号,客观缠论信号为二卖，60分钟笔方向向下，中枢震荡，观望,33.37,34.05,35.66,-0.4049,-0.3459,否

2026-05-16 13:50:28,观望,是,警戒,603317,天味食品,15.98,安全,二买,向上,无信号,客观缠论信号为二买，60分钟笔方向向上，中枢震荡，观望,12.56,15.25,16.31,-0.0458,-0.0402,否
2026-05-16 13:50:28,二卖,是,警戒,688981,中芯国际,119.02,安全,二卖,向上,无信号,客观缠论信号为二卖，60分钟笔方向向上（冲顶模式），因此实际交易动作是二卖（笔方向向上时优先卖点）,100.13,113.50,125.00,-0.0960,0.1686,否
2026-05-16 13:50:28,观望,是,警戒,600938,中国海油,36.51,安全,二卖,向下,无信号,客观缠论信号为二卖，60分钟笔方向向下，中枢震荡，观望,34.06,36.28,36.28,0.0918,0.0696,否
2026-05-16 13:50:28,观望,是,警戒,000333,美的集团,82.57,安全,二买,向上,无信号,客观缠论信号为二买，60分钟笔方向向上，中枢震荡，观望,79.17,78.91,80.98,0.2834,0.3802,否
2026-05-16 13:50:28,二买,是,警戒,000429,粤高速A,13.13,安全,二买,向下,无信号,客观缠论信号为二买，60分钟笔方向向下（寻底模式），因此实际交易动作是二买（笔方向向下时优先买点）,13.29,12.48,12.91,-0.0051,-0.0160,否
2026-05-16 13:50:28,观望,是,警戒,001391,国货航,5.40,安全,二买,向上,无信号,客观缠论信号为二买，60分钟笔方向向上，中枢震荡，观望,5.22,5.25,5.37,-0.0042,0.0042,否
2026-05-16 13:50:28,一卖,是,警戒,hk01810,小米集团,30.50,安全,一卖+二买,向上,底背驰,客观缠论信号为一卖、二买，60分钟笔方向向上（冲顶模式），因此实际交易动作是一卖（趋势顶背驰卖出）,32.78,30.26,31.18,-0.3251,-0.2714,否
2026-05-16 13:50:28,二卖,是,警戒,513130,恒生科技ETF,0.62,安全,二卖,向上,底背驰,客观缠论信号为二卖，60分钟笔方向向上（冲顶模式），因此实际交易动作是二卖（笔方向向上时优先卖点）,0.59,0.61,0.63,-0.0047,-0.0042,否
2026-05-16 13:50:28,三买,否,警戒,sh000001,上证指数,4135.39,安全,一卖+三买,向下,底背驰,客观缠论信号为一卖、三买，60分钟笔方向向下（寻底模式），因此实际交易动作是三买（突破回踩买入）,4101.83,4079.77,4092.83,-18.9710,-16.5968,否
2026-05-16 13:50:28,观望,否,警戒,510300,沪深300ETF,4.88,安全,二买,向上,底背驰,客观缠论信号为二买，60分钟笔方向向上，中枢震荡，观望,4.68,4.86,4.99,-0.0227,-0.0199,否
2026-05-16 13:50:28,观望,否,警戒,588000,科创50ETF,1.79,安全,二买,向上,无信号,客观缠论信号为二买，60分钟笔方向向上，中枢震荡，观望,1.55,1.71,1.82,-0.0119,-0.0085,否
2026-05-16 13:50:28,观望,否,警戒,513100,纳指ETF,2.10,安全,二买,向上,无信号,客观缠论信号为二买，60分钟笔方向向上，中枢震荡，观望,1.91,1.93,2.11,-0.0007,0.0019,否
2026-05-16 13:50:28,观望,否,警戒,513520,日经ETF,2.08,安全,无信号,向上,底背驰,客观缠论信号为无信号，60分钟笔方向向上，中枢震荡，观望,2.00,2.13,2.16,-0.0152,-0.0155,否
2026-05-16 13:50:28,二卖,否,警戒,512400,有色金属ETF,2.04,安全,二卖+三买,向上,底背驰,客观缠论信号为二卖、三买，60分钟笔方向向上（冲顶模式），因此实际交易动作是二卖（笔方向向上时优先卖点）,2.11,1.96,2.15,-0.0320,-0.0311,否
2026-05-16 13:50:28,观望,否,警戒,512690,酒ETF,0.46,日线破位,二卖,向下,无信号,客观缠论信号为二卖，60分钟笔方向向下，中枢震荡，观望,0.48,0.48,0.48,-0.0022,-0.0020,否
2026-05-16 13:50:28,二买,否,警戒,159227,航空航天ETF,1.29,安全,二买,向下,底背驰,客观缠论信号为二买，60分钟笔方向向下（寻底模式），因此实际交易动作是二买（笔方向向下时优先买点）,1.23,1.30,1.31,-0.0140,-0.0141,否
2026-05-16 13:50:28,二卖,否,警戒,159992,创新药ETF,0.80,安全,二卖+二买,向上,无信号,客观缠论信号为二卖、二买，60分钟笔方向向上（冲顶模式），因此实际交易动作是二卖（笔方向向上时优先卖点）,0.79,0.77,0.83,-0.0052,-0.0052,否
2026-05-16 13:50:28,二卖,否,警戒,515050,通信ETF,1.11,安全,二卖,向上,无信号,客观缠论信号为二卖，60分钟笔方向向上（冲顶模式），因此实际交易动作是二卖（笔方向向上时优先卖点）,1.08,1.48,2.40,-0.0614,-0.0840,否
2026-05-16 13:50:28,观望,否,警戒,159915,创业板ETF,3.97,安全,二买,向上,无信号,客观缠论信号为二买，60分钟笔方向向上，中枢震荡，观望,3.24,3.61,3.97,-0.0105,-0.0101,否
2026-05-16 13:50:28,一卖,否,警戒,588200,科创芯片ETF,3.42,安全,一卖,向上,无信号,客观缠论信号为一卖，60分钟笔方向向上（冲顶模式），因此实际交易动作是一卖（趋势顶背驰卖出）,2.65,3.20,3.34,-0.0220,-0.0142,否
2026-05-16 13:50:28,二卖,否,警戒,159755,电池ETF,1.17,安全,二卖,向上,无信号,客观缠论信号为二卖，60分钟笔方向向上（冲顶模式），因此实际交易动作是二卖（笔方向向上时优先卖点）,1.03,1.17,1.22,-0.0061,-0.0059,否
2026-05-16 13:50:28,观望,否,警戒,159899,软件ETF,0.83,安全,二卖,向下,底背驰,客观缠论信号为二卖，60分钟笔方向向下，中枢震荡，观望,0.81,0.83,0.84,-0.0069,-0.0062,否
2026-05-16 13:50:28,二卖,否,警戒,513360,教育ETF,0.49,日线破位,二卖,向上,无信号,客观缠论信号为二卖，60分钟笔方向向上（冲顶模式），因此实际交易动作是二卖（笔方向向上时优先卖点）,0.49,0.49,0.50,-0.0012,-0.0013,否
2026-05-16 13:50:28,二卖,否,警戒,515790,光伏ETF,1.11,安全,二卖,向上,无信号,客观缠论信号为二卖，60分钟笔方向向上（冲顶模式），因此实际交易动作是二卖（笔方向向上时优先卖点）,1.08,1.10,1.13,-0.0066,-0.0074,否
2026-05-16 13:50:28,二买,否,警戒,601668,中国建筑,4.93,安全,二买,向下,无信号,客观缠论信号为二买，60分钟笔方向向下（寻底模式），因此实际交易动作是二买（笔方向向下时优先买点）,4.88,4.91,4.95,-0.0074,-0.0064,否
2026-05-16 13:50:28,二卖,否,警戒,601288,农业银行,6.67,安全,二卖,向上,无信号,客观缠论信号为二卖，60分钟笔方向向上（冲顶模式），因此实际交易动作是二卖（笔方向向上时优先卖点）,6.53,6.53,6.85,-0.0204,-0.0173,否
2026-05-16 13:50:28,观望,否,警戒,601728,中国电信,6.33,安全,二买,向上,无信号,客观缠论信号为二买，60分钟笔方向向上，中枢震荡，观望,6.50,5.75,6.19,0.0208,0.0320,否
2026-05-16 13:50:28,观望,否,警戒,600276,恒瑞医药,53.99,安全,二买+三买,向上,底背驰,客观缠论信号为二买、三买，60分钟笔方向向上，中枢震荡，观望,52.67,52.41,53.92,-0.2829,-0.2600,否
2026-05-16 13:50:28,二卖,否,警戒,600177,雅戈尔,7.62,安全,二卖+二买,向上,无信号,客观缠论信号为二卖、二买，60分钟笔方向向上（冲顶模式），因此实际交易动作是二卖（笔方向向上时优先卖点）,7.50,7.25,7.70,-0.0243,-0.0234,否
2026-05-16 13:50:28,观望,否,警戒,600887,伊利股份,27.61,安全,无信号,向上,无信号,客观缠论信号为无信号，60分钟笔方向向上，中枢震荡，观望,27.22,27.36,27.98,-0.0688,-0.0427,否
2026-05-16 13:50:28,二卖,否,警戒,601138,工业富联,67.62,安全,二卖+二买,向上,无信号,客观缠论信号为二卖、二买，60分钟笔方向向上（冲顶模式），因此实际交易动作是二卖（笔方向向上时优先卖点）,62.70,63.20,71.76,-0.3018,-0.0307,否
2026-05-16 13:50:28,一卖,否,警戒,688041,海光信息,303.01,安全,一卖+二买,向上,底背驰,客观缠论信号为一卖、二买，60分钟笔方向向上（冲顶模式），因此实际交易动作是一卖（趋势顶背驰卖出）,246.00,320.01,305.00,-7.7036,-7.8150,否
2026-05-16 13:50:28,二卖,否,警戒,601225,陕西煤业,23.86,安全,二卖,向上,无信号,客观缠论信号为二卖，60分钟笔方向向上（冲顶模式），因此实际交易动作是二卖（笔方向向上时优先卖点）,22.32,22.30,24.11,0.0698,0.0695,否
2026-05-16 13:50:28,二卖,否,警戒,600900,长江电力,27.03,安全,二卖,向上,无信号,客观缠论信号为二卖，60分钟笔方向向上（冲顶模式），因此实际交易动作是二卖（笔方向向上时优先卖点）,26.66,26.90,27.03,0.0206,0.0147,否
2026-05-16 13:50:28,观望,否,警戒,600660,福耀玻璃,56.00,安全,无信号,向下,底背驰,客观缠论信号为无信号，60分钟笔方向向下，中枢震荡，观望,55.27,55.65,58.18,-0.2854,-0.2797,否
2026-05-16 13:50:28,观望,否,警戒,002507,涪陵榨菜,11.99,日线破位,二卖,向下,无信号,客观缠论信号为二卖，60分钟笔方向向下，中枢震荡，观望,12.23,12.28,12.40,-0.0428,-0.0413,否
2026-05-16 13:50:28,二买,否,警戒,000338,潍柴动力,34.77,安全,一卖+二买,向下,底背驰,客观缠论信号为一卖、二买，60分钟笔方向向下（寻底模式），因此实际交易动作是二买（笔方向向下时优先买点）,25.92,23.75,33.85,0.0971,0.1693,否
2026-05-16 13:50:28,二卖,否,警戒,000538,云南白药,50.90,日线破位,二卖+三卖,向上,无信号,客观缠论信号为二卖、三卖，60分钟笔方向向上（冲顶模式），因此实际交易动作是二卖（笔方向向上时优先卖点）,55.40,54.40,52.89,-0.1968,-0.1795,否
2026-05-16 13:50:28,观望,否,警戒,000423,东阿阿胶,52.26,安全,无信号,向上,无信号,客观缠论信号为无信号，60分钟笔方向向上，中枢震荡，观望,51.71,52.11,54.45,-0.2534,-0.1752,否
2026-05-16 13:50:28,二卖,否,警戒,000001,平安银行,10.99,安全,二卖,向上,无信号,客观缠论信号为二卖，60分钟笔方向向上（冲顶模式），因此实际交易动作是二卖（笔方向向上时优先卖点）,10.78,10.97,11.03,-0.0355,-0.0333,否
2026-05-16 13:50:28,观望,否,警戒,000651,格力电器,40.28,安全,二卖,向下,无信号,客观缠论信号为二卖，60分钟笔方向向下，中枢震荡，观望,40.28,39.51,40.57,-0.0213,0.0136,否
2026-05-16 13:50:28,二卖,否,警戒,000895,双汇发展,26.58,安全,二卖+二买,向上,无信号,客观缠论信号为二卖、二买，60分钟笔方向向上（冲顶模式），因此实际交易动作是二卖（笔方向向上时优先卖点）,26.11,26.51,26.98,-0.0741,-0.0575,否
2026-05-16 13:50:28,观望,否,警戒,002415,海康威视,33.12,安全,二卖,向下,无信号,客观缠论信号为二卖，60分钟笔方向向下，中枢震荡，观望,31.96,33.30,33.87,-0.2291,-0.1932,否
2026-05-16 13:50:28,观望,否,警戒,hk03690,美团,82.30,安全,二买,向上,无信号,客观缠论信号为二买，60分钟笔方向向上，中枢震荡，观望,78.70,82.40,84.55,-0.9870,-0.9046,否
2026-05-16 13:50:28,一卖,否,警戒,hk03896,金山云,8.08,安全,一卖,向上,无信号,客观缠论信号为一卖，60分钟笔方向向上（冲顶模式），因此实际交易动作是一卖（趋势顶背驰卖出）,7.86,7.78,8.39,-0.0744,-0.0396,否
2026-05-16 13:50:28,二卖,否,警戒,hk00700,腾讯,457.40,日线破位,二卖+二买,向上,无信号,客观缠论信号为二卖、二买，60分钟笔方向向上（冲顶模式），因此实际交易动作是二卖（笔方向向上时优先卖点）,494.60,486.20,460.20,-1.5491,-1.4113,否
2026-05-16 13:50:28,一卖,否,警戒,hk09988,阿里巴巴,132.20,安全,一卖,向上,无信号,客观缠论信号为一卖，60分钟笔方向向上（冲顶模式），因此实际交易动作是一卖（趋势顶背驰卖出）,129.60,130.30,134.20,-1.0187,-0.6079,否
2026-05-16 13:50:28,二卖,否,警戒,hk01024,快手,49.22,安全,二卖,向上,无信号,客观缠论信号为二卖，60分钟笔方向向上（冲顶模式），因此实际交易动作是二卖（笔方向向上时优先卖点）,51.00,43.00,52.65,-0.5208,-0.4828,否
2026-05-16 13:50:28,观望,否,警戒,hk06618,京东健康,45.00,安全,二买,向上,无信号,客观缠论信号为二买，60分钟笔方向向上，中枢震荡，观望,40.70,46.10,45.88,-0.8009,-0.7338,否
2026-05-16 13:50:28,观望,否,警戒,hk06862,海底捞,14.59,安全,二卖,向下,底背驰,客观缠论信号为二卖，60分钟笔方向向下，中枢震荡，观望,14.22,14.16,14.88,-0.0806,-0.0683,否
2026-05-16 13:50:28,观望,否,警戒,600895,张江高科,34.82,安全,二卖,向下,无信号,客观缠论信号为二卖，60分钟笔方向向下，中枢震荡，观望,33.37,34.05,35.66,-0.4049,-0.3459,否

2026-05-16 14:13:40,观望,是,警戒,603317,天味食品,15.98,安全,二买,向上,无信号,客观缠论信号为二买，60分钟笔方向向上，中枢震荡，观望,12.56,15.25,16.31,-0.0458,-0.0402,否
2026-05-16 14:13:40,二卖,是,警戒,688981,中芯国际,119.02,安全,二卖,向上,无信号,客观缠论信号为二卖，60分钟笔方向向上（冲顶模式），因此实际交易动作是二卖（笔方向向上时优先卖点）,100.13,113.50,125.00,-0.0960,0.1686,否
2026-05-16 14:13:40,观望,是,警戒,600938,中国海油,36.51,安全,二卖,向下,无信号,客观缠论信号为二卖，60分钟笔方向向下，中枢震荡，观望,34.06,36.28,36.28,0.0918,0.0696,否
2026-05-16 14:13:40,观望,是,警戒,000333,美的集团,82.57,安全,二买,向上,无信号,客观缠论信号为二买，60分钟笔方向向上，中枢震荡，观望,79.17,78.91,80.98,0.2834,0.3802,否
2026-05-16 14:13:40,二买,是,警戒,000429,粤高速A,13.13,安全,二买,向下,无信号,客观缠论信号为二买，60分钟笔方向向下（寻底模式），因此实际交易动作是二买（笔方向向下时优先买点）,13.29,12.48,12.91,-0.0051,-0.0160,否
2026-05-16 14:13:40,观望,是,警戒,001391,国货航,5.40,安全,二买,向上,无信号,客观缠论信号为二买，60分钟笔方向向上，中枢震荡，观望,5.22,5.25,5.37,-0.0042,0.0042,否
2026-05-16 14:13:40,一卖,是,警戒,hk01810,小米集团,30.50,安全,一卖+二买,向上,底背驰,客观缠论信号为一卖、二买，60分钟笔方向向上（冲顶模式），因此实际交易动作是一卖（趋势顶背驰卖出）,32.78,30.26,31.18,-0.3251,-0.2714,否
2026-05-16 14:13:40,二卖,是,警戒,513130,恒生科技ETF,0.62,安全,二卖,向上,底背驰,客观缠论信号为二卖，60分钟笔方向向上（冲顶模式），因此实际交易动作是二卖（笔方向向上时优先卖点）,0.59,0.61,0.63,-0.0047,-0.0042,否
2026-05-16 14:13:40,三买,否,警戒,sh000001,上证指数,4135.39,安全,一卖+三买,向下,底背驰,客观缠论信号为一卖、三买，60分钟笔方向向下（寻底模式），因此实际交易动作是三买（突破回踩买入）,4101.83,4079.77,4092.83,-18.9710,-16.5968,否
2026-05-16 14:13:40,观望,否,警戒,510300,沪深300ETF,4.88,安全,二买,向上,底背驰,客观缠论信号为二买，60分钟笔方向向上，中枢震荡，观望,4.68,4.86,4.99,-0.0227,-0.0199,否
2026-05-16 14:13:40,观望,否,警戒,588000,科创50ETF,1.79,安全,二买,向上,无信号,客观缠论信号为二买，60分钟笔方向向上，中枢震荡，观望,1.55,1.71,1.82,-0.0119,-0.0085,否
2026-05-16 14:13:40,观望,否,警戒,513100,纳指ETF,2.10,安全,二买,向上,无信号,客观缠论信号为二买，60分钟笔方向向上，中枢震荡，观望,1.91,1.93,2.11,-0.0007,0.0019,否
2026-05-16 14:13:40,观望,否,警戒,513520,日经ETF,2.08,安全,无信号,向上,底背驰,客观缠论信号为无信号，60分钟笔方向向上，中枢震荡，观望,2.00,2.13,2.16,-0.0152,-0.0155,否
2026-05-16 14:13:40,二卖,否,警戒,512400,有色金属ETF,2.04,安全,二卖+三买,向上,底背驰,客观缠论信号为二卖、三买，60分钟笔方向向上（冲顶模式），因此实际交易动作是二卖（笔方向向上时优先卖点）,2.11,1.96,2.15,-0.0320,-0.0311,否
2026-05-16 14:13:40,观望,否,警戒,512690,酒ETF,0.46,日线破位,二卖,向下,无信号,客观缠论信号为二卖，60分钟笔方向向下，中枢震荡，观望,0.48,0.48,0.48,-0.0022,-0.0020,否
2026-05-16 14:13:40,二买,否,警戒,159227,航空航天ETF,1.29,安全,二买,向下,底背驰,客观缠论信号为二买，60分钟笔方向向下（寻底模式），因此实际交易动作是二买（笔方向向下时优先买点）,1.23,1.30,1.31,-0.0140,-0.0141,否
2026-05-16 14:13:40,二卖,否,警戒,159992,创新药ETF,0.80,安全,二卖+二买,向上,无信号,客观缠论信号为二卖、二买，60分钟笔方向向上（冲顶模式），因此实际交易动作是二卖（笔方向向上时优先卖点）,0.79,0.77,0.83,-0.0052,-0.0052,否
2026-05-16 14:13:40,二卖,否,警戒,515050,通信ETF,1.11,安全,二卖,向上,无信号,客观缠论信号为二卖，60分钟笔方向向上（冲顶模式），因此实际交易动作是二卖（笔方向向上时优先卖点）,1.08,1.48,2.40,-0.0614,-0.0840,否
2026-05-16 14:13:40,观望,否,警戒,159915,创业板ETF,3.97,安全,二买,向上,无信号,客观缠论信号为二买，60分钟笔方向向上，中枢震荡，观望,3.24,3.61,3.97,-0.0105,-0.0101,否
2026-05-16 14:13:40,一卖,否,警戒,588200,科创芯片ETF,3.42,安全,一卖,向上,无信号,客观缠论信号为一卖，60分钟笔方向向上（冲顶模式），因此实际交易动作是一卖（趋势顶背驰卖出）,2.65,3.20,3.34,-0.0220,-0.0142,否
2026-05-16 14:13:40,二卖,否,警戒,159755,电池ETF,1.17,安全,二卖,向上,无信号,客观缠论信号为二卖，60分钟笔方向向上（冲顶模式），因此实际交易动作是二卖（笔方向向上时优先卖点）,1.03,1.17,1.22,-0.0061,-0.0059,否
2026-05-16 14:13:40,观望,否,警戒,159899,软件ETF,0.83,安全,二卖,向下,底背驰,客观缠论信号为二卖，60分钟笔方向向下，中枢震荡，观望,0.81,0.83,0.84,-0.0069,-0.0062,否
2026-05-16 14:13:40,二卖,否,警戒,513360,教育ETF,0.49,日线破位,二卖,向上,无信号,客观缠论信号为二卖，60分钟笔方向向上（冲顶模式），因此实际交易动作是二卖（笔方向向上时优先卖点）,0.49,0.49,0.50,-0.0012,-0.0013,否
2026-05-16 14:13:40,二卖,否,警戒,515790,光伏ETF,1.11,安全,二卖,向上,无信号,客观缠论信号为二卖，60分钟笔方向向上（冲顶模式），因此实际交易动作是二卖（笔方向向上时优先卖点）,1.08,1.10,1.13,-0.0066,-0.0074,否
2026-05-16 14:13:40,二买,否,警戒,601668,中国建筑,4.93,安全,二买,向下,无信号,客观缠论信号为二买，60分钟笔方向向下（寻底模式），因此实际交易动作是二买（笔方向向下时优先买点）,4.88,4.91,4.95,-0.0074,-0.0064,否
2026-05-16 14:13:40,二卖,否,警戒,601288,农业银行,6.67,安全,二卖,向上,无信号,客观缠论信号为二卖，60分钟笔方向向上（冲顶模式），因此实际交易动作是二卖（笔方向向上时优先卖点）,6.53,6.53,6.85,-0.0204,-0.0173,否
2026-05-16 14:13:40,观望,否,警戒,601728,中国电信,6.33,安全,二买,向上,无信号,客观缠论信号为二买，60分钟笔方向向上，中枢震荡，观望,6.50,5.75,6.19,0.0208,0.0320,否
2026-05-16 14:13:40,观望,否,警戒,600276,恒瑞医药,53.99,安全,二买+三买,向上,底背驰,客观缠论信号为二买、三买，60分钟笔方向向上，中枢震荡，观望,52.67,52.41,53.92,-0.2829,-0.2600,否
2026-05-16 14:13:40,二卖,否,警戒,600177,雅戈尔,7.62,安全,二卖+二买,向上,无信号,客观缠论信号为二卖、二买，60分钟笔方向向上（冲顶模式），因此实际交易动作是二卖（笔方向向上时优先卖点）,7.50,7.25,7.70,-0.0243,-0.0234,否
2026-05-16 14:13:40,观望,否,警戒,600887,伊利股份,27.61,安全,无信号,向上,无信号,客观缠论信号为无信号，60分钟笔方向向上，中枢震荡，观望,27.22,27.36,27.98,-0.0688,-0.0427,否
2026-05-16 14:13:40,二卖,否,警戒,601138,工业富联,67.62,安全,二卖+二买,向上,无信号,客观缠论信号为二卖、二买，60分钟笔方向向上（冲顶模式），因此实际交易动作是二卖（笔方向向上时优先卖点）,62.70,63.20,71.76,-0.3018,-0.0307,否
2026-05-16 14:13:40,一卖,否,警戒,688041,海光信息,303.01,安全,一卖+二买,向上,底背驰,客观缠论信号为一卖、二买，60分钟笔方向向上（冲顶模式），因此实际交易动作是一卖（趋势顶背驰卖出）,246.00,320.01,305.00,-7.7036,-7.8150,否
2026-05-16 14:13:40,二卖,否,警戒,601225,陕西煤业,23.86,安全,二卖,向上,无信号,客观缠论信号为二卖，60分钟笔方向向上（冲顶模式），因此实际交易动作是二卖（笔方向向上时优先卖点）,22.32,22.30,24.11,0.0698,0.0695,否
2026-05-16 14:13:40,二卖,否,警戒,600900,长江电力,27.03,安全,二卖,向上,无信号,客观缠论信号为二卖，60分钟笔方向向上（冲顶模式），因此实际交易动作是二卖（笔方向向上时优先卖点）,26.66,26.90,27.03,0.0206,0.0147,否
2026-05-16 14:13:40,观望,否,警戒,600660,福耀玻璃,56.00,安全,无信号,向下,底背驰,客观缠论信号为无信号，60分钟笔方向向下，中枢震荡，观望,55.27,55.65,58.18,-0.2854,-0.2797,否
2026-05-16 14:13:40,观望,否,警戒,002507,涪陵榨菜,11.99,日线破位,二卖,向下,无信号,客观缠论信号为二卖，60分钟笔方向向下，中枢震荡，观望,12.23,12.28,12.40,-0.0428,-0.0413,否
2026-05-16 14:13:40,二买,否,警戒,000338,潍柴动力,34.77,安全,一卖+二买,向下,底背驰,客观缠论信号为一卖、二买，60分钟笔方向向下（寻底模式），因此实际交易动作是二买（笔方向向下时优先买点）,25.92,23.75,33.85,0.0971,0.1693,否
2026-05-16 14:13:40,二卖,否,警戒,000538,云南白药,50.90,日线破位,二卖+三卖,向上,无信号,客观缠论信号为二卖、三卖，60分钟笔方向向上（冲顶模式），因此实际交易动作是二卖（笔方向向上时优先卖点）,55.40,54.40,52.89,-0.1968,-0.1795,否
2026-05-16 14:13:40,观望,否,警戒,000423,东阿阿胶,52.26,安全,无信号,向上,无信号,客观缠论信号为无信号，60分钟笔方向向上，中枢震荡，观望,51.71,52.11,54.45,-0.2534,-0.1752,否
2026-05-16 14:13:40,二卖,否,警戒,000001,平安银行,10.99,安全,二卖,向上,无信号,客观缠论信号为二卖，60分钟笔方向向上（冲顶模式），因此实际交易动作是二卖（笔方向向上时优先卖点）,10.78,10.97,11.03,-0.0355,-0.0333,否
2026-05-16 14:13:40,观望,否,警戒,000651,格力电器,40.28,安全,二卖,向下,无信号,客观缠论信号为二卖，60分钟笔方向向下，中枢震荡，观望,40.28,39.51,40.57,-0.0213,0.0136,否
2026-05-16 14:13:40,二卖,否,警戒,000895,双汇发展,26.58,安全,二卖+二买,向上,无信号,客观缠论信号为二卖、二买，60分钟笔方向向上（冲顶模式），因此实际交易动作是二卖（笔方向向上时优先卖点）,26.11,26.51,26.98,-0.0741,-0.0575,否
2026-05-16 14:13:40,观望,否,警戒,002415,海康威视,33.12,安全,二卖,向下,无信号,客观缠论信号为二卖，60分钟笔方向向下，中枢震荡，观望,31.96,33.30,33.87,-0.2291,-0.1932,否
2026-05-16 14:13:40,观望,否,警戒,hk03690,美团,82.30,安全,二买,向上,无信号,客观缠论信号为二买，60分钟笔方向向上，中枢震荡，观望,78.70,82.40,84.55,-0.9870,-0.9046,否
2026-05-16 14:13:40,一卖,否,警戒,hk03896,金山云,8.08,安全,一卖,向上,无信号,客观缠论信号为一卖，60分钟笔方向向上（冲顶模式），因此实际交易动作是一卖（趋势顶背驰卖出）,7.86,7.78,8.39,-0.0744,-0.0396,否
2026-05-16 14:13:40,二卖,否,警戒,hk00700,腾讯,457.40,日线破位,二卖+二买,向上,无信号,客观缠论信号为二卖、二买，60分钟笔方向向上（冲顶模式），因此实际交易动作是二卖（笔方向向上时优先卖点）,494.60,486.20,460.20,-1.5491,-1.4113,否
2026-05-16 14:13:40,一卖,否,警戒,hk09988,阿里巴巴,132.20,安全,一卖,向上,无信号,客观缠论信号为一卖，60分钟笔方向向上（冲顶模式），因此实际交易动作是一卖（趋势顶背驰卖出）,129.60,130.30,134.20,-1.0187,-0.6079,否
2026-05-16 14:13:40,二卖,否,警戒,hk01024,快手,49.22,安全,二卖,向上,无信号,客观缠论信号为二卖，60分钟笔方向向上（冲顶模式），因此实际交易动作是二卖（笔方向向上时优先卖点）,51.00,43.00,52.65,-0.5208,-0.4828,否
2026-05-16 14:13:40,观望,否,警戒,hk06618,京东健康,45.00,安全,二买,向上,无信号,客观缠论信号为二买，60分钟笔方向向上，中枢震荡，观望,40.70,46.10,45.88,-0.8009,-0.7338,否
2026-05-16 14:13:40,观望,否,警戒,hk06862,海底捞,14.59,安全,二卖,向下,底背驰,客观缠论信号为二卖，60分钟笔方向向下，中枢震荡，观望,14.22,14.16,14.88,-0.0806,-0.0683,否
2026-05-16 14:13:40,观望,否,警戒,600895,张江高科,34.82,安全,二卖,向下,无信号,客观缠论信号为二卖，60分钟笔方向向下，中枢震荡，观望,33.37,34.05,35.66,-0.4049,-0.3459,否

2026-05-16 14:35:28,观望,是,警戒,603317,天味食品,15.98,安全,二买,向上,无信号,客观缠论信号为二买，60分钟笔方向向上，中枢震荡，观望,12.56,15.25,16.31,-0.0458,-0.0402,否
2026-05-16 14:35:28,二卖,是,警戒,688981,中芯国际,119.02,安全,二卖,向上,无信号,客观缠论信号为二卖，60分钟笔方向向上（冲顶模式），因此实际交易动作是二卖（笔方向向上时优先卖点）,100.13,113.50,125.00,-0.0960,0.1686,否
2026-05-16 14:35:28,观望,是,警戒,600938,中国海油,36.51,安全,二卖,向下,无信号,客观缠论信号为二卖，60分钟笔方向向下，中枢震荡，观望,34.06,36.28,36.28,0.0918,0.0696,否
2026-05-16 14:35:28,观望,是,警戒,000333,美的集团,82.57,安全,二买,向上,无信号,客观缠论信号为二买，60分钟笔方向向上，中枢震荡，观望,79.17,78.91,80.98,0.2834,0.3802,否
2026-05-16 14:35:28,二买,是,警戒,000429,粤高速A,13.13,安全,二买,向下,无信号,客观缠论信号为二买，60分钟笔方向向下（寻底模式），因此实际交易动作是二买（笔方向向下时优先买点）,13.29,12.48,12.91,-0.0051,-0.0160,否
2026-05-16 14:35:28,观望,是,警戒,001391,国货航,5.40,安全,二买,向上,无信号,客观缠论信号为二买，60分钟笔方向向上，中枢震荡，观望,5.22,5.25,5.37,-0.0042,0.0042,否
2026-05-16 14:35:28,一卖,是,警戒,hk01810,小米集团,30.50,安全,一卖+二买,向上,底背驰,客观缠论信号为一卖、二买，60分钟笔方向向上（冲顶模式），因此实际交易动作是一卖（趋势顶背驰卖出）,32.78,30.26,31.18,-0.3251,-0.2714,否
2026-05-16 14:35:28,二卖,是,警戒,513130,恒生科技ETF,0.62,安全,二卖,向上,底背驰,客观缠论信号为二卖，60分钟笔方向向上（冲顶模式），因此实际交易动作是二卖（笔方向向上时优先卖点）,0.59,0.61,0.63,-0.0047,-0.0042,否
2026-05-16 14:35:28,三买,否,警戒,sh000001,上证指数,4135.39,安全,一卖+三买,向下,底背驰,客观缠论信号为一卖、三买，60分钟笔方向向下（寻底模式），因此实际交易动作是三买（突破回踩买入）,4101.83,4079.77,4092.83,-18.9710,-16.5968,否
2026-05-16 14:35:28,观望,否,警戒,510300,沪深300ETF,4.88,安全,二买,向上,底背驰,客观缠论信号为二买，60分钟笔方向向上，中枢震荡，观望,4.68,4.86,4.99,-0.0227,-0.0199,否
2026-05-16 14:35:28,观望,否,警戒,588000,科创50ETF,1.79,安全,二买,向上,无信号,客观缠论信号为二买，60分钟笔方向向上，中枢震荡，观望,1.55,1.71,1.82,-0.0119,-0.0085,否
2026-05-16 14:35:28,观望,否,警戒,513100,纳指ETF,2.10,安全,二买,向上,无信号,客观缠论信号为二买，60分钟笔方向向上，中枢震荡，观望,1.91,1.93,2.11,-0.0007,0.0019,否
2026-05-16 14:35:28,观望,否,警戒,513520,日经ETF,2.08,安全,无信号,向上,底背驰,客观缠论信号为无信号，60分钟笔方向向上，中枢震荡，观望,2.00,2.13,2.16,-0.0152,-0.0155,否
2026-05-16 14:35:28,二卖,否,警戒,512400,有色金属ETF,2.04,安全,二卖+三买,向上,底背驰,客观缠论信号为二卖、三买，60分钟笔方向向上（冲顶模式），因此实际交易动作是二卖（笔方向向上时优先卖点）,2.11,1.96,2.15,-0.0320,-0.0311,否
2026-05-16 14:35:28,观望,否,警戒,512690,酒ETF,0.46,日线破位,二卖,向下,无信号,客观缠论信号为二卖，60分钟笔方向向下，中枢震荡，观望,0.48,0.48,0.48,-0.0022,-0.0020,否
2026-05-16 14:35:28,二买,否,警戒,159227,航空航天ETF,1.29,安全,二买,向下,底背驰,客观缠论信号为二买，60分钟笔方向向下（寻底模式），因此实际交易动作是二买（笔方向向下时优先买点）,1.23,1.30,1.31,-0.0140,-0.0141,否
2026-05-16 14:35:28,二卖,否,警戒,159992,创新药ETF,0.80,安全,二卖+二买,向上,无信号,客观缠论信号为二卖、二买，60分钟笔方向向上（冲顶模式），因此实际交易动作是二卖（笔方向向上时优先卖点）,0.79,0.77,0.83,-0.0052,-0.0052,否
2026-05-16 14:35:28,二卖,否,警戒,515050,通信ETF,1.11,安全,二卖,向上,无信号,客观缠论信号为二卖，60分钟笔方向向上（冲顶模式），因此实际交易动作是二卖（笔方向向上时优先卖点）,1.08,1.48,2.40,-0.0614,-0.0840,否
2026-05-16 14:35:28,观望,否,警戒,159915,创业板ETF,3.97,安全,二买,向上,无信号,客观缠论信号为二买，60分钟笔方向向上，中枢震荡，观望,3.24,3.61,3.97,-0.0105,-0.0101,否
2026-05-16 14:35:28,一卖,否,警戒,588200,科创芯片ETF,3.42,安全,一卖,向上,无信号,客观缠论信号为一卖，60分钟笔方向向上（冲顶模式），因此实际交易动作是一卖（趋势顶背驰卖出）,2.65,3.20,3.34,-0.0220,-0.0142,否
2026-05-16 14:35:28,二卖,否,警戒,159755,电池ETF,1.17,安全,二卖,向上,无信号,客观缠论信号为二卖，60分钟笔方向向上（冲顶模式），因此实际交易动作是二卖（笔方向向上时优先卖点）,1.03,1.17,1.22,-0.0061,-0.0059,否
2026-05-16 14:35:28,观望,否,警戒,159899,软件ETF,0.83,安全,二卖,向下,底背驰,客观缠论信号为二卖，60分钟笔方向向下，中枢震荡，观望,0.81,0.83,0.84,-0.0069,-0.0062,否
2026-05-16 14:35:28,二卖,否,警戒,513360,教育ETF,0.49,日线破位,二卖,向上,无信号,客观缠论信号为二卖，60分钟笔方向向上（冲顶模式），因此实际交易动作是二卖（笔方向向上时优先卖点）,0.49,0.49,0.50,-0.0012,-0.0013,否
2026-05-16 14:35:28,二卖,否,警戒,515790,光伏ETF,1.11,安全,二卖,向上,无信号,客观缠论信号为二卖，60分钟笔方向向上（冲顶模式），因此实际交易动作是二卖（笔方向向上时优先卖点）,1.08,1.10,1.13,-0.0066,-0.0074,否
2026-05-16 14:35:28,二买,否,警戒,601668,中国建筑,4.93,安全,二买,向下,无信号,客观缠论信号为二买，60分钟笔方向向下（寻底模式），因此实际交易动作是二买（笔方向向下时优先买点）,4.88,4.91,4.95,-0.0074,-0.0064,否
2026-05-16 14:35:28,二卖,否,警戒,601288,农业银行,6.67,安全,二卖,向上,无信号,客观缠论信号为二卖，60分钟笔方向向上（冲顶模式），因此实际交易动作是二卖（笔方向向上时优先卖点）,6.53,6.53,6.85,-0.0204,-0.0173,否
2026-05-16 14:35:28,观望,否,警戒,601728,中国电信,6.33,安全,二买,向上,无信号,客观缠论信号为二买，60分钟笔方向向上，中枢震荡，观望,6.50,5.75,6.19,0.0208,0.0320,否
2026-05-16 14:35:28,观望,否,警戒,600276,恒瑞医药,53.99,安全,二买+三买,向上,底背驰,客观缠论信号为二买、三买，60分钟笔方向向上，中枢震荡，观望,52.67,52.41,53.92,-0.2829,-0.2600,否
2026-05-16 14:35:28,二卖,否,警戒,600177,雅戈尔,7.62,安全,二卖+二买,向上,无信号,客观缠论信号为二卖、二买，60分钟笔方向向上（冲顶模式），因此实际交易动作是二卖（笔方向向上时优先卖点）,7.50,7.25,7.70,-0.0243,-0.0234,否
2026-05-16 14:35:28,观望,否,警戒,600887,伊利股份,27.61,安全,无信号,向上,无信号,客观缠论信号为无信号，60分钟笔方向向上，中枢震荡，观望,27.22,27.36,27.98,-0.0688,-0.0427,否
2026-05-16 14:35:28,二卖,否,警戒,601138,工业富联,67.62,安全,二卖+二买,向上,无信号,客观缠论信号为二卖、二买，60分钟笔方向向上（冲顶模式），因此实际交易动作是二卖（笔方向向上时优先卖点）,62.70,63.20,71.76,-0.3018,-0.0307,否
2026-05-16 14:35:28,一卖,否,警戒,688041,海光信息,303.01,安全,一卖+二买,向上,底背驰,客观缠论信号为一卖、二买，60分钟笔方向向上（冲顶模式），因此实际交易动作是一卖（趋势顶背驰卖出）,246.00,320.01,305.00,-7.7036,-7.8150,否
2026-05-16 14:35:28,二卖,否,警戒,601225,陕西煤业,23.86,安全,二卖,向上,无信号,客观缠论信号为二卖，60分钟笔方向向上（冲顶模式），因此实际交易动作是二卖（笔方向向上时优先卖点）,22.32,22.30,24.11,0.0698,0.0695,否
2026-05-16 14:35:28,二卖,否,警戒,600900,长江电力,27.03,安全,二卖,向上,无信号,客观缠论信号为二卖，60分钟笔方向向上（冲顶模式），因此实际交易动作是二卖（笔方向向上时优先卖点）,26.66,26.90,27.03,0.0206,0.0147,否
2026-05-16 14:35:28,观望,否,警戒,600660,福耀玻璃,56.00,安全,无信号,向下,底背驰,客观缠论信号为无信号，60分钟笔方向向下，中枢震荡，观望,55.27,55.65,58.18,-0.2854,-0.2797,否
2026-05-16 14:35:28,观望,否,警戒,002507,涪陵榨菜,11.99,日线破位,二卖,向下,无信号,客观缠论信号为二卖，60分钟笔方向向下，中枢震荡，观望,12.23,12.28,12.40,-0.0428,-0.0413,否
2026-05-16 14:35:28,二买,否,警戒,000338,潍柴动力,34.77,安全,一卖+二买,向下,底背驰,客观缠论信号为一卖、二买，60分钟笔方向向下（寻底模式），因此实际交易动作是二买（笔方向向下时优先买点）,25.92,23.75,33.85,0.0971,0.1693,否
2026-05-16 14:35:28,二卖,否,警戒,000538,云南白药,50.90,日线破位,二卖+三卖,向上,无信号,客观缠论信号为二卖、三卖，60分钟笔方向向上（冲顶模式），因此实际交易动作是二卖（笔方向向上时优先卖点）,55.40,54.40,52.89,-0.1968,-0.1795,否
2026-05-16 14:35:28,观望,否,警戒,000423,东阿阿胶,52.26,安全,无信号,向上,无信号,客观缠论信号为无信号，60分钟笔方向向上，中枢震荡，观望,51.71,52.11,54.45,-0.2534,-0.1752,否
2026-05-16 14:35:28,二卖,否,警戒,000001,平安银行,10.99,安全,二卖,向上,无信号,客观缠论信号为二卖，60分钟笔方向向上（冲顶模式），因此实际交易动作是二卖（笔方向向上时优先卖点）,10.78,10.97,11.03,-0.0355,-0.0333,否
2026-05-16 14:35:28,观望,否,警戒,000651,格力电器,40.28,安全,二卖,向下,无信号,客观缠论信号为二卖，60分钟笔方向向下，中枢震荡，观望,40.28,39.51,40.57,-0.0213,0.0136,否
2026-05-16 14:35:28,二卖,否,警戒,000895,双汇发展,26.58,安全,二卖+二买,向上,无信号,客观缠论信号为二卖、二买，60分钟笔方向向上（冲顶模式），因此实际交易动作是二卖（笔方向向上时优先卖点）,26.11,26.51,26.98,-0.0741,-0.0575,否
2026-05-16 14:35:28,观望,否,警戒,002415,海康威视,33.12,安全,二卖,向下,无信号,客观缠论信号为二卖，60分钟笔方向向下，中枢震荡，观望,31.96,33.30,33.87,-0.2291,-0.1932,否
2026-05-16 14:35:28,观望,否,警戒,hk03690,美团,82.30,安全,二买,向上,无信号,客观缠论信号为二买，60分钟笔方向向上，中枢震荡，观望,78.70,82.40,84.55,-0.9870,-0.9046,否
2026-05-16 14:35:28,一卖,否,警戒,hk03896,金山云,8.08,安全,一卖,向上,无信号,客观缠论信号为一卖，60分钟笔方向向上（冲顶模式），因此实际交易动作是一卖（趋势顶背驰卖出）,7.86,7.78,8.39,-0.0744,-0.0396,否
2026-05-16 14:35:28,二卖,否,警戒,hk00700,腾讯,457.40,日线破位,二卖+二买,向上,无信号,客观缠论信号为二卖、二买，60分钟笔方向向上（冲顶模式），因此实际交易动作是二卖（笔方向向上时优先卖点）,494.60,486.20,460.20,-1.5491,-1.4113,否
2026-05-16 14:35:28,一卖,否,警戒,hk09988,阿里巴巴,132.20,安全,一卖,向上,无信号,客观缠论信号为一卖，60分钟笔方向向上（冲顶模式），因此实际交易动作是一卖（趋势顶背驰卖出）,129.60,130.30,134.20,-1.0187,-0.6079,否
2026-05-16 14:35:28,二卖,否,警戒,hk01024,快手,49.22,安全,二卖,向上,无信号,客观缠论信号为二卖，60分钟笔方向向上（冲顶模式），因此实际交易动作是二卖（笔方向向上时优先卖点）,51.00,43.00,52.65,-0.5208,-0.4828,否
2026-05-16 14:35:28,观望,否,警戒,hk06618,京东健康,45.00,安全,二买,向上,无信号,客观缠论信号为二买，60分钟笔方向向上，中枢震荡，观望,40.70,46.10,45.88,-0.8009,-0.7338,否
2026-05-16 14:35:28,观望,否,警戒,hk06862,海底捞,14.59,安全,二卖,向下,底背驰,客观缠论信号为二卖，60分钟笔方向向下，中枢震荡，观望,14.22,14.16,14.88,-0.0806,-0.0683,否
2026-05-16 14:35:28,观望,否,警戒,600895,张江高科,34.82,安全,二卖,向下,无信号,客观缠论信号为二卖，60分钟笔方向向下，中枢震荡，观望,33.37,34.05,35.66,-0.4049,-0.3459,否

2026-05-16 14:50:28,观望,是,警戒,603317,天味食品,15.98,安全,二买,向上,无信号,客观缠论信号为二买，60分钟笔方向向上，中枢震荡，观望,12.56,15.25,16.31,-0.0458,-0.0402,否
2026-05-16 14:50:28,二卖,是,警戒,688981,中芯国际,119.02,安全,二卖,向上,无信号,客观缠论信号为二卖，60分钟笔方向向上（冲顶模式），因此实际交易动作是二卖（笔方向向上时优先卖点）,100.13,113.50,125.00,-0.0960,0.1686,否
2026-05-16 14:50:28,观望,是,警戒,600938,中国海油,36.51,安全,二卖,向下,无信号,客观缠论信号为二卖，60分钟笔方向向下，中枢震荡，观望,34.06,36.28,36.28,0.0918,0.0696,否
2026-05-16 14:50:28,观望,是,警戒,000333,美的集团,82.57,安全,二买,向上,无信号,客观缠论信号为二买，60分钟笔方向向上，中枢震荡，观望,79.17,78.91,80.98,0.2834,0.3802,否
2026-05-16 14:50:28,二买,是,警戒,000429,粤高速A,13.13,安全,二买,向下,无信号,客观缠论信号为二买，60分钟笔方向向下（寻底模式），因此实际交易动作是二买（笔方向向下时优先买点）,13.29,12.48,12.91,-0.0051,-0.0160,否
2026-05-16 14:50:28,观望,是,警戒,001391,国货航,5.40,安全,二买,向上,无信号,客观缠论信号为二买，60分钟笔方向向上，中枢震荡，观望,5.22,5.25,5.37,-0.0042,0.0042,否
2026-05-16 14:50:28,一卖,是,警戒,hk01810,小米集团,30.50,安全,一卖+二买,向上,底背驰,客观缠论信号为一卖、二买，60分钟笔方向向上（冲顶模式），因此实际交易动作是一卖（趋势顶背驰卖出）,32.78,30.26,31.18,-0.3251,-0.2714,否
2026-05-16 14:50:28,二卖,是,警戒,513130,恒生科技ETF,0.62,安全,二卖,向上,底背驰,客观缠论信号为二卖，60分钟笔方向向上（冲顶模式），因此实际交易动作是二卖（笔方向向上时优先卖点）,0.59,0.61,0.63,-0.0047,-0.0042,否
2026-05-16 14:50:28,三买,否,警戒,sh000001,上证指数,4135.39,安全,一卖+三买,向下,底背驰,客观缠论信号为一卖、三买，60分钟笔方向向下（寻底模式），因此实际交易动作是三买（突破回踩买入）,4101.83,4079.77,4092.83,-18.9710,-16.5968,否
2026-05-16 14:50:28,观望,否,警戒,510300,沪深300ETF,4.88,安全,二买,向上,底背驰,客观缠论信号为二买，60分钟笔方向向上，中枢震荡，观望,4.68,4.86,4.99,-0.0227,-0.0199,否
2026-05-16 14:50:28,观望,否,警戒,588000,科创50ETF,1.79,安全,二买,向上,无信号,客观缠论信号为二买，60分钟笔方向向上，中枢震荡，观望,1.55,1.71,1.82,-0.0119,-0.0085,否
2026-05-16 14:50:28,观望,否,警戒,513100,纳指ETF,2.10,安全,二买,向上,无信号,客观缠论信号为二买，60分钟笔方向向上，中枢震荡，观望,1.91,1.93,2.11,-0.0007,0.0019,否
2026-05-16 14:50:28,观望,否,警戒,513520,日经ETF,2.08,安全,无信号,向上,底背驰,客观缠论信号为无信号，60分钟笔方向向上，中枢震荡，观望,2.00,2.13,2.16,-0.0152,-0.0155,否
2026-05-16 14:50:28,二卖,否,警戒,512400,有色金属ETF,2.04,安全,二卖+三买,向上,底背驰,客观缠论信号为二卖、三买，60分钟笔方向向上（冲顶模式），因此实际交易动作是二卖（笔方向向上时优先卖点）,2.11,1.96,2.15,-0.0320,-0.0311,否
2026-05-16 14:50:28,观望,否,警戒,512690,酒ETF,0.46,日线破位,二卖,向下,无信号,客观缠论信号为二卖，60分钟笔方向向下，中枢震荡，观望,0.48,0.48,0.48,-0.0022,-0.0020,否
2026-05-16 14:50:28,二买,否,警戒,159227,航空航天ETF,1.29,安全,二买,向下,底背驰,客观缠论信号为二买，60分钟笔方向向下（寻底模式），因此实际交易动作是二买（笔方向向下时优先买点）,1.23,1.30,1.31,-0.0140,-0.0141,否
2026-05-16 14:50:28,二卖,否,警戒,159992,创新药ETF,0.80,安全,二卖+二买,向上,无信号,客观缠论信号为二卖、二买，60分钟笔方向向上（冲顶模式），因此实际交易动作是二卖（笔方向向上时优先卖点）,0.79,0.77,0.83,-0.0052,-0.0052,否
2026-05-16 14:50:28,二卖,否,警戒,515050,通信ETF,1.11,安全,二卖,向上,无信号,客观缠论信号为二卖，60分钟笔方向向上（冲顶模式），因此实际交易动作是二卖（笔方向向上时优先卖点）,1.08,1.48,2.40,-0.0614,-0.0840,否
2026-05-16 14:50:28,观望,否,警戒,159915,创业板ETF,3.97,安全,二买,向上,无信号,客观缠论信号为二买，60分钟笔方向向上，中枢震荡，观望,3.24,3.61,3.97,-0.0105,-0.0101,否
2026-05-16 14:50:28,一卖,否,警戒,588200,科创芯片ETF,3.42,安全,一卖,向上,无信号,客观缠论信号为一卖，60分钟笔方向向上（冲顶模式），因此实际交易动作是一卖（趋势顶背驰卖出）,2.65,3.20,3.34,-0.0220,-0.0142,否
2026-05-16 14:50:28,二卖,否,警戒,159755,电池ETF,1.17,安全,二卖,向上,无信号,客观缠论信号为二卖，60分钟笔方向向上（冲顶模式），因此实际交易动作是二卖（笔方向向上时优先卖点）,1.03,1.17,1.22,-0.0061,-0.0059,否
2026-05-16 14:50:28,观望,否,警戒,159899,软件ETF,0.83,安全,二卖,向下,底背驰,客观缠论信号为二卖，60分钟笔方向向下，中枢震荡，观望,0.81,0.83,0.84,-0.0069,-0.0062,否
2026-05-16 14:50:28,二卖,否,警戒,513360,教育ETF,0.49,日线破位,二卖,向上,无信号,客观缠论信号为二卖，60分钟笔方向向上（冲顶模式），因此实际交易动作是二卖（笔方向向上时优先卖点）,0.49,0.49,0.50,-0.0012,-0.0013,否
2026-05-16 14:50:28,二卖,否,警戒,515790,光伏ETF,1.11,安全,二卖,向上,无信号,客观缠论信号为二卖，60分钟笔方向向上（冲顶模式），因此实际交易动作是二卖（笔方向向上时优先卖点）,1.08,1.10,1.13,-0.0066,-0.0074,否
2026-05-16 14:50:28,二买,否,警戒,601668,中国建筑,4.93,安全,二买,向下,无信号,客观缠论信号为二买，60分钟笔方向向下（寻底模式），因此实际交易动作是二买（笔方向向下时优先买点）,4.88,4.91,4.95,-0.0074,-0.0064,否
2026-05-16 14:50:28,二卖,否,警戒,601288,农业银行,6.67,安全,二卖,向上,无信号,客观缠论信号为二卖，60分钟笔方向向上（冲顶模式），因此实际交易动作是二卖（笔方向向上时优先卖点）,6.53,6.53,6.85,-0.0204,-0.0173,否
2026-05-16 14:50:28,观望,否,警戒,601728,中国电信,6.33,安全,二买,向上,无信号,客观缠论信号为二买，60分钟笔方向向上，中枢震荡，观望,6.50,5.75,6.19,0.0208,0.0320,否
2026-05-16 14:50:28,观望,否,警戒,600276,恒瑞医药,53.99,安全,二买+三买,向上,底背驰,客观缠论信号为二买、三买，60分钟笔方向向上，中枢震荡，观望,52.67,52.41,53.92,-0.2829,-0.2600,否
2026-05-16 14:50:28,二卖,否,警戒,600177,雅戈尔,7.62,安全,二卖+二买,向上,无信号,客观缠论信号为二卖、二买，60分钟笔方向向上（冲顶模式），因此实际交易动作是二卖（笔方向向上时优先卖点）,7.50,7.25,7.70,-0.0243,-0.0234,否
2026-05-16 14:50:28,观望,否,警戒,600887,伊利股份,27.61,安全,无信号,向上,无信号,客观缠论信号为无信号，60分钟笔方向向上，中枢震荡，观望,27.22,27.36,27.98,-0.0688,-0.0427,否
2026-05-16 14:50:28,二卖,否,警戒,601138,工业富联,67.62,安全,二卖+二买,向上,无信号,客观缠论信号为二卖、二买，60分钟笔方向向上（冲顶模式），因此实际交易动作是二卖（笔方向向上时优先卖点）,62.70,63.20,71.76,-0.3018,-0.0307,否
2026-05-16 14:50:28,一卖,否,警戒,688041,海光信息,303.01,安全,一卖+二买,向上,底背驰,客观缠论信号为一卖、二买，60分钟笔方向向上（冲顶模式），因此实际交易动作是一卖（趋势顶背驰卖出）,246.00,320.01,305.00,-7.7036,-7.8150,否
2026-05-16 14:50:28,二卖,否,警戒,601225,陕西煤业,23.86,安全,二卖,向上,无信号,客观缠论信号为二卖，60分钟笔方向向上（冲顶模式），因此实际交易动作是二卖（笔方向向上时优先卖点）,22.32,22.30,24.11,0.0698,0.0695,否
2026-05-16 14:50:28,二卖,否,警戒,600900,长江电力,27.03,安全,二卖,向上,无信号,客观缠论信号为二卖，60分钟笔方向向上（冲顶模式），因此实际交易动作是二卖（笔方向向上时优先卖点）,26.66,26.90,27.03,0.0206,0.0147,否
2026-05-16 14:50:28,观望,否,警戒,600660,福耀玻璃,56.00,安全,无信号,向下,底背驰,客观缠论信号为无信号，60分钟笔方向向下，中枢震荡，观望,55.27,55.65,58.18,-0.2854,-0.2797,否
2026-05-16 14:50:28,观望,否,警戒,002507,涪陵榨菜,11.99,日线破位,二卖,向下,无信号,客观缠论信号为二卖，60分钟笔方向向下，中枢震荡，观望,12.23,12.28,12.40,-0.0428,-0.0413,否
2026-05-16 14:50:28,二买,否,警戒,000338,潍柴动力,34.77,安全,一卖+二买,向下,底背驰,客观缠论信号为一卖、二买，60分钟笔方向向下（寻底模式），因此实际交易动作是二买（笔方向向下时优先买点）,25.92,23.75,33.85,0.0971,0.1693,否
2026-05-16 14:50:28,二卖,否,警戒,000538,云南白药,50.90,日线破位,二卖+三卖,向上,无信号,客观缠论信号为二卖、三卖，60分钟笔方向向上（冲顶模式），因此实际交易动作是二卖（笔方向向上时优先卖点）,55.40,54.40,52.89,-0.1968,-0.1795,否
2026-05-16 14:50:28,观望,否,警戒,000423,东阿阿胶,52.26,安全,无信号,向上,无信号,客观缠论信号为无信号，60分钟笔方向向上，中枢震荡，观望,51.71,52.11,54.45,-0.2534,-0.1752,否
2026-05-16 14:50:28,二卖,否,警戒,000001,平安银行,10.99,安全,二卖,向上,无信号,客观缠论信号为二卖，60分钟笔方向向上（冲顶模式），因此实际交易动作是二卖（笔方向向上时优先卖点）,10.78,10.97,11.03,-0.0355,-0.0333,否
2026-05-16 14:50:28,观望,否,警戒,000651,格力电器,40.28,安全,二卖,向下,无信号,客观缠论信号为二卖，60分钟笔方向向下，中枢震荡，观望,40.28,39.51,40.57,-0.0213,0.0136,否
2026-05-16 14:50:28,二卖,否,警戒,000895,双汇发展,26.58,安全,二卖+二买,向上,无信号,客观缠论信号为二卖、二买，60分钟笔方向向上（冲顶模式），因此实际交易动作是二卖（笔方向向上时优先卖点）,26.11,26.51,26.98,-0.0741,-0.0575,否
2026-05-16 14:50:28,观望,否,警戒,002415,海康威视,33.12,安全,二卖,向下,无信号,客观缠论信号为二卖，60分钟笔方向向下，中枢震荡，观望,31.96,33.30,33.87,-0.2291,-0.1932,否
2026-05-16 14:50:28,观望,否,警戒,hk03690,美团,82.30,安全,二买,向上,无信号,客观缠论信号为二买，60分钟笔方向向上，中枢震荡，观望,78.70,82.40,84.55,-0.9870,-0.9046,否
2026-05-16 14:50:28,一卖,否,警戒,hk03896,金山云,8.08,安全,一卖,向上,无信号,客观缠论信号为一卖，60分钟笔方向向上（冲顶模式），因此实际交易动作是一卖（趋势顶背驰卖出）,7.86,7.78,8.39,-0.0744,-0.0396,否
2026-05-16 14:50:28,二卖,否,警戒,hk00700,腾讯,457.40,日线破位,二卖+二买,向上,无信号,客观缠论信号为二卖、二买，60分钟笔方向向上（冲顶模式），因此实际交易动作是二卖（笔方向向上时优先卖点）,494.60,486.20,460.20,-1.5491,-1.4113,否
2026-05-16 14:50:28,一卖,否,警戒,hk09988,阿里巴巴,132.20,安全,一卖,向上,无信号,客观缠论信号为一卖，60分钟笔方向向上（冲顶模式），因此实际交易动作是一卖（趋势顶背驰卖出）,129.60,130.30,134.20,-1.0187,-0.6079,否
2026-05-16 14:50:28,二卖,否,警戒,hk01024,快手,49.22,安全,二卖,向上,无信号,客观缠论信号为二卖，60分钟笔方向向上（冲顶模式），因此实际交易动作是二卖（笔方向向上时优先卖点）,51.00,43.00,52.65,-0.5208,-0.4828,否
2026-05-16 14:50:28,观望,否,警戒,hk06618,京东健康,45.00,安全,二买,向上,无信号,客观缠论信号为二买，60分钟笔方向向上，中枢震荡，观望,40.70,46.10,45.88,-0.8009,-0.7338,否
2026-05-16 14:50:28,观望,否,警戒,hk06862,海底捞,14.59,安全,二卖,向下,底背驰,客观缠论信号为二卖，60分钟笔方向向下，中枢震荡，观望,14.22,14.16,14.88,-0.0806,-0.0683,否
2026-05-16 14:50:28,观望,否,警戒,600895,张江高科,34.82,安全,二卖,向下,无信号,客观缠论信号为二卖，60分钟笔方向向下，中枢震荡，观望,33.37,34.05,35.66,-0.4049,-0.3459,否

2026-05-16 15:13:41,观望,是,警戒,603317,天味食品,15.98,安全,二买,向上,无信号,客观缠论信号为二买，60分钟笔方向向上，中枢震荡，观望,12.56,15.25,16.31,-0.0458,-0.0402,否
2026-05-16 15:13:41,二卖,是,警戒,688981,中芯国际,119.02,安全,二卖,向上,无信号,客观缠论信号为二卖，60分钟笔方向向上（冲顶模式），因此实际交易动作是二卖（笔方向向上时优先卖点）,100.13,113.50,125.00,-0.0960,0.1686,否
2026-05-16 15:13:41,观望,是,警戒,600938,中国海油,36.51,安全,二卖,向下,无信号,客观缠论信号为二卖，60分钟笔方向向下，中枢震荡，观望,34.06,36.28,36.28,0.0918,0.0696,否
2026-05-16 15:13:41,观望,是,警戒,000333,美的集团,82.57,安全,二买,向上,无信号,客观缠论信号为二买，60分钟笔方向向上，中枢震荡，观望,79.17,78.91,80.98,0.2834,0.3802,否
2026-05-16 15:13:41,二买,是,警戒,000429,粤高速A,13.13,安全,二买,向下,无信号,客观缠论信号为二买，60分钟笔方向向下（寻底模式），因此实际交易动作是二买（笔方向向下时优先买点）,13.29,12.48,12.91,-0.0051,-0.0160,否
2026-05-16 15:13:41,观望,是,警戒,001391,国货航,5.40,安全,二买,向上,无信号,客观缠论信号为二买，60分钟笔方向向上，中枢震荡，观望,5.22,5.25,5.37,-0.0042,0.0042,否
2026-05-16 15:13:41,一卖,是,警戒,hk01810,小米集团,30.50,安全,一卖+二买,向上,底背驰,客观缠论信号为一卖、二买，60分钟笔方向向上（冲顶模式），因此实际交易动作是一卖（趋势顶背驰卖出）,32.78,30.26,31.18,-0.3251,-0.2714,否
2026-05-16 15:13:41,二卖,是,警戒,513130,恒生科技ETF,0.62,安全,二卖,向上,底背驰,客观缠论信号为二卖，60分钟笔方向向上（冲顶模式），因此实际交易动作是二卖（笔方向向上时优先卖点）,0.59,0.61,0.63,-0.0047,-0.0042,否
2026-05-16 15:13:41,三买,否,警戒,sh000001,上证指数,4135.39,安全,一卖+三买,向下,底背驰,客观缠论信号为一卖、三买，60分钟笔方向向下（寻底模式），因此实际交易动作是三买（突破回踩买入）,4101.83,4079.77,4092.83,-18.9710,-16.5968,否
2026-05-16 15:13:41,观望,否,警戒,510300,沪深300ETF,4.88,安全,二买,向上,底背驰,客观缠论信号为二买，60分钟笔方向向上，中枢震荡，观望,4.68,4.86,4.99,-0.0227,-0.0199,否
2026-05-16 15:13:41,观望,否,警戒,588000,科创50ETF,1.79,安全,二买,向上,无信号,客观缠论信号为二买，60分钟笔方向向上，中枢震荡，观望,1.55,1.71,1.82,-0.0119,-0.0085,否
2026-05-16 15:13:41,观望,否,警戒,513100,纳指ETF,2.10,安全,二买,向上,无信号,客观缠论信号为二买，60分钟笔方向向上，中枢震荡，观望,1.91,1.93,2.11,-0.0007,0.0019,否
2026-05-16 15:13:41,观望,否,警戒,513520,日经ETF,2.08,安全,无信号,向上,底背驰,客观缠论信号为无信号，60分钟笔方向向上，中枢震荡，观望,2.00,2.13,2.16,-0.0152,-0.0155,否
2026-05-16 15:13:41,二卖,否,警戒,512400,有色金属ETF,2.04,安全,二卖+三买,向上,底背驰,客观缠论信号为二卖、三买，60分钟笔方向向上（冲顶模式），因此实际交易动作是二卖（笔方向向上时优先卖点）,2.11,1.96,2.15,-0.0320,-0.0311,否
2026-05-16 15:13:41,观望,否,警戒,512690,酒ETF,0.46,日线破位,二卖,向下,无信号,客观缠论信号为二卖，60分钟笔方向向下，中枢震荡，观望,0.48,0.48,0.48,-0.0022,-0.0020,否
2026-05-16 15:13:41,二买,否,警戒,159227,航空航天ETF,1.29,安全,二买,向下,底背驰,客观缠论信号为二买，60分钟笔方向向下（寻底模式），因此实际交易动作是二买（笔方向向下时优先买点）,1.23,1.30,1.31,-0.0140,-0.0141,否
2026-05-16 15:13:41,二卖,否,警戒,159992,创新药ETF,0.80,安全,二卖+二买,向上,无信号,客观缠论信号为二卖、二买，60分钟笔方向向上（冲顶模式），因此实际交易动作是二卖（笔方向向上时优先卖点）,0.79,0.77,0.83,-0.0052,-0.0052,否
2026-05-16 15:13:41,二卖,否,警戒,515050,通信ETF,1.11,安全,二卖,向上,无信号,客观缠论信号为二卖，60分钟笔方向向上（冲顶模式），因此实际交易动作是二卖（笔方向向上时优先卖点）,1.08,1.48,2.40,-0.0614,-0.0840,否
2026-05-16 15:13:41,观望,否,警戒,159915,创业板ETF,3.97,安全,二买,向上,无信号,客观缠论信号为二买，60分钟笔方向向上，中枢震荡，观望,3.24,3.61,3.97,-0.0105,-0.0101,否
2026-05-16 15:13:41,一卖,否,警戒,588200,科创芯片ETF,3.42,安全,一卖,向上,无信号,客观缠论信号为一卖，60分钟笔方向向上（冲顶模式），因此实际交易动作是一卖（趋势顶背驰卖出）,2.65,3.20,3.34,-0.0220,-0.0142,否
2026-05-16 15:13:41,二卖,否,警戒,159755,电池ETF,1.17,安全,二卖,向上,无信号,客观缠论信号为二卖，60分钟笔方向向上（冲顶模式），因此实际交易动作是二卖（笔方向向上时优先卖点）,1.03,1.17,1.22,-0.0061,-0.0059,否
2026-05-16 15:13:41,观望,否,警戒,159899,软件ETF,0.83,安全,二卖,向下,底背驰,客观缠论信号为二卖，60分钟笔方向向下，中枢震荡，观望,0.81,0.83,0.84,-0.0069,-0.0062,否
2026-05-16 15:13:41,二卖,否,警戒,513360,教育ETF,0.49,日线破位,二卖,向上,无信号,客观缠论信号为二卖，60分钟笔方向向上（冲顶模式），因此实际交易动作是二卖（笔方向向上时优先卖点）,0.49,0.49,0.50,-0.0012,-0.0013,否
2026-05-16 15:13:41,二卖,否,警戒,515790,光伏ETF,1.11,安全,二卖,向上,无信号,客观缠论信号为二卖，60分钟笔方向向上（冲顶模式），因此实际交易动作是二卖（笔方向向上时优先卖点）,1.08,1.10,1.13,-0.0066,-0.0074,否
2026-05-16 15:13:41,二买,否,警戒,601668,中国建筑,4.93,安全,二买,向下,无信号,客观缠论信号为二买，60分钟笔方向向下（寻底模式），因此实际交易动作是二买（笔方向向下时优先买点）,4.88,4.91,4.95,-0.0074,-0.0064,否
2026-05-16 15:13:41,二卖,否,警戒,601288,农业银行,6.67,安全,二卖,向上,无信号,客观缠论信号为二卖，60分钟笔方向向上（冲顶模式），因此实际交易动作是二卖（笔方向向上时优先卖点）,6.53,6.53,6.85,-0.0204,-0.0173,否
2026-05-16 15:13:41,观望,否,警戒,601728,中国电信,6.33,安全,二买,向上,无信号,客观缠论信号为二买，60分钟笔方向向上，中枢震荡，观望,6.50,5.75,6.19,0.0208,0.0320,否
2026-05-16 15:13:41,观望,否,警戒,600276,恒瑞医药,53.99,安全,二买+三买,向上,底背驰,客观缠论信号为二买、三买，60分钟笔方向向上，中枢震荡，观望,52.67,52.41,53.92,-0.2829,-0.2600,否
2026-05-16 15:13:41,二卖,否,警戒,600177,雅戈尔,7.62,安全,二卖+二买,向上,无信号,客观缠论信号为二卖、二买，60分钟笔方向向上（冲顶模式），因此实际交易动作是二卖（笔方向向上时优先卖点）,7.50,7.25,7.70,-0.0243,-0.0234,否
2026-05-16 15:13:41,观望,否,警戒,600887,伊利股份,27.61,安全,无信号,向上,无信号,客观缠论信号为无信号，60分钟笔方向向上，中枢震荡，观望,27.22,27.36,27.98,-0.0688,-0.0427,否
2026-05-16 15:13:41,二卖,否,警戒,601138,工业富联,67.62,安全,二卖+二买,向上,无信号,客观缠论信号为二卖、二买，60分钟笔方向向上（冲顶模式），因此实际交易动作是二卖（笔方向向上时优先卖点）,62.70,63.20,71.76,-0.3018,-0.0307,否
2026-05-16 15:13:41,一卖,否,警戒,688041,海光信息,303.01,安全,一卖+二买,向上,底背驰,客观缠论信号为一卖、二买，60分钟笔方向向上（冲顶模式），因此实际交易动作是一卖（趋势顶背驰卖出）,246.00,320.01,305.00,-7.7036,-7.8150,否
2026-05-16 15:13:41,二卖,否,警戒,601225,陕西煤业,23.86,安全,二卖,向上,无信号,客观缠论信号为二卖，60分钟笔方向向上（冲顶模式），因此实际交易动作是二卖（笔方向向上时优先卖点）,22.32,22.30,24.11,0.0698,0.0695,否
2026-05-16 15:13:41,二卖,否,警戒,600900,长江电力,27.03,安全,二卖,向上,无信号,客观缠论信号为二卖，60分钟笔方向向上（冲顶模式），因此实际交易动作是二卖（笔方向向上时优先卖点）,26.66,26.90,27.03,0.0206,0.0147,否
2026-05-16 15:13:41,观望,否,警戒,600660,福耀玻璃,56.00,安全,无信号,向下,底背驰,客观缠论信号为无信号，60分钟笔方向向下，中枢震荡，观望,55.27,55.65,58.18,-0.2854,-0.2797,否
2026-05-16 15:13:41,观望,否,警戒,002507,涪陵榨菜,11.99,日线破位,二卖,向下,无信号,客观缠论信号为二卖，60分钟笔方向向下，中枢震荡，观望,12.23,12.28,12.40,-0.0428,-0.0413,否
2026-05-16 15:13:41,二买,否,警戒,000338,潍柴动力,34.77,安全,一卖+二买,向下,底背驰,客观缠论信号为一卖、二买，60分钟笔方向向下（寻底模式），因此实际交易动作是二买（笔方向向下时优先买点）,25.92,23.75,33.85,0.0971,0.1693,否
2026-05-16 15:13:41,二卖,否,警戒,000538,云南白药,50.90,日线破位,二卖+三卖,向上,无信号,客观缠论信号为二卖、三卖，60分钟笔方向向上（冲顶模式），因此实际交易动作是二卖（笔方向向上时优先卖点）,55.40,54.40,52.89,-0.1968,-0.1795,否
2026-05-16 15:13:41,观望,否,警戒,000423,东阿阿胶,52.26,安全,无信号,向上,无信号,客观缠论信号为无信号，60分钟笔方向向上，中枢震荡，观望,51.71,52.11,54.45,-0.2534,-0.1752,否
2026-05-16 15:13:41,二卖,否,警戒,000001,平安银行,10.99,安全,二卖,向上,无信号,客观缠论信号为二卖，60分钟笔方向向上（冲顶模式），因此实际交易动作是二卖（笔方向向上时优先卖点）,10.78,10.97,11.03,-0.0355,-0.0333,否
2026-05-16 15:13:41,观望,否,警戒,000651,格力电器,40.28,安全,二卖,向下,无信号,客观缠论信号为二卖，60分钟笔方向向下，中枢震荡，观望,40.28,39.51,40.57,-0.0213,0.0136,否
2026-05-16 15:13:41,二卖,否,警戒,000895,双汇发展,26.58,安全,二卖+二买,向上,无信号,客观缠论信号为二卖、二买，60分钟笔方向向上（冲顶模式），因此实际交易动作是二卖（笔方向向上时优先卖点）,26.11,26.51,26.98,-0.0741,-0.0575,否
2026-05-16 15:13:41,观望,否,警戒,002415,海康威视,33.12,安全,二卖,向下,无信号,客观缠论信号为二卖，60分钟笔方向向下，中枢震荡，观望,31.96,33.30,33.87,-0.2291,-0.1932,否
2026-05-16 15:13:41,观望,否,警戒,hk03690,美团,82.30,安全,二买,向上,无信号,客观缠论信号为二买，60分钟笔方向向上，中枢震荡，观望,78.70,82.40,84.55,-0.9870,-0.9046,否
2026-05-16 15:13:41,一卖,否,警戒,hk03896,金山云,8.08,安全,一卖,向上,无信号,客观缠论信号为一卖，60分钟笔方向向上（冲顶模式），因此实际交易动作是一卖（趋势顶背驰卖出）,7.86,7.78,8.39,-0.0744,-0.0396,否
2026-05-16 15:13:41,二卖,否,警戒,hk00700,腾讯,457.40,日线破位,二卖+二买,向上,无信号,客观缠论信号为二卖、二买，60分钟笔方向向上（冲顶模式），因此实际交易动作是二卖（笔方向向上时优先卖点）,494.60,486.20,460.20,-1.5491,-1.4113,否
2026-05-16 15:13:41,一卖,否,警戒,hk09988,阿里巴巴,132.20,安全,一卖,向上,无信号,客观缠论信号为一卖，60分钟笔方向向上（冲顶模式），因此实际交易动作是一卖（趋势顶背驰卖出）,129.60,130.30,134.20,-1.0187,-0.6079,否
2026-05-16 15:13:41,二卖,否,警戒,hk01024,快手,49.22,安全,二卖,向上,无信号,客观缠论信号为二卖，60分钟笔方向向上（冲顶模式），因此实际交易动作是二卖（笔方向向上时优先卖点）,51.00,43.00,52.65,-0.5208,-0.4828,否
2026-05-16 15:13:41,观望,否,警戒,hk06618,京东健康,45.00,安全,二买,向上,无信号,客观缠论信号为二买，60分钟笔方向向上，中枢震荡，观望,40.70,46.10,45.88,-0.8009,-0.7338,否
2026-05-16 15:13:41,观望,否,警戒,hk06862,海底捞,14.59,安全,二卖,向下,底背驰,客观缠论信号为二卖，60分钟笔方向向下，中枢震荡，观望,14.22,14.16,14.88,-0.0806,-0.0683,否
2026-05-16 15:13:41,观望,否,警戒,600895,张江高科,34.82,安全,二卖,向下,无信号,客观缠论信号为二卖，60分钟笔方向向下，中枢震荡，观望,33.37,34.05,35.66,-0.4049,-0.3459,否

2026-05-16 16:15:44,观望,是,警戒,603317,天味食品,15.98,安全,二买,向上,无信号,客观缠论信号为二买，60分钟笔方向向上，中枢震荡，观望,12.56,15.25,16.31,-0.0458,-0.0402,否
2026-05-16 16:15:44,二卖,是,警戒,688981,中芯国际,119.02,安全,二卖,向上,无信号,客观缠论信号为二卖，60分钟笔方向向上（冲顶模式），因此实际交易动作是二卖（笔方向向上时优先卖点）,100.13,113.50,125.00,-0.0960,0.1686,否
2026-05-16 16:15:44,观望,是,警戒,600938,中国海油,36.51,安全,二卖,向下,无信号,客观缠论信号为二卖，60分钟笔方向向下，中枢震荡，观望,34.06,36.28,36.28,0.0918,0.0696,否
2026-05-16 16:15:44,观望,是,警戒,000333,美的集团,82.57,安全,二买,向上,无信号,客观缠论信号为二买，60分钟笔方向向上，中枢震荡，观望,79.17,78.91,80.98,0.2834,0.3802,否
2026-05-16 16:15:44,二买,是,警戒,000429,粤高速A,13.13,安全,二买,向下,无信号,客观缠论信号为二买，60分钟笔方向向下（寻底模式），因此实际交易动作是二买（笔方向向下时优先买点）,13.29,12.48,12.91,-0.0051,-0.0160,否
2026-05-16 16:15:44,观望,是,警戒,001391,国货航,5.40,安全,二买,向上,无信号,客观缠论信号为二买，60分钟笔方向向上，中枢震荡，观望,5.22,5.25,5.37,-0.0042,0.0042,否
2026-05-16 16:15:44,一卖,是,警戒,hk01810,小米集团,30.50,安全,一卖+二买,向上,底背驰,客观缠论信号为一卖、二买，60分钟笔方向向上（冲顶模式），因此实际交易动作是一卖（趋势顶背驰卖出）,32.78,30.26,31.18,-0.3251,-0.2714,否
2026-05-16 16:15:44,二卖,是,警戒,513130,恒生科技ETF,0.62,安全,二卖,向上,底背驰,客观缠论信号为二卖，60分钟笔方向向上（冲顶模式），因此实际交易动作是二卖（笔方向向上时优先卖点）,0.59,0.61,0.63,-0.0047,-0.0042,否
2026-05-16 16:15:44,三买,否,警戒,sh000001,上证指数,4135.39,安全,一卖+三买,向下,底背驰,客观缠论信号为一卖、三买，60分钟笔方向向下（寻底模式），因此实际交易动作是三买（突破回踩买入）,4101.83,4079.77,4092.83,-18.9710,-16.5968,否
2026-05-16 16:15:44,观望,否,警戒,510300,沪深300ETF,4.88,安全,二买,向上,底背驰,客观缠论信号为二买，60分钟笔方向向上，中枢震荡，观望,4.68,4.86,4.99,-0.0227,-0.0199,否
2026-05-16 16:15:44,观望,否,警戒,588000,科创50ETF,1.79,安全,二买,向上,无信号,客观缠论信号为二买，60分钟笔方向向上，中枢震荡，观望,1.55,1.71,1.82,-0.0119,-0.0085,否
2026-05-16 16:15:44,观望,否,警戒,513100,纳指ETF,2.10,安全,二买,向上,无信号,客观缠论信号为二买，60分钟笔方向向上，中枢震荡，观望,1.91,1.93,2.11,-0.0007,0.0019,否
2026-05-16 16:15:44,观望,否,警戒,513520,日经ETF,2.08,安全,无信号,向上,底背驰,客观缠论信号为无信号，60分钟笔方向向上，中枢震荡，观望,2.00,2.13,2.16,-0.0152,-0.0155,否
2026-05-16 16:15:44,二卖,否,警戒,512400,有色金属ETF,2.04,安全,二卖+三买,向上,底背驰,客观缠论信号为二卖、三买，60分钟笔方向向上（冲顶模式），因此实际交易动作是二卖（笔方向向上时优先卖点）,2.11,1.96,2.15,-0.0320,-0.0311,否
2026-05-16 16:15:44,观望,否,警戒,512690,酒ETF,0.46,日线破位,二卖,向下,无信号,客观缠论信号为二卖，60分钟笔方向向下，中枢震荡，观望,0.48,0.48,0.48,-0.0022,-0.0020,否
2026-05-16 16:15:44,二买,否,警戒,159227,航空航天ETF,1.29,安全,二买,向下,底背驰,客观缠论信号为二买，60分钟笔方向向下（寻底模式），因此实际交易动作是二买（笔方向向下时优先买点）,1.23,1.30,1.31,-0.0140,-0.0141,否
2026-05-16 16:15:44,二卖,否,警戒,159992,创新药ETF,0.80,安全,二卖+二买,向上,无信号,客观缠论信号为二卖、二买，60分钟笔方向向上（冲顶模式），因此实际交易动作是二卖（笔方向向上时优先卖点）,0.79,0.77,0.83,-0.0052,-0.0052,否
2026-05-16 16:15:44,二卖,否,警戒,515050,通信ETF,1.11,安全,二卖,向上,无信号,客观缠论信号为二卖，60分钟笔方向向上（冲顶模式），因此实际交易动作是二卖（笔方向向上时优先卖点）,1.08,1.48,2.40,-0.0614,-0.0840,否
2026-05-16 16:15:44,观望,否,警戒,159915,创业板ETF,3.97,安全,二买,向上,无信号,客观缠论信号为二买，60分钟笔方向向上，中枢震荡，观望,3.24,3.61,3.97,-0.0105,-0.0101,否
2026-05-16 16:15:44,一卖,否,警戒,588200,科创芯片ETF,3.42,安全,一卖,向上,无信号,客观缠论信号为一卖，60分钟笔方向向上（冲顶模式），因此实际交易动作是一卖（趋势顶背驰卖出）,2.65,3.20,3.34,-0.0220,-0.0142,否
2026-05-16 16:15:44,二卖,否,警戒,159755,电池ETF,1.17,安全,二卖,向上,无信号,客观缠论信号为二卖，60分钟笔方向向上（冲顶模式），因此实际交易动作是二卖（笔方向向上时优先卖点）,1.03,1.17,1.22,-0.0061,-0.0059,否
2026-05-16 16:15:44,观望,否,警戒,159899,软件ETF,0.83,安全,二卖,向下,底背驰,客观缠论信号为二卖，60分钟笔方向向下，中枢震荡，观望,0.81,0.83,0.84,-0.0069,-0.0062,否
2026-05-16 16:15:44,二卖,否,警戒,513360,教育ETF,0.49,日线破位,二卖,向上,无信号,客观缠论信号为二卖，60分钟笔方向向上（冲顶模式），因此实际交易动作是二卖（笔方向向上时优先卖点）,0.49,0.49,0.50,-0.0012,-0.0013,否
2026-05-16 16:15:44,二卖,否,警戒,515790,光伏ETF,1.11,安全,二卖,向上,无信号,客观缠论信号为二卖，60分钟笔方向向上（冲顶模式），因此实际交易动作是二卖（笔方向向上时优先卖点）,1.08,1.10,1.13,-0.0066,-0.0074,否
2026-05-16 16:15:44,二买,否,警戒,601668,中国建筑,4.93,安全,二买,向下,无信号,客观缠论信号为二买，60分钟笔方向向下（寻底模式），因此实际交易动作是二买（笔方向向下时优先买点）,4.88,4.91,4.95,-0.0074,-0.0064,否
2026-05-16 16:15:44,二卖,否,警戒,601288,农业银行,6.67,安全,二卖,向上,无信号,客观缠论信号为二卖，60分钟笔方向向上（冲顶模式），因此实际交易动作是二卖（笔方向向上时优先卖点）,6.53,6.53,6.85,-0.0204,-0.0173,否
2026-05-16 16:15:44,观望,否,警戒,601728,中国电信,6.33,安全,二买,向上,无信号,客观缠论信号为二买，60分钟笔方向向上，中枢震荡，观望,6.50,5.75,6.19,0.0208,0.0320,否
2026-05-16 16:15:44,观望,否,警戒,600276,恒瑞医药,53.99,安全,二买+三买,向上,底背驰,客观缠论信号为二买、三买，60分钟笔方向向上，中枢震荡，观望,52.67,52.41,53.92,-0.2829,-0.2600,否
2026-05-16 16:15:44,二卖,否,警戒,600177,雅戈尔,7.62,安全,二卖+二买,向上,无信号,客观缠论信号为二卖、二买，60分钟笔方向向上（冲顶模式），因此实际交易动作是二卖（笔方向向上时优先卖点）,7.50,7.25,7.70,-0.0243,-0.0234,否
2026-05-16 16:15:44,观望,否,警戒,600887,伊利股份,27.61,安全,无信号,向上,无信号,客观缠论信号为无信号，60分钟笔方向向上，中枢震荡，观望,27.22,27.36,27.98,-0.0688,-0.0427,否
2026-05-16 16:15:44,二卖,否,警戒,601138,工业富联,67.62,安全,二卖+二买,向上,无信号,客观缠论信号为二卖、二买，60分钟笔方向向上（冲顶模式），因此实际交易动作是二卖（笔方向向上时优先卖点）,62.70,63.20,71.76,-0.3018,-0.0307,否
2026-05-16 16:15:44,一卖,否,警戒,688041,海光信息,303.01,安全,一卖+二买,向上,底背驰,客观缠论信号为一卖、二买，60分钟笔方向向上（冲顶模式），因此实际交易动作是一卖（趋势顶背驰卖出）,246.00,320.01,305.00,-7.7036,-7.8150,否
2026-05-16 16:15:44,二卖,否,警戒,601225,陕西煤业,23.86,安全,二卖,向上,无信号,客观缠论信号为二卖，60分钟笔方向向上（冲顶模式），因此实际交易动作是二卖（笔方向向上时优先卖点）,22.32,22.30,24.11,0.0698,0.0695,否
2026-05-16 16:15:44,二卖,否,警戒,600900,长江电力,27.03,安全,二卖,向上,无信号,客观缠论信号为二卖，60分钟笔方向向上（冲顶模式），因此实际交易动作是二卖（笔方向向上时优先卖点）,26.66,26.90,27.03,0.0206,0.0147,否
2026-05-16 16:15:44,观望,否,警戒,600660,福耀玻璃,56.00,安全,无信号,向下,底背驰,客观缠论信号为无信号，60分钟笔方向向下，中枢震荡，观望,55.27,55.65,58.18,-0.2854,-0.2797,否
2026-05-16 16:15:44,观望,否,警戒,002507,涪陵榨菜,11.99,日线破位,二卖,向下,无信号,客观缠论信号为二卖，60分钟笔方向向下，中枢震荡，观望,12.23,12.28,12.40,-0.0428,-0.0413,否
2026-05-16 16:15:44,二买,否,警戒,000338,潍柴动力,34.77,安全,一卖+二买,向下,底背驰,客观缠论信号为一卖、二买，60分钟笔方向向下（寻底模式），因此实际交易动作是二买（笔方向向下时优先买点）,25.92,23.75,33.85,0.0971,0.1693,否
2026-05-16 16:15:44,二卖,否,警戒,000538,云南白药,50.90,日线破位,二卖+三卖,向上,无信号,客观缠论信号为二卖、三卖，60分钟笔方向向上（冲顶模式），因此实际交易动作是二卖（笔方向向上时优先卖点）,55.40,54.40,52.89,-0.1968,-0.1795,否
2026-05-16 16:15:44,观望,否,警戒,000423,东阿阿胶,52.26,安全,无信号,向上,无信号,客观缠论信号为无信号，60分钟笔方向向上，中枢震荡，观望,51.71,52.11,54.45,-0.2534,-0.1752,否
2026-05-16 16:15:44,二卖,否,警戒,000001,平安银行,10.99,安全,二卖,向上,无信号,客观缠论信号为二卖，60分钟笔方向向上（冲顶模式），因此实际交易动作是二卖（笔方向向上时优先卖点）,10.78,10.97,11.03,-0.0355,-0.0333,否
2026-05-16 16:15:44,观望,否,警戒,000651,格力电器,40.28,安全,二卖,向下,无信号,客观缠论信号为二卖，60分钟笔方向向下，中枢震荡，观望,40.28,39.51,40.57,-0.0213,0.0136,否
2026-05-16 16:15:44,二卖,否,警戒,000895,双汇发展,26.58,安全,二卖+二买,向上,无信号,客观缠论信号为二卖、二买，60分钟笔方向向上（冲顶模式），因此实际交易动作是二卖（笔方向向上时优先卖点）,26.11,26.51,26.98,-0.0741,-0.0575,否
2026-05-16 16:15:44,观望,否,警戒,002415,海康威视,33.12,安全,二卖,向下,无信号,客观缠论信号为二卖，60分钟笔方向向下，中枢震荡，观望,31.96,33.30,33.87,-0.2291,-0.1932,否
2026-05-16 16:15:44,观望,否,警戒,hk03690,美团,82.30,安全,二买,向上,无信号,客观缠论信号为二买，60分钟笔方向向上，中枢震荡，观望,78.70,82.40,84.55,-0.9870,-0.9046,否
2026-05-16 16:15:44,一卖,否,警戒,hk03896,金山云,8.08,安全,一卖,向上,无信号,客观缠论信号为一卖，60分钟笔方向向上（冲顶模式），因此实际交易动作是一卖（趋势顶背驰卖出）,7.86,7.78,8.39,-0.0744,-0.0396,否
2026-05-16 16:15:44,二卖,否,警戒,hk00700,腾讯,457.40,日线破位,二卖+二买,向上,无信号,客观缠论信号为二卖、二买，60分钟笔方向向上（冲顶模式），因此实际交易动作是二卖（笔方向向上时优先卖点）,494.60,486.20,460.20,-1.5491,-1.4113,否
2026-05-16 16:15:44,一卖,否,警戒,hk09988,阿里巴巴,132.20,安全,一卖,向上,无信号,客观缠论信号为一卖，60分钟笔方向向上（冲顶模式），因此实际交易动作是一卖（趋势顶背驰卖出）,129.60,130.30,134.20,-1.0187,-0.6079,否
2026-05-16 16:15:44,二卖,否,警戒,hk01024,快手,49.22,安全,二卖,向上,无信号,客观缠论信号为二卖，60分钟笔方向向上（冲顶模式），因此实际交易动作是二卖（笔方向向上时优先卖点）,51.00,43.00,52.65,-0.5208,-0.4828,否
2026-05-16 16:15:44,观望,否,警戒,hk06618,京东健康,45.00,安全,二买,向上,无信号,客观缠论信号为二买，60分钟笔方向向上，中枢震荡，观望,40.70,46.10,45.88,-0.8009,-0.7338,否
2026-05-16 16:15:44,观望,否,警戒,hk06862,海底捞,14.59,安全,二卖,向下,底背驰,客观缠论信号为二卖，60分钟笔方向向下，中枢震荡，观望,14.22,14.16,14.88,-0.0806,-0.0683,否
2026-05-16 16:15:44,观望,否,警戒,600895,张江高科,34.82,安全,二卖,向下,无信号,客观缠论信号为二卖，60分钟笔方向向下，中枢震荡，观望,33.37,34.05,35.66,-0.4049,-0.3459,否

2026-05-17 16:06:15,观望,是,警戒,603317,天味食品,15.98,安全,二买,向上,无信号,客观缠论信号为二买，60分钟笔方向向上，中枢震荡，观望,12.56,15.25,16.31,-0.0458,-0.0402,否
2026-05-17 16:06:15,二卖,是,警戒,688981,中芯国际,119.02,安全,二卖,向上,无信号,客观缠论信号为二卖，60分钟笔方向向上（冲顶模式），因此实际交易动作是二卖（笔方向向上时优先卖点）,100.13,113.50,125.00,-0.0960,0.1686,否
2026-05-17 16:06:15,观望,是,警戒,600938,中国海油,36.51,安全,二卖,向下,无信号,客观缠论信号为二卖，60分钟笔方向向下，中枢震荡，观望,34.06,36.28,36.28,0.0918,0.0696,否
2026-05-17 16:06:15,观望,是,警戒,000333,美的集团,82.57,安全,二买,向上,无信号,客观缠论信号为二买，60分钟笔方向向上，中枢震荡，观望,79.17,78.91,80.98,0.2834,0.3802,否
2026-05-17 16:06:15,二买,是,警戒,000429,粤高速A,13.13,安全,二买,向下,无信号,客观缠论信号为二买，60分钟笔方向向下（寻底模式），因此实际交易动作是二买（笔方向向下时优先买点）,13.29,12.48,12.91,-0.0051,-0.0160,否
2026-05-17 16:06:15,观望,是,警戒,001391,国货航,5.40,安全,二买,向上,无信号,客观缠论信号为二买，60分钟笔方向向上，中枢震荡，观望,5.22,5.25,5.37,-0.0042,0.0042,否
2026-05-17 16:06:15,一卖,是,警戒,hk01810,小米集团,30.50,安全,一卖+二买,向上,底背驰,客观缠论信号为一卖、二买，60分钟笔方向向上（冲顶模式），因此实际交易动作是一卖（趋势顶背驰卖出）,32.78,30.26,31.18,-0.3251,-0.2714,否
2026-05-17 16:06:15,二卖,是,警戒,513130,恒生科技ETF,0.62,安全,二卖,向上,底背驰,客观缠论信号为二卖，60分钟笔方向向上（冲顶模式），因此实际交易动作是二卖（笔方向向上时优先卖点）,0.59,0.61,0.63,-0.0047,-0.0042,否
2026-05-17 16:06:15,三买,否,警戒,sh000001,上证指数,4135.39,安全,一卖+三买,向下,底背驰,客观缠论信号为一卖、三买，60分钟笔方向向下（寻底模式），因此实际交易动作是三买（突破回踩买入）,4101.83,4079.77,4092.83,-18.9710,-16.5968,否
2026-05-17 16:06:15,观望,否,警戒,510300,沪深300ETF,4.88,安全,二买,向上,底背驰,客观缠论信号为二买，60分钟笔方向向上，中枢震荡，观望,4.68,4.86,4.99,-0.0227,-0.0199,否
2026-05-17 16:06:15,观望,否,警戒,588000,科创50ETF,1.79,安全,二买,向上,无信号,客观缠论信号为二买，60分钟笔方向向上，中枢震荡，观望,1.55,1.71,1.82,-0.0119,-0.0085,否
2026-05-17 16:06:15,观望,否,警戒,513100,纳指ETF,2.10,安全,二买,向上,无信号,客观缠论信号为二买，60分钟笔方向向上，中枢震荡，观望,1.91,1.93,2.11,-0.0007,0.0019,否
2026-05-17 16:06:15,观望,否,警戒,513520,日经ETF,2.08,安全,无信号,向上,底背驰,客观缠论信号为无信号，60分钟笔方向向上，中枢震荡，观望,2.00,2.13,2.16,-0.0152,-0.0155,否
2026-05-17 16:06:15,二卖,否,警戒,512400,有色金属ETF,2.04,安全,二卖+三买,向上,底背驰,客观缠论信号为二卖、三买，60分钟笔方向向上（冲顶模式），因此实际交易动作是二卖（笔方向向上时优先卖点）,2.11,1.96,2.15,-0.0320,-0.0311,否
2026-05-17 16:06:15,观望,否,警戒,512690,酒ETF,0.46,日线破位,二卖,向下,无信号,客观缠论信号为二卖，60分钟笔方向向下，中枢震荡，观望,0.48,0.48,0.48,-0.0022,-0.0020,否
2026-05-17 16:06:15,二买,否,警戒,159227,航空航天ETF,1.29,安全,二买,向下,底背驰,客观缠论信号为二买，60分钟笔方向向下（寻底模式），因此实际交易动作是二买（笔方向向下时优先买点）,1.23,1.30,1.31,-0.0140,-0.0141,否
2026-05-17 16:06:15,二卖,否,警戒,159992,创新药ETF,0.80,安全,二卖+二买,向上,无信号,客观缠论信号为二卖、二买，60分钟笔方向向上（冲顶模式），因此实际交易动作是二卖（笔方向向上时优先卖点）,0.79,0.77,0.83,-0.0052,-0.0052,否
2026-05-17 16:06:15,二卖,否,警戒,515050,通信ETF,1.11,安全,二卖,向上,无信号,客观缠论信号为二卖，60分钟笔方向向上（冲顶模式），因此实际交易动作是二卖（笔方向向上时优先卖点）,1.08,1.48,2.40,-0.0614,-0.0840,否
2026-05-17 16:06:15,观望,否,警戒,159915,创业板ETF,3.97,安全,二买,向上,无信号,客观缠论信号为二买，60分钟笔方向向上，中枢震荡，观望,3.24,3.61,3.97,-0.0105,-0.0101,否
2026-05-17 16:06:15,一卖,否,警戒,588200,科创芯片ETF,3.42,安全,一卖,向上,无信号,客观缠论信号为一卖，60分钟笔方向向上（冲顶模式），因此实际交易动作是一卖（趋势顶背驰卖出）,2.65,3.20,3.34,-0.0220,-0.0142,否
2026-05-17 16:06:15,二卖,否,警戒,159755,电池ETF,1.17,安全,二卖,向上,无信号,客观缠论信号为二卖，60分钟笔方向向上（冲顶模式），因此实际交易动作是二卖（笔方向向上时优先卖点）,1.03,1.17,1.22,-0.0061,-0.0059,否
2026-05-17 16:06:15,观望,否,警戒,159899,软件ETF,0.83,安全,二卖,向下,底背驰,客观缠论信号为二卖，60分钟笔方向向下，中枢震荡，观望,0.81,0.83,0.84,-0.0069,-0.0062,否
2026-05-17 16:06:15,二卖,否,警戒,513360,教育ETF,0.49,日线破位,二卖,向上,无信号,客观缠论信号为二卖，60分钟笔方向向上（冲顶模式），因此实际交易动作是二卖（笔方向向上时优先卖点）,0.49,0.49,0.50,-0.0012,-0.0013,否
2026-05-17 16:06:15,二卖,否,警戒,515790,光伏ETF,1.11,安全,二卖,向上,无信号,客观缠论信号为二卖，60分钟笔方向向上（冲顶模式），因此实际交易动作是二卖（笔方向向上时优先卖点）,1.08,1.10,1.13,-0.0066,-0.0074,否
2026-05-17 16:06:15,二买,否,警戒,601668,中国建筑,4.93,安全,二买,向下,无信号,客观缠论信号为二买，60分钟笔方向向下（寻底模式），因此实际交易动作是二买（笔方向向下时优先买点）,4.88,4.91,4.95,-0.0074,-0.0064,否
2026-05-17 16:06:15,二卖,否,警戒,601288,农业银行,6.67,安全,二卖,向上,无信号,客观缠论信号为二卖，60分钟笔方向向上（冲顶模式），因此实际交易动作是二卖（笔方向向上时优先卖点）,6.53,6.53,6.85,-0.0204,-0.0173,否
2026-05-17 16:06:15,观望,否,警戒,601728,中国电信,6.33,安全,二买,向上,无信号,客观缠论信号为二买，60分钟笔方向向上，中枢震荡，观望,6.50,5.75,6.19,0.0208,0.0320,否
2026-05-17 16:06:15,观望,否,警戒,600276,恒瑞医药,53.99,安全,二买+三买,向上,底背驰,客观缠论信号为二买、三买，60分钟笔方向向上，中枢震荡，观望,52.67,52.41,53.92,-0.2829,-0.2600,否
2026-05-17 16:06:15,二卖,否,警戒,600177,雅戈尔,7.62,安全,二卖+二买,向上,无信号,客观缠论信号为二卖、二买，60分钟笔方向向上（冲顶模式），因此实际交易动作是二卖（笔方向向上时优先卖点）,7.50,7.25,7.70,-0.0243,-0.0234,否
2026-05-17 16:06:15,观望,否,警戒,600887,伊利股份,27.61,安全,无信号,向上,无信号,客观缠论信号为无信号，60分钟笔方向向上，中枢震荡，观望,27.22,27.36,27.98,-0.0688,-0.0427,否
2026-05-17 16:06:15,二卖,否,警戒,601138,工业富联,67.62,安全,二卖+二买,向上,无信号,客观缠论信号为二卖、二买，60分钟笔方向向上（冲顶模式），因此实际交易动作是二卖（笔方向向上时优先卖点）,62.70,63.20,71.76,-0.3018,-0.0307,否
2026-05-17 16:06:15,一卖,否,警戒,688041,海光信息,303.01,安全,一卖+二买,向上,底背驰,客观缠论信号为一卖、二买，60分钟笔方向向上（冲顶模式），因此实际交易动作是一卖（趋势顶背驰卖出）,246.00,320.01,305.00,-7.7036,-7.8150,否
2026-05-17 16:06:15,二卖,否,警戒,601225,陕西煤业,23.86,安全,二卖,向上,无信号,客观缠论信号为二卖，60分钟笔方向向上（冲顶模式），因此实际交易动作是二卖（笔方向向上时优先卖点）,22.32,22.30,24.11,0.0698,0.0695,否
2026-05-17 16:06:15,二卖,否,警戒,600900,长江电力,27.03,安全,二卖,向上,无信号,客观缠论信号为二卖，60分钟笔方向向上（冲顶模式），因此实际交易动作是二卖（笔方向向上时优先卖点）,26.66,26.90,27.03,0.0206,0.0147,否
2026-05-17 16:06:15,观望,否,警戒,600660,福耀玻璃,56.00,安全,无信号,向下,底背驰,客观缠论信号为无信号，60分钟笔方向向下，中枢震荡，观望,55.27,55.65,58.35,-0.2854,-0.2797,否
2026-05-17 16:06:15,观望,否,警戒,002507,涪陵榨菜,11.99,日线破位,二卖,向下,无信号,客观缠论信号为二卖，60分钟笔方向向下，中枢震荡，观望,12.23,12.28,12.33,-0.0428,-0.0413,否
2026-05-17 16:06:15,二买,否,警戒,000338,潍柴动力,34.77,安全,一卖+二买,向下,底背驰,客观缠论信号为一卖、二买，60分钟笔方向向下（寻底模式），因此实际交易动作是二买（笔方向向下时优先买点）,25.92,23.75,33.85,0.0971,0.1693,否
2026-05-17 16:06:15,二卖,否,警戒,000538,云南白药,50.90,日线破位,二卖+三卖,向上,无信号,客观缠论信号为二卖、三卖，60分钟笔方向向上（冲顶模式），因此实际交易动作是二卖（笔方向向上时优先卖点）,55.40,54.40,52.89,-0.1968,-0.1795,否
2026-05-17 16:06:15,观望,否,警戒,000423,东阿阿胶,52.26,安全,无信号,向上,无信号,客观缠论信号为无信号，60分钟笔方向向上，中枢震荡，观望,51.71,52.11,54.45,-0.2534,-0.1752,否
2026-05-17 16:06:15,二卖,否,警戒,000001,平安银行,10.99,安全,二卖,向上,无信号,客观缠论信号为二卖，60分钟笔方向向上（冲顶模式），因此实际交易动作是二卖（笔方向向上时优先卖点）,10.78,10.97,11.03,-0.0355,-0.0333,否
2026-05-17 16:06:15,观望,否,警戒,000651,格力电器,40.28,安全,二卖,向下,无信号,客观缠论信号为二卖，60分钟笔方向向下，中枢震荡，观望,40.28,39.51,40.57,-0.0213,0.0136,否
2026-05-17 16:06:15,二卖,否,警戒,000895,双汇发展,26.58,安全,二卖+二买,向上,无信号,客观缠论信号为二卖、二买，60分钟笔方向向上（冲顶模式），因此实际交易动作是二卖（笔方向向上时优先卖点）,26.11,26.51,26.98,-0.0741,-0.0575,否
2026-05-17 16:06:15,观望,否,警戒,002415,海康威视,33.12,安全,二卖,向下,无信号,客观缠论信号为二卖，60分钟笔方向向下，中枢震荡，观望,31.96,33.30,33.87,-0.2291,-0.1932,否
2026-05-17 16:06:15,观望,否,警戒,hk03690,美团,82.30,安全,二买,向上,无信号,客观缠论信号为二买，60分钟笔方向向上，中枢震荡，观望,78.70,82.40,84.55,-0.9870,-0.9046,否
2026-05-17 16:06:15,一卖,否,警戒,hk03896,金山云,8.08,安全,一卖,向上,无信号,客观缠论信号为一卖，60分钟笔方向向上（冲顶模式），因此实际交易动作是一卖（趋势顶背驰卖出）,7.86,7.78,8.39,-0.0744,-0.0396,否
2026-05-17 16:06:15,二卖,否,警戒,hk00700,腾讯,457.40,日线破位,二卖+二买,向上,无信号,客观缠论信号为二卖、二买，60分钟笔方向向上（冲顶模式），因此实际交易动作是二卖（笔方向向上时优先卖点）,494.60,486.20,460.20,-1.5491,-1.4113,否
2026-05-17 16:06:15,一卖,否,警戒,hk09988,阿里巴巴,132.20,安全,一卖,向上,无信号,客观缠论信号为一卖，60分钟笔方向向上（冲顶模式），因此实际交易动作是一卖（趋势顶背驰卖出）,129.60,130.30,134.20,-1.0187,-0.6079,否
2026-05-17 16:06:15,二卖,否,警戒,hk01024,快手,49.22,安全,二卖,向上,无信号,客观缠论信号为二卖，60分钟笔方向向上（冲顶模式），因此实际交易动作是二卖（笔方向向上时优先卖点）,51.00,43.00,52.65,-0.5208,-0.4828,否
2026-05-17 16:06:15,观望,否,警戒,hk06618,京东健康,45.00,安全,二买,向上,无信号,客观缠论信号为二买，60分钟笔方向向上，中枢震荡，观望,40.70,46.10,45.88,-0.8009,-0.7338,否
2026-05-17 16:06:15,观望,否,警戒,hk06862,海底捞,14.59,安全,二卖,向下,底背驰,客观缠论信号为二卖，60分钟笔方向向下，中枢震荡，观望,14.22,14.16,14.88,-0.0806,-0.0683,否
2026-05-17 16:06:15,观望,否,警戒,600895,张江高科,34.82,安全,二卖,向下,无信号,客观缠论信号为二卖，60分钟笔方向向下，中枢震荡，观望,33.37,34.05,36.20,-0.4049,-0.3459,否

2026-05-18 09:50:27,观望,是,警戒,603317,天味食品,15.88,安全,二买,向上,无信号,客观缠论信号为二买，60分钟笔方向向上，中枢震荡，观望,12.56,15.25,16.31,-0.0508,-0.0423,否
2026-05-18 09:50:27,二卖,是,警戒,688981,中芯国际,118.56,安全,二卖,向上,无信号,客观缠论信号为二卖，60分钟笔方向向上（冲顶模式），因此实际交易动作是二卖（笔方向向上时优先卖点）,100.13,113.50,125.00,-0.1984,0.0952,否
2026-05-18 09:50:27,观望,是,警戒,600938,中国海油,36.85,安全,二卖,向下,无信号,客观缠论信号为二卖，60分钟笔方向向下，中枢震荡，观望,34.06,36.28,36.28,0.1194,0.0796,否
2026-05-18 09:50:27,观望,是,警戒,000333,美的集团,82.76,安全,二买,向上,无信号,客观缠论信号为二买，60分钟笔方向向上，中枢震荡，观望,79.17,78.91,80.98,0.2801,0.3602,否
2026-05-18 09:50:27,二卖,是,警戒,000001,平安银行,10.91,安全,二卖,向上,无信号,客观缠论信号为二卖，60分钟笔方向向上（冲顶模式），因此实际交易动作是二卖（笔方向向上时优先卖点）,10.78,10.97,11.03,-0.0408,-0.0348,否
2026-05-18 09:50:27,观望,是,警戒,001391,国货航,5.38,安全,二买,向上,无信号,客观缠论信号为二买，60分钟笔方向向上，中枢震荡，观望,5.22,5.25,5.37,-0.0058,0.0022,否
2026-05-18 09:50:27,一卖,是,警戒,hk01810,小米集团,30.36,安全,一卖+二买,向上,无信号,客观缠论信号为一卖、二买，60分钟笔方向向上（冲顶模式），因此实际交易动作是一卖（趋势顶背驰卖出）,32.78,30.26,31.18,-0.2621,-0.2730,否
2026-05-18 09:50:27,二卖,是,警戒,513130,恒生科技ETF,0.61,安全,二卖,向上,无信号,客观缠论信号为二卖，60分钟笔方向向上（冲顶模式），因此实际交易动作是二卖（笔方向向上时优先卖点）,0.59,0.61,0.63,-0.0051,-0.0044,否
2026-05-18 09:50:27,三买,否,警戒,sh000001,上证指数,4135.39,安全,一卖+三买,向下,底背驰,客观缠论信号为一卖、三买，60分钟笔方向向下（寻底模式），因此实际交易动作是三买（突破回踩买入）,4101.83,4079.77,4092.83,-18.9710,-16.5968,否
2026-05-18 09:50:27,观望,否,警戒,510300,沪深300ETF,4.87,安全,二买,向上,底背驰,客观缠论信号为二买，60分钟笔方向向上，中枢震荡，观望,4.68,4.86,4.99,-0.0231,-0.0205,否
2026-05-18 09:50:27,观望,否,警戒,588000,科创50ETF,1.81,安全,二买,向上,无信号,客观缠论信号为二买，60分钟笔方向向上，中枢震荡，观望,1.55,1.71,1.82,-0.0100,-0.0088,否
2026-05-18 09:50:27,观望,否,警戒,513100,纳指ETF,2.07,安全,二买,向上,无信号,客观缠论信号为二买，60分钟笔方向向上，中枢震荡，观望,1.91,1.93,2.11,-0.0029,0.0009,否
2026-05-18 09:50:27,观望,否,警戒,513520,日经ETF,2.05,安全,无信号,向上,无信号,客观缠论信号为无信号，60分钟笔方向向上，中枢震荡，观望,2.00,2.13,2.16,-0.0171,-0.0158,否
2026-05-18 09:50:27,二卖,否,警戒,512400,有色金属ETF,2.00,安全,二卖+三买,向上,底背驰,客观缠论信号为二卖、三买，60分钟笔方向向上（冲顶模式），因此实际交易动作是二卖（笔方向向上时优先卖点）,2.11,1.96,2.15,-0.0340,-0.0317,否
2026-05-18 09:50:27,观望,否,警戒,512690,酒ETF,0.46,日线破位,二卖,向下,无信号,客观缠论信号为二卖，60分钟笔方向向下，中枢震荡，观望,0.48,0.48,0.48,-0.0021,-0.0021,否
2026-05-18 09:50:27,二买,否,警戒,159227,航空航天ETF,1.30,安全,二买,向下,底背驰,客观缠论信号为二买，60分钟笔方向向下（寻底模式），因此实际交易动作是二买（笔方向向下时优先买点）,1.23,1.30,1.31,-0.0125,-0.0138,否
2026-05-18 09:50:27,二卖,否,警戒,159992,创新药ETF,0.79,安全,二卖+二买,向上,无信号,客观缠论信号为二卖、二买，60分钟笔方向向上（冲顶模式），因此实际交易动作是二卖（笔方向向上时优先卖点）,0.79,0.77,0.83,-0.0058,-0.0053,否
2026-05-18 09:50:27,二卖,否,警戒,515050,通信ETF,1.11,安全,二卖,向上,无信号,客观缠论信号为二卖，60分钟笔方向向上（冲顶模式），因此实际交易动作是二卖（笔方向向上时优先卖点）,1.08,1.48,2.40,-0.0566,-0.0785,否
2026-05-18 09:50:27,观望,否,警戒,159915,创业板ETF,3.93,安全,二买,向上,无信号,客观缠论信号为二买，60分钟笔方向向上，中枢震荡，观望,3.24,3.61,3.97,-0.0111,-0.0103,否
2026-05-18 09:50:27,一卖,否,警戒,588200,科创芯片ETF,3.48,安全,一卖,向上,无信号,客观缠论信号为一卖，60分钟笔方向向上（冲顶模式），因此实际交易动作是一卖（趋势顶背驰卖出）,2.65,3.20,3.34,-0.0180,-0.0150,否
2026-05-18 09:50:27,二卖,否,警戒,159755,电池ETF,1.16,安全,二卖,向上,无信号,客观缠论信号为二卖，60分钟笔方向向上（冲顶模式），因此实际交易动作是二卖（笔方向向上时优先卖点）,1.03,1.17,1.22,-0.0066,-0.0060,否
2026-05-18 09:50:27,观望,否,警戒,159899,软件ETF,0.84,安全,二卖,向下,底背驰,客观缠论信号为二卖，60分钟笔方向向下，中枢震荡，观望,0.81,0.83,0.84,-0.0063,-0.0062,否
2026-05-18 09:50:27,二卖,否,警戒,513360,教育ETF,0.49,日线破位,二卖,向上,无信号,客观缠论信号为二卖，60分钟笔方向向上（冲顶模式），因此实际交易动作是二卖（笔方向向上时优先卖点）,0.49,0.49,0.50,-0.0012,-0.0012,否
2026-05-18 09:50:27,二卖,否,警戒,515790,光伏ETF,1.11,安全,二卖,向上,无信号,客观缠论信号为二卖，60分钟笔方向向上（冲顶模式），因此实际交易动作是二卖（笔方向向上时优先卖点）,1.08,1.10,1.13,-0.0062,-0.0071,否
2026-05-18 09:50:27,二买,否,警戒,601668,中国建筑,4.92,安全,二买,向下,无信号,客观缠论信号为二买，60分钟笔方向向下（寻底模式），因此实际交易动作是二买（笔方向向下时优先买点）,4.88,4.91,4.95,-0.0082,-0.0068,否
2026-05-18 09:50:27,二卖,否,警戒,601288,农业银行,6.64,安全,二卖,向上,无信号,客观缠论信号为二卖，60分钟笔方向向上（冲顶模式），因此实际交易动作是二卖（笔方向向上时优先卖点）,6.53,6.53,6.85,-0.0224,-0.0183,否
2026-05-18 09:50:27,观望,否,警戒,601728,中国电信,6.39,安全,二买,向上,无信号,客观缠论信号为二买，60分钟笔方向向上，中枢震荡，观望,6.50,5.75,6.19,0.0237,0.0303,否
2026-05-18 09:50:27,观望,否,警戒,600276,恒瑞医药,52.93,安全,二买+三买,向上,无信号,客观缠论信号为二买、三买，60分钟笔方向向上，中枢震荡，观望,52.67,52.41,53.92,-0.3576,-0.2795,否
2026-05-18 09:50:27,二卖,否,警戒,600177,雅戈尔,7.57,安全,二卖+二买,向上,无信号,客观缠论信号为二卖、二买，60分钟笔方向向上（冲顶模式），因此实际交易动作是二卖（笔方向向上时优先卖点）,7.50,7.25,7.70,-0.0269,-0.0241,否
2026-05-18 09:50:27,观望,否,警戒,600887,伊利股份,27.47,安全,无信号,向上,无信号,客观缠论信号为无信号，60分钟笔方向向上，中枢震荡，观望,27.22,27.36,27.98,-0.0775,-0.0497,否
2026-05-18 09:50:27,二卖,否,警戒,601138,工业富联,66.46,安全,二卖+二买,向上,无信号,客观缠论信号为二卖、二买，60分钟笔方向向上（冲顶模式），因此实际交易动作是二卖（笔方向向上时优先卖点）,62.70,63.20,71.76,-0.4402,-0.1126,否
2026-05-18 09:50:27,一卖,否,警戒,688041,海光信息,308.61,安全,一卖+二买,向上,底背驰,客观缠论信号为一卖、二买，60分钟笔方向向上（冲顶模式），因此实际交易动作是一卖（趋势顶背驰卖出）,246.00,320.01,305.00,-6.9480,-7.6416,否
2026-05-18 09:50:27,二卖,否,警戒,601225,陕西煤业,24.03,安全,二卖,向上,无信号,客观缠论信号为二卖，60分钟笔方向向上（冲顶模式），因此实际交易动作是二卖（笔方向向上时优先卖点）,22.32,22.30,24.11,0.0824,0.0721,否
2026-05-18 09:50:27,二卖,否,警戒,600900,长江电力,26.99,安全,二卖,向上,无信号,客观缠论信号为二卖，60分钟笔方向向上（冲顶模式），因此实际交易动作是二卖（笔方向向上时优先卖点）,26.66,26.90,27.03,0.0164,0.0150,否
2026-05-18 09:50:27,观望,否,警戒,600660,福耀玻璃,54.76,日线破位,无信号,向下,底背驰,客观缠论信号为无信号，60分钟笔方向向下，中枢震荡，观望,55.27,55.65,58.35,-0.3797,-0.2997,否
2026-05-18 09:50:27,观望,否,警戒,002507,涪陵榨菜,11.97,日线破位,二卖,向下,无信号,客观缠论信号为二卖，60分钟笔方向向下，中枢震荡，观望,12.23,12.28,12.33,-0.0440,-0.0418,否
2026-05-18 09:50:27,二买,否,警戒,000338,潍柴动力,33.30,安全,一卖+二买,向下,底背驰,客观缠论信号为一卖、二买，60分钟笔方向向下（寻底模式），因此实际交易动作是二买（笔方向向下时优先买点）,25.92,23.75,33.85,-0.0336,0.1287,否
2026-05-18 09:50:27,二卖,否,警戒,000538,云南白药,50.70,日线破位,二卖+三卖,向上,无信号,客观缠论信号为二卖、三卖，60分钟笔方向向上（冲顶模式），因此实际交易动作是二卖（笔方向向上时优先卖点）,55.40,54.40,52.89,-0.2083,-0.1852,否
2026-05-18 09:50:27,观望,否,警戒,000423,东阿阿胶,51.73,安全,无信号,向上,无信号,客观缠论信号为无信号，60分钟笔方向向上，中枢震荡，观望,51.71,52.11,54.45,-0.2939,-0.1990,否
2026-05-18 09:50:27,观望,否,警戒,000651,格力电器,40.25,安全,二卖,向下,无信号,客观缠论信号为二卖，60分钟笔方向向下，中枢震荡，观望,40.28,39.51,40.57,-0.0286,0.0052,否
2026-05-18 09:50:27,二卖,否,警戒,000895,双汇发展,26.36,安全,二卖+二买,向上,无信号,客观缠论信号为二卖、二买，60分钟笔方向向上（冲顶模式），因此实际交易动作是二卖（笔方向向上时优先卖点）,26.11,26.51,26.98,-0.0857,-0.0632,否
2026-05-18 09:50:27,观望,否,警戒,002415,海康威视,33.32,安全,二卖,向下,无信号,客观缠论信号为二卖，60分钟笔方向向下，中枢震荡，观望,31.96,33.30,33.87,-0.2148,-0.1975,否
2026-05-18 09:50:27,观望,否,警戒,hk03690,美团,81.70,安全,二买,向上,无信号,客观缠论信号为二买，60分钟笔方向向上，中枢震荡，观望,78.70,82.40,84.55,-0.7840,-0.8429,否
2026-05-18 09:50:27,一卖,否,警戒,hk03896,金山云,7.90,安全,一卖,向上,无信号,客观缠论信号为一卖，60分钟笔方向向上（冲顶模式），因此实际交易动作是一卖（趋势顶背驰卖出）,7.86,7.78,8.39,-0.0918,-0.0817,否
2026-05-18 09:50:27,二卖,否,警戒,hk00700,腾讯,457.40,日线破位,二卖+二买,向上,无信号,客观缠论信号为二卖、二买，60分钟笔方向向上（冲顶模式），因此实际交易动作是二卖（笔方向向上时优先卖点）,494.60,486.20,460.20,-1.5491,-1.4113,否
2026-05-18 09:50:27,一卖,否,警戒,hk09988,阿里巴巴,130.20,安全,一卖,向上,无信号,客观缠论信号为一卖，60分钟笔方向向上（冲顶模式），因此实际交易动作是一卖（趋势顶背驰卖出）,129.60,130.30,134.20,-1.2434,-1.1560,否
2026-05-18 09:50:27,二卖,否,警戒,hk01024,快手,48.38,安全,二卖,向上,无信号,客观缠论信号为二卖，60分钟笔方向向上（冲顶模式），因此实际交易动作是二卖（笔方向向上时优先卖点）,51.00,43.00,52.65,-0.4262,-0.4402,否
2026-05-18 09:50:27,观望,否,警戒,hk06618,京东健康,43.52,安全,二买,向上,无信号,客观缠论信号为二买，60分钟笔方向向上，中枢震荡，观望,40.70,46.10,45.88,-0.7306,-0.7109,否
2026-05-18 09:50:27,观望,否,警戒,hk06862,海底捞,14.56,安全,二卖,向下,无信号,客观缠论信号为二卖，60分钟笔方向向下，中枢震荡，观望,14.22,14.16,14.88,-0.0654,-0.0668,否
2026-05-18 09:50:27,观望,否,警戒,600895,张江高科,34.66,安全,二卖,向下,无信号,客观缠论信号为二卖，60分钟笔方向向下，中枢震荡，观望,33.37,34.05,36.20,-0.4128,-0.3593,否
2026-05-18 09:50:27,二买,否,警戒,000429,粤高速A,13.04,安全,二买,向下,无信号,客观缠论信号为二买，60分钟笔方向向下（寻底模式），因此实际交易动作是二买（笔方向向下时优先买点）,13.29,12.48,12.91,-0.0075,-0.0143,否

2026-05-18 10:05:25,观望,是,警戒,603317,天味食品,15.81,安全,二买,向上,无信号,客观缠论信号为二买，60分钟笔方向向上，中枢震荡，观望,12.56,15.25,16.31,-0.0598,-0.0458,否
2026-05-18 10:05:25,二卖,是,警戒,688981,中芯国际,119.81,安全,二卖,向上,无信号,客观缠论信号为二卖，60分钟笔方向向上（冲顶模式），因此实际交易动作是二卖（笔方向向上时优先卖点）,100.13,113.50,125.00,-0.1767,0.0408,否
2026-05-18 10:05:25,观望,是,警戒,600938,中国海油,36.76,安全,二卖,向下,顶背驰,客观缠论信号为二卖，60分钟笔方向向下，中枢震荡，观望,34.06,36.28,36.28,0.1325,0.0901,否
2026-05-18 10:05:25,观望,是,警戒,000333,美的集团,82.95,安全,二买,向上,无信号,客观缠论信号为二买，60分钟笔方向向上，中枢震荡，观望,79.17,78.91,80.98,0.2895,0.3461,否
2026-05-18 10:05:25,二卖,是,警戒,000001,平安银行,10.91,安全,二卖,向上,无信号,客观缠论信号为二卖，60分钟笔方向向上（冲顶模式），因此实际交易动作是二卖（笔方向向上时优先卖点）,10.78,10.97,11.03,-0.0444,-0.0367,否
2026-05-18 10:05:25,观望,是,警戒,001391,国货航,5.37,安全,二买,向上,无信号,客观缠论信号为二买，60分钟笔方向向上，中枢震荡，观望,5.22,5.25,5.37,-0.0078,0.0002,否
2026-05-18 10:05:25,一卖,是,警戒,hk01810,小米集团,30.36,安全,一卖+二买,向上,无信号,客观缠论信号为一卖、二买，60分钟笔方向向上（冲顶模式），因此实际交易动作是一卖（趋势顶背驰卖出）,32.78,30.26,31.18,-0.2621,-0.2730,否
2026-05-18 10:05:25,二卖,是,警戒,513130,恒生科技ETF,0.61,安全,二卖,向上,无信号,客观缠论信号为二卖，60分钟笔方向向上（冲顶模式），因此实际交易动作是二卖（笔方向向上时优先卖点）,0.59,0.61,0.63,-0.0054,-0.0046,否
2026-05-18 10:05:25,三买,否,警戒,sh000001,上证指数,4135.39,安全,一卖+三买,向下,底背驰,客观缠论信号为一卖、三买，60分钟笔方向向下（寻底模式），因此实际交易动作是三买（突破回踩买入）,4101.83,4079.77,4092.83,-18.9710,-16.5968,否
2026-05-18 10:05:25,观望,否,警戒,510300,沪深300ETF,4.88,安全,二买,向上,底背驰,客观缠论信号为二买，60分钟笔方向向上，中枢震荡，观望,4.68,4.86,4.99,-0.0220,-0.0208,否
2026-05-18 10:05:25,观望,否,警戒,588000,科创50ETF,1.84,安全,二买,向上,无信号,客观缠论信号为二买，60分钟笔方向向上，中枢震荡，观望,1.55,1.71,1.82,-0.0063,-0.0083,否
2026-05-18 10:05:25,观望,否,警戒,513100,纳指ETF,2.08,安全,二买,向上,无信号,客观缠论信号为二买，60分钟笔方向向上，中枢震荡，观望,1.91,1.93,2.11,-0.0043,-0.0001,否
2026-05-18 10:05:25,观望,否,警戒,513520,日经ETF,2.05,安全,无信号,向上,无信号,客观缠论信号为无信号，60分钟笔方向向上，中枢震荡，观望,2.00,2.13,2.16,-0.0181,-0.0163,否
2026-05-18 10:05:25,二卖,否,警戒,512400,有色金属ETF,2.01,安全,二卖+三买,向上,底背驰,客观缠论信号为二卖、三买，60分钟笔方向向上（冲顶模式），因此实际交易动作是二卖（笔方向向上时优先卖点）,2.11,1.96,2.15,-0.0345,-0.0323,否
2026-05-18 10:05:25,观望,否,警戒,512690,酒ETF,0.45,日线破位,二卖,向下,无信号,客观缠论信号为二卖，60分钟笔方向向下，中枢震荡，观望,0.48,0.48,0.48,-0.0023,-0.0021,否
2026-05-18 10:05:25,二买,否,警戒,159227,航空航天ETF,1.30,安全,二买,向下,底背驰,客观缠论信号为二买，60分钟笔方向向下（寻底模式），因此实际交易动作是二买（笔方向向下时优先买点）,1.23,1.30,1.31,-0.0111,-0.0133,否
2026-05-18 10:05:25,二卖,否,警戒,159992,创新药ETF,0.79,安全,二卖+二买,向上,无信号,客观缠论信号为二卖、二买，60分钟笔方向向上（冲顶模式），因此实际交易动作是二卖（笔方向向上时优先卖点）,0.79,0.77,0.83,-0.0062,-0.0055,否
2026-05-18 10:05:25,二卖,否,警戒,515050,通信ETF,1.13,安全,二卖,向上,无信号,客观缠论信号为二卖，60分钟笔方向向上（冲顶模式），因此实际交易动作是二卖（笔方向向上时优先卖点）,1.08,1.48,2.40,-0.0508,-0.0729,否
2026-05-18 10:05:25,观望,否,警戒,159915,创业板ETF,3.96,安全,二买,向上,无信号,客观缠论信号为二买，60分钟笔方向向上，中枢震荡，观望,3.24,3.61,3.97,-0.0091,-0.0100,否
2026-05-18 10:05:25,一卖,否,警戒,588200,科创芯片ETF,3.54,安全,一卖,向上,无信号,客观缠论信号为一卖，60分钟笔方向向上（冲顶模式），因此实际交易动作是一卖（趋势顶背驰卖出）,2.65,3.20,3.34,-0.0100,-0.0140,否
2026-05-18 10:05:25,二卖,否,警戒,159755,电池ETF,1.17,安全,二卖,向上,无信号,客观缠论信号为二卖，60分钟笔方向向上（冲顶模式），因此实际交易动作是二卖（笔方向向上时优先卖点）,1.03,1.17,1.22,-0.0059,-0.0060,否
2026-05-18 10:05:25,观望,否,警戒,159899,软件ETF,0.84,安全,二卖,向下,底背驰,客观缠论信号为二卖，60分钟笔方向向下，中枢震荡，观望,0.81,0.83,0.84,-0.0052,-0.0060,否
2026-05-18 10:05:25,二卖,否,警戒,513360,教育ETF,0.49,安全,二卖,向上,底背驰,客观缠论信号为二卖，60分钟笔方向向上（冲顶模式），因此实际交易动作是二卖（笔方向向上时优先卖点）,0.49,0.49,0.50,-0.0010,-0.0012,否
2026-05-18 10:05:25,二卖,否,警戒,515790,光伏ETF,1.11,安全,二卖,向上,无信号,客观缠论信号为二卖，60分钟笔方向向上（冲顶模式），因此实际交易动作是二卖（笔方向向上时优先卖点）,1.08,1.10,1.13,-0.0054,-0.0068,否
2026-05-18 10:05:25,二买,否,警戒,601668,中国建筑,4.88,安全,二买,向下,无信号,客观缠论信号为二买，60分钟笔方向向下（寻底模式），因此实际交易动作是二买（笔方向向下时优先买点）,4.88,4.91,4.95,-0.0119,-0.0078,否
2026-05-18 10:05:25,二卖,否,警戒,601288,农业银行,6.62,安全,二卖,向上,无信号,客观缠论信号为二卖，60分钟笔方向向上（冲顶模式），因此实际交易动作是二卖（笔方向向上时优先卖点）,6.53,6.53,6.85,-0.0252,-0.0197,否
2026-05-18 10:05:25,观望,否,警戒,601728,中国电信,6.39,安全,二买,向上,无信号,客观缠论信号为二买，60分钟笔方向向上，中枢震荡，观望,6.50,5.75,6.19,0.0257,0.0294,否
2026-05-18 10:05:25,观望,否,警戒,600276,恒瑞医药,52.84,安全,二买+三买,向上,无信号,客观缠论信号为二买、三买，60分钟笔方向向上，中枢震荡，观望,52.67,52.41,53.92,-0.4192,-0.3075,否
2026-05-18 10:05:25,二卖,否,警戒,600177,雅戈尔,7.49,安全,二卖+二买,向上,无信号,客观缠论信号为二卖、二买，60分钟笔方向向上（冲顶模式），因此实际交易动作是二卖（笔方向向上时优先卖点）,7.50,7.25,7.70,-0.0350,-0.0263,否
2026-05-18 10:05:25,观望,否,警戒,600887,伊利股份,27.26,安全,无信号,向上,无信号,客观缠论信号为无信号，60分钟笔方向向上，中枢震荡，观望,27.22,27.36,27.98,-0.1002,-0.0598,否
2026-05-18 10:05:25,二卖,否,警戒,601138,工业富联,67.87,安全,二卖+二买,向上,无信号,客观缠论信号为二卖、二买，60分钟笔方向向上（冲顶模式），因此实际交易动作是二卖（笔方向向上时优先卖点）,62.70,63.20,71.76,-0.4313,-0.1763,否
2026-05-18 10:05:25,一卖,否,警戒,688041,海光信息,313.89,安全,一卖+二买,向上,底背驰,客观缠论信号为一卖、二买，60分钟笔方向向上（冲顶模式），因此实际交易动作是一卖（趋势顶背驰卖出）,246.00,320.01,305.00,-5.8556,-7.2844,否
2026-05-18 10:05:25,二卖,否,警戒,601225,陕西煤业,24.07,安全,二卖,向上,无信号,客观缠论信号为二卖，60分钟笔方向向上（冲顶模式），因此实际交易动作是二卖（笔方向向上时优先卖点）,22.32,22.30,24.11,0.0946,0.0766,否
2026-05-18 10:05:25,二卖,否,警戒,600900,长江电力,26.95,安全,二卖,向上,顶背驰,客观缠论信号为二卖，60分钟笔方向向上（冲顶模式），因此实际交易动作是二卖（笔方向向上时优先卖点）,26.66,26.90,27.03,0.0097,0.0140,否
2026-05-18 10:05:25,观望,否,警戒,600660,福耀玻璃,54.93,日线破位,无信号,向下,无信号,客观缠论信号为无信号，60分钟笔方向向下，中枢震荡，观望,55.27,55.65,58.35,-0.4357,-0.3269,否
2026-05-18 10:05:25,观望,否,警戒,002507,涪陵榨菜,11.93,日线破位,二卖,向下,无信号,客观缠论信号为二卖，60分钟笔方向向下，中枢震荡，观望,12.23,12.28,12.33,-0.0476,-0.0430,否
2026-05-18 10:05:25,二买,否,警戒,000338,潍柴动力,33.22,安全,一卖+二买,向下,底背驰,客观缠论信号为一卖、二买，60分钟笔方向向下（寻底模式），因此实际交易动作是二买（笔方向向下时优先买点）,25.92,23.75,33.85,-0.1420,0.0746,否
2026-05-18 10:05:25,二卖,否,警戒,000538,云南白药,50.72,日线破位,二卖+三卖,向上,无信号,客观缠论信号为二卖、三卖，60分钟笔方向向上（冲顶模式），因此实际交易动作是二卖（笔方向向上时优先卖点）,55.40,54.40,52.89,-0.2133,-0.1908,否
2026-05-18 10:05:25,观望,否,警戒,000423,东阿阿胶,51.67,日线破位,无信号,向上,无信号,客观缠论信号为无信号，60分钟笔方向向上，中枢震荡，观望,51.71,52.11,54.45,-0.3271,-0.2246,否
2026-05-18 10:05:25,观望,否,警戒,000651,格力电器,40.24,安全,二卖,向下,无信号,客观缠论信号为二卖，60分钟笔方向向下，中枢震荡，观望,40.28,39.51,40.57,-0.0348,-0.0028,否
2026-05-18 10:05:25,二卖,否,警戒,000895,双汇发展,26.30,安全,二卖+二买,向上,无信号,客观缠论信号为二卖、二买，60分钟笔方向向上（冲顶模式），因此实际交易动作是二卖（笔方向向上时优先卖点）,26.11,26.51,26.98,-0.0986,-0.0703,否
2026-05-18 10:05:25,观望,否,警戒,002415,海康威视,33.28,安全,二卖,向下,无信号,客观缠论信号为二卖，60分钟笔方向向下，中枢震荡，观望,31.96,33.30,33.87,-0.2043,-0.1989,否
2026-05-18 10:05:25,观望,否,警戒,hk03690,美团,81.35,安全,二买,向上,无信号,客观缠论信号为二买，60分钟笔方向向上，中枢震荡，观望,78.70,82.40,84.55,-0.8267,-0.8397,否
2026-05-18 10:05:25,一卖,否,警戒,hk03896,金山云,7.90,安全,一卖,向上,无信号,客观缠论信号为一卖，60分钟笔方向向上（冲顶模式），因此实际交易动作是一卖（趋势顶背驰卖出）,7.86,7.78,8.39,-0.0918,-0.0817,否
2026-05-18 10:05:25,二卖,否,警戒,hk00700,腾讯,457.40,日线破位,二卖+二买,向上,无信号,客观缠论信号为二卖、二买，60分钟笔方向向上（冲顶模式），因此实际交易动作是二卖（笔方向向上时优先卖点）,494.60,486.20,460.20,-1.5491,-1.4113,否
2026-05-18 10:05:25,一卖,否,警戒,hk09988,阿里巴巴,129.90,安全,一卖,向上,底背驰,客观缠论信号为一卖，60分钟笔方向向上（冲顶模式），因此实际交易动作是一卖（趋势顶背驰卖出）,129.60,130.30,134.20,-1.3488,-1.1945,否
2026-05-18 10:05:25,二卖,否,警戒,hk01024,快手,48.18,安全,二卖,向上,无信号,客观缠论信号为二卖，60分钟笔方向向上（冲顶模式），因此实际交易动作是二卖（笔方向向上时优先卖点）,51.00,43.00,52.65,-0.4761,-0.4474,否
2026-05-18 10:05:25,观望,否,警戒,hk06618,京东健康,42.72,安全,二买,向上,无信号,客观缠论信号为二买，60分钟笔方向向上，中枢震荡，观望,40.70,46.10,45.88,-0.8592,-0.7406,否
2026-05-18 10:05:25,观望,否,警戒,hk06862,海底捞,14.56,安全,二卖,向下,无信号,客观缠论信号为二卖，60分钟笔方向向下，中枢震荡，观望,14.22,14.16,14.88,-0.0654,-0.0668,否
2026-05-18 10:05:25,观望,否,警戒,600895,张江高科,34.91,安全,二卖,向下,无信号,客观缠论信号为二卖，60分钟笔方向向下，中枢震荡，观望,33.37,34.05,36.20,-0.3944,-0.3663,否
2026-05-18 10:05:25,二买,否,警戒,000429,粤高速A,12.96,安全,二买,向下,无信号,客观缠论信号为二买，60分钟笔方向向下（寻底模式），因此实际交易动作是二买（笔方向向下时优先买点）,13.29,12.48,12.91,-0.0157,-0.0146,否

2026-05-18 10:20:25,观望,是,警戒,603317,天味食品,15.64,安全,二买,向上,无信号,客观缠论信号为二买，60分钟笔方向向上，中枢震荡，观望,12.56,15.25,16.31,-0.0796,-0.0526,否
2026-05-18 10:20:25,二卖,是,警戒,688981,中芯国际,119.01,安全,二卖,向上,无信号,客观缠论信号为二卖，60分钟笔方向向上（冲顶模式），因此实际交易动作是二卖（笔方向向上时优先卖点）,100.13,113.50,125.00,-0.2215,-0.0116,否
2026-05-18 10:20:25,观望,是,警戒,600938,中国海油,37.04,安全,二卖,向下,顶背驰,客观缠论信号为二卖，60分钟笔方向向下，中枢震荡，观望,34.06,36.28,36.28,0.1636,0.1048,否
2026-05-18 10:20:25,观望,是,警戒,000333,美的集团,82.91,安全,二买,向上,无信号,客观缠论信号为二买，60分钟笔方向向上，中枢震荡，观望,79.17,78.91,80.98,0.2903,0.3349,否
2026-05-18 10:20:25,二卖,是,警戒,000001,平安银行,10.89,安全,二卖,向上,无信号,客观缠论信号为二卖，60分钟笔方向向上（冲顶模式），因此实际交易动作是二卖（笔方向向上时优先卖点）,10.78,10.97,11.03,-0.0484,-0.0390,否
2026-05-18 10:20:25,观望,是,警戒,001391,国货航,5.36,安全,二买,向上,无信号,客观缠论信号为二买，60分钟笔方向向上，中枢震荡，观望,5.22,5.25,5.37,-0.0101,-0.0018,否
2026-05-18 10:20:25,一卖,是,警戒,hk01810,小米集团,30.22,日线破位,一卖+二买,向上,无信号,客观缠论信号为一卖、二买，60分钟笔方向向上（冲顶模式），因此实际交易动作是一卖（趋势顶背驰卖出）,32.78,30.26,31.18,-0.2860,-0.2757,否
2026-05-18 10:20:25,二卖,是,警戒,513130,恒生科技ETF,0.61,安全,二卖,向上,无信号,客观缠论信号为二卖，60分钟笔方向向上（冲顶模式），因此实际交易动作是二卖（笔方向向上时优先卖点）,0.59,0.61,0.63,-0.0058,-0.0048,否
2026-05-18 10:20:25,三买,否,警戒,sh000001,上证指数,4135.39,安全,一卖+三买,向下,底背驰,客观缠论信号为一卖、三买，60分钟笔方向向下（寻底模式），因此实际交易动作是三买（突破回踩买入）,4101.83,4079.77,4092.83,-18.9710,-16.5968,否
2026-05-18 10:20:25,观望,否,警戒,510300,沪深300ETF,4.88,安全,二买,向上,底背驰,客观缠论信号为二买，60分钟笔方向向上，中枢震荡，观望,4.68,4.86,4.99,-0.0212,-0.0209,否
2026-05-18 10:20:25,观望,否,警戒,588000,科创50ETF,1.83,安全,二买,向上,无信号,客观缠论信号为二买，60分钟笔方向向上，中枢震荡，观望,1.55,1.71,1.82,-0.0038,-0.0074,否
2026-05-18 10:20:25,观望,否,警戒,513100,纳指ETF,2.08,安全,二买,向上,无信号,客观缠论信号为二买，60分钟笔方向向上，中枢震荡，观望,1.91,1.93,2.11,-0.0049,-0.0011,否
2026-05-18 10:20:25,观望,否,警戒,513520,日经ETF,2.06,安全,无信号,向上,底背驰,客观缠论信号为无信号，60分钟笔方向向上，中枢震荡，观望,2.00,2.13,2.16,-0.0182,-0.0167,否
2026-05-18 10:20:25,二卖,否,警戒,512400,有色金属ETF,2.01,安全,二卖+三买,向上,底背驰,客观缠论信号为二卖、三买，60分钟笔方向向上（冲顶模式），因此实际交易动作是二卖（笔方向向上时优先卖点）,2.11,1.96,2.15,-0.0340,-0.0326,否
2026-05-18 10:20:25,观望,否,警戒,512690,酒ETF,0.45,日线破位,二卖,向下,无信号,客观缠论信号为二卖，60分钟笔方向向下，中枢震荡，观望,0.48,0.48,0.48,-0.0024,-0.0022,否
2026-05-18 10:20:25,二买,否,警戒,159227,航空航天ETF,1.30,安全,二买,向下,底背驰,客观缠论信号为二买，60分钟笔方向向下（寻底模式），因此实际交易动作是二买（笔方向向下时优先买点）,1.23,1.30,1.31,-0.0101,-0.0126,否
2026-05-18 10:20:25,二卖,否,警戒,159992,创新药ETF,0.79,安全,二卖+二买,向上,无信号,客观缠论信号为二卖、二买，60分钟笔方向向上（冲顶模式），因此实际交易动作是二卖（笔方向向上时优先卖点）,0.79,0.77,0.83,-0.0066,-0.0057,否
2026-05-18 10:20:25,二卖,否,警戒,515050,通信ETF,1.13,安全,二卖,向上,无信号,客观缠论信号为二卖，60分钟笔方向向上（冲顶模式），因此实际交易动作是二卖（笔方向向上时优先卖点）,1.08,1.48,2.40,-0.0458,-0.0675,否
2026-05-18 10:20:25,观望,否,警戒,159915,创业板ETF,3.96,安全,二买,向上,无信号,客观缠论信号为二买，60分钟笔方向向上，中枢震荡，观望,3.24,3.61,3.97,-0.0077,-0.0096,否
2026-05-18 10:20:25,一卖,否,警戒,588200,科创芯片ETF,3.53,安全,一卖,向上,无信号,客观缠论信号为一卖，60分钟笔方向向上（冲顶模式），因此实际交易动作是一卖（趋势顶背驰卖出）,2.65,3.20,3.34,-0.0041,-0.0120,否
2026-05-18 10:20:25,二卖,否,警戒,159755,电池ETF,1.17,安全,二卖,向上,无信号,客观缠论信号为二卖，60分钟笔方向向上（冲顶模式），因此实际交易动作是二卖（笔方向向上时优先卖点）,1.03,1.17,1.22,-0.0054,-0.0059,否
2026-05-18 10:20:25,观望,否,警戒,159899,软件ETF,0.84,安全,二卖,向下,底背驰,客观缠论信号为二卖，60分钟笔方向向下，中枢震荡，观望,0.81,0.83,0.84,-0.0046,-0.0057,否
2026-05-18 10:20:25,二卖,否,警戒,513360,教育ETF,0.49,日线破位,二卖,向上,底背驰,客观缠论信号为二卖，60分钟笔方向向上（冲顶模式），因此实际交易动作是二卖（笔方向向上时优先卖点）,0.49,0.49,0.50,-0.0010,-0.0012,否
2026-05-18 10:20:25,二卖,否,警戒,515790,光伏ETF,1.11,安全,二卖,向上,无信号,客观缠论信号为二卖，60分钟笔方向向上（冲顶模式），因此实际交易动作是二卖（笔方向向上时优先卖点）,1.08,1.10,1.13,-0.0045,-0.0063,否
2026-05-18 10:20:25,二买,否,警戒,601668,中国建筑,4.88,安全,二买,向下,无信号,客观缠论信号为二买，60分钟笔方向向下（寻底模式），因此实际交易动作是二买（笔方向向下时优先买点）,4.88,4.91,4.95,-0.0147,-0.0092,否
2026-05-18 10:20:25,二卖,否,警戒,601288,农业银行,6.66,安全,二卖,向上,无信号,客观缠论信号为二卖，60分钟笔方向向上（冲顶模式），因此实际交易动作是二卖（笔方向向上时优先卖点）,6.53,6.53,6.85,-0.0240,-0.0206,否
2026-05-18 10:20:25,观望,否,警戒,601728,中国电信,6.46,安全,二买,向上,无信号,客观缠论信号为二买，60分钟笔方向向上，中枢震荡，观望,6.50,5.75,6.19,0.0326,0.0300,否
2026-05-18 10:20:25,观望,否,警戒,600276,恒瑞医药,52.76,安全,二买+三买,向上,无信号,客观缠论信号为二买、三买，60分钟笔方向向上，中枢震荡，观望,52.67,52.41,53.92,-0.4691,-0.3398,否
2026-05-18 10:20:25,二卖,否,警戒,600177,雅戈尔,7.48,安全,二卖+二买,向上,无信号,客观缠论信号为二卖、二买，60分钟笔方向向上（冲顶模式），因此实际交易动作是二卖（笔方向向上时优先卖点）,7.50,7.25,7.70,-0.0417,-0.0294,否
2026-05-18 10:20:25,观望,否,警戒,600887,伊利股份,27.30,安全,无信号,向上,无信号,客观缠论信号为无信号，60分钟笔方向向上，中枢震荡，观望,27.22,27.36,27.98,-0.1136,-0.0705,否
2026-05-18 10:20:25,二卖,否,警戒,601138,工业富联,68.92,安全,二卖+二买,向上,无信号,客观缠论信号为二卖、二买，60分钟笔方向向上（冲顶模式），因此实际交易动作是二卖（笔方向向上时优先卖点）,62.70,63.20,71.76,-0.3355,-0.2082,否
2026-05-18 10:20:25,一卖,否,警戒,688041,海光信息,310.72,安全,一卖+二买,向上,底背驰,客观缠论信号为一卖、二买，60分钟笔方向向上（冲顶模式），因此实际交易动作是一卖（趋势顶背驰卖出）,246.00,320.01,305.00,-5.1858,-6.8647,否
2026-05-18 10:20:25,二卖,否,警戒,601225,陕西煤业,24.26,安全,二卖,向上,无信号,客观缠论信号为二卖，60分钟笔方向向上（冲顶模式），因此实际交易动作是二卖（笔方向向上时优先卖点）,22.32,22.30,24.11,0.1182,0.0849,否
2026-05-18 10:20:25,二卖,否,警戒,600900,长江电力,26.90,安全,二卖,向上,顶背驰,客观缠论信号为二卖，60分钟笔方向向上（冲顶模式），因此实际交易动作是二卖（笔方向向上时优先卖点）,26.66,26.90,27.03,0.0004,0.0113,否
2026-05-18 10:20:25,观望,否,警戒,600660,福耀玻璃,54.45,日线破位,无信号,向下,无信号,客观缠论信号为无信号，60分钟笔方向向下，中枢震荡，观望,55.27,55.65,58.35,-0.5128,-0.3641,否
2026-05-18 10:20:25,观望,否,警戒,002507,涪陵榨菜,11.86,日线破位,二卖,向下,无信号,客观缠论信号为二卖，60分钟笔方向向下，中枢震荡，观望,12.23,12.28,12.33,-0.0555,-0.0455,否
2026-05-18 10:20:25,二买,否,警戒,000338,潍柴动力,33.51,安全,一卖+二买,向下,无信号,客观缠论信号为一卖、二买，60分钟笔方向向下（寻底模式），因此实际交易动作是二买（笔方向向下时优先买点）,25.92,23.75,33.85,-0.2022,0.0192,否
2026-05-18 10:20:25,二卖,否,警戒,000538,云南白药,50.72,日线破位,二卖+三卖,向上,无信号,客观缠论信号为二卖、三卖，60分钟笔方向向上（冲顶模式），因此实际交易动作是二卖（笔方向向上时优先卖点）,55.40,54.40,52.89,-0.2148,-0.1956,否
2026-05-18 10:20:25,观望,否,警戒,000423,东阿阿胶,51.80,安全,无信号,向上,无信号,客观缠论信号为无信号，60分钟笔方向向上，中枢震荡，观望,51.71,52.11,54.45,-0.3390,-0.2475,否
2026-05-18 10:20:25,观望,否,警戒,000651,格力电器,40.21,安全,二卖,向下,无信号,客观缠论信号为二卖，60分钟笔方向向下，中枢震荡，观望,40.28,39.51,40.57,-0.0416,-0.0106,否
2026-05-18 10:20:25,二卖,否,警戒,000895,双汇发展,26.32,安全,二卖+二买,向上,无信号,客观缠论信号为二卖、二买，60分钟笔方向向上（冲顶模式），因此实际交易动作是二卖（笔方向向上时优先卖点）,26.11,26.51,26.98,-0.1060,-0.0774,否
2026-05-18 10:20:25,观望,否,警戒,002415,海康威视,33.27,安全,二卖,向下,无信号,客观缠论信号为二卖，60分钟笔方向向下，中枢震荡，观望,31.96,33.30,33.87,-0.1946,-0.1980,否
2026-05-18 10:20:25,观望,否,警戒,hk03690,美团,81.35,安全,二买,向上,无信号,客观缠论信号为二买，60分钟笔方向向上，中枢震荡，观望,78.70,82.40,84.55,-0.8267,-0.8397,否
2026-05-18 10:20:25,一卖,否,警戒,hk03896,金山云,7.90,安全,一卖,向上,无信号,客观缠论信号为一卖，60分钟笔方向向上（冲顶模式），因此实际交易动作是一卖（趋势顶背驰卖出）,7.86,7.78,8.39,-0.0918,-0.0817,否
2026-05-18 10:20:25,二卖,否,警戒,hk00700,腾讯,457.40,日线破位,二卖+二买,向上,无信号,客观缠论信号为二卖、二买，60分钟笔方向向上（冲顶模式），因此实际交易动作是二卖（笔方向向上时优先卖点）,494.60,486.20,460.20,-1.5491,-1.4113,否
2026-05-18 10:20:25,一卖,否,警戒,hk09988,阿里巴巴,129.90,安全,一卖,向上,底背驰,客观缠论信号为一卖，60分钟笔方向向上（冲顶模式），因此实际交易动作是一卖（趋势顶背驰卖出）,129.60,130.30,134.20,-1.3488,-1.1945,否
2026-05-18 10:20:25,二卖,否,警戒,hk01024,快手,48.18,安全,二卖,向上,无信号,客观缠论信号为二卖，60分钟笔方向向上（冲顶模式），因此实际交易动作是二卖（笔方向向上时优先卖点）,51.00,43.00,52.65,-0.4761,-0.4474,否
2026-05-18 10:20:25,观望,否,警戒,hk06618,京东健康,42.72,安全,二买,向上,无信号,客观缠论信号为二买，60分钟笔方向向上，中枢震荡，观望,40.70,46.10,45.88,-0.8592,-0.7406,否
2026-05-18 10:20:25,观望,否,警戒,hk06862,海底捞,14.56,安全,二卖,向下,无信号,客观缠论信号为二卖，60分钟笔方向向下，中枢震荡，观望,14.22,14.16,14.88,-0.0654,-0.0668,否
2026-05-18 10:20:25,观望,否,警戒,600895,张江高科,34.81,安全,二卖,向下,无信号,客观缠论信号为二卖，60分钟笔方向向下，中枢震荡，观望,33.37,34.05,36.20,-0.3834,-0.3697,否
2026-05-18 10:20:25,二买,否,警戒,000429,粤高速A,13.00,安全,二买,向下,无信号,客观缠论信号为二买，60分钟笔方向向下（寻底模式），因此实际交易动作是二买（笔方向向下时优先买点）,13.29,12.48,12.91,-0.0187,-0.0154,否

2026-05-18 10:43:37,观望,是,警戒,603317,天味食品,15.64,安全,二买,向上,无信号,客观缠论信号为二买，60分钟笔方向向上，中枢震荡，观望,12.56,15.25,16.31,-0.0943,-0.0609,否
2026-05-18 10:43:37,二卖,是,警戒,688981,中芯国际,118.31,安全,二卖,向上,无信号,客观缠论信号为二卖，60分钟笔方向向上（冲顶模式），因此实际交易动作是二卖（笔方向向上时优先卖点）,100.13,113.50,125.00,-0.3099,-0.0713,否
2026-05-18 10:43:37,观望,是,警戒,600938,中国海油,37.05,安全,二卖,向下,无信号,客观缠论信号为二卖，60分钟笔方向向下，中枢震荡，观望,34.06,36.28,36.45,0.1869,0.1212,否
2026-05-18 10:43:37,二买,是,警戒,000333,美的集团,82.84,安全,二买,向下,无信号,客观缠论信号为二买，60分钟笔方向向下（寻底模式），因此实际交易动作是二买（笔方向向下时优先买点）,79.17,78.91,80.98,0.2821,0.3244,否
2026-05-18 10:43:37,二卖,是,警戒,000001,平安银行,10.88,安全,二卖,向上,无信号,客观缠论信号为二卖，60分钟笔方向向上（冲顶模式），因此实际交易动作是二卖（笔方向向上时优先卖点）,10.78,10.97,11.03,-0.0518,-0.0416,否
2026-05-18 10:43:37,观望,是,警戒,001391,国货航,5.35,安全,二买,向上,无信号,客观缠论信号为二买，60分钟笔方向向上，中枢震荡，观望,5.22,5.25,5.37,-0.0125,-0.0040,否
2026-05-18 10:43:37,一卖,是,警戒,hk01810,小米集团,30.22,日线破位,一卖+二买+三买,向上,无信号,客观缠论信号为一卖、二买、三买，60分钟笔方向向上（冲顶模式），因此实际交易动作是一卖（趋势顶背驰卖出）,32.78,30.26,31.18,-0.2860,-0.2757,否
2026-05-18 10:43:37,二卖,是,警戒,513130,恒生科技ETF,0.61,安全,二卖,向上,无信号,客观缠论信号为二卖，60分钟笔方向向上（冲顶模式），因此实际交易动作是二卖（笔方向向上时优先卖点）,0.59,0.61,0.63,-0.0060,-0.0051,否
2026-05-18 10:43:37,三买,否,警戒,sh000001,上证指数,4136.58,安全,一卖+三买,向下,底背驰,客观缠论信号为一卖、三买，60分钟笔方向向下（寻底模式），因此实际交易动作是三买（突破回踩买入）,4101.83,4079.77,4092.83,-15.9679,-16.9009,否
2026-05-18 10:43:37,观望,否,警戒,510300,沪深300ETF,4.87,安全,二买,向上,底背驰,客观缠论信号为二买，60分钟笔方向向上，中枢震荡，观望,4.68,4.86,4.99,-0.0209,-0.0209,否
2026-05-18 10:43:37,观望,否,警戒,588000,科创50ETF,1.82,安全,无信号,向下,无信号,客观缠论信号为无信号，60分钟笔方向向下，中枢震荡，观望,1.55,1.71,1.82,-0.0030,-0.0065,否
2026-05-18 10:43:37,观望,否,警戒,513100,纳指ETF,2.08,安全,二买,向上,无信号,客观缠论信号为二买，60分钟笔方向向上，中枢震荡，观望,1.91,1.93,2.11,-0.0052,-0.0019,否
2026-05-18 10:43:37,观望,否,警戒,513520,日经ETF,2.06,安全,无信号,向上,底背驰,客观缠论信号为无信号，60分钟笔方向向上，中枢震荡，观望,2.00,2.13,2.04,-0.0181,-0.0169,否
2026-05-18 10:43:37,二卖,否,警戒,512400,有色金属ETF,2.01,安全,二卖+三买,向上,底背驰,客观缠论信号为二卖、三买，60分钟笔方向向上（冲顶模式），因此实际交易动作是二卖（笔方向向上时优先卖点）,2.11,1.96,2.15,-0.0335,-0.0328,否
2026-05-18 10:43:37,观望,否,警戒,512690,酒ETF,0.45,日线破位,二卖,向下,无信号,客观缠论信号为二卖，60分钟笔方向向下，中枢震荡，观望,0.48,0.48,0.48,-0.0026,-0.0022,否
2026-05-18 10:43:37,二买,否,警戒,159227,航空航天ETF,1.30,安全,二买,向下,底背驰,客观缠论信号为二买，60分钟笔方向向下（寻底模式），因此实际交易动作是二买（笔方向向下时优先买点）,1.23,1.30,1.31,-0.0089,-0.0119,否
2026-05-18 10:43:37,二卖,否,警戒,159992,创新药ETF,0.79,安全,二卖+二买,向上,无信号,客观缠论信号为二卖、二买，60分钟笔方向向上（冲顶模式），因此实际交易动作是二卖（笔方向向上时优先卖点）,0.79,0.77,0.83,-0.0069,-0.0060,否
2026-05-18 10:43:37,二卖,否,警戒,515050,通信ETF,1.13,安全,二卖,向上,无信号,客观缠论信号为二卖，60分钟笔方向向上（冲顶模式），因此实际交易动作是二卖（笔方向向上时优先卖点）,1.08,1.48,2.40,-0.0411,-0.0622,否
2026-05-18 10:43:37,观望,否,警戒,159915,创业板ETF,3.95,安全,无信号,向下,无信号,客观缠论信号为无信号，60分钟笔方向向下，中枢震荡，观望,3.24,3.61,3.97,-0.0063,-0.0084,否
2026-05-18 10:43:37,二买,否,警戒,588200,科创芯片ETF,3.51,安全,一卖+二买+三买,向下,无信号,客观缠论信号为一卖、二买、三买，60分钟笔方向向下（寻底模式），因此实际交易动作是二买（笔方向向下时优先买点）,2.65,3.20,3.34,0.0003,-0.0080,否
2026-05-18 10:43:37,二卖,否,警戒,159755,电池ETF,1.17,安全,二卖,向上,无信号,客观缠论信号为二卖，60分钟笔方向向上（冲顶模式），因此实际交易动作是二卖（笔方向向上时优先卖点）,1.03,1.17,1.22,-0.0047,-0.0055,否
2026-05-18 10:43:37,观望,否,警戒,159899,软件ETF,0.84,安全,二卖,向下,底背驰,客观缠论信号为二卖，60分钟笔方向向下，中枢震荡，观望,0.81,0.83,0.84,-0.0035,-0.0050,否
2026-05-18 10:43:37,二卖,否,警戒,513360,教育ETF,0.49,日线破位,二卖,向上,底背驰,客观缠论信号为二卖，60分钟笔方向向上（冲顶模式），因此实际交易动作是二卖（笔方向向上时优先卖点）,0.49,0.49,0.50,-0.0010,-0.0011,否
2026-05-18 10:43:37,二卖,否,警戒,515790,光伏ETF,1.11,安全,二卖,向上,无信号,客观缠论信号为二卖，60分钟笔方向向上（冲顶模式），因此实际交易动作是二卖（笔方向向上时优先卖点）,1.08,1.10,1.13,-0.0041,-0.0055,否
2026-05-18 10:43:37,二买,否,警戒,601668,中国建筑,4.90,安全,二买,向下,无信号,客观缠论信号为二买，60分钟笔方向向下（寻底模式），因此实际交易动作是二买（笔方向向下时优先买点）,4.88,4.91,4.95,-0.0159,-0.0116,否
2026-05-18 10:43:37,二卖,否,警戒,601288,农业银行,6.66,安全,二卖,向上,无信号,客观缠论信号为二卖，60分钟笔方向向上（冲顶模式），因此实际交易动作是二卖（笔方向向上时优先卖点）,6.53,6.53,6.85,-0.0210,-0.0209,否
2026-05-18 10:43:37,二买,否,警戒,601728,中国电信,6.48,安全,二买,向下,无信号,客观缠论信号为二买，60分钟笔方向向下（寻底模式），因此实际交易动作是二买（笔方向向下时优先买点）,6.50,5.75,6.19,0.0408,0.0330,否
2026-05-18 10:43:37,观望,否,警戒,600276,恒瑞医药,52.64,安全,二买+三买,向上,无信号,客观缠论信号为二买、三买，60分钟笔方向向上，中枢震荡，观望,52.67,52.41,53.92,-0.5306,-0.4035,否
2026-05-18 10:43:37,二卖,否,警戒,600177,雅戈尔,7.43,安全,二卖+二买,向上,无信号,客观缠论信号为二卖、二买，60分钟笔方向向上（冲顶模式），因此实际交易动作是二卖（笔方向向上时优先卖点）,7.50,7.25,7.53,-0.0550,-0.0375,否
2026-05-18 10:43:37,观望,否,警戒,600887,伊利股份,27.22,安全,无信号,向上,无信号,客观缠论信号为无信号，60分钟笔方向向上，中枢震荡，观望,27.22,27.36,27.98,-0.1382,-0.0931,否
2026-05-18 10:43:37,二卖,否,警戒,601138,工业富联,69.71,安全,二卖+二买,向上,无信号,客观缠论信号为二卖、二买，60分钟笔方向向上（冲顶模式），因此实际交易动作是二卖（笔方向向上时优先卖点）,62.70,63.20,71.76,-0.1561,-0.2111,否
2026-05-18 10:43:37,一卖,否,警戒,688041,海光信息,308.93,安全,一卖+二买,向上,无信号,客观缠论信号为一卖、二买，60分钟笔方向向上（冲顶模式），因此实际交易动作是一卖（趋势顶背驰卖出）,246.00,320.01,355.50,-4.3409,-6.0198,否
2026-05-18 10:43:37,二卖,否,警戒,601225,陕西煤业,24.50,安全,二卖,向上,无信号,客观缠论信号为二卖，60分钟笔方向向上（冲顶模式），因此实际交易动作是二卖（笔方向向上时优先卖点）,22.32,22.30,24.11,0.1750,0.1128,否
2026-05-18 10:43:37,二卖,否,警戒,600900,长江电力,26.91,安全,二卖,向上,无信号,客观缠论信号为二卖，60分钟笔方向向上（冲顶模式），因此实际交易动作是二卖（笔方向向上时优先卖点）,26.66,26.90,27.03,-0.0118,0.0037,否
2026-05-18 10:43:37,观望,否,警戒,600660,福耀玻璃,54.35,日线破位,无信号,向下,无信号,客观缠论信号为无信号，60分钟笔方向向下，中枢震荡，观望,55.27,55.65,58.35,-0.6087,-0.4449,否
2026-05-18 10:43:37,观望,否,警戒,002507,涪陵榨菜,11.86,日线破位,二卖,向下,无信号,客观缠论信号为二卖，60分钟笔方向向下，中枢震荡，观望,12.23,12.28,12.33,-0.0653,-0.0521,否
2026-05-18 10:43:37,二买,否,警戒,000338,潍柴动力,33.49,安全,一卖+二买,向下,无信号,客观缠论信号为一卖、二买，60分钟笔方向向下（寻底模式），因此实际交易动作是二买（笔方向向下时优先买点）,25.92,23.75,33.85,-0.2890,-0.0867,否
2026-05-18 10:43:37,二卖,否,警戒,000538,云南白药,50.74,日线破位,二卖+三卖,向上,无信号,客观缠论信号为二卖、三卖，60分钟笔方向向上（冲顶模式），因此实际交易动作是二卖（笔方向向上时优先卖点）,55.40,54.40,52.89,-0.2097,-0.2016,否
2026-05-18 10:43:37,观望,否,警戒,000423,东阿阿胶,51.41,日线破位,无信号,向上,无信号,客观缠论信号为无信号，60分钟笔方向向上，中枢震荡，观望,51.71,52.11,54.45,-0.3889,-0.2940,否
2026-05-18 10:43:37,观望,否,警戒,000651,格力电器,40.10,安全,二卖,向下,无信号,客观缠论信号为二卖，60分钟笔方向向下，中枢震荡，观望,40.28,39.51,40.57,-0.0647,-0.0284,否
2026-05-18 10:43:37,二卖,否,警戒,000895,双汇发展,26.31,安全,二卖+二买,向上,无信号,客观缠论信号为二卖、二买，60分钟笔方向向上（冲顶模式），因此实际交易动作是二卖（笔方向向上时优先卖点）,26.11,26.51,26.98,-0.1106,-0.0887,否
2026-05-18 10:43:37,观望,否,警戒,002415,海康威视,33.12,安全,二卖,向下,无信号,客观缠论信号为二卖，60分钟笔方向向下，中枢震荡，观望,31.96,33.30,33.87,-0.1961,-0.1974,否
2026-05-18 10:43:37,二卖,否,警戒,hk03690,美团,81.65,安全,二卖,向上,无信号,客观缠论信号为二卖，60分钟笔方向向上（冲顶模式），因此实际交易动作是二卖（笔方向向上时优先卖点）,78.70,82.40,83.75,-0.7724,-0.8136,否
2026-05-18 10:43:37,一卖,否,警戒,hk03896,金山云,7.90,安全,一卖,向上,无信号,客观缠论信号为一卖，60分钟笔方向向上（冲顶模式），因此实际交易动作是一卖（趋势顶背驰卖出）,7.86,7.78,8.39,-0.0918,-0.0817,否
2026-05-18 10:43:37,二卖,否,警戒,hk00700,腾讯,451.20,日线破位,二卖+二买,向上,无信号,客观缠论信号为二卖、二买，60分钟笔方向向上（冲顶模式），因此实际交易动作是二卖（笔方向向上时优先卖点）,494.60,486.20,460.20,-1.8745,-1.4749,否
2026-05-18 10:43:37,一卖,否,警戒,hk09988,阿里巴巴,129.90,安全,一卖,向上,底背驰,客观缠论信号为一卖，60分钟笔方向向上（冲顶模式），因此实际交易动作是一卖（趋势顶背驰卖出）,129.60,130.30,134.20,-1.3488,-1.1945,否
2026-05-18 10:43:37,二卖,否,警戒,hk01024,快手,48.20,安全,二卖,向上,无信号,客观缠论信号为二卖，60分钟笔方向向上（冲顶模式），因此实际交易动作是二卖（笔方向向上时优先卖点）,51.00,43.00,52.65,-0.5479,-0.4913,否
2026-05-18 10:43:37,二卖,否,警戒,hk06618,京东健康,42.68,安全,二卖,向上,底背驰,客观缠论信号为二卖，60分钟笔方向向上（冲顶模式），因此实际交易动作是二卖（笔方向向上时优先卖点）,40.70,46.10,45.88,-1.0463,-0.8717,否
2026-05-18 10:43:37,二卖,否,警戒,hk06862,海底捞,14.32,安全,二卖,向上,无信号,客观缠论信号为二卖，60分钟笔方向向上（冲顶模式），因此实际交易动作是二卖（笔方向向上时优先卖点）,14.22,14.16,14.42,-0.1087,-0.0827,否
2026-05-18 10:43:37,观望,否,警戒,600895,张江高科,34.42,安全,二卖,向下,无信号,客观缠论信号为二卖，60分钟笔方向向下，中枢震荡，观望,33.37,34.05,36.20,-0.4075,-0.3816,否
2026-05-18 10:43:37,二买,否,警戒,000429,粤高速A,12.95,安全,二买,向下,底背驰,客观缠论信号为二买，60分钟笔方向向下（寻底模式），因此实际交易动作是二买（笔方向向下时优先买点）,13.29,12.48,12.91,-0.0300,-0.0200,否

2026-05-18 11:05:26,观望,是,警戒,603317,天味食品,15.58,安全,二买,向上,无信号,客观缠论信号为二买，60分钟笔方向向上，中枢震荡，观望,12.56,15.25,16.31,-0.1171,-0.0793,否
2026-05-18 11:05:26,二卖,是,警戒,688981,中芯国际,118.05,安全,二卖,向上,无信号,客观缠论信号为二卖，60分钟笔方向向上（冲顶模式），因此实际交易动作是二卖（笔方向向上时优先卖点）,100.13,113.50,125.00,-0.4011,-0.1771,否
2026-05-18 11:05:26,观望,是,警戒,600938,中国海油,37.12,安全,二卖,向下,无信号,客观缠论信号为二卖，60分钟笔方向向下，中枢震荡，观望,34.06,36.28,36.45,0.2293,0.1581,否
2026-05-18 11:05:26,二买,是,警戒,000333,美的集团,82.86,安全,二买,向下,无信号,客观缠论信号为二买，60分钟笔方向向下（寻底模式），因此实际交易动作是二买（笔方向向下时优先买点）,79.17,78.91,80.98,0.2665,0.3051,否
2026-05-18 11:05:26,二卖,是,警戒,000001,平安银行,10.87,安全,二卖,向上,无信号,客观缠论信号为二卖，60分钟笔方向向上（冲顶模式），因此实际交易动作是二卖（笔方向向上时优先卖点）,10.78,10.97,11.03,-0.0556,-0.0463,否
2026-05-18 11:05:26,观望,是,警戒,001391,国货航,5.34,安全,二买,向上,无信号,客观缠论信号为二买，60分钟笔方向向上，中枢震荡，观望,5.22,5.25,5.37,-0.0164,-0.0081,否
2026-05-18 11:05:26,一卖,是,警戒,hk01810,小米集团,30.22,日线破位,一卖+二买+三买,向上,无信号,客观缠论信号为一卖、二买、三买，60分钟笔方向向上（冲顶模式），因此实际交易动作是一卖（趋势顶背驰卖出）,32.78,30.26,31.18,-0.2860,-0.2757,否
2026-05-18 11:05:26,二卖,是,警戒,513130,恒生科技ETF,0.61,安全,二卖,向上,无信号,客观缠论信号为二卖，60分钟笔方向向上（冲顶模式），因此实际交易动作是二卖（笔方向向上时优先卖点）,0.59,0.61,0.63,-0.0065,-0.0056,否
2026-05-18 11:05:26,三买,否,警戒,sh000001,上证指数,4137.49,安全,一卖+三买,向下,底背驰,客观缠论信号为一卖、三买，60分钟笔方向向下（寻底模式），因此实际交易动作是三买（突破回踩买入）,4101.83,4079.77,4092.83,-15.1549,-16.5517,否
2026-05-18 11:05:26,观望,否,警戒,510300,沪深300ETF,4.85,安全,二买,向上,无信号,客观缠论信号为二买，60分钟笔方向向上，中枢震荡，观望,4.68,4.86,4.99,-0.0211,-0.0209,否
2026-05-18 11:05:26,观望,否,警戒,588000,科创50ETF,1.81,安全,无信号,向下,无信号,客观缠论信号为无信号，60分钟笔方向向下，中枢震荡，观望,1.55,1.71,1.82,-0.0021,-0.0049,否
2026-05-18 11:05:26,观望,否,警戒,513100,纳指ETF,2.08,安全,二买,向上,无信号,客观缠论信号为二买，60分钟笔方向向上，中枢震荡，观望,1.91,1.93,2.11,-0.0052,-0.0031,否
2026-05-18 11:05:26,观望,否,警戒,513520,日经ETF,2.05,安全,无信号,向上,无信号,客观缠论信号为无信号，60分钟笔方向向上，中枢震荡，观望,2.00,2.13,2.04,-0.0178,-0.0173,否
2026-05-18 11:05:26,二卖,否,警戒,512400,有色金属ETF,2.00,安全,二卖+三买,向上,无信号,客观缠论信号为二卖、三买，60分钟笔方向向上（冲顶模式），因此实际交易动作是二卖（笔方向向上时优先卖点）,2.11,1.96,2.15,-0.0330,-0.0329,否
2026-05-18 11:05:26,观望,否,警戒,512690,酒ETF,0.45,日线破位,二卖,向下,无信号,客观缠论信号为二卖，60分钟笔方向向下，中枢震荡，观望,0.48,0.48,0.48,-0.0027,-0.0024,否
2026-05-18 11:05:26,二买,否,警戒,159227,航空航天ETF,1.29,安全,二买,向下,无信号,客观缠论信号为二买，60分钟笔方向向下（寻底模式），因此实际交易动作是二买（笔方向向下时优先买点）,1.23,1.30,1.31,-0.0083,-0.0106,否
2026-05-18 11:05:26,二卖,否,警戒,159992,创新药ETF,0.78,安全,二卖+二买,向上,无信号,客观缠论信号为二卖、二买，60分钟笔方向向上（冲顶模式），因此实际交易动作是二卖（笔方向向上时优先卖点）,0.79,0.77,0.83,-0.0073,-0.0064,否
2026-05-18 11:05:26,二卖,否,警戒,515050,通信ETF,1.13,安全,二卖,向上,无信号,客观缠论信号为二卖，60分钟笔方向向上（冲顶模式），因此实际交易动作是二卖（笔方向向上时优先卖点）,1.08,1.48,2.40,-0.0335,-0.0525,否
2026-05-18 11:05:26,观望,否,警戒,159915,创业板ETF,3.93,安全,无信号,向下,无信号,客观缠论信号为无信号，60分钟笔方向向下，中枢震荡，观望,3.24,3.61,3.97,-0.0076,-0.0083,否
2026-05-18 11:05:26,二买,否,警戒,588200,科创芯片ETF,3.48,安全,一卖+二买+三买,向下,无信号,客观缠论信号为一卖、二买、三买，60分钟笔方向向下（寻底模式），因此实际交易动作是二买（笔方向向下时优先买点）,2.65,3.20,3.34,0.0002,-0.0064,否
2026-05-18 11:05:26,二卖,否,警戒,159755,电池ETF,1.16,安全,二卖,向上,无信号,客观缠论信号为二卖，60分钟笔方向向上（冲顶模式），因此实际交易动作是二卖（笔方向向上时优先卖点）,1.03,1.17,1.22,-0.0050,-0.0054,否
2026-05-18 11:05:26,观望,否,警戒,159899,软件ETF,0.84,安全,二卖,向下,底背驰,客观缠论信号为二卖，60分钟笔方向向下，中枢震荡，观望,0.81,0.83,0.84,-0.0032,-0.0046,否
2026-05-18 11:05:26,二卖,否,警戒,513360,教育ETF,0.49,日线破位,二卖,向上,底背驰,客观缠论信号为二卖，60分钟笔方向向上（冲顶模式），因此实际交易动作是二卖（笔方向向上时优先卖点）,0.49,0.49,0.50,-0.0010,-0.0011,否
2026-05-18 11:05:26,二卖,否,警戒,515790,光伏ETF,1.10,安全,二卖,向上,无信号,客观缠论信号为二卖，60分钟笔方向向上（冲顶模式），因此实际交易动作是二卖（笔方向向上时优先卖点）,1.08,1.10,1.13,-0.0045,-0.0053,否
2026-05-18 11:05:26,二买,否,警戒,601668,中国建筑,4.89,安全,二买,向下,无信号,客观缠论信号为二买，60分钟笔方向向下（寻底模式），因此实际交易动作是二买（笔方向向下时优先买点）,4.88,4.91,4.95,-0.0165,-0.0126,否
2026-05-18 11:05:26,二卖,否,警戒,601288,农业银行,6.65,安全,二卖,向上,无信号,客观缠论信号为二卖，60分钟笔方向向上（冲顶模式），因此实际交易动作是二卖（笔方向向上时优先卖点）,6.53,6.53,6.85,-0.0207,-0.0208,否
2026-05-18 11:05:26,二买,否,警戒,601728,中国电信,6.51,安全,二买,向下,无信号,客观缠论信号为二买，60分钟笔方向向下（寻底模式），因此实际交易动作是二买（笔方向向下时优先买点）,6.50,5.75,6.19,0.0472,0.0359,否
2026-05-18 11:05:26,观望,否,警戒,600276,恒瑞医药,52.54,安全,二买+三买,向上,无信号,客观缠论信号为二买、三买，60分钟笔方向向上，中枢震荡，观望,52.67,52.41,53.92,-0.5569,-0.4342,否
2026-05-18 11:05:26,二卖,否,警戒,600177,雅戈尔,7.42,安全,二卖+二买,向上,无信号,客观缠论信号为二卖、二买，60分钟笔方向向上（冲顶模式），因此实际交易动作是二卖（笔方向向上时优先卖点）,7.50,7.25,7.53,-0.0606,-0.0421,否
2026-05-18 11:05:26,观望,否,警戒,600887,伊利股份,27.14,日线破位,无信号,向上,无信号,客观缠论信号为无信号，60分钟笔方向向上，中枢震荡，观望,27.22,27.36,27.98,-0.1518,-0.1048,否
2026-05-18 11:05:26,二卖,否,警戒,601138,工业富联,69.18,安全,二卖+二买,向上,无信号,客观缠论信号为二卖、二买，60分钟笔方向向上（冲顶模式），因此实际交易动作是二卖（笔方向向上时优先卖点）,62.70,63.20,71.76,-0.0903,-0.1870,否
2026-05-18 11:05:26,一卖,否,警戒,688041,海光信息,307.34,安全,一卖+二买,向上,无信号,客观缠论信号为一卖、二买，60分钟笔方向向上（冲顶模式），因此实际交易动作是一卖（趋势顶背驰卖出）,246.00,320.01,355.50,-4.1062,-5.6371,否
2026-05-18 11:05:26,二卖,否,警戒,601225,陕西煤业,24.43,安全,二卖,向上,无信号,客观缠论信号为二卖，60分钟笔方向向上（冲顶模式），因此实际交易动作是二卖（笔方向向上时优先卖点）,22.32,22.30,24.11,0.1898,0.1282,否
2026-05-18 11:05:26,二卖,否,警戒,600900,长江电力,26.88,安全,二卖,向上,无信号,客观缠论信号为二卖，60分钟笔方向向上（冲顶模式），因此实际交易动作是二卖（笔方向向上时优先卖点）,26.66,26.90,27.03,-0.0178,-0.0006,否
2026-05-18 11:05:26,观望,否,警戒,600660,福耀玻璃,54.10,日线破位,无信号,向下,无信号,客观缠论信号为无信号，60分钟笔方向向下，中枢震荡，观望,55.27,55.65,58.35,-0.6571,-0.4874,否
2026-05-18 11:05:26,观望,否,警戒,002507,涪陵榨菜,11.86,日线破位,二卖,向下,无信号,客观缠论信号为二卖，60分钟笔方向向下，中枢震荡，观望,12.23,12.28,12.33,-0.0673,-0.0551,否
2026-05-18 11:05:26,二买,否,警戒,000338,潍柴动力,33.33,安全,一卖+二买,向下,无信号,客观缠论信号为一卖、二买，60分钟笔方向向下（寻底模式），因此实际交易动作是二买（笔方向向下时优先买点）,25.92,23.75,33.85,-0.3231,-0.1340,否
2026-05-18 11:05:26,二卖,否,警戒,000538,云南白药,50.73,日线破位,二卖+三卖,向上,无信号,客观缠论信号为二卖、三卖，60分钟笔方向向上（冲顶模式），因此实际交易动作是二卖（笔方向向上时优先卖点）,55.40,54.40,52.89,-0.2039,-0.2021,否
2026-05-18 11:05:26,观望,否,警戒,000423,东阿阿胶,51.30,日线破位,无信号,向上,无信号,客观缠论信号为无信号，60分钟笔方向向上，中枢震荡，观望,51.71,52.11,54.45,-0.4149,-0.3181,否
2026-05-18 11:05:26,观望,否,警戒,000651,格力电器,39.95,安全,二卖,向下,无信号,客观缠论信号为二卖，60分钟笔方向向下，中枢震荡，观望,40.28,39.51,40.57,-0.0840,-0.0395,否
2026-05-18 11:05:26,二卖,否,警戒,000895,双汇发展,26.29,安全,二卖+二买,向上,无信号,客观缠论信号为二卖、二买，60分钟笔方向向上（冲顶模式），因此实际交易动作是二卖（笔方向向上时优先卖点）,26.11,26.51,26.98,-0.1141,-0.0938,否
2026-05-18 11:05:26,观望,否,警戒,002415,海康威视,33.07,安全,二卖,向下,无信号,客观缠论信号为二卖，60分钟笔方向向下，中枢震荡，观望,31.96,33.30,33.87,-0.1974,-0.1974,否
2026-05-18 11:05:26,二卖,否,警戒,hk03690,美团,81.65,安全,二卖,向上,无信号,客观缠论信号为二卖，60分钟笔方向向上（冲顶模式），因此实际交易动作是二卖（笔方向向上时优先卖点）,78.70,82.40,83.75,-0.7724,-0.8136,否
2026-05-18 11:05:26,一卖,否,警戒,hk03896,金山云,7.87,安全,一卖,向上,无信号,客观缠论信号为一卖，60分钟笔方向向上（冲顶模式），因此实际交易动作是一卖（趋势顶背驰卖出）,7.86,7.78,8.39,-0.1162,-0.1015,否
2026-05-18 11:05:26,二卖,否,警戒,hk00700,腾讯,451.20,日线破位,二卖+二买,向上,无信号,客观缠论信号为二卖、二买，60分钟笔方向向上（冲顶模式），因此实际交易动作是二卖（笔方向向上时优先卖点）,494.60,486.20,460.20,-1.8745,-1.4749,否
2026-05-18 11:05:26,一卖,否,警戒,hk09988,阿里巴巴,129.90,安全,一卖,向上,底背驰,客观缠论信号为一卖，60分钟笔方向向上（冲顶模式），因此实际交易动作是一卖（趋势顶背驰卖出）,129.60,130.30,134.20,-1.3488,-1.1945,否
2026-05-18 11:05:26,二卖,否,警戒,hk01024,快手,48.20,安全,二卖,向上,无信号,客观缠论信号为二卖，60分钟笔方向向上（冲顶模式），因此实际交易动作是二卖（笔方向向上时优先卖点）,51.00,43.00,48.80,-0.5479,-0.4913,否
2026-05-18 11:05:26,二卖,否,警戒,hk06618,京东健康,42.68,安全,二卖,向上,底背驰,客观缠论信号为二卖，60分钟笔方向向上（冲顶模式），因此实际交易动作是二卖（笔方向向上时优先卖点）,40.70,46.10,45.88,-1.0463,-0.8717,否
2026-05-18 11:05:26,二卖,否,警戒,hk06862,海底捞,14.27,安全,二卖,向上,无信号,客观缠论信号为二卖，60分钟笔方向向上（冲顶模式），因此实际交易动作是二卖（笔方向向上时优先卖点）,14.22,14.16,14.42,-0.1214,-0.0905,否
2026-05-18 11:05:26,观望,否,警戒,600895,张江高科,34.22,安全,二卖,向下,无信号,客观缠论信号为二卖，60分钟笔方向向下，中枢震荡，观望,33.37,34.05,36.20,-0.4272,-0.3907,否
2026-05-18 11:05:26,二买,否,警戒,000429,粤高速A,12.95,安全,二买,向下,无信号,客观缠论信号为二买，60分钟笔方向向下（寻底模式），因此实际交易动作是二买（笔方向向下时优先买点）,13.29,12.48,12.91,-0.0331,-0.0226,否

2026-05-18 11:20:26,观望,是,警戒,603317,天味食品,15.53,安全,二买,向上,无信号,客观缠论信号为二买，60分钟笔方向向上，中枢震荡，观望,12.56,15.25,16.31,-0.1288,-0.0892,否
2026-05-18 11:20:26,二卖,是,警戒,688981,中芯国际,117.38,安全,二卖,向上,无信号,客观缠论信号为二卖，60分钟笔方向向上（冲顶模式），因此实际交易动作是二卖（笔方向向上时优先卖点）,100.13,113.50,125.00,-0.5130,-0.2443,否
2026-05-18 11:20:26,观望,是,警戒,600938,中国海油,37.05,安全,二卖,向下,无信号,客观缠论信号为二卖，60分钟笔方向向下，中枢震荡，观望,34.06,36.28,36.45,0.2312,0.1727,否
2026-05-18 11:20:26,二买,是,警戒,000333,美的集团,82.28,安全,二买,向下,无信号,客观缠论信号为二买，60分钟笔方向向下（寻底模式），因此实际交易动作是二买（笔方向向下时优先买点）,79.17,78.91,80.98,0.2094,0.2860,否
2026-05-18 11:20:26,二卖,是,警戒,000001,平安银行,10.85,安全,二卖,向上,无信号,客观缠论信号为二卖，60分钟笔方向向上（冲顶模式），因此实际交易动作是二卖（笔方向向上时优先卖点）,10.78,10.97,11.03,-0.0579,-0.0486,否
2026-05-18 11:20:26,观望,是,警戒,001391,国货航,5.35,安全,二买,向上,无信号,客观缠论信号为二买，60分钟笔方向向上，中枢震荡，观望,5.22,5.25,5.37,-0.0170,-0.0099,否
2026-05-18 11:20:26,一卖,是,警戒,hk01810,小米集团,30.22,日线破位,一卖+二买+三买,向上,无信号,客观缠论信号为一卖、二买、三买，60分钟笔方向向上（冲顶模式），因此实际交易动作是一卖（趋势顶背驰卖出）,32.78,30.26,31.18,-0.2860,-0.2757,否
2026-05-18 11:20:26,二卖,是,警戒,513130,恒生科技ETF,0.60,安全,二卖,向上,无信号,客观缠论信号为二卖，60分钟笔方向向上（冲顶模式），因此实际交易动作是二卖（笔方向向上时优先卖点）,0.59,0.61,0.63,-0.0068,-0.0058,否
2026-05-18 11:20:26,三买,否,警戒,sh000001,上证指数,4137.49,安全,一卖+三买,向下,底背驰,客观缠论信号为一卖、三买，60分钟笔方向向下（寻底模式），因此实际交易动作是三买（突破回踩买入）,4101.83,4079.77,4092.83,-15.1549,-16.5517,否
2026-05-18 11:20:26,观望,否,警戒,510300,沪深300ETF,4.84,安全,二买,向上,无信号,客观缠论信号为二买，60分钟笔方向向上，中枢震荡，观望,4.68,4.86,4.99,-0.0221,-0.0211,否
2026-05-18 11:20:26,观望,否,警戒,588000,科创50ETF,1.80,安全,无信号,向下,无信号,客观缠论信号为无信号，60分钟笔方向向下，中枢震荡，观望,1.55,1.71,1.82,-0.0027,-0.0045,否
2026-05-18 11:20:26,观望,否,警戒,513100,纳指ETF,2.08,安全,二买,向上,无信号,客观缠论信号为二买，60分钟笔方向向上，中枢震荡，观望,1.91,1.93,2.11,-0.0057,-0.0036,否
2026-05-18 11:20:26,观望,否,警戒,513520,日经ETF,2.05,安全,无信号,向上,无信号,客观缠论信号为无信号，60分钟笔方向向上，中枢震荡，观望,2.00,2.13,2.04,-0.0176,-0.0173,否
2026-05-18 11:20:26,二卖,否,警戒,512400,有色金属ETF,2.00,安全,二卖+三买,向上,无信号,客观缠论信号为二卖、三买，60分钟笔方向向上（冲顶模式），因此实际交易动作是二卖（笔方向向上时优先卖点）,2.11,1.96,2.15,-0.0327,-0.0329,否
2026-05-18 11:20:26,观望,否,警戒,512690,酒ETF,0.45,日线破位,二卖,向下,无信号,客观缠论信号为二卖，60分钟笔方向向下，中枢震荡，观望,0.48,0.48,0.48,-0.0027,-0.0025,否
2026-05-18 11:20:26,二买,否,警戒,159227,航空航天ETF,1.29,安全,二买,向下,无信号,客观缠论信号为二买，60分钟笔方向向下（寻底模式），因此实际交易动作是二买（笔方向向下时优先买点）,1.23,1.30,1.31,-0.0084,-0.0102,否
2026-05-18 11:20:26,二卖,否,警戒,159992,创新药ETF,0.78,安全,二卖+二买,向上,无信号,客观缠论信号为二卖、二买，60分钟笔方向向上（冲顶模式），因此实际交易动作是二卖（笔方向向上时优先卖点）,0.79,0.77,0.83,-0.0073,-0.0066,否
2026-05-18 11:20:26,二卖,否,警戒,515050,通信ETF,1.12,安全,二卖,向上,无信号,客观缠论信号为二卖，60分钟笔方向向上（冲顶模式），因此实际交易动作是二卖（笔方向向上时优先卖点）,1.08,1.48,2.40,-0.0309,-0.0481,否
2026-05-18 11:20:26,观望,否,警戒,159915,创业板ETF,3.92,安全,无信号,向下,无信号,客观缠论信号为无信号，60分钟笔方向向下，中枢震荡，观望,3.24,3.61,3.97,-0.0093,-0.0085,否
2026-05-18 11:20:26,二买,否,警戒,588200,科创芯片ETF,3.47,安全,一卖+二买+三买,向下,无信号,客观缠论信号为一卖、二买、三买，60分钟笔方向向下（寻底模式），因此实际交易动作是二买（笔方向向下时优先买点）,2.65,3.20,3.34,-0.0010,-0.0053,否
2026-05-18 11:20:26,二卖,否,警戒,159755,电池ETF,1.16,安全,二卖,向上,无信号,客观缠论信号为二卖，60分钟笔方向向上（冲顶模式），因此实际交易动作是二卖（笔方向向上时优先卖点）,1.03,1.17,1.22,-0.0053,-0.0054,否
2026-05-18 11:20:26,观望,否,警戒,159899,软件ETF,0.84,安全,二卖,向下,无信号,客观缠论信号为二卖，60分钟笔方向向下，中枢震荡，观望,0.81,0.83,0.84,-0.0029,-0.0043,否
2026-05-18 11:20:26,二卖,否,警戒,513360,教育ETF,0.49,日线破位,二卖,向上,底背驰,客观缠论信号为二卖，60分钟笔方向向上（冲顶模式），因此实际交易动作是二卖（笔方向向上时优先卖点）,0.49,0.49,0.50,-0.0010,-0.0011,否
2026-05-18 11:20:26,二卖,否,警戒,515790,光伏ETF,1.10,安全,二卖,向上,无信号,客观缠论信号为二卖，60分钟笔方向向上（冲顶模式），因此实际交易动作是二卖（笔方向向上时优先卖点）,1.08,1.10,1.13,-0.0050,-0.0053,否
2026-05-18 11:20:26,二买,否,警戒,601668,中国建筑,4.89,安全,二买,向下,无信号,客观缠论信号为二买，60分钟笔方向向下（寻底模式），因此实际交易动作是二买（笔方向向下时优先买点）,4.88,4.91,4.95,-0.0168,-0.0134,否
2026-05-18 11:20:26,二卖,否,警戒,601288,农业银行,6.66,安全,二卖,向上,无信号,客观缠论信号为二卖，60分钟笔方向向上（冲顶模式），因此实际交易动作是二卖（笔方向向上时优先卖点）,6.53,6.53,6.85,-0.0195,-0.0206,否
2026-05-18 11:20:26,二买,否,警戒,601728,中国电信,6.51,安全,二买,向下,无信号,客观缠论信号为二买，60分钟笔方向向下（寻底模式），因此实际交易动作是二买（笔方向向下时优先买点）,6.50,5.75,6.19,0.0516,0.0390,否
2026-05-18 11:20:26,观望,否,警戒,600276,恒瑞医药,52.42,安全,二买+三买,向上,无信号,客观缠论信号为二买、三买，60分钟笔方向向上，中枢震荡，观望,52.67,52.41,53.92,-0.5806,-0.4635,否
2026-05-18 11:20:26,二卖,否,警戒,600177,雅戈尔,7.44,安全,二卖+二买,向上,无信号,客观缠论信号为二卖、二买，60分钟笔方向向上（冲顶模式），因此实际交易动作是二卖（笔方向向上时优先卖点）,7.50,7.25,7.53,-0.0626,-0.0462,否
2026-05-18 11:20:26,观望,否,警戒,600887,伊利股份,27.11,日线破位,无信号,向上,无信号,客观缠论信号为无信号，60分钟笔方向向上，中枢震荡，观望,27.22,27.36,27.98,-0.1632,-0.1165,否
2026-05-18 11:20:26,二卖,否,警戒,601138,工业富联,69.28,安全,二卖+二买,向上,无信号,客观缠论信号为二卖、二买，60分钟笔方向向上（冲顶模式），因此实际交易动作是二卖（笔方向向上时优先卖点）,62.70,63.20,71.76,-0.0297,-0.1555,否
2026-05-18 11:20:26,一卖,否,警戒,688041,海光信息,305.51,安全,一卖+二买,向上,无信号,客观缠论信号为一卖、二买，60分钟笔方向向上（冲顶模式），因此实际交易动作是一卖（趋势顶背驰卖出）,246.00,320.01,355.50,-4.0214,-5.3140,否
2026-05-18 11:20:26,二卖,否,警戒,601225,陕西煤业,24.31,安全,二卖,向上,顶背驰,客观缠论信号为二卖，60分钟笔方向向上（冲顶模式），因此实际交易动作是二卖（笔方向向上时优先卖点）,22.32,22.30,24.11,0.1896,0.1405,否
2026-05-18 11:20:26,二卖,否,警戒,600900,长江电力,26.89,安全,二卖,向上,无信号,客观缠论信号为二卖，60分钟笔方向向上（冲顶模式），因此实际交易动作是二卖（笔方向向上时优先卖点）,26.66,26.90,27.03,-0.0216,-0.0048,否
2026-05-18 11:20:26,观望,否,警戒,600660,福耀玻璃,54.73,日线破位,无信号,向下,无信号,客观缠论信号为无信号，60分钟笔方向向下，中枢震荡，观望,55.27,55.65,58.35,-0.6373,-0.5174,否
2026-05-18 11:20:26,观望,否,警戒,002507,涪陵榨菜,11.85,日线破位,二卖,向下,无信号,客观缠论信号为二卖，60分钟笔方向向下，中枢震荡，观望,12.23,12.28,12.33,-0.0689,-0.0579,否
2026-05-18 11:20:26,二买,否,警戒,000338,潍柴动力,33.24,安全,一卖+二买,向下,无信号,客观缠论信号为一卖、二买，60分钟笔方向向下（寻底模式），因此实际交易动作是二买（笔方向向下时优先买点）,25.92,23.75,33.85,-0.3534,-0.1779,否
2026-05-18 11:20:26,二卖,否,警戒,000538,云南白药,50.70,日线破位,二卖+三卖,向上,无信号,客观缠论信号为二卖、三卖，60分钟笔方向向上（冲顶模式），因此实际交易动作是二卖（笔方向向上时优先卖点）,55.40,54.40,52.89,-0.1995,-0.2015,否
2026-05-18 11:20:26,观望,否,警戒,000423,东阿阿胶,51.24,日线破位,无信号,向上,无信号,客观缠论信号为无信号，60分钟笔方向向上，中枢震荡，观望,51.71,52.11,54.45,-0.4353,-0.3416,否
2026-05-18 11:20:26,观望,否,警戒,000651,格力电器,39.86,安全,二卖,向下,无信号,客观缠论信号为二卖，60分钟笔方向向下，中枢震荡，观望,40.28,39.51,40.57,-0.1053,-0.0527,否
2026-05-18 11:20:26,二卖,否,警戒,000895,双汇发展,26.23,安全,二卖+二买,向上,无信号,客观缠论信号为二卖、二买，60分钟笔方向向上（冲顶模式），因此实际交易动作是二卖（笔方向向上时优先卖点）,26.11,26.51,26.98,-0.1203,-0.0991,否
2026-05-18 11:20:26,观望,否,警戒,002415,海康威视,33.01,安全,二卖,向下,无信号,客观缠论信号为二卖，60分钟笔方向向下，中枢震荡，观望,31.96,33.30,33.87,-0.2010,-0.1981,否
2026-05-18 11:20:26,二卖,否,警戒,hk03690,美团,81.65,安全,二卖,向上,无信号,客观缠论信号为二卖，60分钟笔方向向上（冲顶模式），因此实际交易动作是二卖（笔方向向上时优先卖点）,78.70,82.40,83.75,-0.7724,-0.8136,否
2026-05-18 11:20:26,一卖,否,警戒,hk03896,金山云,7.82,安全,一卖,向上,无信号,客观缠论信号为一卖，60分钟笔方向向上（冲顶模式），因此实际交易动作是一卖（趋势顶背驰卖出）,7.86,7.78,8.39,-0.1204,-0.1053,否
2026-05-18 11:20:26,二卖,否,警戒,hk00700,腾讯,451.20,日线破位,二卖+二买,向上,无信号,客观缠论信号为二卖、二买，60分钟笔方向向上（冲顶模式），因此实际交易动作是二卖（笔方向向上时优先卖点）,494.60,486.20,460.20,-1.8745,-1.4749,否
2026-05-18 11:20:26,一卖,否,警戒,hk09988,阿里巴巴,129.50,日线破位,一卖,向上,无信号,客观缠论信号为一卖，60分钟笔方向向上（冲顶模式），因此实际交易动作是一卖（趋势顶背驰卖出）,129.60,130.30,134.20,-1.4670,-1.3693,否
2026-05-18 11:20:26,二卖,否,警戒,hk01024,快手,48.34,安全,二卖,向上,无信号,客观缠论信号为二卖，60分钟笔方向向上（冲顶模式），因此实际交易动作是二卖（笔方向向上时优先卖点）,51.00,43.00,48.80,-0.5274,-0.5073,否
2026-05-18 11:20:26,二卖,否,警戒,hk06618,京东健康,42.40,安全,二卖,向上,底背驰,客观缠论信号为二卖，60分钟笔方向向上（冲顶模式），因此实际交易动作是二卖（笔方向向上时优先卖点）,40.70,46.10,45.88,-1.0911,-0.9466,否
2026-05-18 11:20:26,二卖,否,警戒,hk06862,海底捞,14.27,安全,二卖,向上,无信号,客观缠论信号为二卖，60分钟笔方向向上（冲顶模式），因此实际交易动作是二卖（笔方向向上时优先卖点）,14.22,14.16,14.42,-0.1214,-0.0905,否
2026-05-18 11:20:26,观望,否,警戒,600895,张江高科,35.23,安全,二卖,向下,无信号,客观缠论信号为二卖，60分钟笔方向向下，中枢震荡，观望,33.37,34.05,36.20,-0.3572,-0.3840,否
2026-05-18 11:20:26,二买,否,警戒,000429,粤高速A,12.95,安全,二买,向下,无信号,客观缠论信号为二买，60分钟笔方向向下（寻底模式），因此实际交易动作是二买（笔方向向下时优先买点）,13.29,12.48,12.91,-0.0351,-0.0251,否

2026-05-18 11:43:37,观望,是,警戒,603317,天味食品,15.55,安全,二买,向上,无信号,客观缠论信号为二买，60分钟笔方向向上，中枢震荡，观望,12.56,15.25,16.31,-0.1349,-0.0983,否
2026-05-18 11:43:37,二卖,是,警戒,688981,中芯国际,117.89,安全,二卖,向上,无信号,客观缠论信号为二卖，60分钟笔方向向上（冲顶模式），因此实际交易动作是二卖（笔方向向上时优先卖点）,100.13,113.50,125.00,-0.5542,-0.3063,否
2026-05-18 11:43:37,观望,是,警戒,600938,中国海油,37.02,安全,二卖,向下,无信号,客观缠论信号为二卖，60分钟笔方向向下，中枢震荡，观望,34.06,36.28,36.45,0.2276,0.1837,否
2026-05-18 11:43:37,二买,是,警戒,000333,美的集团,82.26,安全,二买,向下,无信号,客观缠论信号为二买，60分钟笔方向向下（寻底模式），因此实际交易动作是二买（笔方向向下时优先买点）,79.17,78.91,80.98,0.1606,0.2609,否
2026-05-18 11:43:37,二卖,是,警戒,000001,平安银行,10.87,安全,二卖,向上,无信号,客观缠论信号为二卖，60分钟笔方向向上（冲顶模式），因此实际交易动作是二卖（笔方向向上时优先卖点）,10.78,10.97,11.03,-0.0575,-0.0504,否
2026-05-18 11:43:37,观望,是,警戒,001391,国货航,5.35,安全,二买,向上,无信号,客观缠论信号为二买，60分钟笔方向向上，中枢震荡，观望,5.22,5.25,5.37,-0.0173,-0.0114,否
2026-05-18 11:43:37,一卖,是,警戒,hk01810,小米集团,30.22,日线破位,一卖+二买+三买,向上,无信号,客观缠论信号为一卖、二买、三买，60分钟笔方向向上（冲顶模式），因此实际交易动作是一卖（趋势顶背驰卖出）,32.78,30.26,31.18,-0.2860,-0.2757,否
2026-05-18 11:43:37,二卖,是,警戒,513130,恒生科技ETF,0.61,安全,二卖+三买,向上,无信号,客观缠论信号为二卖、三买，60分钟笔方向向上（冲顶模式），因此实际交易动作是二卖（笔方向向上时优先卖点）,0.59,0.61,0.63,-0.0068,-0.0060,否
2026-05-18 11:43:37,三买,否,警戒,sh000001,上证指数,4126.35,安全,一卖+三买,向下,无信号,客观缠论信号为一卖、三买，60分钟笔方向向下（寻底模式），因此实际交易动作是三买（突破回踩买入）,4101.83,4079.77,4092.83,-15.1833,-15.9579,否
2026-05-18 11:43:37,观望,否,警戒,510300,沪深300ETF,4.84,安全,二买,向上,无信号,客观缠论信号为二买，60分钟笔方向向上，中枢震荡，观望,4.68,4.86,4.91,-0.0224,-0.0214,否
2026-05-18 11:43:37,观望,否,警戒,588000,科创50ETF,1.80,安全,无信号,向下,无信号,客观缠论信号为无信号，60分钟笔方向向下，中枢震荡，观望,1.55,1.71,1.82,-0.0030,-0.0042,否
2026-05-18 11:43:37,观望,否,警戒,513100,纳指ETF,2.07,安全,无信号,向下,无信号,客观缠论信号为无信号，60分钟笔方向向下，中枢震荡，观望,1.91,1.93,2.11,-0.0065,-0.0042,否
2026-05-18 11:43:37,观望,否,警戒,513520,日经ETF,2.05,安全,无信号,向上,无信号,客观缠论信号为无信号，60分钟笔方向向上，中枢震荡，观望,2.00,2.13,2.04,-0.0171,-0.0173,否
2026-05-18 11:43:37,二卖,否,警戒,512400,有色金属ETF,1.99,安全,二卖+三买,向上,无信号,客观缠论信号为二卖、三买，60分钟笔方向向上（冲顶模式），因此实际交易动作是二卖（笔方向向上时优先卖点）,2.11,1.96,2.15,-0.0323,-0.0327,否
2026-05-18 11:43:37,观望,否,警戒,512690,酒ETF,0.45,日线破位,二卖,向下,无信号,客观缠论信号为二卖，60分钟笔方向向下，中枢震荡，观望,0.48,0.48,0.48,-0.0027,-0.0025,否
2026-05-18 11:43:37,观望,否,警戒,159227,航空航天ETF,1.28,安全,无信号,向下,无信号,客观缠论信号为无信号，60分钟笔方向向下，中枢震荡，观望,1.23,1.30,1.31,-0.0085,-0.0098,否
2026-05-18 11:43:37,二卖,否,警戒,159992,创新药ETF,0.78,安全,二卖+二买,向上,无信号,客观缠论信号为二卖、二买，60分钟笔方向向上（冲顶模式），因此实际交易动作是二卖（笔方向向上时优先卖点）,0.79,0.77,0.83,-0.0073,-0.0067,否
2026-05-18 11:43:37,二卖,否,警戒,515050,通信ETF,1.12,安全,二卖,向上,无信号,客观缠论信号为二卖，60分钟笔方向向上（冲顶模式），因此实际交易动作是二卖（笔方向向上时优先卖点）,1.08,1.48,2.40,-0.0286,-0.0442,否
2026-05-18 11:43:37,观望,否,警戒,159915,创业板ETF,3.92,安全,无信号,向下,无信号,客观缠论信号为无信号，60分钟笔方向向下，中枢震荡，观望,3.24,3.61,3.97,-0.0101,-0.0088,否
2026-05-18 11:43:37,二买,否,警戒,588200,科创芯片ETF,3.48,安全,一卖+二买+三买,向下,无信号,客观缠论信号为一卖、二买、三买，60分钟笔方向向下（寻底模式），因此实际交易动作是二买（笔方向向下时优先买点）,2.65,3.20,3.34,-0.0013,-0.0045,否
2026-05-18 11:43:37,观望,否,警戒,159755,电池ETF,1.17,安全,二卖,向下,无信号,客观缠论信号为二卖，60分钟笔方向向下，中枢震荡，观望,1.03,1.17,1.19,-0.0052,-0.0053,否
2026-05-18 11:43:37,观望,否,警戒,159899,软件ETF,0.84,安全,二卖,向下,无信号,客观缠论信号为二卖，60分钟笔方向向下，中枢震荡，观望,0.81,0.83,0.84,-0.0027,-0.0040,否
2026-05-18 11:43:37,二卖,否,警戒,513360,教育ETF,0.49,日线破位,二卖,向上,底背驰,客观缠论信号为二卖，60分钟笔方向向上（冲顶模式），因此实际交易动作是二卖（笔方向向上时优先卖点）,0.49,0.49,0.50,-0.0010,-0.0011,否
2026-05-18 11:43:37,二买,否,警戒,515790,光伏ETF,1.10,安全,二卖+二买,向下,无信号,客观缠论信号为二卖、二买，60分钟笔方向向下（寻底模式），因此实际交易动作是二买（笔方向向下时优先买点）,1.08,1.10,1.13,-0.0051,-0.0052,否
2026-05-18 11:43:37,二买,否,警戒,601668,中国建筑,4.88,安全,二买,向下,无信号,客观缠论信号为二买，60分钟笔方向向下（寻底模式），因此实际交易动作是二买（笔方向向下时优先买点）,4.88,4.91,4.95,-0.0176,-0.0143,否
2026-05-18 11:43:37,观望,否,警戒,601288,农业银行,6.67,安全,二卖,向下,无信号,客观缠论信号为二卖，60分钟笔方向向下，中枢震荡，观望,6.53,6.53,6.83,-0.0175,-0.0199,否
2026-05-18 11:43:37,二买,否,警戒,601728,中国电信,6.50,安全,二买,向下,无信号,客观缠论信号为二买，60分钟笔方向向下（寻底模式），因此实际交易动作是二买（笔方向向下时优先买点）,6.50,5.75,6.19,0.0537,0.0419,否
2026-05-18 11:43:37,观望,否,警戒,600276,恒瑞医药,52.39,日线破位,二买+三买,向上,无信号,客观缠论信号为二买、三买，60分钟笔方向向上，中枢震荡，观望,52.67,52.41,53.92,-0.5950,-0.4898,否
2026-05-18 11:43:37,二卖,否,警戒,600177,雅戈尔,7.45,安全,二卖+二买,向上,无信号,客观缠论信号为二卖、二买，60分钟笔方向向上（冲顶模式），因此实际交易动作是二卖（笔方向向上时优先卖点）,7.50,7.25,7.53,-0.0627,-0.0495,否
2026-05-18 11:43:37,观望,否,警戒,600887,伊利股份,27.11,日线破位,无信号,向上,无信号,客观缠论信号为无信号，60分钟笔方向向上，中枢震荡，观望,27.22,27.36,27.98,-0.1703,-0.1273,否
2026-05-18 11:43:37,观望,否,警戒,601138,工业富联,69.00,安全,二卖,向下,无信号,客观缠论信号为二卖，60分钟笔方向向下，中枢震荡，观望,62.70,63.20,71.76,-0.0043,-0.1253,否
2026-05-18 11:43:37,观望,否,警戒,688041,海光信息,306.40,安全,一卖,向下,无信号,客观缠论信号为一卖，60分钟笔方向向下，中枢震荡，观望,246.00,320.01,353.68,-3.8383,-5.0188,否
2026-05-18 11:43:37,二卖,否,警戒,601225,陕西煤业,24.29,安全,二卖,向上,顶背驰,客观缠论信号为二卖，60分钟笔方向向上（冲顶模式），因此实际交易动作是二卖（笔方向向上时优先卖点）,22.32,22.30,24.11,0.1857,0.1495,否
2026-05-18 11:43:37,二卖,否,警戒,600900,长江电力,26.93,安全,二卖,向上,无信号,客观缠论信号为二卖，60分钟笔方向向上（冲顶模式），因此实际交易动作是二卖（笔方向向上时优先卖点）,26.66,26.90,27.03,-0.0211,-0.0080,否
2026-05-18 11:43:37,观望,否,警戒,600660,福耀玻璃,54.80,日线破位,无信号,向下,无信号,客观缠论信号为无信号，60分钟笔方向向下，中枢震荡，观望,55.27,55.65,58.35,-0.6090,-0.5357,否
2026-05-18 11:43:37,观望,否,警戒,002507,涪陵榨菜,11.84,日线破位,二卖,向下,无信号,客观缠论信号为二卖，60分钟笔方向向下，中枢震荡，观望,12.23,12.28,12.33,-0.0701,-0.0603,否
2026-05-18 11:43:37,二买,否,警戒,000338,潍柴动力,33.20,安全,一卖+二买,向下,无信号,客观缠论信号为一卖、二买，60分钟笔方向向下（寻底模式），因此实际交易动作是二买（笔方向向下时优先买点）,25.92,23.75,33.85,-0.3763,-0.2175,否
2026-05-18 11:43:37,二卖,否,警戒,000538,云南白药,50.68,日线破位,二卖+三卖,向上,无信号,客观缠论信号为二卖、三卖，60分钟笔方向向上（冲顶模式），因此实际交易动作是二卖（笔方向向上时优先卖点）,55.40,54.40,52.89,-0.1953,-0.2003,否
2026-05-18 11:43:37,观望,否,警戒,000423,东阿阿胶,51.24,日线破位,无信号,向上,无信号,客观缠论信号为无信号，60分钟笔方向向上，中枢震荡，观望,51.71,52.11,54.45,-0.4464,-0.3625,否
2026-05-18 11:43:37,观望,否,警戒,000651,格力电器,39.79,安全,二卖,向下,无信号,客观缠论信号为二卖，60分钟笔方向向下，中枢震荡，观望,40.28,39.51,40.57,-0.1263,-0.0674,否
2026-05-18 11:43:37,二卖,否,警戒,000895,双汇发展,26.22,安全,二卖+二买,向上,无信号,客观缠论信号为二卖、二买，60分钟笔方向向上（冲顶模式），因此实际交易动作是二卖（笔方向向上时优先卖点）,26.11,26.51,26.98,-0.1246,-0.1042,否
2026-05-18 11:43:37,观望,否,警戒,002415,海康威视,33.02,安全,二卖,向下,无信号,客观缠论信号为二卖，60分钟笔方向向下，中枢震荡，观望,31.96,33.30,33.87,-0.2007,-0.1986,否
2026-05-18 11:43:37,二卖,否,警戒,hk03690,美团,81.65,安全,二卖,向上,无信号,客观缠论信号为二卖，60分钟笔方向向上（冲顶模式），因此实际交易动作是二卖（笔方向向上时优先卖点）,78.70,82.40,83.75,-0.7724,-0.8136,否
2026-05-18 11:43:37,一卖,否,警戒,hk03896,金山云,7.82,安全,一卖,向上,无信号,客观缠论信号为一卖，60分钟笔方向向上（冲顶模式），因此实际交易动作是一卖（趋势顶背驰卖出）,7.86,7.78,8.39,-0.1204,-0.1053,否
2026-05-18 11:43:37,二卖,否,警戒,hk00700,腾讯,451.20,日线破位,二卖+二买,向上,无信号,客观缠论信号为二卖、二买，60分钟笔方向向上（冲顶模式），因此实际交易动作是二卖（笔方向向上时优先卖点）,494.60,486.20,460.20,-1.8745,-1.4749,否
2026-05-18 11:43:37,一卖,否,警戒,hk09988,阿里巴巴,129.90,安全,一卖,向上,无信号,客观缠论信号为一卖，60分钟笔方向向上（冲顶模式），因此实际交易动作是一卖（趋势顶背驰卖出）,129.60,130.30,134.20,-1.4260,-1.3807,否
2026-05-18 11:43:37,二卖,否,警戒,hk01024,快手,48.34,安全,二卖,向上,无信号,客观缠论信号为二卖，60分钟笔方向向上（冲顶模式），因此实际交易动作是二卖（笔方向向上时优先卖点）,51.00,43.00,48.80,-0.5274,-0.5073,否
2026-05-18 11:43:37,二卖,否,警戒,hk06618,京东健康,42.40,安全,二卖,向上,底背驰,客观缠论信号为二卖，60分钟笔方向向上（冲顶模式），因此实际交易动作是二卖（笔方向向上时优先卖点）,40.70,46.10,45.88,-1.0911,-0.9466,否
2026-05-18 11:43:37,二卖,否,警戒,hk06862,海底捞,14.27,安全,二卖,向上,无信号,客观缠论信号为二卖，60分钟笔方向向上（冲顶模式），因此实际交易动作是二卖（笔方向向上时优先卖点）,14.22,14.16,14.42,-0.1214,-0.0905,否
2026-05-18 11:43:37,观望,否,警戒,600895,张江高科,34.61,安全,二卖,向下,无信号,客观缠论信号为二卖，60分钟笔方向向下，中枢震荡，观望,33.37,34.05,36.20,-0.3478,-0.3768,否
2026-05-18 11:43:37,二卖,否,警戒,000429,粤高速A,12.95,安全,二卖+二买,向上,无信号,客观缠论信号为二卖、二买，60分钟笔方向向上（冲顶模式），因此实际交易动作是二卖（笔方向向上时优先卖点）,13.29,12.48,13.13,-0.0363,-0.0273,否

2026-05-18 13:20:25,观望,是,警戒,603317,天味食品,15.66,安全,二买,向上,无信号,客观缠论信号为二买，60分钟笔方向向上，中枢震荡，观望,12.56,15.25,16.31,-0.1294,-0.1045,否
2026-05-18 13:20:25,二卖,是,警戒,688981,中芯国际,118.50,安全,二卖,向上,无信号,客观缠论信号为二卖，60分钟笔方向向上（冲顶模式），因此实际交易动作是二卖（笔方向向上时优先卖点）,100.13,113.50,125.00,-0.5315,-0.3513,否
2026-05-18 13:20:25,观望,是,警戒,600938,中国海油,36.90,安全,二卖,向下,无信号,客观缠论信号为二卖，60分钟笔方向向下，中枢震荡，观望,34.06,36.28,36.45,0.2126,0.1895,否
2026-05-18 13:20:25,二买,是,警戒,000333,美的集团,82.10,安全,二买,向下,无信号,客观缠论信号为二买，60分钟笔方向向下（寻底模式），因此实际交易动作是二买（笔方向向下时优先买点）,79.17,78.91,80.98,0.1078,0.2303,否
2026-05-18 13:20:25,二卖,是,警戒,000001,平安银行,10.88,安全,二卖,向上,无信号,客观缠论信号为二卖，60分钟笔方向向上（冲顶模式），因此实际交易动作是二卖（笔方向向上时优先卖点）,10.78,10.97,11.03,-0.0557,-0.0515,否
2026-05-18 13:20:25,观望,是,警戒,001391,国货航,5.35,安全,二买,向上,无信号,客观缠论信号为二买，60分钟笔方向向上，中枢震荡，观望,5.22,5.25,5.37,-0.0173,-0.0125,否
2026-05-18 13:20:25,一卖,是,警戒,hk01810,小米集团,30.22,日线破位,一卖+二买+三买,向上,无信号,客观缠论信号为一卖、二买、三买，60分钟笔方向向上（冲顶模式），因此实际交易动作是一卖（趋势顶背驰卖出）,32.78,30.26,31.18,-0.2860,-0.2757,否
2026-05-18 13:20:25,二卖,是,警戒,513130,恒生科技ETF,0.61,安全,二卖+三买,向上,无信号,客观缠论信号为二卖、三买，60分钟笔方向向上（冲顶模式），因此实际交易动作是二卖（笔方向向上时优先卖点）,0.59,0.61,0.63,-0.0063,-0.0061,否
2026-05-18 13:20:25,三买,否,警戒,sh000001,上证指数,4126.35,安全,一卖+三买,向下,无信号,客观缠论信号为一卖、三买，60分钟笔方向向下（寻底模式），因此实际交易动作是三买（突破回踩买入）,4101.83,4079.77,4092.83,-15.1833,-15.9579,否
2026-05-18 13:20:25,观望,否,警戒,510300,沪深300ETF,4.85,安全,二买,向上,底背驰,客观缠论信号为二买，60分钟笔方向向上，中枢震荡，观望,4.68,4.86,4.91,-0.0220,-0.0215,否
2026-05-18 13:20:25,观望,否,警戒,588000,科创50ETF,1.80,安全,无信号,向下,无信号,客观缠论信号为无信号，60分钟笔方向向下，中枢震荡，观望,1.55,1.71,1.82,-0.0033,-0.0040,否
2026-05-18 13:20:25,观望,否,警戒,513100,纳指ETF,2.08,安全,无信号,向下,无信号,客观缠论信号为无信号，60分钟笔方向向下，中枢震荡，观望,1.91,1.93,2.11,-0.0063,-0.0046,否
2026-05-18 13:20:25,观望,否,警戒,513520,日经ETF,2.06,安全,无信号,向上,无信号,客观缠论信号为无信号，60分钟笔方向向上，中枢震荡，观望,2.00,2.13,2.04,-0.0162,-0.0171,否
2026-05-18 13:20:25,二卖,否,警戒,512400,有色金属ETF,2.00,安全,二卖+三买,向上,底背驰,客观缠论信号为二卖、三买，60分钟笔方向向上（冲顶模式），因此实际交易动作是二卖（笔方向向上时优先卖点）,2.11,1.96,2.15,-0.0310,-0.0324,否
2026-05-18 13:20:25,观望,否,警戒,512690,酒ETF,0.45,日线破位,二卖,向下,无信号,客观缠论信号为二卖，60分钟笔方向向下，中枢震荡，观望,0.48,0.48,0.48,-0.0027,-0.0026,否
2026-05-18 13:20:25,观望,否,警戒,159227,航空航天ETF,1.29,安全,无信号,向下,无信号,客观缠论信号为无信号，60分钟笔方向向下，中枢震荡，观望,1.23,1.30,1.31,-0.0082,-0.0095,否
2026-05-18 13:20:25,二卖,否,警戒,159992,创新药ETF,0.78,安全,二卖+二买,向上,无信号,客观缠论信号为二卖、二买，60分钟笔方向向上（冲顶模式），因此实际交易动作是二卖（笔方向向上时优先卖点）,0.79,0.77,0.83,-0.0072,-0.0068,否
2026-05-18 13:20:25,二卖,否,警戒,515050,通信ETF,1.13,安全,二卖,向上,无信号,客观缠论信号为二卖，60分钟笔方向向上（冲顶模式），因此实际交易动作是二卖（笔方向向上时优先卖点）,1.08,1.48,2.40,-0.0261,-0.0406,否
2026-05-18 13:20:25,观望,否,警戒,159915,创业板ETF,3.93,安全,无信号,向下,底背驰,客观缠论信号为无信号，60分钟笔方向向下，中枢震荡，观望,3.24,3.61,3.97,-0.0102,-0.0091,否
2026-05-18 13:20:25,二买,否,警戒,588200,科创芯片ETF,3.47,安全,一卖+二买+三买,向下,无信号,客观缠论信号为一卖、二买、三买，60分钟笔方向向下（寻底模式），因此实际交易动作是二买（笔方向向下时优先买点）,2.65,3.20,3.34,-0.0022,-0.0040,否
2026-05-18 13:20:25,观望,否,警戒,159755,电池ETF,1.17,安全,二卖,向下,无信号,客观缠论信号为二卖，60分钟笔方向向下，中枢震荡，观望,1.03,1.17,1.19,-0.0050,-0.0053,否
2026-05-18 13:20:25,观望,否,警戒,159899,软件ETF,0.84,安全,二卖,向下,无信号,客观缠论信号为二卖，60分钟笔方向向下，中枢震荡，观望,0.81,0.83,0.84,-0.0021,-0.0036,否
2026-05-18 13:20:25,二卖,否,警戒,513360,教育ETF,0.49,安全,二卖,向上,无信号,客观缠论信号为二卖，60分钟笔方向向上（冲顶模式），因此实际交易动作是二卖（笔方向向上时优先卖点）,0.49,0.49,0.50,-0.0008,-0.0010,否
2026-05-18 13:20:25,二买,否,警戒,515790,光伏ETF,1.10,安全,二卖+二买,向下,无信号,客观缠论信号为二卖、二买，60分钟笔方向向下（寻底模式），因此实际交易动作是二买（笔方向向下时优先买点）,1.08,1.10,1.13,-0.0051,-0.0052,否
2026-05-18 13:20:25,二买,否,警戒,601668,中国建筑,4.88,安全,二买,向下,无信号,客观缠论信号为二买，60分钟笔方向向下（寻底模式），因此实际交易动作是二买（笔方向向下时优先买点）,4.88,4.91,4.95,-0.0181,-0.0150,否
2026-05-18 13:20:25,观望,否,警戒,601288,农业银行,6.64,安全,二卖,向下,无信号,客观缠论信号为二卖，60分钟笔方向向下，中枢震荡，观望,6.53,6.53,6.83,-0.0181,-0.0196,否
2026-05-18 13:20:25,二买,否,警戒,601728,中国电信,6.48,安全,二买,向下,无信号,客观缠论信号为二买，60分钟笔方向向下（寻底模式），因此实际交易动作是二买（笔方向向下时优先买点）,6.50,5.75,6.19,0.0531,0.0442,否
2026-05-18 13:20:25,观望,否,警戒,600276,恒瑞医药,52.40,日线破位,二买+三买,向上,无信号,客观缠论信号为二买、三买，60分钟笔方向向上，中枢震荡，观望,52.67,52.41,53.92,-0.5987,-0.5116,否
2026-05-18 13:20:25,二卖,否,警戒,600177,雅戈尔,7.42,安全,二卖+二买,向上,无信号,客观缠论信号为二卖、二买，60分钟笔方向向上（冲顶模式），因此实际交易动作是二卖（笔方向向上时优先卖点）,7.50,7.25,7.53,-0.0645,-0.0525,否
2026-05-18 13:20:25,观望,否,警戒,600887,伊利股份,27.19,日线破位,无信号,向上,无信号,客观缠论信号为无信号，60分钟笔方向向上，中枢震荡，观望,27.22,27.36,27.98,-0.1675,-0.1353,否
2026-05-18 13:20:25,观望,否,警戒,601138,工业富联,69.23,安全,二卖,向下,无信号,客观缠论信号为二卖，60分钟笔方向向下，中枢震荡，观望,62.70,63.20,71.76,0.0341,-0.0934,否
2026-05-18 13:20:25,观望,否,警戒,688041,海光信息,305.40,安全,一卖,向下,无信号,客观缠论信号为一卖，60分钟笔方向向下，中枢震荡，观望,246.00,320.01,353.68,-3.7308,-4.7612,否
2026-05-18 13:20:25,二卖,否,警戒,601225,陕西煤业,24.47,安全,二卖,向上,无信号,客观缠论信号为二卖，60分钟笔方向向上（冲顶模式），因此实际交易动作是二卖（笔方向向上时优先卖点）,22.32,22.30,24.11,0.1949,0.1586,否
2026-05-18 13:20:25,二卖,否,警戒,600900,长江电力,26.91,安全,二卖,向上,无信号,客观缠论信号为二卖，60分钟笔方向向上（冲顶模式），因此实际交易动作是二卖（笔方向向上时优先卖点）,26.66,26.90,27.03,-0.0220,-0.0108,否
2026-05-18 13:20:25,观望,否,警戒,600660,福耀玻璃,55.19,日线破位,无信号,向下,无信号,客观缠论信号为无信号，60分钟笔方向向下，中枢震荡，观望,55.27,55.65,58.35,-0.5487,-0.5383,否
2026-05-18 13:20:25,观望,否,警戒,002507,涪陵榨菜,11.84,日线破位,二卖,向下,无信号,客观缠论信号为二卖，60分钟笔方向向下，中枢震荡，观望,12.23,12.28,12.33,-0.0703,-0.0623,否
2026-05-18 13:20:25,二买,否,警戒,000338,潍柴动力,33.16,安全,一卖+二买,向下,无信号,客观缠论信号为一卖、二买，60分钟笔方向向下（寻底模式），因此实际交易动作是二买（笔方向向下时优先买点）,25.92,23.75,33.85,-0.3932,-0.2527,否
2026-05-18 13:20:25,二卖,否,警戒,000538,云南白药,50.72,日线破位,二卖+三卖,向上,无信号,客观缠论信号为二卖、三卖，60分钟笔方向向上（冲顶模式），因此实际交易动作是二卖（笔方向向上时优先卖点）,55.40,54.40,52.89,-0.1866,-0.1975,否
2026-05-18 13:20:25,观望,否,警戒,000423,东阿阿胶,51.07,日线破位,无信号,向上,无信号,客观缠论信号为无信号，60分钟笔方向向上，中枢震荡，观望,51.71,52.11,54.45,-0.4635,-0.3827,否
2026-05-18 13:20:25,观望,否,警戒,000651,格力电器,39.69,安全,二卖,向下,无信号,客观缠论信号为二卖，60分钟笔方向向下，中枢震荡，观望,40.28,39.51,40.57,-0.1494,-0.0838,否
2026-05-18 13:20:25,二卖,否,警戒,000895,双汇发展,26.31,安全,二卖+二买,向上,底背驰,客观缠论信号为二卖、二买，60分钟笔方向向上（冲顶模式），因此实际交易动作是二卖（笔方向向上时优先卖点）,26.11,26.51,26.98,-0.1194,-0.1072,否
2026-05-18 13:20:25,观望,否,警戒,002415,海康威视,33.01,安全,二卖,向下,底背驰,客观缠论信号为二卖，60分钟笔方向向下，中枢震荡，观望,31.96,33.30,33.87,-0.1989,-0.1987,否
2026-05-18 13:20:25,二卖,否,警戒,hk03690,美团,81.65,安全,二卖,向上,无信号,客观缠论信号为二卖，60分钟笔方向向上（冲顶模式），因此实际交易动作是二卖（笔方向向上时优先卖点）,78.70,82.40,83.75,-0.7724,-0.8136,否
2026-05-18 13:20:25,一卖,否,警戒,hk03896,金山云,7.82,安全,一卖,向上,无信号,客观缠论信号为一卖，60分钟笔方向向上（冲顶模式），因此实际交易动作是一卖（趋势顶背驰卖出）,7.86,7.78,8.39,-0.1204,-0.1053,否
2026-05-18 13:20:25,二卖,否,警戒,hk00700,腾讯,451.20,日线破位,二卖+二买,向上,无信号,客观缠论信号为二卖、二买，60分钟笔方向向上（冲顶模式），因此实际交易动作是二卖（笔方向向上时优先卖点）,494.60,486.20,460.20,-1.8745,-1.4749,否
2026-05-18 13:20:25,一卖,否,警戒,hk09988,阿里巴巴,129.90,安全,一卖,向上,无信号,客观缠论信号为一卖，60分钟笔方向向上（冲顶模式），因此实际交易动作是一卖（趋势顶背驰卖出）,129.60,130.30,134.20,-1.4260,-1.3807,否
2026-05-18 13:20:25,二卖,否,警戒,hk01024,快手,48.34,安全,二卖,向上,无信号,客观缠论信号为二卖，60分钟笔方向向上（冲顶模式），因此实际交易动作是二卖（笔方向向上时优先卖点）,51.00,43.00,48.80,-0.5274,-0.5073,否
2026-05-18 13:20:25,二卖,否,警戒,hk06618,京东健康,42.40,安全,二卖,向上,底背驰,客观缠论信号为二卖，60分钟笔方向向上（冲顶模式），因此实际交易动作是二卖（笔方向向上时优先卖点）,40.70,46.10,45.88,-1.0911,-0.9466,否
2026-05-18 13:20:25,二卖,否,警戒,hk06862,海底捞,14.27,安全,二卖,向上,无信号,客观缠论信号为二卖，60分钟笔方向向上（冲顶模式），因此实际交易动作是二卖（笔方向向上时优先卖点）,14.22,14.16,14.42,-0.1214,-0.0905,否
2026-05-18 13:20:25,观望,否,警戒,600895,张江高科,34.72,安全,二卖,向下,无信号,客观缠论信号为二卖，60分钟笔方向向下，中枢震荡，观望,33.37,34.05,36.20,-0.3277,-0.3670,否
2026-05-18 13:20:25,二卖,否,警戒,000429,粤高速A,12.90,安全,二卖+二买,向上,无信号,客观缠论信号为二卖、二买，60分钟笔方向向上（冲顶模式），因此实际交易动作是二卖（笔方向向上时优先卖点）,13.29,12.48,13.13,-0.0408,-0.0300,否

2026-05-18 13:35:26,观望,是,警戒,603317,天味食品,15.82,安全,二买,向上,无信号,客观缠论信号为二买，60分钟笔方向向上，中枢震荡，观望,12.56,15.25,16.31,-0.1108,-0.1058,否
2026-05-18 13:35:26,二卖,是,警戒,688981,中芯国际,118.28,安全,二卖,向上,无信号,客观缠论信号为二卖，60分钟笔方向向上（冲顶模式），因此实际交易动作是二卖（笔方向向上时优先卖点）,100.13,113.50,125.00,-0.5252,-0.3861,否
2026-05-18 13:35:26,观望,是,警戒,600938,中国海油,36.92,安全,二卖,向下,无信号,客观缠论信号为二卖，60分钟笔方向向下，中枢震荡，观望,34.06,36.28,36.45,0.2001,0.1916,否
2026-05-18 13:35:26,二买,是,警戒,000333,美的集团,82.62,安全,二买,向下,无信号,客观缠论信号为二买，60分钟笔方向向下（寻底模式），因此实际交易动作是二买（笔方向向下时优先买点）,79.17,78.91,80.98,0.1067,0.2056,否
2026-05-18 13:35:26,二卖,是,警戒,000001,平安银行,10.87,安全,二卖,向上,无信号,客观缠论信号为二卖，60分钟笔方向向上（冲顶模式），因此实际交易动作是二卖（笔方向向上时优先卖点）,10.78,10.97,11.03,-0.0545,-0.0521,否
2026-05-18 13:35:26,观望,是,警戒,001391,国货航,5.36,安全,二买,向上,无信号,客观缠论信号为二买，60分钟笔方向向上，中枢震荡，观望,5.22,5.25,5.37,-0.0163,-0.0133,否
2026-05-18 13:35:26,一卖,是,警戒,hk01810,小米集团,30.22,日线破位,一卖+二买+三买,向上,无信号,客观缠论信号为一卖、二买、三买，60分钟笔方向向上（冲顶模式），因此实际交易动作是一卖（趋势顶背驰卖出）,32.78,30.26,31.18,-0.2860,-0.2757,否
2026-05-18 13:35:26,二卖,是,警戒,513130,恒生科技ETF,0.61,安全,二卖+三买,向上,无信号,客观缠论信号为二卖、三买，60分钟笔方向向上（冲顶模式），因此实际交易动作是二卖（笔方向向上时优先卖点）,0.59,0.61,0.63,-0.0058,-0.0060,否
2026-05-18 13:35:26,三买,否,警戒,sh000001,上证指数,4126.35,安全,一卖+三买,向下,无信号,客观缠论信号为一卖、三买，60分钟笔方向向下（寻底模式），因此实际交易动作是三买（突破回踩买入）,4101.83,4079.77,4092.83,-15.1833,-15.9579,否
2026-05-18 13:35:26,观望,否,警戒,510300,沪深300ETF,4.85,安全,二买,向上,底背驰,客观缠论信号为二买，60分钟笔方向向上，中枢震荡，观望,4.68,4.86,4.91,-0.0214,-0.0215,否
2026-05-18 13:35:26,观望,否,警戒,588000,科创50ETF,1.80,安全,无信号,向下,无信号,客观缠论信号为无信号，60分钟笔方向向下，中枢震荡，观望,1.55,1.71,1.82,-0.0034,-0.0039,否
2026-05-18 13:35:26,观望,否,警戒,513100,纳指ETF,2.08,安全,无信号,向下,无信号,客观缠论信号为无信号，60分钟笔方向向下，中枢震荡，观望,1.91,1.93,2.11,-0.0064,-0.0049,否
2026-05-18 13:35:26,观望,否,警戒,513520,日经ETF,2.06,安全,无信号,向上,无信号,客观缠论信号为无信号，60分钟笔方向向上，中枢震荡，观望,2.00,2.13,2.04,-0.0151,-0.0167,否
2026-05-18 13:35:26,二卖,否,警戒,512400,有色金属ETF,2.01,安全,二卖+三买,向上,底背驰,客观缠论信号为二卖、三买，60分钟笔方向向上（冲顶模式），因此实际交易动作是二卖（笔方向向上时优先卖点）,2.11,1.96,2.15,-0.0293,-0.0318,否
2026-05-18 13:35:26,观望,否,警戒,512690,酒ETF,0.45,日线破位,二卖,向下,无信号,客观缠论信号为二卖，60分钟笔方向向下，中枢震荡，观望,0.48,0.48,0.48,-0.0026,-0.0026,否
2026-05-18 13:35:26,观望,否,警戒,159227,航空航天ETF,1.29,安全,无信号,向下,无信号,客观缠论信号为无信号，60分钟笔方向向下，中枢震荡，观望,1.23,1.30,1.31,-0.0081,-0.0092,否
2026-05-18 13:35:26,二卖,否,警戒,159992,创新药ETF,0.78,安全,二卖+二买,向上,无信号,客观缠论信号为二卖、二买，60分钟笔方向向上（冲顶模式），因此实际交易动作是二卖（笔方向向上时优先卖点）,0.79,0.77,0.83,-0.0070,-0.0069,否
2026-05-18 13:35:26,二卖,否,警戒,515050,通信ETF,1.13,安全,二卖,向上,无信号,客观缠论信号为二卖，60分钟笔方向向上（冲顶模式），因此实际交易动作是二卖（笔方向向上时优先卖点）,1.08,1.48,2.40,-0.0240,-0.0373,否
2026-05-18 13:35:26,观望,否,警戒,159915,创业板ETF,3.93,安全,无信号,向下,底背驰,客观缠论信号为无信号，60分钟笔方向向下，中枢震荡，观望,3.24,3.61,3.97,-0.0099,-0.0092,否
2026-05-18 13:35:26,二买,否,警戒,588200,科创芯片ETF,3.46,安全,一卖+二买+三买,向下,无信号,客观缠论信号为一卖、二买、三买，60分钟笔方向向下（寻底模式），因此实际交易动作是二买（笔方向向下时优先买点）,2.65,3.20,3.34,-0.0034,-0.0039,否
2026-05-18 13:35:26,观望,否,警戒,159755,电池ETF,1.17,安全,二卖,向下,无信号,客观缠论信号为二卖，60分钟笔方向向下，中枢震荡，观望,1.03,1.17,1.19,-0.0049,-0.0052,否
2026-05-18 13:35:26,观望,否,警戒,159899,软件ETF,0.85,安全,二卖,向下,无信号,客观缠论信号为二卖，60分钟笔方向向下，中枢震荡，观望,0.81,0.83,0.84,-0.0014,-0.0031,否
2026-05-18 13:35:26,二卖,否,警戒,513360,教育ETF,0.49,日线破位,二卖,向上,无信号,客观缠论信号为二卖，60分钟笔方向向上（冲顶模式），因此实际交易动作是二卖（笔方向向上时优先卖点）,0.49,0.49,0.50,-0.0008,-0.0010,否
2026-05-18 13:35:26,二买,否,警戒,515790,光伏ETF,1.10,安全,二卖+二买,向下,无信号,客观缠论信号为二卖、二买，60分钟笔方向向下（寻底模式），因此实际交易动作是二买（笔方向向下时优先买点）,1.08,1.10,1.13,-0.0049,-0.0051,否
2026-05-18 13:35:26,二买,否,警戒,601668,中国建筑,4.89,安全,二买,向下,无信号,客观缠论信号为二买，60分钟笔方向向下（寻底模式），因此实际交易动作是二买（笔方向向下时优先买点）,4.88,4.91,4.95,-0.0174,-0.0155,否
2026-05-18 13:35:26,观望,否,警戒,601288,农业银行,6.63,安全,二卖,向下,无信号,客观缠论信号为二卖，60分钟笔方向向下，中枢震荡，观望,6.53,6.53,6.83,-0.0192,-0.0195,否
2026-05-18 13:35:26,二买,否,警戒,601728,中国电信,6.47,安全,二买,向下,无信号,客观缠论信号为二买，60分钟笔方向向下（寻底模式），因此实际交易动作是二买（笔方向向下时优先买点）,6.50,5.75,6.19,0.0513,0.0456,否
2026-05-18 13:35:26,观望,否,警戒,600276,恒瑞医药,52.42,安全,二买+三买,向上,无信号,客观缠论信号为二买、三买，60分钟笔方向向上，中枢震荡，观望,52.67,52.41,53.92,-0.5932,-0.5279,否
2026-05-18 13:35:26,二卖,否,警戒,600177,雅戈尔,7.44,安全,二卖+二买,向上,无信号,客观缠论信号为二卖、二买，60分钟笔方向向上（冲顶模式），因此实际交易动作是二卖（笔方向向上时优先卖点）,7.50,7.25,7.53,-0.0635,-0.0547,否
2026-05-18 13:35:26,观望,否,警戒,600887,伊利股份,27.23,安全,无信号,向上,无信号,客观缠论信号为无信号，60分钟笔方向向上，中枢震荡，观望,27.22,27.36,27.98,-0.1602,-0.1403,否
2026-05-18 13:35:26,观望,否,警戒,601138,工业富联,68.98,安全,二卖,向下,无信号,客观缠论信号为二卖，60分钟笔方向向下，中枢震荡，观望,62.70,63.20,71.76,0.0438,-0.0660,否
2026-05-18 13:35:26,观望,否,警戒,688041,海光信息,304.92,安全,一卖,向下,无信号,客观缠论信号为一卖，60分钟笔方向向下，中枢震荡，观望,246.00,320.01,353.68,-3.6423,-4.5374,否
2026-05-18 13:35:26,二卖,否,警戒,601225,陕西煤业,24.42,安全,二卖,向上,无信号,客观缠论信号为二卖，60分钟笔方向向上（冲顶模式），因此实际交易动作是二卖（笔方向向上时优先卖点）,22.32,22.30,24.11,0.1959,0.1660,否
2026-05-18 13:35:26,二卖,否,警戒,600900,长江电力,26.91,安全,二卖,向上,无信号,客观缠论信号为二卖，60分钟笔方向向上（冲顶模式），因此实际交易动作是二卖（笔方向向上时优先卖点）,26.66,26.90,27.03,-0.0225,-0.0132,否
2026-05-18 13:35:26,观望,否,警戒,600660,福耀玻璃,55.07,日线破位,无信号,向下,无信号,客观缠论信号为无信号，60分钟笔方向向下，中枢震荡，观望,55.27,55.65,58.35,-0.5048,-0.5316,否
2026-05-18 13:35:26,观望,否,警戒,002507,涪陵榨菜,11.86,日线破位,二卖,向下,无信号,客观缠论信号为二卖，60分钟笔方向向下，中枢震荡，观望,12.23,12.28,12.33,-0.0680,-0.0634,否
2026-05-18 13:35:26,二买,否,警戒,000338,潍柴动力,33.02,安全,一卖+二买,向下,无信号,客观缠论信号为一卖、二买，60分钟笔方向向下（寻底模式），因此实际交易动作是二买（笔方向向下时优先买点）,25.92,23.75,33.85,-0.4130,-0.2847,否
2026-05-18 13:35:26,二卖,否,警戒,000538,云南白药,50.87,日线破位,二卖+三卖,向上,底背驰,客观缠论信号为二卖、三卖，60分钟笔方向向上（冲顶模式），因此实际交易动作是二卖（笔方向向上时优先卖点）,55.40,54.40,52.89,-0.1657,-0.1912,否
2026-05-18 13:35:26,观望,否,警戒,000423,东阿阿胶,51.12,日线破位,无信号,向上,无信号,客观缠论信号为无信号，60分钟笔方向向上，中枢震荡，观望,51.71,52.11,54.45,-0.4677,-0.3997,否
2026-05-18 13:35:26,观望,否,警戒,000651,格力电器,39.75,安全,二卖,向下,无信号,客观缠论信号为二卖，60分钟笔方向向下，中枢震荡，观望,40.28,39.51,40.57,-0.1610,-0.0992,否
2026-05-18 13:35:26,二卖,否,警戒,000895,双汇发展,26.33,安全,二卖+二买,向上,底背驰,客观缠论信号为二卖、二买，60分钟笔方向向上（冲顶模式），因此实际交易动作是二卖（笔方向向上时优先卖点）,26.11,26.51,26.98,-0.1124,-0.1083,否
2026-05-18 13:35:26,观望,否,警戒,002415,海康威视,32.99,安全,二卖,向下,底背驰,客观缠论信号为二卖，60分钟笔方向向下，中枢震荡，观望,31.96,33.30,33.87,-0.1969,-0.1983,否
2026-05-18 13:35:26,二卖,否,警戒,hk03690,美团,81.65,安全,二卖,向上,无信号,客观缠论信号为二卖，60分钟笔方向向上（冲顶模式），因此实际交易动作是二卖（笔方向向上时优先卖点）,78.70,82.40,83.75,-0.7724,-0.8136,否
2026-05-18 13:35:26,一卖,否,警戒,hk03896,金山云,7.84,安全,一卖,向上,底背驰,客观缠论信号为一卖，60分钟笔方向向上（冲顶模式），因此实际交易动作是一卖（趋势顶背驰卖出）,7.86,7.78,8.39,-0.1145,-0.1153,否
2026-05-18 13:35:26,二卖,否,警戒,hk00700,腾讯,451.20,日线破位,二卖+二买,向上,无信号,客观缠论信号为二卖、二买，60分钟笔方向向上（冲顶模式），因此实际交易动作是二卖（笔方向向上时优先卖点）,494.60,486.20,460.20,-1.8745,-1.4749,否
2026-05-18 13:35:26,一卖,否,警戒,hk09988,阿里巴巴,129.90,安全,一卖,向上,无信号,客观缠论信号为一卖，60分钟笔方向向上（冲顶模式），因此实际交易动作是一卖（趋势顶背驰卖出）,129.60,130.30,134.20,-1.4260,-1.3807,否
2026-05-18 13:35:26,二卖,否,警戒,hk01024,快手,48.34,安全,二卖,向上,无信号,客观缠论信号为二卖，60分钟笔方向向上（冲顶模式），因此实际交易动作是二卖（笔方向向上时优先卖点）,51.00,43.00,48.80,-0.5274,-0.5073,否
2026-05-18 13:35:26,二卖,否,警戒,hk06618,京东健康,42.40,安全,二卖,向上,底背驰,客观缠论信号为二卖，60分钟笔方向向上（冲顶模式），因此实际交易动作是二卖（笔方向向上时优先卖点）,40.70,46.10,45.88,-1.0911,-0.9466,否
2026-05-18 13:35:26,二卖,否,警戒,hk06862,海底捞,14.14,日线破位,二卖,向上,无信号,客观缠论信号为二卖，60分钟笔方向向上（冲顶模式），因此实际交易动作是二卖（笔方向向上时优先卖点）,14.22,14.16,14.42,-0.1653,-0.1431,否
2026-05-18 13:35:26,观望,否,警戒,600895,张江高科,34.79,安全,二卖,向下,无信号,客观缠论信号为二卖，60分钟笔方向向下，中枢震荡，观望,33.37,34.05,36.20,-0.3026,-0.3541,否
2026-05-18 13:35:26,二卖,否,警戒,000429,粤高速A,12.93,安全,二卖+二买,向上,无信号,客观缠论信号为二卖、二买，60分钟笔方向向上（冲顶模式），因此实际交易动作是二卖（笔方向向上时优先卖点）,13.29,12.48,13.13,-0.0415,-0.0323,否

2026-05-18 13:50:26,观望,是,警戒,603317,天味食品,15.97,安全,二买,向上,无信号,客观缠论信号为二买，60分钟笔方向向上，中枢震荡，观望,12.56,15.25,16.31,-0.0831,-0.1013,否
2026-05-18 13:50:26,二卖,是,警戒,688981,中芯国际,118.10,安全,二卖,向上,无信号,客观缠论信号为二卖，60分钟笔方向向上（冲顶模式），因此实际交易动作是二卖（笔方向向上时优先卖点）,100.13,113.50,125.00,-0.5286,-0.4146,否
2026-05-18 13:50:26,观望,是,警戒,600938,中国海油,36.79,安全,二卖,向下,无信号,客观缠论信号为二卖，60分钟笔方向向下，中枢震荡，观望,34.06,36.28,36.45,0.1776,0.1888,否
2026-05-18 13:50:26,二买,是,警戒,000333,美的集团,82.85,安全,二买,向下,无信号,客观缠论信号为二买，60分钟笔方向向下（寻底模式），因此实际交易动作是二买（笔方向向下时优先买点）,79.17,78.91,80.98,0.1230,0.1891,否
2026-05-18 13:50:26,二卖,是,警戒,000001,平安银行,10.88,安全,二卖,向上,无信号,客观缠论信号为二卖，60分钟笔方向向上（冲顶模式），因此实际交易动作是二卖（笔方向向上时优先卖点）,10.78,10.97,11.03,-0.0521,-0.0521,否
2026-05-18 13:50:26,观望,是,警戒,001391,国货航,5.35,安全,二买,向上,底背驰,客观缠论信号为二买，60分钟笔方向向上，中枢震荡，观望,5.22,5.25,5.37,-0.0162,-0.0139,否
2026-05-18 13:50:26,一卖,是,警戒,hk01810,小米集团,30.22,日线破位,一卖+二买+三买,向上,无信号,客观缠论信号为一卖、二买、三买，60分钟笔方向向上（冲顶模式），因此实际交易动作是一卖（趋势顶背驰卖出）,32.78,30.26,31.18,-0.2860,-0.2757,否
2026-05-18 13:50:26,二卖,是,警戒,513130,恒生科技ETF,0.61,安全,二卖+三买,向上,无信号,客观缠论信号为二卖、三买，60分钟笔方向向上（冲顶模式），因此实际交易动作是二卖（笔方向向上时优先卖点）,0.59,0.61,0.63,-0.0055,-0.0059,否
2026-05-18 13:50:26,三买,否,警戒,sh000001,上证指数,4126.35,安全,一卖+三买,向下,无信号,客观缠论信号为一卖、三买，60分钟笔方向向下（寻底模式），因此实际交易动作是三买（突破回踩买入）,4101.83,4079.77,4092.83,-15.1833,-15.9579,否
2026-05-18 13:50:26,观望,否,警戒,510300,沪深300ETF,4.85,安全,二买,向上,底背驰,客观缠论信号为二买，60分钟笔方向向上，中枢震荡，观望,4.68,4.86,4.91,-0.0207,-0.0213,否
2026-05-18 13:50:26,观望,否,警戒,588000,科创50ETF,1.80,安全,无信号,向下,无信号,客观缠论信号为无信号，60分钟笔方向向下，中枢震荡，观望,1.55,1.71,1.82,-0.0033,-0.0038,否
2026-05-18 13:50:26,观望,否,警戒,513100,纳指ETF,2.08,安全,无信号,向下,无信号,客观缠论信号为无信号，60分钟笔方向向下，中枢震荡，观望,1.91,1.93,2.11,-0.0065,-0.0052,否
2026-05-18 13:50:26,观望,否,警戒,513520,日经ETF,2.06,安全,无信号,向上,无信号,客观缠论信号为无信号，60分钟笔方向向上，中枢震荡，观望,2.00,2.13,2.04,-0.0139,-0.0161,否
2026-05-18 13:50:26,二卖,否,警戒,512400,有色金属ETF,2.01,安全,二卖+三买,向上,底背驰,客观缠论信号为二卖、三买，60分钟笔方向向上（冲顶模式），因此实际交易动作是二卖（笔方向向上时优先卖点）,2.11,1.96,2.15,-0.0272,-0.0309,否
2026-05-18 13:50:26,观望,否,警戒,512690,酒ETF,0.45,日线破位,二卖,向下,底背驰,客观缠论信号为二卖，60分钟笔方向向下，中枢震荡，观望,0.48,0.48,0.48,-0.0024,-0.0025,否
2026-05-18 13:50:26,观望,否,警戒,159227,航空航天ETF,1.29,安全,无信号,向下,无信号,客观缠论信号为无信号，60分钟笔方向向下，中枢震荡，观望,1.23,1.30,1.31,-0.0076,-0.0089,否
2026-05-18 13:50:26,二卖,否,警戒,159992,创新药ETF,0.78,安全,二卖+二买,向上,无信号,客观缠论信号为二卖、二买，60分钟笔方向向上（冲顶模式），因此实际交易动作是二卖（笔方向向上时优先卖点）,0.79,0.77,0.83,-0.0068,-0.0068,否
2026-05-18 13:50:26,二卖,否,警戒,515050,通信ETF,1.13,安全,二卖,向上,无信号,客观缠论信号为二卖，60分钟笔方向向上（冲顶模式），因此实际交易动作是二卖（笔方向向上时优先卖点）,1.08,1.48,2.40,-0.0219,-0.0342,否
2026-05-18 13:50:26,观望,否,警戒,159915,创业板ETF,3.93,安全,无信号,向下,底背驰,客观缠论信号为无信号，60分钟笔方向向下，中枢震荡，观望,3.24,3.61,3.97,-0.0097,-0.0093,否
2026-05-18 13:50:26,二买,否,警戒,588200,科创芯片ETF,3.46,安全,一卖+二买+三买,向下,无信号,客观缠论信号为一卖、二买、三买，60分钟笔方向向下（寻底模式），因此实际交易动作是二买（笔方向向下时优先买点）,2.65,3.20,3.34,-0.0040,-0.0039,否
2026-05-18 13:50:26,观望,否,警戒,159755,电池ETF,1.17,安全,二卖,向下,无信号,客观缠论信号为二卖，60分钟笔方向向下，中枢震荡，观望,1.03,1.17,1.19,-0.0045,-0.0051,否
2026-05-18 13:50:26,观望,否,警戒,159899,软件ETF,0.85,安全,二卖,向下,无信号,客观缠论信号为二卖，60分钟笔方向向下，中枢震荡，观望,0.81,0.83,0.84,-0.0008,-0.0027,否
2026-05-18 13:50:26,二卖,否,警戒,513360,教育ETF,0.49,安全,二卖,向上,无信号,客观缠论信号为二卖，60分钟笔方向向上（冲顶模式），因此实际交易动作是二卖（笔方向向上时优先卖点）,0.49,0.49,0.50,-0.0006,-0.0009,否
2026-05-18 13:50:26,二买,否,警戒,515790,光伏ETF,1.10,安全,二卖+二买,向下,无信号,客观缠论信号为二卖、二买，60分钟笔方向向下（寻底模式），因此实际交易动作是二买（笔方向向下时优先买点）,1.08,1.10,1.13,-0.0047,-0.0050,否
2026-05-18 13:50:26,二买,否,警戒,601668,中国建筑,4.89,安全,二买,向下,无信号,客观缠论信号为二买，60分钟笔方向向下（寻底模式），因此实际交易动作是二买（笔方向向下时优先买点）,4.88,4.91,4.95,-0.0167,-0.0157,否
2026-05-18 13:50:26,观望,否,警戒,601288,农业银行,6.63,安全,二卖,向下,无信号,客观缠论信号为二卖，60分钟笔方向向下，中枢震荡，观望,6.53,6.53,6.83,-0.0198,-0.0196,否
2026-05-18 13:50:26,二买,否,警戒,601728,中国电信,6.44,安全,二买,向下,无信号,客观缠论信号为二买，60分钟笔方向向下（寻底模式），因此实际交易动作是二买（笔方向向下时优先买点）,6.50,5.75,6.19,0.0468,0.0458,否
2026-05-18 13:50:26,观望,否,警戒,600276,恒瑞医药,52.57,安全,二买+三买,向上,无信号,客观缠论信号为二买、三买，60分钟笔方向向上，中枢震荡，观望,52.67,52.41,53.92,-0.5702,-0.5364,否
2026-05-18 13:50:26,二卖,否,警戒,600177,雅戈尔,7.49,安全,二卖+二买,向上,无信号,客观缠论信号为二卖、二买，60分钟笔方向向上（冲顶模式），因此实际交易动作是二卖（笔方向向上时优先卖点）,7.50,7.25,7.53,-0.0581,-0.0554,否
2026-05-18 13:50:26,观望,否,警戒,600887,伊利股份,27.32,安全,无信号,向上,无信号,客观缠论信号为无信号，60分钟笔方向向上，中枢震荡，观望,27.22,27.36,27.98,-0.1454,-0.1413,否
2026-05-18 13:50:26,观望,否,警戒,601138,工业富联,69.03,安全,二卖,向下,无信号,客观缠论信号为二卖，60分钟笔方向向下，中枢震荡，观望,62.70,63.20,71.76,0.0549,-0.0418,否
2026-05-18 13:50:26,观望,否,警戒,688041,海光信息,304.56,安全,一卖,向下,无信号,客观缠论信号为一卖，60分钟笔方向向下，中枢震荡，观望,246.00,320.01,353.68,-3.5602,-4.3420,否
2026-05-18 13:50:26,二卖,否,警戒,601225,陕西煤业,24.26,安全,二卖,向上,无信号,客观缠论信号为二卖，60分钟笔方向向上（冲顶模式），因此实际交易动作是二卖（笔方向向上时优先卖点）,22.32,22.30,24.11,0.1816,0.1692,否
2026-05-18 13:50:26,二卖,否,警戒,600900,长江电力,26.88,安全,二卖,向上,无信号,客观缠论信号为二卖，60分钟笔方向向上（冲顶模式），因此实际交易动作是二卖（笔方向向上时优先卖点）,26.66,26.90,27.03,-0.0251,-0.0156,否
2026-05-18 13:50:26,观望,否,警戒,600660,福耀玻璃,55.15,日线破位,无信号,向下,无信号,客观缠论信号为无信号，60分钟笔方向向下，中枢震荡，观望,55.27,55.65,58.35,-0.4583,-0.5169,否
2026-05-18 13:50:26,观望,否,警戒,002507,涪陵榨菜,11.85,日线破位,二卖,向下,无信号,客观缠论信号为二卖，60分钟笔方向向下，中枢震荡，观望,12.23,12.28,12.33,-0.0663,-0.0640,否
2026-05-18 13:50:26,二买,否,警戒,000338,潍柴动力,33.12,安全,一卖+二买,向下,无信号,客观缠论信号为一卖、二买，60分钟笔方向向下（寻底模式），因此实际交易动作是二买（笔方向向下时优先买点）,25.92,23.75,33.85,-0.4159,-0.3110,否
2026-05-18 13:50:26,二卖,否,警戒,000538,云南白药,50.88,日线破位,二卖+三卖,向上,底背驰,客观缠论信号为二卖、三卖，60分钟笔方向向上（冲顶模式），因此实际交易动作是二卖（笔方向向上时优先卖点）,55.40,54.40,52.89,-0.1466,-0.1822,否
2026-05-18 13:50:26,观望,否,警戒,000423,东阿阿胶,51.11,日线破位,无信号,向上,无信号,客观缠论信号为无信号，60分钟笔方向向上，中枢震荡，观望,51.71,52.11,54.45,-0.4664,-0.4130,否
2026-05-18 13:50:26,观望,否,警戒,000651,格力电器,39.75,安全,二卖,向下,无信号,客观缠论信号为二卖，60分钟笔方向向下，中枢震荡，观望,40.28,39.51,40.57,-0.1682,-0.1130,否
2026-05-18 13:50:26,二卖,否,警戒,000895,双汇发展,26.33,安全,二卖+二买,向上,底背驰,客观缠论信号为二卖、二买，60分钟笔方向向上（冲顶模式），因此实际交易动作是二卖（笔方向向上时优先卖点）,26.11,26.51,26.98,-0.1055,-0.1077,否
2026-05-18 13:50:26,观望,否,警戒,002415,海康威视,33.02,安全,二卖,向下,底背驰,客观缠论信号为二卖，60分钟笔方向向下，中枢震荡，观望,31.96,33.30,33.87,-0.1907,-0.1968,否
2026-05-18 13:50:26,二卖,否,警戒,hk03690,美团,81.65,安全,二卖,向上,无信号,客观缠论信号为二卖，60分钟笔方向向上（冲顶模式），因此实际交易动作是二卖（笔方向向上时优先卖点）,78.70,82.40,83.75,-0.7724,-0.8136,否
2026-05-18 13:50:26,一卖,否,警戒,hk03896,金山云,7.84,安全,一卖,向上,底背驰,客观缠论信号为一卖，60分钟笔方向向上（冲顶模式），因此实际交易动作是一卖（趋势顶背驰卖出）,7.86,7.78,8.39,-0.1145,-0.1153,否
2026-05-18 13:50:26,二卖,否,警戒,hk00700,腾讯,451.20,日线破位,二卖+二买,向上,无信号,客观缠论信号为二卖、二买，60分钟笔方向向上（冲顶模式），因此实际交易动作是二卖（笔方向向上时优先卖点）,494.60,486.20,460.20,-1.8745,-1.4749,否
2026-05-18 13:50:26,一卖,否,警戒,hk09988,阿里巴巴,129.90,安全,一卖,向上,无信号,客观缠论信号为一卖，60分钟笔方向向上（冲顶模式），因此实际交易动作是一卖（趋势顶背驰卖出）,129.60,130.30,134.20,-1.4260,-1.3807,否
2026-05-18 13:50:26,二卖,否,警戒,hk01024,快手,48.34,安全,二卖,向上,无信号,客观缠论信号为二卖，60分钟笔方向向上（冲顶模式），因此实际交易动作是二卖（笔方向向上时优先卖点）,51.00,43.00,48.80,-0.5274,-0.5073,否
2026-05-18 13:50:26,二卖,否,警戒,hk06618,京东健康,42.40,安全,二卖,向上,底背驰,客观缠论信号为二卖，60分钟笔方向向上（冲顶模式），因此实际交易动作是二卖（笔方向向上时优先卖点）,40.70,46.10,45.88,-1.0911,-0.9466,否
2026-05-18 13:50:26,二卖,否,警戒,hk06862,海底捞,14.14,日线破位,二卖,向上,无信号,客观缠论信号为二卖，60分钟笔方向向上（冲顶模式），因此实际交易动作是二卖（笔方向向上时优先卖点）,14.22,14.16,14.42,-0.1653,-0.1431,否
2026-05-18 13:50:26,观望,否,警戒,600895,张江高科,34.90,安全,二卖,向下,无信号,客观缠论信号为二卖，60分钟笔方向向下，中枢震荡，观望,33.37,34.05,36.20,-0.2707,-0.3374,否
2026-05-18 13:50:26,二卖,否,警戒,000429,粤高速A,12.94,安全,二卖+二买,向上,无信号,客观缠论信号为二卖、二买，60分钟笔方向向上（冲顶模式），因此实际交易动作是二卖（笔方向向上时优先卖点）,13.29,12.48,13.13,-0.0407,-0.0340,否

2026-05-18 14:13:36,观望,是,警戒,603317,天味食品,15.91,安全,无信号,向下,无信号,客观缠论信号为无信号，60分钟笔方向向下，中枢震荡，观望,12.56,15.25,16.24,-0.0651,-0.0940,否
2026-05-18 14:13:36,二卖,是,警戒,688981,中芯国际,117.39,安全,二卖,向上,无信号,客观缠论信号为二卖，60分钟笔方向向上（冲顶模式），因此实际交易动作是二卖（笔方向向上时优先卖点）,100.13,113.50,125.00,-0.5819,-0.4481,否
2026-05-18 14:13:36,观望,是,警戒,600938,中国海油,36.78,安全,无信号,向上,无信号,客观缠论信号为无信号，60分钟笔方向向上，中枢震荡，观望,34.06,36.28,36.45,0.1571,0.1825,否
2026-05-18 14:13:36,二买,是,警戒,000333,美的集团,82.70,安全,二买,向下,无信号,客观缠论信号为二买，60分钟笔方向向下（寻底模式），因此实际交易动作是二买（笔方向向下时优先买点）,79.17,78.91,80.98,0.1224,0.1757,否
2026-05-18 14:13:36,二卖,是,警戒,000001,平安银行,10.87,安全,二卖,向上,无信号,客观缠论信号为二卖，60分钟笔方向向上（冲顶模式），因此实际交易动作是二卖（笔方向向上时优先卖点）,10.78,10.97,11.03,-0.0505,-0.0518,否
2026-05-18 14:13:36,观望,是,警戒,001391,国货航,5.34,安全,二买,向上,底背驰,客观缠论信号为二买，60分钟笔方向向上，中枢震荡，观望,5.22,5.25,5.37,-0.0167,-0.0144,否
2026-05-18 14:13:36,观望,是,警戒,hk01810,小米集团,30.22,日线破位,一卖,向下,无信号,客观缠论信号为一卖，60分钟笔方向向下，中枢震荡，观望,32.78,30.26,31.18,-0.2860,-0.2757,否
2026-05-18 14:13:36,三买,是,警戒,513130,恒生科技ETF,0.61,安全,二卖+三买,向下,无信号,客观缠论信号为二卖、三买，60分钟笔方向向下（寻底模式），因此实际交易动作是三买（突破回踩买入）,0.59,0.61,0.63,-0.0054,-0.0058,否
2026-05-18 14:13:36,三买,否,警戒,sh000001,上证指数,4120.08,安全,一卖+三买,向下,无信号,客观缠论信号为一卖、三买，60分钟笔方向向下（寻底模式），因此实际交易动作是三买（突破回踩买入）,4101.83,4079.77,4092.83,-12.7854,-14.3548,否
2026-05-18 14:13:36,观望,否,警戒,510300,沪深300ETF,4.83,安全,二买,向上,底背驰,客观缠论信号为二买，60分钟笔方向向上，中枢震荡，观望,4.68,4.86,4.91,-0.0214,-0.0213,否
2026-05-18 14:13:36,观望,否,警戒,588000,科创50ETF,1.79,安全,无信号,向下,无信号,客观缠论信号为无信号，60分钟笔方向向下，中枢震荡，观望,1.55,1.71,1.82,-0.0043,-0.0039,否
2026-05-18 14:13:36,观望,否,警戒,513100,纳指ETF,2.07,安全,无信号,向下,无信号,客观缠论信号为无信号，60分钟笔方向向下，中枢震荡，观望,1.91,1.93,2.11,-0.0069,-0.0056,否
2026-05-18 14:13:36,观望,否,警戒,513520,日经ETF,2.06,安全,无信号,向下,无信号,客观缠论信号为无信号，60分钟笔方向向下，中枢震荡，观望,2.00,2.13,2.04,-0.0131,-0.0155,否
2026-05-18 14:13:36,三买,否,警戒,512400,有色金属ETF,1.99,安全,二卖+三买,向下,无信号,客观缠论信号为二卖、三买，60分钟笔方向向下（寻底模式），因此实际交易动作是三买（突破回踩买入）,2.11,1.96,2.15,-0.0266,-0.0300,否
2026-05-18 14:13:36,观望,否,警戒,512690,酒ETF,0.45,日线破位,二卖,向下,底背驰,客观缠论信号为二卖，60分钟笔方向向下，中枢震荡，观望,0.48,0.48,0.48,-0.0023,-0.0025,否
2026-05-18 14:13:36,观望,否,警戒,159227,航空航天ETF,1.28,安全,无信号,向下,无信号,客观缠论信号为无信号，60分钟笔方向向下，中枢震荡，观望,1.23,1.30,1.31,-0.0077,-0.0087,否
2026-05-18 14:13:36,二卖,否,警戒,159992,创新药ETF,0.78,安全,二卖+二买,向上,无信号,客观缠论信号为二卖、二买，60分钟笔方向向上（冲顶模式），因此实际交易动作是二卖（笔方向向上时优先卖点）,0.79,0.77,0.83,-0.0068,-0.0068,否
2026-05-18 14:13:36,二卖,否,警戒,515050,通信ETF,1.12,安全,二卖,向上,无信号,客观缠论信号为二卖，60分钟笔方向向上（冲顶模式），因此实际交易动作是二卖（笔方向向上时优先卖点）,1.08,1.48,2.40,-0.0206,-0.0315,否
2026-05-18 14:13:36,观望,否,警戒,159915,创业板ETF,3.91,安全,无信号,向下,底背驰,客观缠论信号为无信号，60分钟笔方向向下，中枢震荡，观望,3.24,3.61,3.97,-0.0127,-0.0104,否
2026-05-18 14:13:36,二买,否,警戒,588200,科创芯片ETF,3.44,安全,一卖+二买+三买,向下,无信号,客观缠论信号为一卖、二买、三买，60分钟笔方向向下（寻底模式），因此实际交易动作是二买（笔方向向下时优先买点）,2.65,3.20,3.34,-0.0084,-0.0052,否
2026-05-18 14:13:36,观望,否,警戒,159755,电池ETF,1.16,安全,二卖,向下,无信号,客观缠论信号为二卖，60分钟笔方向向下，中枢震荡，观望,1.03,1.17,1.19,-0.0050,-0.0050,否
2026-05-18 14:13:36,观望,否,警戒,159899,软件ETF,0.84,安全,二卖,向下,无信号,客观缠论信号为二卖，60分钟笔方向向下，中枢震荡，观望,0.81,0.83,0.84,-0.0007,-0.0020,否
2026-05-18 14:13:36,观望,否,警戒,513360,教育ETF,0.49,日线破位,二卖,向下,无信号,客观缠论信号为二卖，60分钟笔方向向下，中枢震荡，观望,0.49,0.49,0.50,-0.0006,-0.0008,否
2026-05-18 14:13:36,二买,否,警戒,515790,光伏ETF,1.10,安全,二卖+二买,向下,无信号,客观缠论信号为二卖、二买，60分钟笔方向向下（寻底模式），因此实际交易动作是二买（笔方向向下时优先买点）,1.08,1.10,1.13,-0.0049,-0.0050,否
2026-05-18 14:13:36,二买,否,警戒,601668,中国建筑,4.89,安全,二买,向下,无信号,客观缠论信号为二买，60分钟笔方向向下（寻底模式），因此实际交易动作是二买（笔方向向下时优先买点）,4.88,4.91,4.95,-0.0160,-0.0158,否
2026-05-18 14:13:36,观望,否,警戒,601288,农业银行,6.60,安全,二卖,向下,无信号,客观缠论信号为二卖，60分钟笔方向向下，中枢震荡，观望,6.53,6.53,6.83,-0.0231,-0.0205,否
2026-05-18 14:13:36,二买,否,警戒,601728,中国电信,6.79,安全,二买,向下,无信号,客观缠论信号为二买，60分钟笔方向向下（寻底模式），因此实际交易动作是二买（笔方向向下时优先买点）,6.50,5.75,6.19,0.0936,0.0604,否
2026-05-18 14:13:36,观望,否,警戒,600276,恒瑞医药,52.25,日线破位,二买+三买,向上,无信号,客观缠论信号为二买、三买，60分钟笔方向向上，中枢震荡，观望,52.67,52.41,53.92,-0.5592,-0.5452,否
2026-05-18 14:13:36,观望,否,警戒,600177,雅戈尔,7.45,安全,二卖,向下,无信号,客观缠论信号为二卖，60分钟笔方向向下，中枢震荡，观望,7.50,7.25,7.53,-0.0518,-0.0543,否
2026-05-18 14:13:36,观望,否,警戒,600887,伊利股份,27.14,日线破位,无信号,向上,无信号,客观缠论信号为无信号，60分钟笔方向向上，中枢震荡，观望,27.22,27.36,27.98,-0.1391,-0.1403,否
2026-05-18 14:13:36,观望,否,警戒,601138,工业富联,68.84,安全,二卖,向下,无信号,客观缠论信号为二卖，60分钟笔方向向下，中枢震荡，观望,62.70,63.20,71.76,0.0226,-0.0185,否
2026-05-18 14:13:36,观望,否,警戒,688041,海光信息,303.13,安全,一卖,向下,无信号,客观缠论信号为一卖，60分钟笔方向向下，中枢震荡，观望,246.00,320.01,305.00,-3.5945,-4.0810,否
2026-05-18 14:13:36,一卖,否,警戒,601225,陕西煤业,24.20,安全,一卖,向上,无信号,客观缠论信号为一卖，60分钟笔方向向上（冲顶模式），因此实际交易动作是一卖（趋势顶背驰卖出）,22.32,22.30,24.11,0.1532,0.1662,否
2026-05-18 14:13:36,二买,否,警戒,600900,长江电力,26.81,安全,二卖+二买,向下,无信号,客观缠论信号为二卖、二买，60分钟笔方向向下（寻底模式），因此实际交易动作是二买（笔方向向下时优先买点）,26.66,26.90,27.03,-0.0328,-0.0207,否
2026-05-18 14:13:36,观望,否,警戒,600660,福耀玻璃,55.20,日线破位,无信号,向下,无信号,客观缠论信号为无信号，60分钟笔方向向下，中枢震荡，观望,55.27,55.65,58.35,-0.3709,-0.4708,否
2026-05-18 14:13:36,观望,否,警戒,002507,涪陵榨菜,11.83,日线破位,二卖,向下,无信号,客观缠论信号为二卖，60分钟笔方向向下，中枢震荡，观望,12.23,12.28,12.33,-0.0634,-0.0639,否
2026-05-18 14:13:36,二买,否,警戒,000338,潍柴动力,33.13,安全,一卖+二买,向下,无信号,客观缠论信号为一卖、二买，60分钟笔方向向下（寻底模式），因此实际交易动作是二买（笔方向向下时优先买点）,25.92,23.75,33.85,-0.4115,-0.3486,否
2026-05-18 14:13:36,观望,否,警戒,000538,云南白药,50.80,日线破位,二卖,向下,无信号,客观缠论信号为二卖，60分钟笔方向向下，中枢震荡，观望,55.40,54.40,51.89,-0.1256,-0.1633,否
2026-05-18 14:13:36,观望,否,警戒,000423,东阿阿胶,50.80,日线破位,无信号,向上,无信号,客观缠论信号为无信号，60分钟笔方向向上，中枢震荡，观望,51.71,52.11,54.45,-0.4863,-0.4376,否
2026-05-18 14:13:36,观望,否,警戒,000651,格力电器,39.80,安全,二卖,向下,无信号,客观缠论信号为二卖，60分钟笔方向向下，中枢震荡，观望,40.28,39.51,40.57,-0.1653,-0.1321,否
2026-05-18 14:13:36,二卖,否,警戒,000895,双汇发展,26.22,安全,二卖+二买,向上,无信号,客观缠论信号为二卖、二买，60分钟笔方向向上（冲顶模式），因此实际交易动作是二卖（笔方向向上时优先卖点）,26.11,26.51,26.98,-0.1040,-0.1061,否
2026-05-18 14:13:36,观望,否,警戒,002415,海康威视,32.82,安全,二卖,向下,底背驰,客观缠论信号为二卖，60分钟笔方向向下，中枢震荡，观望,31.96,33.30,33.87,-0.1988,-0.1965,否
2026-05-18 14:13:36,二卖,否,警戒,hk03690,美团,82.00,安全,二卖,向上,无信号,客观缠论信号为二卖，60分钟笔方向向上（冲顶模式），因此实际交易动作是二卖（笔方向向上时优先卖点）,78.70,82.40,84.55,-0.3832,-0.5392,否
2026-05-18 14:13:36,一卖,否,警戒,hk03896,金山云,7.75,日线破位,一卖,向上,无信号,客观缠论信号为一卖，60分钟笔方向向上（冲顶模式），因此实际交易动作是一卖（趋势顶背驰卖出）,7.86,7.78,8.39,-0.1134,-0.1145,否
2026-05-18 14:13:36,二卖,否,警戒,hk00700,腾讯,447.00,日线破位,二卖+二买,向上,无信号,客观缠论信号为二卖、二买，60分钟笔方向向上（冲顶模式），因此实际交易动作是二卖（笔方向向上时优先卖点）,494.60,486.20,460.20,-2.7213,-2.5216,否
2026-05-18 14:13:36,观望,否,警戒,hk09988,阿里巴巴,130.90,安全,无信号,向下,无信号,客观缠论信号为无信号，60分钟笔方向向下，中枢震荡，观望,129.60,130.30,135.80,-0.6261,-0.9376,否
2026-05-18 14:13:36,观望,否,警戒,hk01024,快手,48.34,安全,二卖,向下,无信号,客观缠论信号为二卖，60分钟笔方向向下，中枢震荡，观望,51.00,43.00,52.65,-0.3040,-0.3712,否
2026-05-18 14:13:36,观望,否,警戒,hk06618,京东健康,42.72,安全,二卖,向下,无信号,客观缠论信号为二卖，60分钟笔方向向下，中枢震荡，观望,40.70,46.10,45.30,-0.7505,-0.8512,否
2026-05-18 14:13:36,二卖,否,警戒,hk06862,海底捞,14.21,安全,二卖,向上,无信号,客观缠论信号为二卖，60分钟笔方向向上（冲顶模式），因此实际交易动作是二卖（笔方向向上时优先卖点）,14.22,14.16,14.38,-0.1560,-0.1491,否
2026-05-18 14:13:36,观望,否,警戒,600895,张江高科,34.46,安全,二卖,向下,无信号,客观缠论信号为二卖，60分钟笔方向向下，中枢震荡，观望,33.37,34.05,36.20,-0.2745,-0.3141,否
2026-05-18 14:13:36,二卖,否,警戒,000429,粤高速A,12.92,安全,二卖+二买,向上,无信号,客观缠论信号为二卖、二买，60分钟笔方向向上（冲顶模式），因此实际交易动作是二卖（笔方向向上时优先卖点）,13.29,12.48,12.91,-0.0425,-0.0371,否

2026-05-18 14:35:26,观望,是,警戒,603317,天味食品,15.73,安全,无信号,向下,无信号,客观缠论信号为无信号，60分钟笔方向向下，中枢震荡，观望,12.56,15.25,16.24,-0.0563,-0.0803,否
2026-05-18 14:35:26,二卖,是,警戒,688981,中芯国际,117.01,安全,二卖,向上,无信号,客观缠论信号为二卖，60分钟笔方向向上（冲顶模式），因此实际交易动作是二卖（笔方向向上时优先卖点）,100.13,113.50,125.00,-0.6789,-0.5236,否
2026-05-18 14:35:26,观望,是,警戒,600938,中国海油,36.73,安全,无信号,向上,无信号,客观缠论信号为无信号，60分钟笔方向向上，中枢震荡，观望,34.06,36.28,36.45,0.1155,0.1613,否
2026-05-18 14:35:26,二买,是,警戒,000333,美的集团,82.49,安全,二买,向下,无信号,客观缠论信号为二买，60分钟笔方向向下（寻底模式），因此实际交易动作是二买（笔方向向下时优先买点）,79.17,78.91,80.98,0.0954,0.1497,否
2026-05-18 14:35:26,二卖,是,警戒,000001,平安银行,10.83,安全,二卖,向上,无信号,客观缠论信号为二卖，60分钟笔方向向上（冲顶模式），因此实际交易动作是二卖（笔方向向上时优先卖点）,10.78,10.97,11.03,-0.0522,-0.0519,否
2026-05-18 14:35:26,观望,是,警戒,001391,国货航,5.34,安全,二买,向上,无信号,客观缠论信号为二买，60分钟笔方向向上，中枢震荡，观望,5.22,5.25,5.37,-0.0162,-0.0150,否
2026-05-18 14:35:26,观望,是,警戒,hk01810,小米集团,30.50,安全,一卖,向下,无信号,客观缠论信号为一卖，60分钟笔方向向下，中枢震荡，观望,32.78,30.26,31.18,-0.0997,-0.1682,否
2026-05-18 14:35:26,三买,是,警戒,513130,恒生科技ETF,0.61,安全,二卖+三买,向下,无信号,客观缠论信号为二卖、三买，60分钟笔方向向下（寻底模式），因此实际交易动作是三买（突破回踩买入）,0.59,0.61,0.63,-0.0052,-0.0056,否
2026-05-18 14:35:26,三买,否,警戒,sh000001,上证指数,4116.01,安全,一卖+三买,向下,无信号,客观缠论信号为一卖、三买，60分钟笔方向向下（寻底模式），因此实际交易动作是三买（突破回踩买入）,4101.83,4079.77,4092.83,-13.0665,-14.0972,否
2026-05-18 14:35:26,观望,否,警戒,510300,沪深300ETF,4.83,安全,二买,向上,底背驰,客观缠论信号为二买，60分钟笔方向向上，中枢震荡，观望,4.68,4.86,4.91,-0.0217,-0.0215,否
2026-05-18 14:35:26,观望,否,警戒,588000,科创50ETF,1.79,安全,无信号,向下,无信号,客观缠论信号为无信号，60分钟笔方向向下，中枢震荡，观望,1.55,1.71,1.82,-0.0052,-0.0043,否
2026-05-18 14:35:26,观望,否,警戒,513100,纳指ETF,2.06,安全,无信号,向下,无信号,客观缠论信号为无信号，60分钟笔方向向下，中枢震荡，观望,1.91,1.93,2.11,-0.0080,-0.0064,否
2026-05-18 14:35:26,观望,否,警戒,513520,日经ETF,2.05,安全,无信号,向下,无信号,客观缠论信号为无信号，60分钟笔方向向下，中枢震荡，观望,2.00,2.13,2.04,-0.0123,-0.0144,否
2026-05-18 14:35:26,三买,否,警戒,512400,有色金属ETF,2.00,安全,二卖+三买,向下,无信号,客观缠论信号为二卖、三买，60分钟笔方向向下（寻底模式），因此实际交易动作是三买（突破回踩买入）,2.11,1.96,2.15,-0.0248,-0.0283,否
2026-05-18 14:35:26,观望,否,警戒,512690,酒ETF,0.45,日线破位,二卖,向下,无信号,客观缠论信号为二卖，60分钟笔方向向下，中枢震荡，观望,0.48,0.48,0.48,-0.0022,-0.0024,否
2026-05-18 14:35:26,观望,否,警戒,159227,航空航天ETF,1.28,安全,无信号,向下,无信号,客观缠论信号为无信号，60分钟笔方向向下，中枢震荡，观望,1.23,1.30,1.31,-0.0077,-0.0083,否
2026-05-18 14:35:26,二卖,否,警戒,159992,创新药ETF,0.78,安全,二卖+二买,向上,无信号,客观缠论信号为二卖、二买，60分钟笔方向向上（冲顶模式），因此实际交易动作是二卖（笔方向向上时优先卖点）,0.79,0.77,0.83,-0.0068,-0.0068,否
2026-05-18 14:35:26,二卖,否,警戒,515050,通信ETF,1.12,安全,二卖,向上,无信号,客观缠论信号为二卖，60分钟笔方向向上（冲顶模式），因此实际交易动作是二卖（笔方向向上时优先卖点）,1.08,1.48,2.40,-0.0177,-0.0267,否
2026-05-18 14:35:26,观望,否,警戒,159915,创业板ETF,3.91,安全,无信号,向下,底背驰,客观缠论信号为无信号，60分钟笔方向向下，中枢震荡，观望,3.24,3.61,3.97,-0.0134,-0.0110,否
2026-05-18 14:35:26,二买,否,警戒,588200,科创芯片ETF,3.44,安全,一卖+二买+三买,向下,无信号,客观缠论信号为一卖、二买、三买，60分钟笔方向向下（寻底模式），因此实际交易动作是二买（笔方向向下时优先买点）,2.65,3.20,3.34,-0.0097,-0.0061,否
2026-05-18 14:35:26,观望,否,警戒,159755,电池ETF,1.16,安全,二卖,向下,无信号,客观缠论信号为二卖，60分钟笔方向向下，中枢震荡，观望,1.03,1.17,1.19,-0.0052,-0.0050,否
2026-05-18 14:35:26,观望,否,警戒,159899,软件ETF,0.84,安全,二卖,向下,无信号,客观缠论信号为二卖，60分钟笔方向向下，中枢震荡，观望,0.81,0.83,0.84,-0.0008,-0.0017,否
2026-05-18 14:35:26,观望,否,警戒,513360,教育ETF,0.49,日线破位,二卖,向下,无信号,客观缠论信号为二卖，60分钟笔方向向下，中枢震荡，观望,0.49,0.49,0.50,-0.0006,-0.0008,否
2026-05-18 14:35:26,二买,否,警戒,515790,光伏ETF,1.10,安全,二卖+二买,向下,无信号,客观缠论信号为二卖、二买，60分钟笔方向向下（寻底模式），因此实际交易动作是二买（笔方向向下时优先买点）,1.08,1.10,1.13,-0.0050,-0.0050,否
2026-05-18 14:35:26,二买,否,警戒,601668,中国建筑,4.87,日线破位,二买,向下,无信号,客观缠论信号为二买，60分钟笔方向向下（寻底模式），因此实际交易动作是二买（笔方向向下时优先买点）,4.88,4.91,4.95,-0.0172,-0.0162,否
2026-05-18 14:35:26,观望,否,警戒,601288,农业银行,6.60,安全,二卖,向下,无信号,客观缠论信号为二卖，60分钟笔方向向下，中枢震荡，观望,6.53,6.53,6.83,-0.0246,-0.0213,否
2026-05-18 14:35:26,二买,否,警戒,601728,中国电信,6.75,安全,二买,向下,无信号,客观缠论信号为二买，60分钟笔方向向下（寻底模式），因此实际交易动作是二买（笔方向向下时优先买点）,6.50,5.75,6.19,0.1023,0.0688,否
2026-05-18 14:35:26,观望,否,警戒,600276,恒瑞医药,52.22,日线破位,二买+三买,向上,无信号,客观缠论信号为二买、三买，60分钟笔方向向上，中枢震荡，观望,52.67,52.41,53.92,-0.5522,-0.5466,否
2026-05-18 14:35:26,观望,否,警戒,600177,雅戈尔,7.47,安全,二卖,向下,无信号,客观缠论信号为二卖，60分钟笔方向向下，中枢震荡，观望,7.50,7.25,7.53,-0.0486,-0.0532,否
2026-05-18 14:35:26,观望,否,警戒,600887,伊利股份,27.13,日线破位,无信号,向上,无信号,客观缠论信号为无信号，60分钟笔方向向上，中枢震荡，观望,27.22,27.36,27.98,-0.1393,-0.1401,否
2026-05-18 14:35:26,观望,否,警戒,601138,工业富联,68.74,安全,二卖,向下,无信号,客观缠论信号为二卖，60分钟笔方向向下，中枢震荡，观望,62.70,63.20,71.76,0.0140,-0.0120,否
2026-05-18 14:35:26,观望,否,警戒,688041,海光信息,302.36,安全,一卖,向下,无信号,客观缠论信号为一卖，60分钟笔方向向下，中枢震荡，观望,246.00,320.01,305.00,-3.5752,-3.9798,否
2026-05-18 14:35:26,一卖,否,警戒,601225,陕西煤业,24.28,安全,一卖,向上,无信号,客观缠论信号为一卖，60分钟笔方向向上（冲顶模式），因此实际交易动作是一卖（趋势顶背驰卖出）,22.32,22.30,24.11,0.1441,0.1618,否
2026-05-18 14:35:26,二买,否,警戒,600900,长江电力,26.82,安全,二卖+二买,向下,无信号,客观缠论信号为二卖、二买，60分钟笔方向向下（寻底模式），因此实际交易动作是二买（笔方向向下时优先买点）,26.66,26.90,27.03,-0.0369,-0.0239,否
2026-05-18 14:35:26,观望,否,警戒,600660,福耀玻璃,55.22,日线破位,无信号,向下,无信号,客观缠论信号为无信号，60分钟笔方向向下，中枢震荡，观望,55.27,55.65,58.35,-0.3336,-0.4434,否
2026-05-18 14:35:26,观望,否,警戒,002507,涪陵榨菜,11.84,日线破位,二卖,向下,无信号,客观缠论信号为二卖，60分钟笔方向向下，中枢震荡，观望,12.23,12.28,12.33,-0.0612,-0.0634,否
2026-05-18 14:35:26,二买,否,警戒,000338,潍柴动力,33.14,安全,一卖+二买,向下,无信号,客观缠论信号为一卖、二买，60分钟笔方向向下（寻底模式），因此实际交易动作是二买（笔方向向下时优先买点）,25.92,23.75,33.85,-0.3989,-0.3587,否
2026-05-18 14:35:26,观望,否,警戒,000538,云南白药,50.79,日线破位,二卖,向下,无信号,客观缠论信号为二卖，60分钟笔方向向下，中枢震荡，观望,55.40,54.40,51.89,-0.1177,-0.1542,否
2026-05-18 14:35:26,观望,否,警戒,000423,东阿阿胶,50.64,日线破位,无信号,向上,无信号,客观缠论信号为无信号，60分钟笔方向向上，中枢震荡，观望,51.71,52.11,54.45,-0.5022,-0.4506,否
2026-05-18 14:35:26,观望,否,警戒,000651,格力电器,39.79,安全,二卖,向下,无信号,客观缠论信号为二卖，60分钟笔方向向下，中枢震荡，观望,40.28,39.51,40.57,-0.1627,-0.1382,否
2026-05-18 14:35:26,二卖,否,警戒,000895,双汇发展,26.19,安全,二卖+二买,向上,无信号,客观缠论信号为二卖、二买，60分钟笔方向向上（冲顶模式），因此实际交易动作是二卖（笔方向向上时优先卖点）,26.11,26.51,26.98,-0.1066,-0.1062,否
2026-05-18 14:35:26,观望,否,警戒,002415,海康威视,32.78,安全,二卖,向下,底背驰,客观缠论信号为二卖，60分钟笔方向向下，中枢震荡，观望,31.96,33.30,33.87,-0.2047,-0.1981,否
2026-05-18 14:35:26,二卖,否,警戒,hk03690,美团,81.95,安全,二卖,向上,无信号,客观缠论信号为二卖，60分钟笔方向向上（冲顶模式），因此实际交易动作是二卖（笔方向向上时优先卖点）,78.70,82.40,84.55,-0.3610,-0.5036,否
2026-05-18 14:35:26,一卖,否,警戒,hk03896,金山云,7.75,日线破位,一卖,向上,无信号,客观缠论信号为一卖，60分钟笔方向向上（冲顶模式），因此实际交易动作是一卖（趋势顶背驰卖出）,7.86,7.78,8.39,-0.1134,-0.1145,否
2026-05-18 14:35:26,二卖,否,警戒,hk00700,腾讯,447.00,日线破位,二卖+二买,向上,无信号,客观缠论信号为二卖、二买，60分钟笔方向向上（冲顶模式），因此实际交易动作是二卖（笔方向向上时优先卖点）,494.60,486.20,460.20,-2.7213,-2.5216,否
2026-05-18 14:35:26,观望,否,警戒,hk09988,阿里巴巴,130.90,安全,无信号,向下,无信号,客观缠论信号为无信号，60分钟笔方向向下，中枢震荡，观望,129.60,130.30,135.80,-0.6261,-0.9376,否
2026-05-18 14:35:26,观望,否,警戒,hk01024,快手,48.34,安全,二卖,向下,无信号,客观缠论信号为二卖，60分钟笔方向向下，中枢震荡，观望,51.00,43.00,52.65,-0.3040,-0.3712,否
2026-05-18 14:35:26,观望,否,警戒,hk06618,京东健康,42.72,安全,二卖,向下,无信号,客观缠论信号为二卖，60分钟笔方向向下，中枢震荡，观望,40.70,46.10,45.30,-0.7505,-0.8512,否
2026-05-18 14:35:26,二卖,否,警戒,hk06862,海底捞,14.21,安全,二卖,向上,无信号,客观缠论信号为二卖，60分钟笔方向向上（冲顶模式），因此实际交易动作是二卖（笔方向向上时优先卖点）,14.22,14.16,14.38,-0.1560,-0.1491,否
2026-05-18 14:35:26,观望,否,警戒,600895,张江高科,34.41,安全,二卖,向下,无信号,客观缠论信号为二卖，60分钟笔方向向下，中枢震荡，观望,33.37,34.05,36.20,-0.2785,-0.3070,否
2026-05-18 14:35:26,二卖,否,警戒,000429,粤高速A,12.93,安全,二卖+二买,向上,无信号,客观缠论信号为二卖、二买，60分钟笔方向向上（冲顶模式），因此实际交易动作是二卖（笔方向向上时优先卖点）,13.29,12.48,12.91,-0.0409,-0.0378,否

2026-05-18 14:50:29,观望,是,警戒,603317,天味食品,15.76,安全,无信号,向下,无信号,客观缠论信号为无信号，60分钟笔方向向下，中枢震荡，观望,12.56,15.25,16.24,-0.0541,-0.0750,否
2026-05-18 14:50:29,二卖,是,警戒,688981,中芯国际,116.83,安全,二卖,向上,无信号,客观缠论信号为二卖，60分钟笔方向向上（冲顶模式），因此实际交易动作是二卖（笔方向向上时优先卖点）,100.13,113.50,125.00,-0.7228,-0.5634,否
2026-05-18 14:50:29,观望,是,警戒,600938,中国海油,36.83,安全,无信号,向上,无信号,客观缠论信号为无信号，60分钟笔方向向上，中枢震荡，观望,34.06,36.28,36.45,0.1078,0.1506,否
2026-05-18 14:50:29,二买,是,警戒,000333,美的集团,82.58,安全,二买,向下,无信号,客观缠论信号为二买，60分钟笔方向向下（寻底模式），因此实际交易动作是二买（笔方向向下时优先买点）,79.17,78.91,80.98,0.0874,0.1372,否
2026-05-18 14:50:29,二卖,是,警戒,000001,平安银行,10.83,安全,二卖,向上,无信号,客观缠论信号为二卖，60分钟笔方向向上（冲顶模式），因此实际交易动作是二卖（笔方向向上时优先卖点）,10.78,10.97,11.03,-0.0520,-0.0519,否
2026-05-18 14:50:29,观望,是,警戒,001391,国货航,5.35,安全,二买,向上,底背驰,客观缠论信号为二买，60分钟笔方向向上，中枢震荡，观望,5.22,5.25,5.37,-0.0153,-0.0151,否
2026-05-18 14:50:29,观望,是,警戒,hk01810,小米集团,30.54,安全,一卖,向下,无信号,客观缠论信号为一卖，60分钟笔方向向下，中枢震荡，观望,32.78,30.26,31.18,-0.0872,-0.1403,否
2026-05-18 14:50:29,三买,是,警戒,513130,恒生科技ETF,0.61,安全,二卖+三买,向下,无信号,客观缠论信号为二卖、三买，60分钟笔方向向下（寻底模式），因此实际交易动作是三买（突破回踩买入）,0.59,0.61,0.63,-0.0051,-0.0055,否
2026-05-18 14:50:29,三买,否,警戒,sh000001,上证指数,4116.01,安全,一卖+三买,向下,无信号,客观缠论信号为一卖、三买，60分钟笔方向向下（寻底模式），因此实际交易动作是三买（突破回踩买入）,4101.83,4079.77,4092.83,-13.0665,-14.0972,否
2026-05-18 14:50:29,观望,否,警戒,510300,沪深300ETF,4.83,安全,二买,向上,底背驰,客观缠论信号为二买，60分钟笔方向向上，中枢震荡，观望,4.68,4.86,4.91,-0.0214,-0.0215,否
2026-05-18 14:50:29,观望,否,警戒,588000,科创50ETF,1.79,安全,无信号,向下,无信号,客观缠论信号为无信号，60分钟笔方向向下，中枢震荡，观望,1.55,1.71,1.82,-0.0057,-0.0046,否
2026-05-18 14:50:29,观望,否,警戒,513100,纳指ETF,2.07,安全,无信号,向下,无信号,客观缠论信号为无信号，60分钟笔方向向下，中枢震荡，观望,1.91,1.93,2.11,-0.0079,-0.0067,否
2026-05-18 14:50:29,观望,否,警戒,513520,日经ETF,2.05,安全,无信号,向下,无信号,客观缠论信号为无信号，60分钟笔方向向下，中枢震荡，观望,2.00,2.13,2.04,-0.0119,-0.0139,否
2026-05-18 14:50:29,三买,否,警戒,512400,有色金属ETF,2.00,安全,二卖+三买,向下,无信号,客观缠论信号为二卖、三买，60分钟笔方向向下（寻底模式），因此实际交易动作是三买（突破回踩买入）,2.11,1.96,2.15,-0.0237,-0.0274,否
2026-05-18 14:50:29,观望,否,警戒,512690,酒ETF,0.45,日线破位,二卖,向下,无信号,客观缠论信号为二卖，60分钟笔方向向下，中枢震荡，观望,0.48,0.48,0.48,-0.0020,-0.0023,否
2026-05-18 14:50:29,观望,否,警戒,159227,航空航天ETF,1.28,安全,无信号,向下,无信号,客观缠论信号为无信号，60分钟笔方向向下，中枢震荡，观望,1.23,1.30,1.31,-0.0076,-0.0082,否
2026-05-18 14:50:29,二卖,否,警戒,159992,创新药ETF,0.78,安全,二卖+二买,向上,无信号,客观缠论信号为二卖、二买，60分钟笔方向向上（冲顶模式），因此实际交易动作是二卖（笔方向向上时优先卖点）,0.79,0.77,0.83,-0.0067,-0.0068,否
2026-05-18 14:50:29,二卖,否,警戒,515050,通信ETF,1.12,安全,二卖,向上,无信号,客观缠论信号为二卖，60分钟笔方向向上（冲顶模式），因此实际交易动作是二卖（笔方向向上时优先卖点）,1.08,1.48,2.40,-0.0166,-0.0247,否
2026-05-18 14:50:29,观望,否,警戒,159915,创业板ETF,3.90,安全,无信号,向下,底背驰,客观缠论信号为无信号，60分钟笔方向向下，中枢震荡，观望,3.24,3.61,3.97,-0.0140,-0.0116,否
2026-05-18 14:50:29,二买,否,警戒,588200,科创芯片ETF,3.43,安全,一卖+二买+三买,向下,无信号,客观缠论信号为一卖、二买、三买，60分钟笔方向向下（寻底模式），因此实际交易动作是二买（笔方向向下时优先买点）,2.65,3.20,3.34,-0.0114,-0.0072,否
2026-05-18 14:50:29,观望,否,警戒,159755,电池ETF,1.16,安全,二卖,向下,无信号,客观缠论信号为二卖，60分钟笔方向向下，中枢震荡，观望,1.03,1.17,1.19,-0.0052,-0.0051,否
2026-05-18 14:50:29,观望,否,警戒,159899,软件ETF,0.84,安全,二卖,向下,无信号,客观缠论信号为二卖，60分钟笔方向向下，中枢震荡，观望,0.81,0.83,0.84,-0.0009,-0.0016,否
2026-05-18 14:50:29,观望,否,警戒,513360,教育ETF,0.49,日线破位,二卖,向下,无信号,客观缠论信号为二卖，60分钟笔方向向下，中枢震荡，观望,0.49,0.49,0.50,-0.0005,-0.0007,否
2026-05-18 14:50:29,二买,否,警戒,515790,光伏ETF,1.10,安全,二卖+二买,向下,无信号,客观缠论信号为二卖、二买，60分钟笔方向向下（寻底模式），因此实际交易动作是二买（笔方向向下时优先买点）,1.08,1.10,1.13,-0.0051,-0.0050,否
2026-05-18 14:50:29,二买,否,警戒,601668,中国建筑,4.88,安全,二买,向下,无信号,客观缠论信号为二买，60分钟笔方向向下（寻底模式），因此实际交易动作是二买（笔方向向下时优先买点）,4.88,4.91,4.95,-0.0166,-0.0163,否
2026-05-18 14:50:29,观望,否,警戒,601288,农业银行,6.60,安全,二卖,向下,无信号,客观缠论信号为二卖，60分钟笔方向向下，中枢震荡，观望,6.53,6.53,6.83,-0.0254,-0.0221,否
2026-05-18 14:50:29,二买,否,警戒,601728,中国电信,6.83,安全,二买,向下,无信号,客观缠论信号为二买，60分钟笔方向向下（寻底模式），因此实际交易动作是二买（笔方向向下时优先买点）,6.50,5.75,6.19,0.1143,0.0779,否
2026-05-18 14:50:29,观望,否,警戒,600276,恒瑞医药,52.22,日线破位,二买+三买,向上,无信号,客观缠论信号为二买、三买，60分钟笔方向向上，中枢震荡，观望,52.67,52.41,53.92,-0.5404,-0.5454,否
2026-05-18 14:50:29,观望,否,警戒,600177,雅戈尔,7.48,安全,二卖,向下,无信号,客观缠论信号为二卖，60分钟笔方向向下，中枢震荡，观望,7.50,7.25,7.53,-0.0448,-0.0515,否
2026-05-18 14:50:29,观望,否,警戒,600887,伊利股份,27.24,安全,无信号,向上,无信号,客观缠论信号为无信号，60分钟笔方向向上，中枢震荡，观望,27.22,27.36,27.98,-0.1291,-0.1379,否
2026-05-18 14:50:29,观望,否,警戒,601138,工业富联,68.70,安全,二卖,向下,无信号,客观缠论信号为二卖，60分钟笔方向向下，中枢震荡，观望,62.70,63.20,71.76,0.0039,-0.0088,否
2026-05-18 14:50:29,观望,否,警戒,688041,海光信息,301.61,安全,一卖,向下,无信号,客观缠论信号为一卖，60分钟笔方向向下，中枢震荡，观望,246.00,320.01,305.00,-3.5791,-3.8997,否
2026-05-18 14:50:29,一卖,否,警戒,601225,陕西煤业,24.33,安全,一卖,向上,无信号,客观缠论信号为一卖，60分钟笔方向向上（冲顶模式），因此实际交易动作是一卖（趋势顶背驰卖出）,22.32,22.30,24.11,0.1392,0.1573,否
2026-05-18 14:50:29,二买,否,警戒,600900,长江电力,26.85,安全,二卖+二买,向下,无信号,客观缠论信号为二卖、二买，60分钟笔方向向下（寻底模式），因此实际交易动作是二买（笔方向向下时优先买点）,26.66,26.90,27.03,-0.0373,-0.0266,否
2026-05-18 14:50:29,观望,否,警戒,600660,福耀玻璃,55.31,安全,无信号,向下,无信号,客观缠论信号为无信号，60分钟笔方向向下，中枢震荡，观望,55.27,55.65,58.35,-0.2935,-0.4134,否
2026-05-18 14:50:29,观望,否,警戒,002507,涪陵榨菜,11.86,日线破位,二卖,向下,无信号,客观缠论信号为二卖，60分钟笔方向向下，中枢震荡，观望,12.23,12.28,12.33,-0.0572,-0.0621,否
2026-05-18 14:50:29,二买,否,警戒,000338,潍柴动力,33.22,安全,一卖+二买,向下,无信号,客观缠论信号为一卖、二买，60分钟笔方向向下（寻底模式），因此实际交易动作是二买（笔方向向下时优先买点）,25.92,23.75,33.85,-0.3781,-0.3626,否
2026-05-18 14:50:29,观望,否,警戒,000538,云南白药,50.81,日线破位,二卖,向下,无信号,客观缠论信号为二卖，60分钟笔方向向下，中枢震荡，观望,55.40,54.40,51.89,-0.1086,-0.1451,否
2026-05-18 14:50:29,观望,否,警戒,000423,东阿阿胶,50.58,日线破位,无信号,向上,无信号,客观缠论信号为无信号，60分钟笔方向向上，中枢震荡，观望,51.71,52.11,54.45,-0.5137,-0.4632,否
2026-05-18 14:50:29,观望,否,警戒,000651,格力电器,39.75,安全,二卖,向下,无信号,客观缠论信号为二卖，60分钟笔方向向下，中枢震荡，观望,40.28,39.51,40.57,-0.1620,-0.1430,否
2026-05-18 14:50:29,二卖,否,警戒,000895,双汇发展,26.28,安全,二卖+二买,向上,无信号,客观缠论信号为二卖、二买，60分钟笔方向向上（冲顶模式），因此实际交易动作是二卖（笔方向向上时优先卖点）,26.11,26.51,26.98,-0.1003,-0.1050,否
2026-05-18 14:50:29,观望,否,警戒,002415,海康威视,32.78,安全,二卖,向下,底背驰,客观缠论信号为二卖，60分钟笔方向向下，中枢震荡，观望,31.96,33.30,33.87,-0.2069,-0.1999,否
2026-05-18 14:50:29,二卖,否,警戒,hk03690,美团,81.95,安全,二卖,向上,无信号,客观缠论信号为二卖，60分钟笔方向向上（冲顶模式），因此实际交易动作是二卖（笔方向向上时优先卖点）,78.70,82.40,84.55,-0.3395,-0.4708,否
2026-05-18 14:50:29,一卖,否,警戒,hk03896,金山云,7.68,日线破位,一卖,向上,无信号,客观缠论信号为一卖，60分钟笔方向向上（冲顶模式），因此实际交易动作是一卖（趋势顶背驰卖出）,7.86,7.78,8.39,-0.1207,-0.1166,否
2026-05-18 14:50:29,二卖,否,警戒,hk00700,腾讯,447.00,日线破位,二卖+二买,向上,无信号,客观缠论信号为二卖、二买，60分钟笔方向向上（冲顶模式），因此实际交易动作是二卖（笔方向向上时优先卖点）,494.60,486.20,460.20,-2.7213,-2.5216,否
2026-05-18 14:50:29,观望,否,警戒,hk09988,阿里巴巴,130.90,安全,无信号,向下,无信号,客观缠论信号为无信号，60分钟笔方向向下，中枢震荡，观望,129.60,130.30,135.80,-0.6261,-0.9376,否
2026-05-18 14:50:29,观望,否,警戒,hk01024,快手,48.34,安全,二卖,向下,无信号,客观缠论信号为二卖，60分钟笔方向向下，中枢震荡，观望,51.00,43.00,52.65,-0.3040,-0.3712,否
2026-05-18 14:50:29,观望,否,警戒,hk06618,京东健康,42.72,安全,二卖,向下,无信号,客观缠论信号为二卖，60分钟笔方向向下，中枢震荡，观望,40.70,46.10,45.30,-0.7505,-0.8512,否
2026-05-18 14:50:29,二卖,否,警戒,hk06862,海底捞,14.15,日线破位,二卖,向上,无信号,客观缠论信号为二卖，60分钟笔方向向上（冲顶模式），因此实际交易动作是二卖（笔方向向上时优先卖点）,14.22,14.16,14.38,-0.1380,-0.1455,否
2026-05-18 14:50:29,观望,否,警戒,600895,张江高科,34.39,安全,二卖,向下,无信号,客观缠论信号为二卖，60分钟笔方向向下，中枢震荡，观望,33.37,34.05,36.20,-0.2800,-0.3016,否
2026-05-18 14:50:29,二卖,否,警戒,000429,粤高速A,12.98,安全,二卖+二买,向上,无信号,客观缠论信号为二卖、二买，60分钟笔方向向上（冲顶模式），因此实际交易动作是二卖（笔方向向上时优先卖点）,13.29,12.48,12.91,-0.0351,-0.0373,否

2026-05-18 15:13:37,观望,是,警戒,603317,天味食品,15.87,安全,无信号,向下,无信号,客观缠论信号为无信号，60分钟笔方向向下，中枢震荡，观望,12.56,15.25,16.24,-0.0430,-0.0686,否
2026-05-18 15:13:37,二卖,是,警戒,688981,中芯国际,117.62,安全,二卖,向上,无信号,客观缠论信号为二卖，60分钟笔方向向上（冲顶模式），因此实际交易动作是二卖（笔方向向上时优先卖点）,100.13,113.50,125.00,-0.6859,-0.5879,否
2026-05-18 15:13:37,观望,是,警戒,600938,中国海油,36.90,安全,无信号,向上,无信号,客观缠论信号为无信号，60分钟笔方向向上，中枢震荡，观望,34.06,36.28,36.45,0.1062,0.1417,否
2026-05-18 15:13:37,二买,是,警戒,000333,美的集团,82.83,安全,二买,向下,无信号,客观缠论信号为二买，60分钟笔方向向下（寻底模式），因此实际交易动作是二买（笔方向向下时优先买点）,79.17,78.91,80.98,0.1001,0.1298,否
2026-05-18 15:13:37,二卖,是,警戒,000001,平安银行,10.86,安全,二卖,向上,底背驰,客观缠论信号为二卖，60分钟笔方向向上（冲顶模式），因此实际交易动作是二卖（笔方向向上时优先卖点）,10.78,10.97,11.03,-0.0488,-0.0513,否
2026-05-18 15:13:37,观望,是,警戒,001391,国货航,5.37,安全,二买,向上,底背驰,客观缠论信号为二买，60分钟笔方向向上，中枢震荡，观望,5.22,5.25,5.37,-0.0129,-0.0147,否
2026-05-18 15:13:37,观望,是,警戒,hk01810,小米集团,30.54,安全,一卖,向下,无信号,客观缠论信号为一卖，60分钟笔方向向下，中枢震荡，观望,32.78,30.26,31.18,-0.0872,-0.1403,否
2026-05-18 15:13:37,观望,是,警戒,513130,恒生科技ETF,0.61,安全,二卖,向下,无信号,客观缠论信号为二卖，60分钟笔方向向下，中枢震荡，观望,0.59,0.61,0.63,-0.0047,-0.0053,否
2026-05-18 15:13:37,三买,否,警戒,sh000001,上证指数,4131.53,安全,一卖+三买,向下,无信号,客观缠论信号为一卖、三买，60分钟笔方向向下（寻底模式），因此实际交易动作是三买（突破回踩买入）,4101.83,4079.77,4092.83,-11.5949,-13.3141,否
2026-05-18 15:13:37,观望,否,警戒,510300,沪深300ETF,4.85,安全,二买,向上,底背驰,客观缠论信号为二买，60分钟笔方向向上，中枢震荡，观望,4.68,4.86,4.91,-0.0194,-0.0211,否
2026-05-18 15:13:37,观望,否,警戒,588000,科创50ETF,1.80,安全,无信号,向下,无信号,客观缠论信号为无信号，60分钟笔方向向下，中枢震荡，观望,1.55,1.71,1.82,-0.0049,-0.0046,否
2026-05-18 15:13:37,观望,否,警戒,513100,纳指ETF,2.07,安全,无信号,向下,底背驰,客观缠论信号为无信号，60分钟笔方向向下，中枢震荡，观望,1.91,1.93,2.11,-0.0080,-0.0069,否
2026-05-18 15:13:37,二卖,否,警戒,513520,日经ETF,2.06,安全,二卖,向上,无信号,客观缠论信号为二卖，60分钟笔方向向上（冲顶模式），因此实际交易动作是二卖（笔方向向上时优先卖点）,2.00,2.13,2.04,-0.0111,-0.0134,否
2026-05-18 15:13:37,二卖,否,警戒,512400,有色金属ETF,2.01,安全,二卖+三买,向上,无信号,客观缠论信号为二卖、三买，60分钟笔方向向上（冲顶模式），因此实际交易动作是二卖（笔方向向上时优先卖点）,2.11,1.96,2.15,-0.0215,-0.0262,否
2026-05-18 15:13:37,观望,否,警戒,512690,酒ETF,0.45,日线破位,二卖,向下,无信号,客观缠论信号为二卖，60分钟笔方向向下，中枢震荡，观望,0.48,0.48,0.48,-0.0019,-0.0022,否
2026-05-18 15:13:37,观望,否,警戒,159227,航空航天ETF,1.29,安全,无信号,向下,无信号,客观缠论信号为无信号，60分钟笔方向向下，中枢震荡，观望,1.23,1.30,1.31,-0.0070,-0.0079,否
2026-05-18 15:13:37,二卖,否,警戒,159992,创新药ETF,0.78,安全,二卖+二买,向上,无信号,客观缠论信号为二卖、二买，60分钟笔方向向上（冲顶模式），因此实际交易动作是二卖（笔方向向上时优先卖点）,0.79,0.77,0.83,-0.0061,-0.0066,否
2026-05-18 15:13:37,二卖,否,警戒,515050,通信ETF,1.13,安全,二卖,向上,无信号,客观缠论信号为二卖，60分钟笔方向向上（冲顶模式），因此实际交易动作是二卖（笔方向向上时优先卖点）,1.08,1.48,2.40,-0.0151,-0.0228,否
2026-05-18 15:13:37,观望,否,警戒,159915,创业板ETF,3.92,安全,无信号,向下,底背驰,客观缠论信号为无信号，60分钟笔方向向下，中枢震荡，观望,3.24,3.61,3.97,-0.0127,-0.0118,否
2026-05-18 15:13:37,二买,否,警戒,588200,科创芯片ETF,3.46,安全,一卖+二买+三买,向下,无信号,客观缠论信号为一卖、二买、三买，60分钟笔方向向下（寻底模式），因此实际交易动作是二买（笔方向向下时优先买点）,2.65,3.20,3.34,-0.0103,-0.0078,否
2026-05-18 15:13:37,观望,否,警戒,159755,电池ETF,1.16,安全,二卖,向下,无信号,客观缠论信号为二卖，60分钟笔方向向下，中枢震荡，观望,1.03,1.17,1.19,-0.0048,-0.0050,否
2026-05-18 15:13:37,二卖,否,警戒,159899,软件ETF,0.84,安全,二卖+三买,向上,无信号,客观缠论信号为二卖、三买，60分钟笔方向向上（冲顶模式），因此实际交易动作是二卖（笔方向向上时优先卖点）,0.81,0.83,0.84,-0.0006,-0.0014,否
2026-05-18 15:13:37,观望,否,警戒,513360,教育ETF,0.49,日线破位,二卖,向下,无信号,客观缠论信号为二卖，60分钟笔方向向下，中枢震荡，观望,0.49,0.49,0.50,-0.0004,-0.0006,否
2026-05-18 15:13:37,二买,否,警戒,515790,光伏ETF,1.10,安全,二卖+二买,向下,无信号,客观缠论信号为二卖、二买，60分钟笔方向向下（寻底模式），因此实际交易动作是二买（笔方向向下时优先买点）,1.08,1.10,1.13,-0.0046,-0.0049,否
2026-05-18 15:13:37,二买,否,警戒,601668,中国建筑,4.89,安全,二买,向下,无信号,客观缠论信号为二买，60分钟笔方向向下（寻底模式），因此实际交易动作是二买（笔方向向下时优先买点）,4.88,4.91,4.95,-0.0151,-0.0161,否
2026-05-18 15:13:37,观望,否,警戒,601288,农业银行,6.60,安全,二卖,向下,底背驰,客观缠论信号为二卖，60分钟笔方向向下，中枢震荡，观望,6.53,6.53,6.83,-0.0258,-0.0229,否
2026-05-18 15:13:37,二买,否,警戒,601728,中国电信,6.82,安全,二买,向下,无信号,客观缠论信号为二买，60分钟笔方向向下（寻底模式），因此实际交易动作是二买（笔方向向下时优先买点）,6.50,5.75,6.19,0.1216,0.0866,否
2026-05-18 15:13:37,观望,否,警戒,600276,恒瑞医药,52.43,安全,二买+三买,向上,底背驰,客观缠论信号为二买、三买，60分钟笔方向向上，中枢震荡，观望,52.67,52.41,53.92,-0.5082,-0.5379,否
2026-05-18 15:13:37,观望,否,警戒,600177,雅戈尔,7.50,安全,二卖,向下,无信号,客观缠论信号为二卖，60分钟笔方向向下，中枢震荡，观望,7.50,7.25,7.53,-0.0397,-0.0491,否
2026-05-18 15:13:37,观望,否,警戒,600887,伊利股份,27.29,安全,无信号,向上,无信号,客观缠论信号为无信号，60分钟笔方向向上，中枢震荡，观望,27.22,27.36,27.98,-0.1156,-0.1334,否
2026-05-18 15:13:37,观望,否,警戒,601138,工业富联,68.98,安全,二卖,向下,无信号,客观缠论信号为二卖，60分钟笔方向向下，中枢震荡，观望,62.70,63.20,71.76,0.0183,-0.0034,否
2026-05-18 15:13:37,观望,否,警戒,688041,海光信息,303.63,安全,一卖,向下,无信号,客观缠论信号为一卖，60分钟笔方向向下，中枢震荡，观望,246.00,320.01,305.00,-3.3803,-3.7958,否
2026-05-18 15:13:37,一卖,否,警戒,601225,陕西煤业,24.39,安全,一卖,向上,无信号,客观缠论信号为一卖，60分钟笔方向向上（冲顶模式），因此实际交易动作是一卖（趋势顶背驰卖出）,22.32,22.30,24.11,0.1387,0.1536,否
2026-05-18 15:13:37,二卖,否,警戒,600900,长江电力,26.89,安全,二卖+二买,向上,无信号,客观缠论信号为二卖、二买，60分钟笔方向向上（冲顶模式），因此实际交易动作是二卖（笔方向向上时优先卖点）,26.66,26.90,26.96,-0.0341,-0.0281,否
2026-05-18 15:13:37,观望,否,警戒,600660,福耀玻璃,55.41,安全,无信号,向下,无信号,客观缠论信号为无信号，60分钟笔方向向下，中枢震荡，观望,55.27,55.65,58.35,-0.2507,-0.3808,否
2026-05-18 15:13:37,观望,否,警戒,002507,涪陵榨菜,11.88,日线破位,二卖,向下,无信号,客观缠论信号为二卖，60分钟笔方向向下，中枢震荡，观望,12.23,12.28,12.33,-0.0519,-0.0601,否
2026-05-18 15:13:37,二买,否,警戒,000338,潍柴动力,33.30,安全,一卖+二买,向下,无信号,客观缠论信号为一卖、二买，60分钟笔方向向下（寻底模式），因此实际交易动作是二买（笔方向向下时优先买点）,25.92,23.75,33.85,-0.3511,-0.3603,否
2026-05-18 15:13:37,观望,否,警戒,000538,云南白药,50.86,日线破位,二卖,向下,无信号,客观缠论信号为二卖，60分钟笔方向向下，中枢震荡，观望,55.40,54.40,51.89,-0.0963,-0.1353,否
2026-05-18 15:13:37,观望,否,警戒,000423,东阿阿胶,50.74,日线破位,无信号,向上,无信号,客观缠论信号为无信号，60分钟笔方向向上，中枢震荡，观望,51.71,52.11,54.45,-0.5041,-0.4714,否
2026-05-18 15:13:37,观望,否,警戒,000651,格力电器,39.71,安全,二卖,向下,无信号,客观缠论信号为二卖，60分钟笔方向向下，中枢震荡，观望,40.28,39.51,40.57,-0.1628,-0.1469,否
2026-05-18 15:13:37,二卖,否,警戒,000895,双汇发展,26.32,安全,二卖+二买,向上,无信号,客观缠论信号为二卖、二买，60分钟笔方向向上（冲顶模式），因此实际交易动作是二卖（笔方向向上时优先卖点）,26.11,26.51,26.98,-0.0910,-0.1022,否
2026-05-18 15:13:37,二卖,否,警戒,002415,海康威视,33.00,安全,二卖,向上,底背驰,客观缠论信号为二卖，60分钟笔方向向上（冲顶模式），因此实际交易动作是二卖（笔方向向上时优先卖点）,31.96,33.30,33.87,-0.1888,-0.1977,否
2026-05-18 15:13:37,二卖,否,警戒,hk03690,美团,82.10,安全,二卖,向上,无信号,客观缠论信号为二卖，60分钟笔方向向上（冲顶模式），因此实际交易动作是二卖（笔方向向上时优先卖点）,78.70,82.40,84.55,-0.3069,-0.4380,否
2026-05-18 15:13:37,一卖,否,警戒,hk03896,金山云,7.68,日线破位,一卖,向上,无信号,客观缠论信号为一卖，60分钟笔方向向上（冲顶模式），因此实际交易动作是一卖（趋势顶背驰卖出）,7.86,7.78,8.39,-0.1207,-0.1166,否
2026-05-18 15:13:37,二卖,否,警戒,hk00700,腾讯,447.00,日线破位,二卖+二买,向上,无信号,客观缠论信号为二卖、二买，60分钟笔方向向上（冲顶模式），因此实际交易动作是二卖（笔方向向上时优先卖点）,494.60,486.20,460.20,-2.7213,-2.5216,否
2026-05-18 15:13:37,观望,否,警戒,hk09988,阿里巴巴,130.90,安全,无信号,向下,无信号,客观缠论信号为无信号，60分钟笔方向向下，中枢震荡，观望,129.60,130.30,135.80,-0.6261,-0.9376,否
2026-05-18 15:13:37,观望,否,警戒,hk01024,快手,48.42,安全,二卖,向下,无信号,客观缠论信号为二卖，60分钟笔方向向下，中枢震荡，观望,51.00,43.00,52.65,-0.2747,-0.3303,否
2026-05-18 15:13:37,观望,否,警戒,hk06618,京东健康,42.84,安全,二卖,向下,无信号,客观缠论信号为二卖，60分钟笔方向向下，中枢震荡，观望,40.70,46.10,45.30,-0.6609,-0.7744,否
2026-05-18 15:13:37,二卖,否,警戒,hk06862,海底捞,14.15,日线破位,二卖,向上,无信号,客观缠论信号为二卖，60分钟笔方向向上（冲顶模式），因此实际交易动作是二卖（笔方向向上时优先卖点）,14.22,14.16,14.38,-0.1380,-0.1455,否
2026-05-18 15:13:37,观望,否,警戒,600895,张江高科,34.53,安全,二卖,向下,无信号,客观缠论信号为二卖，60分钟笔方向向下，中枢震荡，观望,33.37,34.05,36.20,-0.2669,-0.2947,否
2026-05-18 15:13:37,二卖,否,警戒,000429,粤高速A,12.96,安全,二卖+二买,向上,无信号,客观缠论信号为二卖、二买，60分钟笔方向向上（冲顶模式），因此实际交易动作是二卖（笔方向向上时优先卖点）,13.29,12.48,13.13,-0.0319,-0.0362,否

2026-05-18 16:15:44,观望,是,警戒,603317,天味食品,15.87,安全,无信号,向下,无信号,客观缠论信号为无信号，60分钟笔方向向下，中枢震荡，观望,12.56,15.25,16.24,-0.0430,-0.0686,否
2026-05-18 16:15:44,二卖,是,警戒,688981,中芯国际,117.62,安全,二卖,向上,无信号,客观缠论信号为二卖，60分钟笔方向向上（冲顶模式），因此实际交易动作是二卖（笔方向向上时优先卖点）,115.74,109.78,125.00,-0.6859,-0.5879,否
2026-05-18 16:15:44,观望,是,警戒,600938,中国海油,36.90,安全,无信号,向上,无信号,客观缠论信号为无信号，60分钟笔方向向上，中枢震荡，观望,34.06,35.29,36.45,0.1062,0.1417,否
2026-05-18 16:15:44,二买,是,警戒,000333,美的集团,82.83,安全,二买,向下,无信号,客观缠论信号为二买，60分钟笔方向向下（寻底模式），因此实际交易动作是二买（笔方向向下时优先买点）,79.17,78.91,80.98,0.1001,0.1298,否
2026-05-18 16:15:44,二卖,是,警戒,000001,平安银行,10.86,安全,二卖,向上,底背驰,客观缠论信号为二卖，60分钟笔方向向上（冲顶模式），因此实际交易动作是二卖（笔方向向上时优先卖点）,10.78,10.67,11.03,-0.0488,-0.0513,否
2026-05-18 16:15:44,观望,是,警戒,001391,国货航,5.37,安全,二买,向上,底背驰,客观缠论信号为二买，60分钟笔方向向上，中枢震荡，观望,5.22,5.25,5.37,-0.0129,-0.0147,否
2026-05-18 16:15:44,观望,是,警戒,hk01810,小米集团,30.54,安全,一卖,向下,无信号,客观缠论信号为一卖，60分钟笔方向向下，中枢震荡，观望,32.78,30.26,31.18,-0.0872,-0.1403,否
2026-05-18 16:15:44,观望,是,警戒,513130,恒生科技ETF,0.61,安全,二卖,向下,无信号,客观缠论信号为二卖，60分钟笔方向向下，中枢震荡，观望,0.59,0.61,0.63,-0.0047,-0.0053,否
2026-05-18 16:15:44,三买,否,警戒,sh000001,上证指数,4131.53,安全,一卖+三买,向下,无信号,客观缠论信号为一卖、三买，60分钟笔方向向下（寻底模式），因此实际交易动作是三买（突破回踩买入）,4101.83,4079.77,4092.83,-11.5949,-13.3141,否
2026-05-18 16:15:44,观望,否,警戒,510300,沪深300ETF,4.85,安全,二买,向上,底背驰,客观缠论信号为二买，60分钟笔方向向上，中枢震荡，观望,4.68,4.86,4.91,-0.0194,-0.0211,否
2026-05-18 16:15:44,观望,否,警戒,588000,科创50ETF,1.80,安全,无信号,向下,无信号,客观缠论信号为无信号，60分钟笔方向向下，中枢震荡，观望,1.55,1.71,1.82,-0.0049,-0.0046,否
2026-05-18 16:15:44,观望,否,警戒,513100,纳指ETF,2.07,安全,无信号,向下,底背驰,客观缠论信号为无信号，60分钟笔方向向下，中枢震荡，观望,1.91,2.07,2.11,-0.0080,-0.0069,否
2026-05-18 16:15:44,二卖,否,警戒,513520,日经ETF,2.06,安全,二卖,向上,无信号,客观缠论信号为二卖，60分钟笔方向向上（冲顶模式），因此实际交易动作是二卖（笔方向向上时优先卖点）,1.89,2.00,2.04,-0.0111,-0.0134,否
2026-05-18 16:15:44,二卖,否,警戒,512400,有色金属ETF,2.01,安全,二卖+三买,向上,无信号,客观缠论信号为二卖、三买，60分钟笔方向向上（冲顶模式），因此实际交易动作是二卖（笔方向向上时优先卖点）,2.11,1.96,2.15,-0.0215,-0.0262,否
2026-05-18 16:15:44,观望,否,警戒,512690,酒ETF,0.45,日线破位,二卖,向下,无信号,客观缠论信号为二卖，60分钟笔方向向下，中枢震荡，观望,0.48,0.48,0.48,-0.0019,-0.0022,否
2026-05-18 16:15:44,观望,否,警戒,159227,航空航天ETF,1.29,安全,无信号,向下,无信号,客观缠论信号为无信号，60分钟笔方向向下，中枢震荡，观望,1.23,1.30,1.31,-0.0070,-0.0079,否
2026-05-18 16:15:44,二卖,否,警戒,159992,创新药ETF,0.78,安全,二卖+二买,向上,无信号,客观缠论信号为二卖、二买，60分钟笔方向向上（冲顶模式），因此实际交易动作是二卖（笔方向向上时优先卖点）,0.79,0.77,0.83,-0.0061,-0.0066,否
2026-05-18 16:15:44,二卖,否,警戒,515050,通信ETF,1.13,安全,二卖,向上,无信号,客观缠论信号为二卖，60分钟笔方向向上（冲顶模式），因此实际交易动作是二卖（笔方向向上时优先卖点）,1.08,1.48,2.40,-0.0151,-0.0228,否
2026-05-18 16:15:44,观望,否,警戒,159915,创业板ETF,3.92,安全,无信号,向下,底背驰,客观缠论信号为无信号，60分钟笔方向向下，中枢震荡，观望,3.24,3.61,3.97,-0.0127,-0.0118,否
2026-05-18 16:15:44,二买,否,警戒,588200,科创芯片ETF,3.46,安全,一卖+二买+三买,向下,无信号,客观缠论信号为一卖、二买、三买，60分钟笔方向向下（寻底模式），因此实际交易动作是二买（笔方向向下时优先买点）,2.65,3.20,3.34,-0.0103,-0.0078,否
2026-05-18 16:15:44,观望,否,警戒,159755,电池ETF,1.16,安全,二卖,向下,无信号,客观缠论信号为二卖，60分钟笔方向向下，中枢震荡，观望,1.03,1.17,1.19,-0.0048,-0.0050,否
2026-05-18 16:15:44,二卖,否,警戒,159899,软件ETF,0.84,安全,二卖+三买,向上,无信号,客观缠论信号为二卖、三买，60分钟笔方向向上（冲顶模式），因此实际交易动作是二卖（笔方向向上时优先卖点）,0.81,0.83,0.84,-0.0006,-0.0014,否
2026-05-18 16:15:44,观望,否,警戒,513360,教育ETF,0.49,日线破位,二卖,向下,无信号,客观缠论信号为二卖，60分钟笔方向向下，中枢震荡，观望,0.49,0.49,0.50,-0.0004,-0.0006,否
2026-05-18 16:15:44,二买,否,警戒,515790,光伏ETF,1.10,安全,二卖+二买,向下,无信号,客观缠论信号为二卖、二买，60分钟笔方向向下（寻底模式），因此实际交易动作是二买（笔方向向下时优先买点）,1.08,1.10,1.13,-0.0046,-0.0049,否
2026-05-18 16:15:44,二买,否,警戒,601668,中国建筑,4.89,安全,二买,向下,无信号,客观缠论信号为二买，60分钟笔方向向下（寻底模式），因此实际交易动作是二买（笔方向向下时优先买点）,4.88,4.91,4.95,-0.0151,-0.0161,否
2026-05-18 16:15:44,观望,否,警戒,601288,农业银行,6.60,安全,二卖,向下,底背驰,客观缠论信号为二卖，60分钟笔方向向下，中枢震荡，观望,6.53,6.53,6.83,-0.0258,-0.0229,否
2026-05-18 16:15:44,二买,否,警戒,601728,中国电信,6.82,安全,二买,向下,无信号,客观缠论信号为二买，60分钟笔方向向下（寻底模式），因此实际交易动作是二买（笔方向向下时优先买点）,6.80,6.75,6.19,0.1216,0.0866,否
2026-05-18 16:15:44,观望,否,警戒,600276,恒瑞医药,52.43,安全,二买+三买,向上,底背驰,客观缠论信号为二买、三买，60分钟笔方向向上，中枢震荡，观望,51.31,52.41,53.92,-0.5082,-0.5379,否
2026-05-18 16:15:44,观望,否,警戒,600177,雅戈尔,7.50,安全,二卖,向下,无信号,客观缠论信号为二卖，60分钟笔方向向下，中枢震荡，观望,7.50,7.25,7.53,-0.0397,-0.0491,否
2026-05-18 16:15:44,观望,否,警戒,600887,伊利股份,27.29,安全,无信号,向上,无信号,客观缠论信号为无信号，60分钟笔方向向上，中枢震荡，观望,27.22,27.11,27.98,-0.1156,-0.1334,否
2026-05-18 16:15:44,观望,否,警戒,601138,工业富联,68.98,安全,二卖,向下,无信号,客观缠论信号为二卖，60分钟笔方向向下，中枢震荡，观望,64.65,62.77,71.76,0.0183,-0.0034,否
2026-05-18 16:15:44,观望,否,警戒,688041,海光信息,303.63,安全,一卖,向下,无信号,客观缠论信号为一卖，60分钟笔方向向下，中枢震荡，观望,246.00,320.01,305.00,-3.3803,-3.7958,否
2026-05-18 16:15:44,一卖,否,警戒,601225,陕西煤业,24.39,安全,一卖,向上,无信号,客观缠论信号为一卖，60分钟笔方向向上（冲顶模式），因此实际交易动作是一卖（趋势顶背驰卖出）,25.15,24.22,24.11,0.1387,0.1536,否
2026-05-18 16:15:44,二卖,否,警戒,600900,长江电力,26.89,安全,二卖+二买,向上,无信号,客观缠论信号为二卖、二买，60分钟笔方向向上（冲顶模式），因此实际交易动作是二卖（笔方向向上时优先卖点）,26.66,26.60,26.96,-0.0341,-0.0281,否
2026-05-18 16:15:44,观望,否,警戒,600660,福耀玻璃,55.41,安全,无信号,向下,无信号,客观缠论信号为无信号，60分钟笔方向向下，中枢震荡，观望,55.27,55.65,58.35,-0.2507,-0.3808,否
2026-05-18 16:15:44,观望,否,警戒,002507,涪陵榨菜,11.88,日线破位,二卖,向下,无信号,客观缠论信号为二卖，60分钟笔方向向下，中枢震荡，观望,12.23,12.28,12.33,-0.0519,-0.0601,否
2026-05-18 16:15:44,二买,否,警戒,000338,潍柴动力,33.30,安全,一卖+二买,向下,无信号,客观缠论信号为一卖、二买，60分钟笔方向向下（寻底模式），因此实际交易动作是二买（笔方向向下时优先买点）,25.92,31.76,33.85,-0.3511,-0.3603,否
2026-05-18 16:15:44,观望,否,警戒,000538,云南白药,50.86,日线破位,二卖,向下,无信号,客观缠论信号为二卖，60分钟笔方向向下，中枢震荡，观望,55.40,54.40,51.89,-0.0963,-0.1353,否
2026-05-18 16:15:44,观望,否,警戒,000423,东阿阿胶,50.74,安全,无信号,向上,无信号,客观缠论信号为无信号，60分钟笔方向向上，中枢震荡，观望,50.16,49.78,54.45,-0.5041,-0.4714,否
2026-05-18 16:15:44,观望,否,警戒,000651,格力电器,39.71,安全,二卖,向下,无信号,客观缠论信号为二卖，60分钟笔方向向下，中枢震荡，观望,40.00,39.51,40.57,-0.1628,-0.1469,否
2026-05-18 16:15:44,二卖,否,警戒,000895,双汇发展,26.32,安全,二卖+二买,向上,无信号,客观缠论信号为二卖、二买，60分钟笔方向向上（冲顶模式），因此实际交易动作是二卖（笔方向向上时优先卖点）,25.75,26.51,26.98,-0.0910,-0.1022,否
2026-05-18 16:15:44,二卖,否,警戒,002415,海康威视,33.00,安全,二卖,向上,底背驰,客观缠论信号为二卖，60分钟笔方向向上（冲顶模式），因此实际交易动作是二卖（笔方向向上时优先卖点）,31.96,33.30,33.87,-0.1888,-0.1977,否
2026-05-18 16:15:44,二卖,否,警戒,hk03690,美团,82.10,安全,二卖,向上,无信号,客观缠论信号为二卖，60分钟笔方向向上（冲顶模式），因此实际交易动作是二卖（笔方向向上时优先卖点）,78.70,82.40,84.55,-0.3069,-0.4380,否
2026-05-18 16:15:44,一卖,否,警戒,hk03896,金山云,7.68,日线破位,一卖,向上,无信号,客观缠论信号为一卖，60分钟笔方向向上（冲顶模式），因此实际交易动作是一卖（趋势顶背驰卖出）,7.86,7.78,8.39,-0.1207,-0.1166,否
2026-05-18 16:15:44,二卖,否,警戒,hk00700,腾讯,447.00,日线破位,二卖+二买,向上,无信号,客观缠论信号为二卖、二买，60分钟笔方向向上（冲顶模式），因此实际交易动作是二卖（笔方向向上时优先卖点）,494.60,486.20,460.20,-2.7213,-2.5216,否
2026-05-18 16:15:44,观望,否,警戒,hk09988,阿里巴巴,130.90,安全,无信号,向下,无信号,客观缠论信号为无信号，60分钟笔方向向下，中枢震荡，观望,129.60,130.30,135.80,-0.6261,-0.9376,否
2026-05-18 16:15:44,观望,否,警戒,hk01024,快手,48.42,安全,二卖,向下,无信号,客观缠论信号为二卖，60分钟笔方向向下，中枢震荡，观望,51.00,43.00,52.65,-0.2747,-0.3303,否
2026-05-18 16:15:44,观望,否,警戒,hk06618,京东健康,42.84,安全,二卖,向下,无信号,客观缠论信号为二卖，60分钟笔方向向下，中枢震荡，观望,40.70,46.10,45.30,-0.6609,-0.7744,否
2026-05-18 16:15:44,二卖,否,警戒,hk06862,海底捞,14.15,日线破位,二卖,向上,无信号,客观缠论信号为二卖，60分钟笔方向向上（冲顶模式），因此实际交易动作是二卖（笔方向向上时优先卖点）,14.22,14.16,14.38,-0.1380,-0.1455,否
2026-05-18 16:15:44,观望,否,警戒,600895,张江高科,34.53,安全,二卖,向下,无信号,客观缠论信号为二卖，60分钟笔方向向下，中枢震荡，观望,33.37,34.05,36.20,-0.2669,-0.2947,否
2026-05-18 16:15:44,二卖,否,警戒,000429,粤高速A,12.96,安全,二卖+二买,向上,无信号,客观缠论信号为二卖、二买，60分钟笔方向向上（冲顶模式），因此实际交易动作是二卖（笔方向向上时优先卖点）,12.70,12.48,13.13,-0.0319,-0.0362,否
2026-05-18 16:15:44,观望,否,警戒,000088,盐田港,4.52,安全,无信号,向下,底背驰,客观缠论信号为无信号，60分钟笔方向向下，中枢震荡，观望,4.50,4.51,4.54,-0.0172,-0.0201,否
2026-05-18 16:15:44,观望,否,警戒,002517,恺英网络,17.34,安全,无信号,向下,底背驰,客观缠论信号为无信号，60分钟笔方向向下，中枢震荡，观望,16.68,17.74,17.92,-0.1137,-0.1188,否
2026-05-18 16:15:44,二买,否,警戒,300285,国瓷材料,38.90,安全,二买,向下,底背驰,客观缠论信号为二买，60分钟笔方向向下（寻底模式），因此实际交易动作是二买（笔方向向下时优先买点）,32.60,35.16,40.67,-0.3552,-0.3473,否
2026-05-18 16:15:44,观望,否,警戒,300474,景嘉微,64.90,安全,无信号,向下,底背驰,客观缠论信号为无信号，60分钟笔方向向下，中枢震荡，观望,64.15,65.85,66.99,-0.3170,-0.3150,否
2026-05-18 16:15:44,观望,否,警戒,600909,华安证券,6.28,安全,无信号,向下,底背驰,客观缠论信号为无信号，60分钟笔方向向下，中枢震荡，观望,5.62,5.63,5.88,0.1077,0.1101,否
2026-05-18 16:15:44,二买,否,警戒,603290,斯达半导,123.60,安全,二买+三买,向下,底背驰,客观缠论信号为二买、三买，60分钟笔方向向下（寻底模式），因此实际交易动作是二买（笔方向向下时优先买点）,107.75,106.51,110.56,-0.5341,-0.3473,否
2026-05-18 16:15:44,二买,否,警戒,603296,华勤技术,112.32,安全,二买,向下,底背驰,客观缠论信号为二买，60分钟笔方向向下（寻底模式），因此实际交易动作是二买（笔方向向下时优先买点）,101.28,108.08,116.85,-0.6687,-0.4027,否

2026-05-19 10:01:57,观望,是,警戒,603317,天味食品,15.89,安全,无信号,向下,无信号,客观缠论信号为无信号，60分钟笔方向向下，中枢震荡，观望,12.56,15.25,16.24,-0.0271,-0.0553,否
2026-05-19 10:01:57,二卖,是,警戒,688981,中芯国际,113.75,安全,二卖,向上,无信号,客观缠论信号为二卖，60分钟笔方向向上（冲顶模式），因此实际交易动作是二卖（笔方向向上时优先卖点）,115.74,109.78,125.00,-1.0646,-0.7227,否
2026-05-19 10:01:57,观望,是,警戒,600938,中国海油,36.90,安全,无信号,向上,无信号,客观缠论信号为无信号，60分钟笔方向向上，中枢震荡，观望,34.06,35.29,36.45,0.1062,0.1417,否
2026-05-19 10:01:57,二买,是,警戒,000333,美的集团,81.65,安全,二买,向下,无信号,客观缠论信号为二买，60分钟笔方向向下（寻底模式），因此实际交易动作是二买（笔方向向下时优先买点）,79.17,78.91,80.98,0.0148,0.1068,否
2026-05-19 10:01:57,二卖,是,警戒,000001,平安银行,10.91,安全,二卖,向上,底背驰,客观缠论信号为二卖，60分钟笔方向向上（冲顶模式），因此实际交易动作是二卖（笔方向向上时优先卖点）,10.78,10.67,11.03,-0.0370,-0.0471,否
2026-05-19 10:01:57,观望,是,警戒,001391,国货航,5.37,安全,二买,向上,底背驰,客观缠论信号为二买，60分钟笔方向向上，中枢震荡，观望,5.22,5.25,5.37,-0.0129,-0.0147,否
2026-05-19 10:01:57,观望,是,警戒,hk01810,小米集团,30.68,安全,一卖,向下,无信号,客观缠论信号为一卖，60分钟笔方向向下，中枢震荡，观望,32.78,30.26,31.18,0.0044,-0.0488,否
2026-05-19 10:01:57,观望,是,警戒,513130,恒生科技ETF,0.61,安全,二卖,向下,无信号,客观缠论信号为二卖，60分钟笔方向向下，中枢震荡，观望,0.59,0.61,0.63,-0.0043,-0.0051,否
2026-05-19 10:01:57,三买,否,警戒,sh000001,上证指数,4136.75,安全,一卖+三买,向下,无信号,客观缠论信号为一卖、三买，60分钟笔方向向下（寻底模式），因此实际交易动作是三买（突破回踩买入）,4101.83,4079.77,4092.83,-9.8992,-12.6311,否
2026-05-19 10:01:57,观望,否,警戒,510300,沪深300ETF,4.83,安全,二买,向上,底背驰,客观缠论信号为二买，60分钟笔方向向上，中枢震荡，观望,4.68,4.86,4.91,-0.0193,-0.0207,否
2026-05-19 10:01:57,观望,否,警戒,588000,科创50ETF,1.80,安全,无信号,向下,无信号,客观缠论信号为无信号，60分钟笔方向向下，中枢震荡，观望,1.55,1.71,1.82,-0.0049,-0.0047,否
2026-05-19 10:01:57,观望,否,警戒,513100,纳指ETF,2.07,安全,无信号,向下,底背驰,客观缠论信号为无信号，60分钟笔方向向下，中枢震荡，观望,1.91,2.07,2.11,-0.0080,-0.0069,否
2026-05-19 10:01:57,二卖,否,警戒,513520,日经ETF,2.06,安全,二卖,向上,无信号,客观缠论信号为二卖，60分钟笔方向向上（冲顶模式），因此实际交易动作是二卖（笔方向向上时优先卖点）,1.89,2.00,2.04,-0.0111,-0.0134,否
2026-05-19 10:01:57,二卖,否,警戒,512400,有色金属ETF,2.01,安全,二卖+三买,向上,无信号,客观缠论信号为二卖、三买，60分钟笔方向向上（冲顶模式），因此实际交易动作是二卖（笔方向向上时优先卖点）,2.11,1.96,2.15,-0.0215,-0.0262,否
2026-05-19 10:01:57,观望,否,警戒,512690,酒ETF,0.45,日线破位,二卖,向下,无信号,客观缠论信号为二卖，60分钟笔方向向下，中枢震荡，观望,0.48,0.48,0.48,-0.0019,-0.0022,否
2026-05-19 10:01:57,观望,否,警戒,159227,航空航天ETF,1.29,安全,无信号,向下,无信号,客观缠论信号为无信号，60分钟笔方向向下，中枢震荡，观望,1.23,1.30,1.31,-0.0070,-0.0079,否
2026-05-19 10:01:57,二卖,否,警戒,159992,创新药ETF,0.79,安全,二卖+二买,向上,无信号,客观缠论信号为二卖、二买，60分钟笔方向向上（冲顶模式），因此实际交易动作是二卖（笔方向向上时优先卖点）,0.79,0.77,0.83,-0.0050,-0.0063,否
2026-05-19 10:01:57,二卖,否,警戒,515050,通信ETF,1.13,安全,二卖,向上,无信号,客观缠论信号为二卖，60分钟笔方向向上（冲顶模式），因此实际交易动作是二卖（笔方向向上时优先卖点）,1.08,1.48,2.40,-0.0151,-0.0228,否
2026-05-19 10:01:57,观望,否,警戒,159915,创业板ETF,3.89,安全,无信号,向下,底背驰,客观缠论信号为无信号，60分钟笔方向向下，中枢震荡，观望,3.24,3.61,3.97,-0.0146,-0.0124,否
2026-05-19 10:01:57,二买,否,警戒,588200,科创芯片ETF,3.42,安全,一卖+二买+三买,向下,无信号,客观缠论信号为一卖、二买、三买，60分钟笔方向向下（寻底模式），因此实际交易动作是二买（笔方向向下时优先买点）,2.65,3.20,3.34,-0.0122,-0.0087,否
2026-05-19 10:01:57,观望,否,警戒,159755,电池ETF,1.16,安全,二卖,向下,无信号,客观缠论信号为二卖，60分钟笔方向向下，中枢震荡，观望,1.03,1.17,1.19,-0.0050,-0.0050,否
2026-05-19 10:01:57,二卖,否,警戒,159899,软件ETF,0.85,安全,二卖+三买,向上,无信号,客观缠论信号为二卖、三买，60分钟笔方向向上（冲顶模式），因此实际交易动作是二卖（笔方向向上时优先卖点）,0.81,0.83,0.84,0.0002,-0.0011,否
2026-05-19 10:01:57,观望,否,警戒,513360,教育ETF,0.49,安全,二卖,向下,无信号,客观缠论信号为二卖，60分钟笔方向向下，中枢震荡，观望,0.49,0.49,0.50,-0.0002,-0.0006,否
2026-05-19 10:01:57,二买,否,警戒,515790,光伏ETF,1.11,安全,二卖+二买,向下,无信号,客观缠论信号为二卖、二买，60分钟笔方向向下（寻底模式），因此实际交易动作是二买（笔方向向下时优先买点）,1.08,1.10,1.13,-0.0038,-0.0047,否
2026-05-19 10:01:57,二买,否,警戒,601668,中国建筑,4.89,安全,二买,向下,无信号,客观缠论信号为二买，60分钟笔方向向下（寻底模式），因此实际交易动作是二买（笔方向向下时优先买点）,4.88,4.91,4.95,-0.0151,-0.0161,否
2026-05-19 10:01:57,观望,否,警戒,601288,农业银行,6.60,安全,二卖,向下,底背驰,客观缠论信号为二卖，60分钟笔方向向下，中枢震荡，观望,6.53,6.53,6.83,-0.0258,-0.0229,否
2026-05-19 10:01:57,二买,否,警戒,601728,中国电信,7.38,安全,二买,向下,无信号,客观缠论信号为二买，60分钟笔方向向下（寻底模式），因此实际交易动作是二买（笔方向向下时优先买点）,6.80,6.75,6.19,0.1910,0.1176,否
2026-05-19 10:01:57,观望,否,警戒,600276,恒瑞医药,52.43,安全,二买+三买,向上,底背驰,客观缠论信号为二买、三买，60分钟笔方向向上，中枢震荡，观望,51.31,52.41,53.92,-0.5082,-0.5379,否
2026-05-19 10:01:57,观望,否,警戒,600177,雅戈尔,7.50,安全,二卖,向下,无信号,客观缠论信号为二卖，60分钟笔方向向下，中枢震荡，观望,7.50,7.25,7.53,-0.0397,-0.0491,否
2026-05-19 10:01:57,观望,否,警戒,600887,伊利股份,27.57,安全,无信号,向上,无信号,客观缠论信号为无信号，60分钟笔方向向上，中枢震荡，观望,27.22,27.11,27.98,-0.0648,-0.1137,否
2026-05-19 10:01:57,观望,否,警戒,601138,工业富联,67.68,安全,二卖,向下,无信号,客观缠论信号为二卖，60分钟笔方向向下，中枢震荡，观望,64.65,62.77,71.76,-0.0743,-0.0176,否
2026-05-19 10:01:57,观望,否,警戒,688041,海光信息,294.38,安全,一卖,向下,无信号,客观缠论信号为一卖，60分钟笔方向向下，中枢震荡，观望,246.00,320.01,305.00,-3.9472,-3.7724,否
2026-05-19 10:01:57,一卖,否,警戒,601225,陕西煤业,24.46,安全,一卖,向上,无信号,客观缠论信号为一卖，60分钟笔方向向上（冲顶模式），因此实际交易动作是一卖（趋势顶背驰卖出）,25.15,24.22,24.11,0.1422,0.1513,否
2026-05-19 10:01:57,二卖,否,警戒,600900,长江电力,27.15,安全,二卖+二买,向上,无信号,客观缠论信号为二卖、二买，60分钟笔方向向上（冲顶模式），因此实际交易动作是二卖（笔方向向上时优先卖点）,26.66,26.60,26.96,-0.0009,-0.0217,否
2026-05-19 10:01:57,观望,否,警戒,600660,福耀玻璃,55.34,安全,无信号,向下,无信号,客观缠论信号为无信号，60分钟笔方向向下，中枢震荡，观望,55.27,55.65,58.35,-0.2199,-0.3486,否
2026-05-19 10:01:57,观望,否,警戒,002507,涪陵榨菜,11.88,日线破位,二卖,向下,无信号,客观缠论信号为二卖，60分钟笔方向向下，中枢震荡，观望,12.23,12.28,12.33,-0.0519,-0.0601,否
2026-05-19 10:01:57,二买,否,警戒,000338,潍柴动力,33.23,安全,一卖+二买,向下,无信号,客观缠论信号为一卖、二买，60分钟笔方向向下（寻底模式），因此实际交易动作是二买（笔方向向下时优先买点）,25.92,31.76,33.85,-0.3316,-0.3545,否
2026-05-19 10:01:57,观望,否,警戒,000538,云南白药,50.86,日线破位,二卖,向下,无信号,客观缠论信号为二卖，60分钟笔方向向下，中枢震荡，观望,55.40,54.40,51.89,-0.0963,-0.1353,否
2026-05-19 10:01:57,观望,否,警戒,000423,东阿阿胶,51.19,安全,无信号,向上,无信号,客观缠论信号为无信号，60分钟笔方向向上，中枢震荡，观望,50.16,49.78,54.45,-0.4550,-0.4681,否
2026-05-19 10:01:57,观望,否,警戒,000651,格力电器,39.86,安全,二卖,向下,底背驰,客观缠论信号为二卖，60分钟笔方向向下，中枢震荡，观望,40.00,39.51,40.57,-0.1529,-0.1518,否
2026-05-19 10:01:57,二卖,否,警戒,000895,双汇发展,26.19,安全,二卖+二买,向上,无信号,客观缠论信号为二卖、二买，60分钟笔方向向上（冲顶模式），因此实际交易动作是二卖（笔方向向上时优先卖点）,25.75,26.51,26.98,-0.0930,-0.1004,否
2026-05-19 10:01:57,二卖,否,警戒,002415,海康威视,32.79,安全,二卖,向上,底背驰,客观缠论信号为二卖，60分钟笔方向向上（冲顶模式），因此实际交易动作是二卖（笔方向向上时优先卖点）,31.96,33.30,33.87,-0.1892,-0.1960,否
2026-05-19 10:01:57,二卖,否,警戒,hk03690,美团,82.60,安全,二卖,向上,无信号,客观缠论信号为二卖，60分钟笔方向向上（冲顶模式），因此实际交易动作是二卖（笔方向向上时优先卖点）,75.85,82.15,84.55,-0.0600,-0.2343,否
2026-05-19 10:01:57,一卖,否,警戒,hk03896,金山云,7.82,安全,一卖,向上,底背驰,客观缠论信号为一卖，60分钟笔方向向上（冲顶模式），因此实际交易动作是一卖（趋势顶背驰卖出）,7.80,7.78,8.39,-0.0499,-0.0812,否
2026-05-19 10:01:57,二卖,否,警戒,hk00700,腾讯,447.00,日线破位,二卖+二买,向上,无信号,客观缠论信号为二卖、二买，60分钟笔方向向上（冲顶模式），因此实际交易动作是二卖（笔方向向上时优先卖点）,494.60,486.20,460.20,-2.7213,-2.5216,否
2026-05-19 10:01:57,观望,否,警戒,hk09988,阿里巴巴,130.90,安全,无信号,向下,无信号,客观缠论信号为无信号，60分钟笔方向向下，中枢震荡，观望,129.60,130.30,135.80,-0.6261,-0.9376,否
2026-05-19 10:01:57,观望,否,警戒,hk01024,快手,48.42,安全,二卖,向下,无信号,客观缠论信号为二卖，60分钟笔方向向下，中枢震荡，观望,51.00,43.00,52.65,-0.2747,-0.3303,否
2026-05-19 10:01:57,观望,否,警戒,hk06618,京东健康,41.48,安全,二卖,向下,无信号,客观缠论信号为二卖，60分钟笔方向向下，中枢震荡，观望,39.65,41.90,45.30,-0.6229,-0.6231,否
2026-05-19 10:01:57,观望,否,警戒,hk06862,海底捞,14.36,安全,二卖,向下,无信号,客观缠论信号为二卖，60分钟笔方向向下，中枢震荡，观望,13.47,14.16,14.38,-0.0635,-0.1062,否
2026-05-19 10:01:57,观望,否,警戒,600895,张江高科,34.53,安全,二卖,向下,无信号,客观缠论信号为二卖，60分钟笔方向向下，中枢震荡，观望,33.37,34.05,36.20,-0.2669,-0.2947,否
2026-05-19 10:01:57,二卖,否,警戒,000429,粤高速A,13.08,安全,二卖+二买,向上,无信号,客观缠论信号为二卖、二买，60分钟笔方向向上（冲顶模式），因此实际交易动作是二卖（笔方向向上时优先卖点）,12.70,12.48,13.13,-0.0194,-0.0329,否
2026-05-19 10:01:57,观望,否,警戒,300474,景嘉微,64.90,安全,无信号,向下,底背驰,客观缠论信号为无信号，60分钟笔方向向下，中枢震荡，观望,64.15,65.85,66.99,-0.3170,-0.3150,否
2026-05-19 10:01:57,观望,否,警戒,600909,华安证券,6.28,安全,无信号,向下,底背驰,客观缠论信号为无信号，60分钟笔方向向下，中枢震荡，观望,6.01,6.25,5.88,0.1077,0.1101,否
2026-05-19 10:01:57,二买,否,警戒,603290,斯达半导,123.60,安全,二买+三买,向下,底背驰,客观缠论信号为二买、三买，60分钟笔方向向下（寻底模式），因此实际交易动作是二买（笔方向向下时优先买点）,107.75,106.51,110.56,-0.5341,-0.3473,否
2026-05-19 10:01:57,二买,否,警戒,603296,华勤技术,112.32,安全,二买,向下,底背驰,客观缠论信号为二买，60分钟笔方向向下（寻底模式），因此实际交易动作是二买（笔方向向下时优先买点）,101.28,108.08,116.85,-0.6687,-0.4027,否

2026-05-19 10:20:39,观望,是,警戒,603317,天味食品,15.75,安全,无信号,向下,无信号,客观缠论信号为无信号，60分钟笔方向向下，中枢震荡，观望,12.56,15.25,16.24,-0.0302,-0.0503,否
2026-05-19 10:20:39,二卖,是,警戒,688981,中芯国际,112.69,安全,二卖,向上,无信号,客观缠论信号为二卖，60分钟笔方向向上（冲顶模式），因此实际交易动作是二卖（笔方向向上时优先卖点）,115.74,109.78,125.00,-1.3175,-0.8416,否
2026-05-19 10:20:39,观望,是,警戒,600938,中国海油,36.90,安全,无信号,向上,无信号,客观缠论信号为无信号，60分钟笔方向向上，中枢震荡，观望,34.06,35.29,36.45,0.1062,0.1417,否
2026-05-19 10:20:39,二买,是,警戒,000333,美的集团,81.80,安全,二买,向下,无信号,客观缠论信号为二买，60分钟笔方向向下（寻底模式），因此实际交易动作是二买（笔方向向下时优先买点）,79.17,78.91,80.98,-0.0959,0.0400,否
2026-05-19 10:20:39,二卖,是,警戒,000001,平安银行,10.90,安全,二卖,向上,底背驰,客观缠论信号为二卖，60分钟笔方向向上（冲顶模式），因此实际交易动作是二卖（笔方向向上时优先卖点）,10.78,10.67,11.03,-0.0324,-0.0442,否
2026-05-19 10:20:39,观望,是,警戒,hk01810,小米集团,30.56,安全,一卖,向下,无信号,客观缠论信号为一卖，60分钟笔方向向下，中枢震荡，观望,32.78,30.26,31.18,-0.0037,-0.0399,否
2026-05-19 10:20:39,观望,是,警戒,513130,恒生科技ETF,0.60,安全,二卖,向下,无信号,客观缠论信号为二卖，60分钟笔方向向下，中枢震荡，观望,0.59,0.61,0.63,-0.0041,-0.0048,否
2026-05-19 10:20:39,三买,否,警戒,sh000001,上证指数,4136.75,安全,一卖+三买,向下,无信号,客观缠论信号为一卖、三买，60分钟笔方向向下（寻底模式），因此实际交易动作是三买（突破回踩买入）,4101.83,4079.77,4092.83,-9.8992,-12.6311,否
2026-05-19 10:20:39,观望,否,警戒,510300,沪深300ETF,4.79,安全,二买,向上,底背驰,客观缠论信号为二买，60分钟笔方向向上，中枢震荡，观望,4.68,4.86,4.91,-0.0231,-0.0212,否
2026-05-19 10:20:39,观望,否,警戒,588000,科创50ETF,1.76,安全,无信号,向下,无信号,客观缠论信号为无信号，60分钟笔方向向下，中枢震荡，观望,1.55,1.71,1.82,-0.0088,-0.0058,否
2026-05-19 10:20:39,观望,否,警戒,513100,纳指ETF,2.07,安全,无信号,向下,底背驰,客观缠论信号为无信号，60分钟笔方向向下，中枢震荡，观望,1.91,2.07,2.11,-0.0080,-0.0069,否
2026-05-19 10:20:39,二卖,否,警戒,513520,日经ETF,2.06,安全,二卖,向上,无信号,客观缠论信号为二卖，60分钟笔方向向上（冲顶模式），因此实际交易动作是二卖（笔方向向上时优先卖点）,1.89,2.00,2.04,-0.0111,-0.0134,否
2026-05-19 10:20:39,二卖,否,警戒,512400,有色金属ETF,2.01,安全,二卖+三买,向上,无信号,客观缠论信号为二卖、三买，60分钟笔方向向上（冲顶模式），因此实际交易动作是二卖（笔方向向上时优先卖点）,2.11,1.96,2.15,-0.0215,-0.0262,否
2026-05-19 10:20:39,观望,否,警戒,512690,酒ETF,0.45,日线破位,二卖,向下,无信号,客观缠论信号为二卖，60分钟笔方向向下，中枢震荡，观望,0.48,0.48,0.48,-0.0019,-0.0022,否
2026-05-19 10:20:39,观望,否,警戒,159227,航空航天ETF,1.29,安全,无信号,向下,无信号,客观缠论信号为无信号，60分钟笔方向向下，中枢震荡，观望,1.23,1.30,1.31,-0.0070,-0.0079,否
2026-05-19 10:20:39,二卖,否,警戒,159992,创新药ETF,0.78,安全,二卖+二买,向上,无信号,客观缠论信号为二卖、二买，60分钟笔方向向上（冲顶模式），因此实际交易动作是二卖（笔方向向上时优先卖点）,0.79,0.77,0.83,-0.0042,-0.0056,否
2026-05-19 10:20:39,二卖,否,警戒,515050,通信ETF,1.13,安全,二卖,向上,无信号,客观缠论信号为二卖，60分钟笔方向向上（冲顶模式），因此实际交易动作是二卖（笔方向向上时优先卖点）,1.08,1.48,2.40,-0.0151,-0.0228,否
2026-05-19 10:20:39,观望,否,警戒,159915,创业板ETF,3.82,安全,无信号,向下,底背驰,客观缠论信号为无信号，60分钟笔方向向下，中枢震荡，观望,3.24,3.61,3.97,-0.0238,-0.0156,否
2026-05-19 10:20:39,二买,否,警戒,588200,科创芯片ETF,3.34,安全,一卖+二买+三买,向下,无信号,客观缠论信号为一卖、二买、三买，60分钟笔方向向下（寻底模式），因此实际交易动作是二买（笔方向向下时优先买点）,2.65,3.20,3.34,-0.0236,-0.0130,否
2026-05-19 10:20:39,观望,否,警戒,159755,电池ETF,1.14,安全,二卖,向下,无信号,客观缠论信号为二卖，60分钟笔方向向下，中枢震荡，观望,1.03,1.17,1.19,-0.0079,-0.0058,否
2026-05-19 10:20:39,二卖,否,警戒,159899,软件ETF,0.85,安全,二卖+三买,向上,无信号,客观缠论信号为二卖、三买，60分钟笔方向向上（冲顶模式），因此实际交易动作是二卖（笔方向向上时优先卖点）,0.81,0.83,0.84,0.0014,-0.0002,否
2026-05-19 10:20:39,观望,否,警戒,513360,教育ETF,0.49,日线破位,二卖,向下,无信号,客观缠论信号为二卖，60分钟笔方向向下，中枢震荡，观望,0.49,0.49,0.50,-0.0001,-0.0004,否
2026-05-19 10:20:39,二买,否,警戒,515790,光伏ETF,1.09,安全,二卖+二买,向下,无信号,客观缠论信号为二卖、二买，60分钟笔方向向下（寻底模式），因此实际交易动作是二买（笔方向向下时优先买点）,1.08,1.10,1.13,-0.0045,-0.0046,否
2026-05-19 10:20:39,二买,否,警戒,601668,中国建筑,4.89,安全,二买,向下,无信号,客观缠论信号为二买，60分钟笔方向向下（寻底模式），因此实际交易动作是二买（笔方向向下时优先买点）,4.88,4.91,4.95,-0.0151,-0.0161,否
2026-05-19 10:20:39,观望,否,警戒,601288,农业银行,6.60,安全,二卖,向下,底背驰,客观缠论信号为二卖，60分钟笔方向向下，中枢震荡，观望,6.53,6.53,6.83,-0.0258,-0.0229,否
2026-05-19 10:20:39,二买,否,警戒,601728,中国电信,7.16,安全,二买,向下,无信号,客观缠论信号为二买，60分钟笔方向向下（寻底模式），因此实际交易动作是二买（笔方向向下时优先买点）,6.80,6.75,6.19,0.2035,0.1348,否
2026-05-19 10:20:39,观望,否,警戒,600276,恒瑞医药,52.43,安全,二买+三买,向上,底背驰,客观缠论信号为二买、三买，60分钟笔方向向上，中枢震荡，观望,51.31,52.41,53.92,-0.5082,-0.5379,否
2026-05-19 10:20:39,观望,否,警戒,600177,雅戈尔,7.50,安全,二卖,向下,无信号,客观缠论信号为二卖，60分钟笔方向向下，中枢震荡，观望,7.50,7.25,7.53,-0.0397,-0.0491,否
2026-05-19 10:20:39,观望,否,警戒,600887,伊利股份,27.54,安全,无信号,向上,无信号,客观缠论信号为无信号，60分钟笔方向向上，中枢震荡，观望,27.22,27.11,27.98,-0.0421,-0.0994,否
2026-05-19 10:20:39,观望,否,警戒,601138,工业富联,66.71,安全,二卖,向下,无信号,客观缠论信号为二卖，60分钟笔方向向下，中枢震荡，观望,64.65,62.77,71.76,-0.3125,-0.1043,否
2026-05-19 10:20:39,观望,否,警戒,688041,海光信息,292.24,安全,一卖,向下,无信号,客观缠论信号为一卖，60分钟笔方向向下，中枢震荡，观望,246.00,320.01,305.00,-4.4544,-3.9088,否
2026-05-19 10:20:39,一卖,否,警戒,601225,陕西煤业,24.72,安全,一卖,向上,无信号,客观缠论信号为一卖，60分钟笔方向向上（冲顶模式），因此实际交易动作是一卖（趋势顶背驰卖出）,25.15,24.22,24.11,0.1702,0.1552,否
2026-05-19 10:20:39,二卖,否,警戒,600900,长江电力,27.29,安全,二卖+二买,向上,无信号,客观缠论信号为二卖、二买，60分钟笔方向向上（冲顶模式），因此实际交易动作是二卖（笔方向向上时优先卖点）,26.66,26.60,26.96,0.0264,-0.0122,否
2026-05-19 10:20:39,观望,否,警戒,600660,福耀玻璃,54.80,日线破位,无信号,向下,无信号,客观缠论信号为无信号，60分钟笔方向向下，中枢震荡，观望,55.27,55.65,58.35,-0.2274,-0.3025,否
2026-05-19 10:20:39,二卖,否,警戒,000429,粤高速A,13.20,安全,二卖+二买,向上,无信号,客观缠论信号为二卖、二买，60分钟笔方向向上（冲顶模式），因此实际交易动作是二卖（笔方向向上时优先卖点）,12.70,12.48,13.13,0.0125,-0.0191,否
2026-05-19 10:20:39,观望,否,警戒,002507,涪陵榨菜,11.88,日线破位,二卖,向下,无信号,客观缠论信号为二卖，60分钟笔方向向下，中枢震荡，观望,12.23,12.28,12.33,-0.0519,-0.0601,否
2026-05-19 10:20:39,二买,否,警戒,000338,潍柴动力,32.12,安全,一卖+二买,向下,无信号,客观缠论信号为一卖、二买，60分钟笔方向向下（寻底模式），因此实际交易动作是二买（笔方向向下时优先买点）,25.92,31.76,33.85,-0.4151,-0.3667,否
2026-05-19 10:20:39,观望,否,警戒,000538,云南白药,50.86,日线破位,二卖,向下,无信号,客观缠论信号为二卖，60分钟笔方向向下，中枢震荡，观望,55.40,54.40,51.89,-0.0963,-0.1353,否
2026-05-19 10:20:39,观望,否,警戒,000423,东阿阿胶,51.20,安全,无信号,向上,无信号,客观缠论信号为无信号，60分钟笔方向向上，中枢震荡，观望,50.16,49.78,54.45,-0.3722,-0.4400,否
2026-05-19 10:20:39,观望,否,警戒,000651,格力电器,39.86,安全,二卖,向下,底背驰,客观缠论信号为二卖，60分钟笔方向向下，中枢震荡，观望,40.00,39.51,40.57,-0.1382,-0.1490,否
2026-05-19 10:20:39,二卖,否,警戒,000895,双汇发展,26.33,安全,二卖+二买,向上,无信号,客观缠论信号为二卖、二买，60分钟笔方向向上（冲顶模式），因此实际交易动作是二卖（笔方向向上时优先卖点）,25.75,26.51,26.98,-0.0737,-0.0923,否
2026-05-19 10:20:39,二卖,否,警戒,002415,海康威视,32.55,安全,二卖,向上,底背驰,客观缠论信号为二卖，60分钟笔方向向上（冲顶模式），因此实际交易动作是二卖（笔方向向上时优先卖点）,31.96,33.30,33.87,-0.2066,-0.1975,否
2026-05-19 10:20:39,观望,否,警戒,hk03690,美团,82.60,安全,二卖,向下,无信号,客观缠论信号为二卖，60分钟笔方向向下，中枢震荡，观望,75.85,82.15,83.75,-0.0600,-0.2343,否
2026-05-19 10:20:39,观望,否,警戒,hk03896,金山云,7.82,安全,一卖,向下,底背驰,客观缠论信号为一卖，60分钟笔方向向下，中枢震荡，观望,7.80,7.78,8.63,-0.0499,-0.0812,否
2026-05-19 10:20:39,二卖,否,警戒,hk00700,腾讯,460.80,日线破位,二卖+二买,向上,无信号,客观缠论信号为二卖、二买，60分钟笔方向向上（冲顶模式），因此实际交易动作是二卖（笔方向向上时优先卖点）,494.60,486.20,460.20,0.4885,-1.2792,否
2026-05-19 10:20:39,观望,否,警戒,hk09988,阿里巴巴,130.90,安全,无信号,向下,无信号,客观缠论信号为无信号，60分钟笔方向向下，中枢震荡，观望,129.60,130.30,135.80,-0.6261,-0.9376,否
2026-05-19 10:20:39,二卖,否,警戒,hk01024,快手,48.76,安全,二卖,向上,无信号,客观缠论信号为二卖，60分钟笔方向向上（冲顶模式），因此实际交易动作是二卖（笔方向向上时优先卖点）,51.00,43.00,52.65,-0.0478,-0.1631,否
2026-05-19 10:20:39,观望,否,警戒,hk06618,京东健康,41.28,安全,二卖,向下,无信号,客观缠论信号为二卖，60分钟笔方向向下，中枢震荡，观望,39.65,41.90,45.30,-0.6781,-0.6341,否
2026-05-19 10:20:39,观望,否,警戒,hk06862,海底捞,14.36,安全,二卖,向下,无信号,客观缠论信号为二卖，60分钟笔方向向下，中枢震荡，观望,13.47,14.16,14.38,-0.0635,-0.1062,否

2026-05-19 10:43:22,观望,是,警戒,603317,天味食品,15.67,安全,无信号,向下,无信号,客观缠论信号为无信号，60分钟笔方向向下，中枢震荡，观望,12.56,15.25,16.24,-0.0387,-0.0480,否
2026-05-19 10:43:22,二卖,是,警戒,688981,中芯国际,113.38,安全,二卖,向上,无信号,客观缠论信号为二卖，60分钟笔方向向上（冲顶模式），因此实际交易动作是二卖（笔方向向上时优先卖点）,115.74,109.78,117.69,-1.4456,-0.9624,否
2026-05-19 10:43:22,观望,是,警戒,600938,中国海油,36.63,安全,无信号,向上,无信号,客观缠论信号为无信号，60分钟笔方向向上，中枢震荡，观望,34.06,35.29,36.28,0.0346,0.0895,否
2026-05-19 10:43:22,二买,是,警戒,000333,美的集团,81.56,安全,二买,向下,无信号,客观缠论信号为二买，60分钟笔方向向下（寻底模式），因此实际交易动作是二买（笔方向向下时优先买点）,79.17,78.91,80.98,-0.1444,0.0032,否
2026-05-19 10:43:22,观望,是,警戒,000001,平安银行,10.90,安全,二卖,向下,底背驰,客观缠论信号为二卖，60分钟笔方向向下，中枢震荡，观望,10.78,10.67,11.03,-0.0324,-0.0442,否
2026-05-19 10:43:22,观望,是,警戒,hk01810,小米集团,30.56,安全,一卖,向下,无信号,客观缠论信号为一卖，60分钟笔方向向下，中枢震荡，观望,32.78,30.26,31.18,-0.0037,-0.0399,否
2026-05-19 10:43:22,观望,是,警戒,513130,恒生科技ETF,0.60,安全,二卖,向下,无信号,客观缠论信号为二卖，60分钟笔方向向下，中枢震荡，观望,0.59,0.61,0.63,-0.0040,-0.0046,否
2026-05-19 10:43:22,三买,否,警戒,sh000001,上证指数,4110.29,安全,一卖+三买,向下,无信号,客观缠论信号为一卖、三买，60分钟笔方向向下（寻底模式），因此实际交易动作是三买（突破回踩买入）,4101.83,4079.77,4092.83,-10.6100,-11.4318,否
2026-05-19 10:43:22,观望,否,警戒,510300,沪深300ETF,4.79,安全,二买,向上,底背驰,客观缠论信号为二买，60分钟笔方向向上，中枢震荡，观望,4.68,4.86,4.79,-0.0231,-0.0212,否
2026-05-19 10:43:22,观望,否,警戒,588000,科创50ETF,1.77,安全,无信号,向下,无信号,客观缠论信号为无信号，60分钟笔方向向下，中枢震荡，观望,1.55,1.71,1.82,-0.0094,-0.0065,否
2026-05-19 10:43:22,观望,否,警戒,513100,纳指ETF,2.05,安全,无信号,向下,底背驰,客观缠论信号为无信号，60分钟笔方向向下，中枢震荡，观望,1.91,2.07,2.11,-0.0102,-0.0084,否
2026-05-19 10:43:22,二卖,否,警戒,513520,日经ETF,2.04,安全,二卖,向上,无信号,客观缠论信号为二卖，60分钟笔方向向上（冲顶模式），因此实际交易动作是二卖（笔方向向上时优先卖点）,1.89,2.00,2.04,-0.0107,-0.0116,否
2026-05-19 10:43:22,二卖,否,警戒,512400,有色金属ETF,1.94,日线破位,二卖+三买,向上,无信号,客观缠论信号为二卖、三买，60分钟笔方向向上（冲顶模式），因此实际交易动作是二卖（笔方向向上时优先卖点）,2.11,1.96,2.15,-0.0266,-0.0251,否
2026-05-19 10:43:22,观望,否,警戒,512690,酒ETF,0.45,日线破位,二卖,向下,无信号,客观缠论信号为二卖，60分钟笔方向向下，中枢震荡，观望,0.48,0.48,0.48,-0.0019,-0.0022,否
2026-05-19 10:43:22,观望,否,警戒,159227,航空航天ETF,1.26,安全,无信号,向下,无信号,客观缠论信号为无信号，60分钟笔方向向下，中枢震荡，观望,1.23,1.30,1.29,-0.0102,-0.0086,否
2026-05-19 10:43:22,观望,否,警戒,159992,创新药ETF,0.78,安全,二卖,向下,无信号,客观缠论信号为二卖，60分钟笔方向向下，中枢震荡，观望,0.79,0.77,0.83,-0.0041,-0.0053,否
2026-05-19 10:43:22,二卖,否,警戒,515050,通信ETF,1.08,安全,二卖,向上,无信号,客观缠论信号为二卖，60分钟笔方向向上（冲顶模式），因此实际交易动作是二卖（笔方向向上时优先卖点）,1.08,1.48,2.40,-0.0195,-0.0200,否
2026-05-19 10:43:22,观望,否,警戒,159915,创业板ETF,3.83,安全,无信号,向下,底背驰,客观缠论信号为无信号，60分钟笔方向向下，中枢震荡，观望,3.24,3.61,3.97,-0.0269,-0.0179,否
2026-05-19 10:43:22,二买,否,警戒,588200,科创芯片ETF,3.38,安全,一卖+二买+三买,向下,底背驰,客观缠论信号为一卖、二买、三买，60分钟笔方向向下（寻底模式），因此实际交易动作是二买（笔方向向下时优先买点）,2.65,3.20,3.34,-0.0255,-0.0155,否
2026-05-19 10:43:22,观望,否,警戒,159755,电池ETF,1.14,安全,二卖,向下,无信号,客观缠论信号为二卖，60分钟笔方向向下，中枢震荡，观望,1.03,1.17,1.19,-0.0089,-0.0069,否
2026-05-19 10:43:22,二卖,否,警戒,159899,软件ETF,0.85,安全,二卖+三买,向上,顶背驰,客观缠论信号为二卖、三买，60分钟笔方向向上（冲顶模式），因此实际交易动作是二卖（笔方向向上时优先卖点）,0.81,0.83,0.84,0.0015,0.0004,否
2026-05-19 10:43:22,观望,否,警戒,513360,教育ETF,0.49,日线破位,二卖,向下,无信号,客观缠论信号为二卖，60分钟笔方向向下，中枢震荡，观望,0.49,0.49,0.50,-0.0002,-0.0003,否
2026-05-19 10:43:22,二买,否,警戒,515790,光伏ETF,1.10,安全,二卖+二买,向下,无信号,客观缠论信号为二卖、二买，60分钟笔方向向下（寻底模式），因此实际交易动作是二买（笔方向向下时优先买点）,1.08,1.10,1.13,-0.0041,-0.0045,否
2026-05-19 10:43:22,观望,否,警戒,601668,中国建筑,4.92,安全,无信号,向下,无信号,客观缠论信号为无信号，60分钟笔方向向下，中枢震荡，观望,4.88,4.91,4.95,-0.0045,-0.0111,否
2026-05-19 10:43:22,观望,否,警戒,601288,农业银行,6.67,安全,二卖,向下,底背驰,客观缠论信号为二卖，60分钟笔方向向下，中枢震荡，观望,6.53,6.53,6.68,-0.0054,-0.0147,否
2026-05-19 10:43:22,二买,否,警戒,601728,中国电信,7.03,安全,二买,向下,无信号,客观缠论信号为二买，60分钟笔方向向下（寻底模式），因此实际交易动作是二买（笔方向向下时优先买点）,6.80,6.75,6.19,0.2060,0.1616,否
2026-05-19 10:43:22,观望,否,警戒,600276,恒瑞医药,51.90,安全,二买+三买,向上,无信号,客观缠论信号为二买、三买，60分钟笔方向向上，中枢震荡，观望,51.31,52.41,53.92,-0.4610,-0.4834,否
2026-05-19 10:43:22,观望,否,警戒,600177,雅戈尔,7.52,安全,二卖,向下,无信号,客观缠论信号为二卖，60分钟笔方向向下，中枢震荡，观望,7.50,7.25,7.70,-0.0137,-0.0290,否
2026-05-19 10:43:22,观望,否,警戒,600887,伊利股份,27.42,安全,无信号,向下,无信号,客观缠论信号为无信号，60分钟笔方向向下，中枢震荡，观望,27.22,27.11,27.98,-0.0239,-0.0732,否
2026-05-19 10:43:22,观望,否,警戒,601138,工业富联,67.73,安全,二卖,向下,底背驰,客观缠论信号为二卖，60分钟笔方向向下，中枢震荡，观望,64.65,62.77,66.91,-0.3884,-0.2087,否
2026-05-19 10:43:22,观望,否,警戒,688041,海光信息,295.68,安全,一卖,向下,底背驰,客观缠论信号为一卖，60分钟笔方向向下，中枢震荡，观望,246.00,320.01,305.00,-4.7341,-4.2147,否
2026-05-19 10:43:22,观望,否,警戒,601225,陕西煤业,24.45,安全,无信号,向上,顶背驰,客观缠论信号为无信号，60分钟笔方向向上，中枢震荡，观望,25.15,24.22,24.57,0.1676,0.1619,否
2026-05-19 10:43:22,二卖,否,警戒,600900,长江电力,27.25,安全,二卖+二买,向上,无信号,客观缠论信号为二卖、二买，60分钟笔方向向上（冲顶模式），因此实际交易动作是二卖（笔方向向上时优先卖点）,26.66,26.60,27.03,0.0627,0.0127,否
2026-05-19 10:43:22,观望,否,警戒,600660,福耀玻璃,54.91,日线破位,无信号,向下,无信号,客观缠论信号为无信号，60分钟笔方向向下，中枢震荡，观望,55.27,55.65,58.35,-0.2310,-0.2772,否
2026-05-19 10:43:22,观望,否,警戒,000429,粤高速A,13.09,安全,二卖,向下,无信号,客观缠论信号为二卖，60分钟笔方向向下，中枢震荡，观望,12.70,12.48,13.13,0.0240,-0.0038,否
2026-05-19 10:43:22,观望,否,警戒,002507,涪陵榨菜,11.92,日线破位,二卖,向下,无信号,客观缠论信号为二卖，60分钟笔方向向下，中枢震荡，观望,12.23,12.28,12.33,-0.0138,-0.0328,否
2026-05-19 10:43:22,二买,否,警戒,000338,潍柴动力,32.66,安全,一卖+二买,向下,底背驰,客观缠论信号为一卖、二买，60分钟笔方向向下（寻底模式），因此实际交易动作是二买（笔方向向下时优先买点）,25.92,31.76,33.85,-0.4348,-0.3932,否
2026-05-19 10:43:22,观望,否,警戒,000538,云南白药,50.86,日线破位,二卖,向下,无信号,客观缠论信号为二卖，60分钟笔方向向下，中枢震荡，观望,55.40,54.40,51.89,-0.0313,-0.0676,否
2026-05-19 10:43:22,观望,否,警戒,000423,东阿阿胶,50.92,安全,无信号,向下,无信号,客观缠论信号为无信号，60分钟笔方向向下，中枢震荡，观望,50.16,49.78,53.53,-0.3421,-0.4069,否
2026-05-19 10:43:22,观望,否,警戒,000651,格力电器,39.66,安全,二卖,向下,底背驰,客观缠论信号为二卖，60分钟笔方向向下，中枢震荡，观望,40.00,39.51,40.57,-0.1373,-0.1445,否
2026-05-19 10:43:22,二卖,否,警戒,000895,双汇发展,26.34,安全,二卖+二买,向上,无信号,客观缠论信号为二卖、二买，60分钟笔方向向上（冲顶模式），因此实际交易动作是二卖（笔方向向上时优先卖点）,25.75,26.51,26.98,-0.0532,-0.0793,否
2026-05-19 10:43:22,二卖,否,警戒,002415,海康威视,32.82,安全,二卖,向上,底背驰,客观缠论信号为二卖，60分钟笔方向向上（冲顶模式），因此实际交易动作是二卖（笔方向向上时优先卖点）,31.96,33.30,33.87,-0.1950,-0.1991,否
2026-05-19 10:43:22,观望,否,警戒,hk03690,美团,82.60,安全,二卖,向下,无信号,客观缠论信号为二卖，60分钟笔方向向下，中枢震荡，观望,75.85,82.15,82.75,-0.0600,-0.2343,否
2026-05-19 10:43:22,观望,否,警戒,hk03896,金山云,7.82,安全,一卖,向下,底背驰,客观缠论信号为一卖，60分钟笔方向向下，中枢震荡，观望,7.80,7.78,8.63,-0.0499,-0.0812,否
2026-05-19 10:43:22,观望,否,警戒,hk00700,腾讯,460.80,日线破位,二卖,向下,无信号,客观缠论信号为二卖，60分钟笔方向向下，中枢震荡，观望,494.60,486.20,469.00,0.4885,-1.2792,否
2026-05-19 10:43:22,观望,否,警戒,hk09988,阿里巴巴,134.20,安全,无信号,向下,无信号,客观缠论信号为无信号，60分钟笔方向向下，中枢震荡，观望,129.60,130.30,135.80,0.3589,-0.0948,否
2026-05-19 10:43:22,二卖,否,警戒,hk01024,快手,48.90,安全,二卖,向上,无信号,客观缠论信号为二卖，60分钟笔方向向上（冲顶模式），因此实际交易动作是二卖（笔方向向上时优先卖点）,51.00,43.00,52.65,-0.0303,-0.1366,否
2026-05-19 10:43:22,二卖,否,警戒,hk06618,京东健康,41.28,安全,二卖,向上,无信号,客观缠论信号为二卖，60分钟笔方向向上（冲顶模式），因此实际交易动作是二卖（笔方向向上时优先卖点）,39.65,41.90,45.30,-0.7136,-0.6500,否
2026-05-19 10:43:22,观望,否,警戒,hk06862,海底捞,14.36,安全,二卖,向下,无信号,客观缠论信号为二卖，60分钟笔方向向下，中枢震荡，观望,13.47,14.16,14.42,-0.0635,-0.1062,否
2026-05-19 10:43:22,一卖,否,警戒,600415,小商品城,14.25,安全,一卖,向上,无信号,客观缠论信号为一卖，60分钟笔方向向上（冲顶模式），因此实际交易动作是一卖（趋势顶背驰卖出）,12.86,12.74,13.28,0.1167,0.0390,否

2026-05-19 11:05:22,观望,是,警戒,603317,天味食品,15.70,安全,无信号,向下,无信号,客观缠论信号为无信号，60分钟笔方向向下，中枢震荡，观望,12.56,15.25,16.24,-0.0450,-0.0465,否
2026-05-19 11:05:22,二卖,是,警戒,688981,中芯国际,114.36,安全,二卖,向上,无信号,客观缠论信号为二卖，60分钟笔方向向上（冲顶模式），因此实际交易动作是二卖（笔方向向上时优先卖点）,115.74,109.78,117.69,-1.3654,-1.1059,否
2026-05-19 11:05:22,观望,是,警戒,600938,中国海油,36.46,安全,无信号,向上,无信号,客观缠论信号为无信号，60分钟笔方向向上，中枢震荡，观望,34.06,35.29,36.28,-0.0047,0.0589,否
2026-05-19 11:05:22,二买,是,警戒,000333,美的集团,81.00,安全,二买,向下,无信号,客观缠论信号为二买，60分钟笔方向向下（寻底模式），因此实际交易动作是二买（笔方向向下时优先买点）,79.17,78.91,80.98,-0.2654,-0.0828,否
2026-05-19 11:05:22,观望,是,警戒,000001,平安银行,10.85,安全,二卖,向下,无信号,客观缠论信号为二卖，60分钟笔方向向下，中枢震荡，观望,10.78,10.67,11.03,-0.0285,-0.0365,否
2026-05-19 11:05:22,观望,是,警戒,hk01810,小米集团,30.70,安全,一卖,向下,无信号,客观缠论信号为一卖，60分钟笔方向向下，中枢震荡，观望,32.78,30.26,31.18,-0.0086,-0.0298,否
2026-05-19 11:05:22,观望,是,警戒,513130,恒生科技ETF,0.60,安全,二卖,向下,无信号,客观缠论信号为二卖，60分钟笔方向向下，中枢震荡，观望,0.59,0.61,0.63,-0.0037,-0.0043,否
2026-05-19 11:05:22,三买,否,警戒,sh000001,上证指数,4125.10,安全,一卖+三买,向下,无信号,客观缠论信号为一卖、三买，60分钟笔方向向下（寻底模式），因此实际交易动作是三买（突破回踩买入）,4101.83,4079.77,4092.83,-9.5998,-11.0654,否
2026-05-19 11:05:22,观望,否,警戒,510300,沪深300ETF,4.80,安全,二买,向上,底背驰,客观缠论信号为二买，60分钟笔方向向上，中枢震荡，观望,4.68,4.86,4.79,-0.0230,-0.0223,否
2026-05-19 11:05:22,观望,否,警戒,588000,科创50ETF,1.79,安全,无信号,向下,底背驰,客观缠论信号为无信号，60分钟笔方向向下，中枢震荡，观望,1.55,1.71,1.82,-0.0067,-0.0067,否
2026-05-19 11:05:22,观望,否,警戒,513100,纳指ETF,2.04,安全,无信号,向下,底背驰,客观缠论信号为无信号，60分钟笔方向向下，中枢震荡，观望,1.91,2.07,2.11,-0.0113,-0.0093,否
2026-05-19 11:05:22,二卖,否,警戒,513520,日经ETF,2.04,安全,二卖,向上,无信号,客观缠论信号为二卖，60分钟笔方向向上（冲顶模式），因此实际交易动作是二卖（笔方向向上时优先卖点）,1.89,2.00,2.04,-0.0109,-0.0113,否
2026-05-19 11:05:22,二卖,否,警戒,512400,有色金属ETF,1.95,日线破位,二卖+三买,向上,无信号,客观缠论信号为二卖、三买，60分钟笔方向向上（冲顶模式），因此实际交易动作是二卖（笔方向向上时优先卖点）,2.11,1.96,2.15,-0.0266,-0.0257,否
2026-05-19 11:05:22,观望,否,警戒,512690,酒ETF,0.45,日线破位,二卖,向下,无信号,客观缠论信号为二卖，60分钟笔方向向下，中枢震荡，观望,0.48,0.48,0.48,-0.0003,-0.0010,否
2026-05-19 11:05:22,观望,否,警戒,159227,航空航天ETF,1.26,安全,无信号,向下,无信号,客观缠论信号为无信号，60分钟笔方向向下，中枢震荡，观望,1.23,1.30,1.29,-0.0105,-0.0092,否
2026-05-19 11:05:22,观望,否,警戒,159992,创新药ETF,0.78,安全,二卖,向下,无信号,客观缠论信号为二卖，60分钟笔方向向下，中枢震荡，观望,0.79,0.77,0.83,-0.0040,-0.0048,否
2026-05-19 11:05:22,二卖,否,警戒,515050,通信ETF,1.10,安全,二卖,向上,无信号,客观缠论信号为二卖，60分钟笔方向向上（冲顶模式），因此实际交易动作是二卖（笔方向向上时优先卖点）,1.08,1.48,2.40,-0.0186,-0.0197,否
2026-05-19 11:05:22,观望,否,警戒,159915,创业板ETF,3.85,安全,无信号,向下,无信号,客观缠论信号为无信号，60分钟笔方向向下，中枢震荡，观望,3.24,3.61,3.97,-0.0276,-0.0213,否
2026-05-19 11:05:22,二买,否,警戒,588200,科创芯片ETF,3.42,安全,一卖+二买+三买,向下,底背驰,客观缠论信号为一卖、二买、三买，60分钟笔方向向下（寻底模式），因此实际交易动作是二买（笔方向向下时优先买点）,2.65,3.20,3.34,-0.0189,-0.0170,否
2026-05-19 11:05:22,观望,否,警戒,159755,电池ETF,1.14,安全,二卖,向下,无信号,客观缠论信号为二卖，60分钟笔方向向下，中枢震荡，观望,1.03,1.17,1.19,-0.0092,-0.0074,否
2026-05-19 11:05:22,二卖,否,警戒,159899,软件ETF,0.85,安全,二卖+三买,向上,顶背驰,客观缠论信号为二卖、三买，60分钟笔方向向上（冲顶模式），因此实际交易动作是二卖（笔方向向上时优先卖点）,0.81,0.83,0.84,0.0014,0.0006,否
2026-05-19 11:05:22,观望,否,警戒,513360,教育ETF,0.49,日线破位,二卖,向下,无信号,客观缠论信号为二卖，60分钟笔方向向下，中枢震荡，观望,0.49,0.49,0.50,-0.0002,-0.0003,否
2026-05-19 11:05:22,二买,否,警戒,515790,光伏ETF,1.10,安全,二卖+二买,向下,无信号,客观缠论信号为二卖、二买，60分钟笔方向向下（寻底模式），因此实际交易动作是二买（笔方向向下时优先买点）,1.08,1.10,1.13,-0.0039,-0.0044,否
2026-05-19 11:05:22,观望,否,警戒,601668,中国建筑,4.92,安全,无信号,向下,无信号,客观缠论信号为无信号，60分钟笔方向向下，中枢震荡，观望,4.88,4.91,4.95,-0.0027,-0.0094,否
2026-05-19 11:05:22,观望,否,警戒,601288,农业银行,6.67,安全,二卖,向下,底背驰,客观缠论信号为二卖，60分钟笔方向向下，中枢震荡，观望,6.53,6.53,6.68,-0.0035,-0.0124,否
2026-05-19 11:05:22,二买,否,警戒,601728,中国电信,7.06,安全,二买,向下,无信号,客观缠论信号为二买，60分钟笔方向向下（寻底模式），因此实际交易动作是二买（笔方向向下时优先买点）,6.80,6.75,6.19,0.2002,0.1693,否
2026-05-19 11:05:22,观望,否,警戒,600276,恒瑞医药,51.70,安全,二买+三买,向上,无信号,客观缠论信号为二买、三买，60分钟笔方向向上，中枢震荡，观望,51.31,52.41,53.92,-0.4725,-0.4812,否
2026-05-19 11:05:22,观望,否,警戒,600177,雅戈尔,7.52,安全,二卖,向下,无信号,客观缠论信号为二卖，60分钟笔方向向下，中枢震荡，观望,7.50,7.25,7.70,-0.0137,-0.0290,否
2026-05-19 11:05:22,观望,否,警戒,600887,伊利股份,27.35,安全,无信号,向下,无信号,客观缠论信号为无信号，60分钟笔方向向下，中枢震荡，观望,27.22,27.11,27.98,-0.0242,-0.0634,否
2026-05-19 11:05:22,观望,否,警戒,601138,工业富联,67.45,安全,二卖,向下,底背驰,客观缠论信号为二卖，60分钟笔方向向下，中枢震荡，观望,64.65,62.77,66.91,-0.3957,-0.2461,否
2026-05-19 11:05:22,观望,否,警戒,688041,海光信息,294.77,安全,一卖,向下,底背驰,客观缠论信号为一卖，60分钟笔方向向下，中枢震荡，观望,246.00,320.01,305.00,-4.7098,-4.3137,否
2026-05-19 11:05:22,观望,否,警戒,601225,陕西煤业,24.47,安全,无信号,向上,顶背驰,客观缠论信号为无信号，60分钟笔方向向上，中枢震荡，观望,25.15,24.22,24.57,0.1564,0.1608,否
2026-05-19 11:05:22,二卖,否,警戒,600900,长江电力,27.25,安全,二卖+二买,向上,无信号,客观缠论信号为二卖、二买，60分钟笔方向向上（冲顶模式），因此实际交易动作是二卖（笔方向向上时优先卖点）,26.66,26.60,27.03,0.0721,0.0245,否
2026-05-19 11:05:22,观望,否,警戒,600660,福耀玻璃,54.88,日线破位,无信号,向下,无信号,客观缠论信号为无信号，60分钟笔方向向下，中枢震荡，观望,55.27,55.65,58.35,-0.2283,-0.2674,否
2026-05-19 11:05:22,观望,否,警戒,000429,粤高速A,13.09,安全,二卖,向下,无信号,客观缠论信号为二卖，60分钟笔方向向下，中枢震荡，观望,12.70,12.48,13.13,0.0248,0.0019,否
2026-05-19 11:05:22,观望,否,警戒,002507,涪陵榨菜,11.92,日线破位,二卖,向下,无信号,客观缠论信号为二卖，60分钟笔方向向下，中枢震荡，观望,12.23,12.28,12.33,-0.0138,-0.0328,否
2026-05-19 11:05:22,二买,否,警戒,000338,潍柴动力,32.58,安全,一卖+二买,向下,底背驰,客观缠论信号为一卖、二买，60分钟笔方向向下（寻底模式），因此实际交易动作是二买（笔方向向下时优先买点）,25.92,31.76,33.85,-0.4263,-0.3998,否
2026-05-19 11:05:22,观望,否,警戒,000538,云南白药,50.83,日线破位,二卖,向下,无信号,客观缠论信号为二卖，60分钟笔方向向下，中枢震荡，观望,55.40,54.40,51.89,-0.0349,-0.0610,否
2026-05-19 11:05:22,观望,否,警戒,000423,东阿阿胶,50.93,安全,无信号,向下,无信号,客观缠论信号为无信号，60分钟笔方向向下，中枢震荡，观望,50.16,49.78,53.53,-0.3267,-0.3909,否
2026-05-19 11:05:22,观望,否,警戒,000651,格力电器,39.54,安全,二卖,向下,底背驰,客观缠论信号为二卖，60分钟笔方向向下，中枢震荡，观望,40.00,39.51,40.57,-0.1468,-0.1450,否
2026-05-19 11:05:22,二卖,否,警戒,000895,双汇发展,26.29,安全,二卖+二买,向上,无信号,客观缠论信号为二卖、二买，60分钟笔方向向上（冲顶模式），因此实际交易动作是二卖（笔方向向上时优先卖点）,25.75,26.51,26.98,-0.0513,-0.0737,否
2026-05-19 11:05:22,二卖,否,警戒,002415,海康威视,32.74,安全,二卖,向上,底背驰,客观缠论信号为二卖，60分钟笔方向向上（冲顶模式），因此实际交易动作是二卖（笔方向向上时优先卖点）,31.96,33.30,33.87,-0.1867,-0.1967,否
2026-05-19 11:05:22,观望,否,警戒,hk03690,美团,82.60,安全,二卖,向下,无信号,客观缠论信号为二卖，60分钟笔方向向下，中枢震荡，观望,75.85,82.15,82.75,-0.0600,-0.2343,否
2026-05-19 11:05:22,观望,否,警戒,hk03896,金山云,7.82,安全,一卖,向下,底背驰,客观缠论信号为一卖，60分钟笔方向向下，中枢震荡，观望,7.80,7.78,8.63,-0.0499,-0.0812,否
2026-05-19 11:05:22,观望,否,警戒,hk00700,腾讯,463.60,日线破位,二卖,向下,无信号,客观缠论信号为二卖，60分钟笔方向向下，中枢震荡，观望,494.60,486.20,469.00,2.6389,0.4064,否
2026-05-19 11:05:22,观望,否,警戒,hk09988,阿里巴巴,133.70,安全,无信号,向下,无信号,客观缠论信号为无信号，60分钟笔方向向下，中枢震荡，观望,129.60,130.30,135.80,0.5416,0.1299,否
2026-05-19 11:05:22,二卖,否,警戒,hk01024,快手,48.98,安全,二卖,向上,无信号,客观缠论信号为二卖，60分钟笔方向向上（冲顶模式），因此实际交易动作是二卖（笔方向向上时优先卖点）,51.00,43.00,52.65,0.0199,-0.0822,否
2026-05-19 11:05:22,二卖,否,警戒,hk06618,京东健康,41.54,安全,二卖,向上,无信号,客观缠论信号为二卖，60分钟笔方向向上（冲顶模式），因此实际交易动作是二卖（笔方向向上时优先卖点）,39.65,41.90,45.30,-0.7221,-0.6782,否
2026-05-19 11:05:22,观望,否,警戒,hk06862,海底捞,14.36,安全,二卖,向下,无信号,客观缠论信号为二卖，60分钟笔方向向下，中枢震荡，观望,13.47,14.16,14.42,-0.0635,-0.1062,否
2026-05-19 11:05:22,一卖,否,警戒,600415,小商品城,14.18,安全,一卖,向上,无信号,客观缠论信号为一卖，60分钟笔方向向上（冲顶模式），因此实际交易动作是一卖（趋势顶背驰卖出）,12.86,12.74,13.28,0.1617,0.0810,否

2026-05-19 11:20:21,观望,是,警戒,603317,天味食品,15.75,安全,无信号,向下,无信号,客观缠论信号为无信号，60分钟笔方向向下，中枢震荡，观望,12.56,15.25,16.24,-0.0425,-0.0457,否
2026-05-19 11:20:21,二卖,是,警戒,688981,中芯国际,115.35,安全,二卖,向上,无信号,客观缠论信号为二卖，60分钟笔方向向上（冲顶模式），因此实际交易动作是二卖（笔方向向上时优先卖点）,115.74,109.78,117.69,-1.2785,-1.1405,否
2026-05-19 11:20:21,观望,是,警戒,600938,中国海油,36.40,安全,无信号,向上,无信号,客观缠论信号为无信号，60分钟笔方向向上，中枢震荡，观望,34.06,35.29,36.28,-0.0258,0.0420,否
2026-05-19 11:20:21,二买,是,警戒,000333,美的集团,81.04,安全,二买,向下,无信号,客观缠论信号为二买，60分钟笔方向向下（寻底模式），因此实际交易动作是二买（笔方向向下时优先买点）,79.17,78.91,80.98,-0.3117,-0.1286,否
2026-05-19 11:20:21,观望,是,警戒,000001,平安银行,10.84,安全,二卖,向下,无信号,客观缠论信号为二卖，60分钟笔方向向下，中枢震荡，观望,10.78,10.67,11.03,-0.0292,-0.0350,否
2026-05-19 11:20:21,观望,是,警戒,hk01810,小米集团,30.62,安全,一卖,向下,无信号,客观缠论信号为一卖，60分钟笔方向向下，中枢震荡，观望,32.78,30.26,31.18,-0.0113,-0.0232,否
2026-05-19 11:20:21,观望,是,警戒,513130,恒生科技ETF,0.60,安全,二卖,向下,无信号,客观缠论信号为二卖，60分钟笔方向向下，中枢震荡，观望,0.59,0.61,0.63,-0.0035,-0.0041,否
2026-05-19 11:20:21,三买,否,警戒,sh000001,上证指数,4125.10,安全,一卖+三买,向下,无信号,客观缠论信号为一卖、三买，60分钟笔方向向下（寻底模式），因此实际交易动作是三买（突破回踩买入）,4101.83,4079.77,4092.83,-9.5998,-11.0654,否
2026-05-19 11:20:21,观望,否,警戒,510300,沪深300ETF,4.82,安全,二买,向上,底背驰,客观缠论信号为二买，60分钟笔方向向上，中枢震荡，观望,4.68,4.86,4.79,-0.0216,-0.0221,否
2026-05-19 11:20:21,观望,否,警戒,588000,科创50ETF,1.80,安全,无信号,向下,底背驰,客观缠论信号为无信号，60分钟笔方向向下，中枢震荡，观望,1.55,1.71,1.82,-0.0051,-0.0064,否
2026-05-19 11:20:21,观望,否,警戒,513100,纳指ETF,2.04,安全,无信号,向下,底背驰,客观缠论信号为无信号，60分钟笔方向向下，中枢震荡，观望,1.91,2.07,2.11,-0.0120,-0.0099,否
2026-05-19 11:20:21,二卖,否,警戒,513520,日经ETF,2.04,安全,二卖,向上,无信号,客观缠论信号为二卖，60分钟笔方向向上（冲顶模式），因此实际交易动作是二卖（笔方向向上时优先卖点）,1.89,2.00,2.04,-0.0105,-0.0112,否
2026-05-19 11:20:21,二卖,否,警戒,512400,有色金属ETF,1.97,安全,二卖+三买,向上,无信号,客观缠论信号为二卖、三买，60分钟笔方向向上（冲顶模式），因此实际交易动作是二卖（笔方向向上时优先卖点）,2.11,1.96,2.15,-0.0253,-0.0256,否
2026-05-19 11:20:21,观望,否,警戒,512690,酒ETF,0.45,日线破位,二卖,向下,无信号,客观缠论信号为二卖，60分钟笔方向向下，中枢震荡，观望,0.48,0.48,0.48,-0.0004,-0.0008,否
2026-05-19 11:20:21,观望,否,警戒,159227,航空航天ETF,1.27,安全,无信号,向下,无信号,客观缠论信号为无信号，60分钟笔方向向下，中枢震荡，观望,1.23,1.30,1.29,-0.0101,-0.0094,否
2026-05-19 11:20:21,观望,否,警戒,159992,创新药ETF,0.78,安全,二卖,向下,无信号,客观缠论信号为二卖，60分钟笔方向向下，中枢震荡，观望,0.79,0.77,0.83,-0.0040,-0.0047,否
2026-05-19 11:20:21,二卖,否,警戒,515050,通信ETF,1.11,安全,二卖,向上,无信号,客观缠论信号为二卖，60分钟笔方向向上（冲顶模式），因此实际交易动作是二卖（笔方向向上时优先卖点）,1.08,1.48,2.40,-0.0165,-0.0188,否
2026-05-19 11:20:21,观望,否,警戒,159915,创业板ETF,3.87,安全,无信号,向下,无信号,客观缠论信号为无信号，60分钟笔方向向下，中枢震荡，观望,3.24,3.61,3.97,-0.0258,-0.0222,否
2026-05-19 11:20:21,二买,否,警戒,588200,科创芯片ETF,3.46,安全,一卖+二买+三买,向下,底背驰,客观缠论信号为一卖、二买、三买，60分钟笔方向向下（寻底模式），因此实际交易动作是二买（笔方向向下时优先买点）,2.65,3.20,3.34,-0.0148,-0.0166,否
2026-05-19 11:20:21,观望,否,警戒,159755,电池ETF,1.15,安全,二卖,向下,无信号,客观缠论信号为二卖，60分钟笔方向向下，中枢震荡，观望,1.03,1.17,1.19,-0.0087,-0.0077,否
2026-05-19 11:20:21,二卖,否,警戒,159899,软件ETF,0.85,安全,二卖+三买,向上,无信号,客观缠论信号为二卖、三买，60分钟笔方向向上（冲顶模式），因此实际交易动作是二卖（笔方向向上时优先卖点）,0.81,0.83,0.84,0.0015,0.0008,否
2026-05-19 11:20:21,观望,否,警戒,513360,教育ETF,0.49,日线破位,二卖,向下,无信号,客观缠论信号为二卖，60分钟笔方向向下，中枢震荡，观望,0.49,0.49,0.50,-0.0003,-0.0003,否
2026-05-19 11:20:21,二买,否,警戒,515790,光伏ETF,1.11,安全,二卖+二买,向下,无信号,客观缠论信号为二卖、二买，60分钟笔方向向下（寻底模式），因此实际交易动作是二买（笔方向向下时优先买点）,1.08,1.10,1.13,-0.0029,-0.0041,否
2026-05-19 11:20:21,观望,否,警戒,601668,中国建筑,4.91,安全,无信号,向下,无信号,客观缠论信号为无信号，60分钟笔方向向下，中枢震荡，观望,4.88,4.91,4.95,-0.0015,-0.0067,否
2026-05-19 11:20:21,观望,否,警戒,601288,农业银行,6.64,安全,二卖,向下,无信号,客观缠论信号为二卖，60分钟笔方向向下，中枢震荡，观望,6.53,6.53,6.68,-0.0044,-0.0108,否
2026-05-19 11:20:21,二买,否,警戒,601728,中国电信,7.06,安全,二买,向下,无信号,客观缠论信号为二买，60分钟笔方向向下（寻底模式），因此实际交易动作是二买（笔方向向下时优先买点）,6.80,6.75,6.19,0.1934,0.1741,否
2026-05-19 11:20:21,观望,否,警戒,600276,恒瑞医药,51.73,安全,二买+三买,向上,无信号,客观缠论信号为二买、三买，60分钟笔方向向上，中枢震荡，观望,51.31,52.41,53.92,-0.4737,-0.4797,否
2026-05-19 11:20:21,观望,否,警戒,600177,雅戈尔,7.52,安全,二卖,向下,无信号,客观缠论信号为二卖，60分钟笔方向向下，中枢震荡，观望,7.50,7.25,7.70,-0.0137,-0.0290,否
2026-05-19 11:20:21,观望,否,警戒,600887,伊利股份,27.35,安全,无信号,向下,无信号,客观缠论信号为无信号，60分钟笔方向向下，中枢震荡，观望,27.22,27.11,27.98,-0.0241,-0.0555,否
2026-05-19 11:20:21,观望,否,警戒,601138,工业富联,68.10,安全,二卖,向下,底背驰,客观缠论信号为二卖，60分钟笔方向向下，中枢震荡，观望,64.65,62.77,66.91,-0.3451,-0.2659,否
2026-05-19 11:20:21,观望,否,警戒,688041,海光信息,297.39,安全,一卖,向下,底背驰,客观缠论信号为一卖，60分钟笔方向向下，中枢震荡，观望,246.00,320.01,305.00,-4.4280,-4.3366,否
2026-05-19 11:20:21,观望,否,警戒,601225,陕西煤业,24.39,安全,无信号,向上,顶背驰,客观缠论信号为无信号，60分钟笔方向向上，中枢震荡，观望,25.15,24.22,24.57,0.1395,0.1566,否
2026-05-19 11:20:21,二卖,否,警戒,600900,长江电力,27.28,安全,二卖+二买,向上,无信号,客观缠论信号为二卖、二买，60分钟笔方向向上（冲顶模式），因此实际交易动作是二卖（笔方向向上时优先卖点）,26.66,26.60,27.03,0.0810,0.0358,否
2026-05-19 11:20:21,观望,否,警戒,600660,福耀玻璃,54.78,日线破位,无信号,向下,无信号,客观缠论信号为无信号，60分钟笔方向向下，中枢震荡，观望,55.27,55.65,58.35,-0.2316,-0.2603,否
2026-05-19 11:20:21,观望,否,警戒,000429,粤高速A,13.12,安全,二卖,向下,无信号,客观缠论信号为二卖，60分钟笔方向向下，中枢震荡，观望,12.70,12.48,13.13,0.0275,0.0070,否
2026-05-19 11:20:21,观望,否,警戒,002507,涪陵榨菜,11.91,日线破位,二卖,向下,无信号,客观缠论信号为二卖，60分钟笔方向向下，中枢震荡，观望,12.23,12.28,12.33,-0.0133,-0.0258,否
2026-05-19 11:20:21,二买,否,警戒,000338,潍柴动力,32.61,安全,一卖+二买,向下,底背驰,客观缠论信号为一卖、二买，60分钟笔方向向下（寻底模式），因此实际交易动作是二买（笔方向向下时优先买点）,25.92,31.76,33.85,-0.4125,-0.4024,否
2026-05-19 11:20:21,观望,否,警戒,000538,云南白药,50.90,日线破位,二卖,向下,无信号,客观缠论信号为二卖，60分钟笔方向向下，中枢震荡，观望,55.40,54.40,51.89,-0.0317,-0.0552,否
2026-05-19 11:20:21,观望,否,警戒,000423,东阿阿胶,50.85,安全,无信号,向下,无信号,客观缠论信号为无信号，60分钟笔方向向下，中枢震荡，观望,50.16,49.78,53.53,-0.3173,-0.3762,否
2026-05-19 11:20:21,观望,否,警戒,000651,格力电器,39.46,日线破位,二卖,向下,底背驰,客观缠论信号为二卖，60分钟笔方向向下，中枢震荡，观望,40.00,39.51,40.57,-0.1590,-0.1478,否
2026-05-19 11:20:21,二卖,否,警戒,000895,双汇发展,26.30,安全,二卖+二买,向上,无信号,客观缠论信号为二卖、二买，60分钟笔方向向上（冲顶模式），因此实际交易动作是二卖（笔方向向上时优先卖点）,25.75,26.51,26.98,-0.0484,-0.0686,否
2026-05-19 11:20:21,二卖,否,警戒,002415,海康威视,32.95,安全,二卖,向上,底背驰,客观缠论信号为二卖，60分钟笔方向向上（冲顶模式），因此实际交易动作是二卖（笔方向向上时优先卖点）,31.96,33.30,33.87,-0.1614,-0.1896,否
2026-05-19 11:20:21,观望,否,警戒,hk03690,美团,82.60,安全,二卖,向下,无信号,客观缠论信号为二卖，60分钟笔方向向下，中枢震荡，观望,75.85,82.15,82.75,-0.0600,-0.2343,否
2026-05-19 11:20:21,观望,否,警戒,hk03896,金山云,7.85,安全,一卖,向下,无信号,客观缠论信号为一卖，60分钟笔方向向下，中枢震荡，观望,7.80,7.78,8.63,-0.0343,-0.0537,否
2026-05-19 11:20:21,观望,否,警戒,hk00700,腾讯,463.60,日线破位,二卖,向下,无信号,客观缠论信号为二卖，60分钟笔方向向下，中枢震荡，观望,494.60,486.20,469.00,2.6389,0.4064,否
2026-05-19 11:20:21,观望,否,警戒,hk09988,阿里巴巴,133.70,安全,无信号,向下,无信号,客观缠论信号为无信号，60分钟笔方向向下，中枢震荡，观望,129.60,130.30,135.80,0.5416,0.1299,否
2026-05-19 11:20:21,二卖,否,警戒,hk01024,快手,48.98,安全,二卖,向上,无信号,客观缠论信号为二卖，60分钟笔方向向上（冲顶模式），因此实际交易动作是二卖（笔方向向上时优先卖点）,51.00,43.00,52.65,0.0199,-0.0822,否
2026-05-19 11:20:21,二卖,否,警戒,hk06618,京东健康,41.54,安全,二卖,向上,无信号,客观缠论信号为二卖，60分钟笔方向向上（冲顶模式），因此实际交易动作是二卖（笔方向向上时优先卖点）,39.65,41.90,45.30,-0.7221,-0.6782,否
2026-05-19 11:20:21,观望,否,警戒,hk06862,海底捞,14.36,安全,二卖,向下,无信号,客观缠论信号为二卖，60分钟笔方向向下，中枢震荡，观望,13.47,14.16,14.42,-0.0635,-0.1062,否
2026-05-19 11:20:21,一卖,否,警戒,600415,小商品城,14.18,安全,一卖,向上,无信号,客观缠论信号为一卖，60分钟笔方向向上（冲顶模式），因此实际交易动作是一卖（趋势顶背驰卖出）,12.86,12.74,13.28,0.1617,0.0810,否

2026-05-19 11:43:37,二卖,是,警戒,603317,天味食品,15.75,安全,二卖,向上,无信号,客观缠论信号为二卖，60分钟笔方向向上（冲顶模式），因此实际交易动作是二卖（笔方向向上时优先卖点）,12.56,15.25,16.10,-0.0425,-0.0457,否
2026-05-19 11:43:37,二卖,是,警戒,688981,中芯国际,115.35,安全,二卖,向上,无信号,客观缠论信号为二卖，60分钟笔方向向上（冲顶模式），因此实际交易动作是二卖（笔方向向上时优先卖点）,115.74,109.78,125.00,-1.2785,-1.1405,否
2026-05-19 11:43:37,观望,是,警戒,600938,中国海油,36.40,安全,无信号,向上,无信号,客观缠论信号为无信号，60分钟笔方向向上，中枢震荡，观望,34.06,35.29,36.28,-0.0258,0.0420,否
2026-05-19 11:43:37,二买,是,警戒,000333,美的集团,80.92,安全,二买,向下,无信号,客观缠论信号为二买，60分钟笔方向向下（寻底模式），因此实际交易动作是二买（笔方向向下时优先买点）,79.17,78.91,80.95,-0.3541,-0.1737,否
2026-05-19 11:43:37,观望,是,警戒,000001,平安银行,10.85,安全,二卖,向下,无信号,客观缠论信号为二卖，60分钟笔方向向下，中枢震荡，观望,10.78,10.67,11.03,-0.0286,-0.0337,否
2026-05-19 11:43:37,观望,是,警戒,hk01810,小米集团,30.62,安全,一卖,向下,无信号,客观缠论信号为一卖，60分钟笔方向向下，中枢震荡，观望,32.78,30.26,31.18,-0.0113,-0.0232,否
2026-05-19 11:43:37,三买,是,警戒,513130,恒生科技ETF,0.60,安全,二卖+三买,向下,无信号,客观缠论信号为二卖、三买，60分钟笔方向向下（寻底模式），因此实际交易动作是三买（突破回踩买入）,0.59,0.61,0.63,-0.0035,-0.0041,否
2026-05-19 11:43:37,三买,否,警戒,sh000001,上证指数,4125.10,安全,一卖+三买,向下,无信号,客观缠论信号为一卖、三买，60分钟笔方向向下（寻底模式），因此实际交易动作是三买（突破回踩买入）,4101.83,4079.77,4092.83,-9.5998,-11.0654,否
2026-05-19 11:43:37,观望,否,警戒,510300,沪深300ETF,4.82,安全,二买,向上,底背驰,客观缠论信号为二买，60分钟笔方向向上，中枢震荡，观望,4.68,4.86,4.79,-0.0200,-0.0217,否
2026-05-19 11:43:37,观望,否,警戒,588000,科创50ETF,1.80,安全,无信号,向下,底背驰,客观缠论信号为无信号，60分钟笔方向向下，中枢震荡，观望,1.55,1.71,1.82,-0.0051,-0.0064,否
2026-05-19 11:43:37,观望,否,警戒,513100,纳指ETF,2.05,安全,无信号,向下,底背驰,客观缠论信号为无信号，60分钟笔方向向下，中枢震荡，观望,1.91,2.07,2.11,-0.0120,-0.0103,否
2026-05-19 11:43:37,二卖,否,警戒,513520,日经ETF,2.04,安全,二卖,向上,无信号,客观缠论信号为二卖，60分钟笔方向向上（冲顶模式），因此实际交易动作是二卖（笔方向向上时优先卖点）,1.89,2.00,2.04,-0.0100,-0.0109,否
2026-05-19 11:43:37,二卖,否,警戒,512400,有色金属ETF,1.97,安全,二卖+三买,向上,无信号,客观缠论信号为二卖、三买，60分钟笔方向向上（冲顶模式），因此实际交易动作是二卖（笔方向向上时优先卖点）,2.11,1.96,2.15,-0.0253,-0.0256,否
2026-05-19 11:43:37,观望,否,警戒,512690,酒ETF,0.45,日线破位,二卖,向下,无信号,客观缠论信号为二卖，60分钟笔方向向下，中枢震荡，观望,0.48,0.48,0.48,-0.0005,-0.0008,否
2026-05-19 11:43:37,观望,否,警戒,159227,航空航天ETF,1.27,安全,无信号,向下,无信号,客观缠论信号为无信号，60分钟笔方向向下，中枢震荡，观望,1.23,1.30,1.29,-0.0101,-0.0094,否
2026-05-19 11:43:37,观望,否,警戒,159992,创新药ETF,0.78,安全,二卖,向下,无信号,客观缠论信号为二卖，60分钟笔方向向下，中枢震荡，观望,0.79,0.77,0.83,-0.0040,-0.0047,否
2026-05-19 11:43:37,二卖,否,警戒,515050,通信ETF,1.11,安全,二卖,向上,无信号,客观缠论信号为二卖，60分钟笔方向向上（冲顶模式），因此实际交易动作是二卖（笔方向向上时优先卖点）,1.08,1.48,2.40,-0.0165,-0.0188,否
2026-05-19 11:43:37,观望,否,警戒,159915,创业板ETF,3.88,安全,无信号,向下,无信号,客观缠论信号为无信号，60分钟笔方向向下，中枢震荡，观望,3.24,3.61,3.97,-0.0238,-0.0225,否
2026-05-19 11:43:37,二买,否,警戒,588200,科创芯片ETF,3.46,安全,一卖+二买,向下,底背驰,客观缠论信号为一卖、二买，60分钟笔方向向下（寻底模式），因此实际交易动作是二买（笔方向向下时优先买点）,2.65,3.20,3.34,-0.0148,-0.0166,否
2026-05-19 11:43:37,观望,否,警戒,159755,电池ETF,1.15,安全,二卖,向下,无信号,客观缠论信号为二卖，60分钟笔方向向下，中枢震荡，观望,1.03,1.17,1.19,-0.0082,-0.0078,否
2026-05-19 11:43:37,二卖,否,警戒,159899,软件ETF,0.85,安全,二卖+三买,向上,无信号,客观缠论信号为二卖、三买，60分钟笔方向向上（冲顶模式），因此实际交易动作是二卖（笔方向向上时优先卖点）,0.81,0.83,0.84,0.0015,0.0008,否
2026-05-19 11:43:37,观望,否,警戒,513360,教育ETF,0.49,日线破位,二卖,向下,无信号,客观缠论信号为二卖，60分钟笔方向向下，中枢震荡，观望,0.49,0.49,0.50,-0.0003,-0.0003,否
2026-05-19 11:43:37,二买,否,警戒,515790,光伏ETF,1.11,安全,二卖+二买,向下,无信号,客观缠论信号为二卖、二买，60分钟笔方向向下（寻底模式），因此实际交易动作是二买（笔方向向下时优先买点）,1.08,1.10,1.11,-0.0022,-0.0037,否
2026-05-19 11:43:37,观望,否,警戒,601668,中国建筑,4.91,安全,无信号,向下,无信号,客观缠论信号为无信号，60分钟笔方向向下，中枢震荡，观望,4.88,4.91,4.95,-0.0015,-0.0067,否
2026-05-19 11:43:37,观望,否,警戒,601288,农业银行,6.64,安全,二卖,向下,无信号,客观缠论信号为二卖，60分钟笔方向向下，中枢震荡，观望,6.53,6.53,6.68,-0.0044,-0.0108,否
2026-05-19 11:43:37,二买,否,警戒,601728,中国电信,7.07,安全,二买,向下,无信号,客观缠论信号为二买，60分钟笔方向向下（寻底模式），因此实际交易动作是二买（笔方向向下时优先买点）,6.80,6.75,6.19,0.1866,0.1766,否
2026-05-19 11:43:37,观望,否,警戒,600276,恒瑞医药,51.61,安全,二买+三买,向上,无信号,客观缠论信号为二买、三买，60分钟笔方向向上，中枢震荡，观望,51.31,52.41,53.92,-0.4788,-0.4795,否
2026-05-19 11:43:37,观望,否,警戒,600177,雅戈尔,7.52,安全,二卖,向下,无信号,客观缠论信号为二卖，60分钟笔方向向下，中枢震荡，观望,7.50,7.25,7.53,-0.0137,-0.0290,否
2026-05-19 11:43:37,观望,否,警戒,600887,伊利股份,27.35,安全,无信号,向下,无信号,客观缠论信号为无信号，60分钟笔方向向下，中枢震荡，观望,27.22,27.11,27.98,-0.0241,-0.0555,否
2026-05-19 11:43:37,观望,否,警戒,601138,工业富联,68.59,安全,二卖,向下,底背驰,客观缠论信号为二卖，60分钟笔方向向下，中枢震荡，观望,64.65,62.77,71.76,-0.2624,-0.2652,否
2026-05-19 11:43:37,观望,否,警戒,688041,海光信息,297.39,安全,一卖,向下,底背驰,客观缠论信号为一卖，60分钟笔方向向下，中枢震荡，观望,246.00,320.01,305.00,-4.4280,-4.3366,否
2026-05-19 11:43:37,二买,否,警戒,601225,陕西煤业,24.39,安全,一卖+二买,向下,顶背驰,客观缠论信号为一卖、二买，60分钟笔方向向下（寻底模式），因此实际交易动作是二买（笔方向向下时优先买点）,25.15,24.22,24.11,0.1395,0.1566,否
2026-05-19 11:43:37,观望,否,警戒,600900,长江电力,27.28,安全,二卖,向下,无信号,客观缠论信号为二卖，60分钟笔方向向下，中枢震荡，观望,26.66,26.60,27.03,0.0810,0.0358,否
2026-05-19 11:43:37,二卖,否,警戒,600660,福耀玻璃,54.78,日线破位,二卖,向上,无信号,客观缠论信号为二卖，60分钟笔方向向上（冲顶模式），因此实际交易动作是二卖（笔方向向上时优先卖点）,55.27,55.65,58.35,-0.2316,-0.2603,否
2026-05-19 11:43:37,观望,否,警戒,000429,粤高速A,13.12,安全,二卖,向下,无信号,客观缠论信号为二卖，60分钟笔方向向下，中枢震荡，观望,12.70,12.48,13.13,0.0275,0.0070,否
2026-05-19 11:43:37,观望,否,警戒,002507,涪陵榨菜,11.91,日线破位,二卖,向下,无信号,客观缠论信号为二卖，60分钟笔方向向下，中枢震荡，观望,12.23,12.28,12.33,-0.0133,-0.0258,否
2026-05-19 11:43:37,二买,否,警戒,000338,潍柴动力,32.65,安全,一卖+二买,向下,无信号,客观缠论信号为一卖、二买，60分钟笔方向向下（寻底模式），因此实际交易动作是二买（笔方向向下时优先买点）,25.92,31.76,33.85,-0.3937,-0.4006,否
2026-05-19 11:43:37,观望,否,警戒,000538,云南白药,50.90,日线破位,二卖,向下,无信号,客观缠论信号为二卖，60分钟笔方向向下，中枢震荡，观望,55.40,54.40,51.89,-0.0317,-0.0552,否
2026-05-19 11:43:37,观望,否,警戒,000423,东阿阿胶,50.85,安全,无信号,向下,无信号,客观缠论信号为无信号，60分钟笔方向向下，中枢震荡，观望,50.16,49.78,53.53,-0.3173,-0.3762,否
2026-05-19 11:43:37,观望,否,警戒,000651,格力电器,39.50,日线破位,二卖,向下,底背驰,客观缠论信号为二卖，60分钟笔方向向下，中枢震荡，观望,40.00,39.51,40.57,-0.1635,-0.1509,否
2026-05-19 11:43:37,观望,否,警戒,000895,双汇发展,26.30,安全,二卖,向下,无信号,客观缠论信号为二卖，60分钟笔方向向下，中枢震荡，观望,25.75,26.51,26.98,-0.0484,-0.0686,否
2026-05-19 11:43:37,观望,否,警戒,002415,海康威视,32.95,安全,二卖,向下,底背驰,客观缠论信号为二卖，60分钟笔方向向下，中枢震荡，观望,31.96,33.30,33.25,-0.1614,-0.1896,否
2026-05-19 11:43:37,观望,否,警戒,hk03690,美团,82.60,安全,二卖,向下,无信号,客观缠论信号为二卖，60分钟笔方向向下，中枢震荡，观望,75.85,82.15,82.75,-0.0600,-0.2343,否
2026-05-19 11:43:37,观望,否,警戒,hk03896,金山云,7.85,安全,一卖,向下,无信号,客观缠论信号为一卖，60分钟笔方向向下，中枢震荡，观望,7.80,7.78,8.63,-0.0301,-0.0489,否
2026-05-19 11:43:37,观望,否,警戒,hk00700,腾讯,461.00,日线破位,二卖,向下,无信号,客观缠论信号为二卖，60分钟笔方向向下，中枢震荡，观望,494.60,486.20,469.00,2.7639,1.2505,否
2026-05-19 11:43:37,观望,否,警戒,hk09988,阿里巴巴,133.70,安全,无信号,向下,无信号,客观缠论信号为无信号，60分钟笔方向向下，中枢震荡，观望,129.60,130.30,135.80,0.5416,0.1299,否
2026-05-19 11:43:37,二卖,否,警戒,hk01024,快手,48.98,安全,二卖,向上,无信号,客观缠论信号为二卖，60分钟笔方向向上（冲顶模式），因此实际交易动作是二卖（笔方向向上时优先卖点）,51.00,43.00,54.40,0.0199,-0.0822,否
2026-05-19 11:43:37,二卖,否,警戒,hk06618,京东健康,41.54,安全,二卖,向上,无信号,客观缠论信号为二卖，60分钟笔方向向上（冲顶模式），因此实际交易动作是二卖（笔方向向上时优先卖点）,39.65,41.90,45.30,-0.7221,-0.6782,否
2026-05-19 11:43:37,观望,否,警戒,hk06862,海底捞,14.36,安全,二卖,向下,无信号,客观缠论信号为二卖，60分钟笔方向向下，中枢震荡，观望,13.47,14.16,14.42,-0.0635,-0.1062,否
2026-05-19 11:43:37,一卖,否,警戒,600415,小商品城,14.18,安全,一卖,向上,无信号,客观缠论信号为一卖，60分钟笔方向向上（冲顶模式），因此实际交易动作是一卖（趋势顶背驰卖出）,12.86,12.74,13.28,0.1617,0.0810,否

2026-05-19 13:20:32,二卖,是,警戒,603317,天味食品,15.91,安全,二卖,向上,无信号,客观缠论信号为二卖，60分钟笔方向向上（冲顶模式），因此实际交易动作是二卖（笔方向向上时优先卖点）,12.56,15.25,16.10,-0.0162,-0.0371,否
2026-05-19 13:20:32,二卖,是,警戒,688981,中芯国际,116.06,安全,二卖,向上,无信号,客观缠论信号为二卖，60分钟笔方向向上（冲顶模式），因此实际交易动作是二卖（笔方向向上时优先卖点）,115.74,109.78,125.00,-1.0072,-1.1116,否
2026-05-19 13:20:32,观望,是,警戒,600938,中国海油,36.54,安全,无信号,向上,无信号,客观缠论信号为无信号，60分钟笔方向向上，中枢震荡，观望,34.06,35.29,36.28,-0.0413,0.0123,否
2026-05-19 13:20:32,二买,是,警戒,000333,美的集团,80.83,安全,二买,向下,无信号,客观缠论信号为二买，60分钟笔方向向下（寻底模式），因此实际交易动作是二买（笔方向向下时优先买点）,79.17,78.91,80.95,-0.3904,-0.2170,否
2026-05-19 13:20:32,观望,是,警戒,000001,平安银行,10.86,安全,二卖,向下,无信号,客观缠论信号为二卖，60分钟笔方向向下，中枢震荡，观望,10.78,10.67,11.03,-0.0270,-0.0324,否
2026-05-19 13:20:32,观望,是,警戒,hk01810,小米集团,30.62,安全,一卖,向下,无信号,客观缠论信号为一卖，60分钟笔方向向下，中枢震荡，观望,32.78,30.26,31.18,-0.0113,-0.0232,否
2026-05-19 13:20:32,三买,是,警戒,513130,恒生科技ETF,0.60,安全,二卖+三买,向下,无信号,客观缠论信号为二卖、三买，60分钟笔方向向下（寻底模式），因此实际交易动作是三买（突破回踩买入）,0.59,0.61,0.63,-0.0032,-0.0038,否
2026-05-19 13:20:32,三买,否,警戒,sh000001,上证指数,4125.10,安全,一卖+三买,向下,无信号,客观缠论信号为一卖、三买，60分钟笔方向向下（寻底模式），因此实际交易动作是三买（突破回踩买入）,4101.83,4079.77,4092.83,-9.5998,-11.0654,否
2026-05-19 13:20:32,观望,否,警戒,510300,沪深300ETF,4.82,安全,二买,向上,底背驰,客观缠论信号为二买，60分钟笔方向向上，中枢震荡，观望,4.68,4.86,4.79,-0.0183,-0.0210,否
2026-05-19 13:20:32,观望,否,警戒,588000,科创50ETF,1.81,安全,无信号,向下,无信号,客观缠论信号为无信号，60分钟笔方向向下，中枢震荡，观望,1.55,1.71,1.82,-0.0011,-0.0047,否
2026-05-19 13:20:32,观望,否,警戒,513100,纳指ETF,2.04,安全,无信号,向下,底背驰,客观缠论信号为无信号，60分钟笔方向向下，中枢震荡，观望,1.91,2.07,2.11,-0.0125,-0.0107,否
2026-05-19 13:20:32,二卖,否,警戒,513520,日经ETF,2.04,安全,二卖,向上,无信号,客观缠论信号为二卖，60分钟笔方向向上（冲顶模式），因此实际交易动作是二卖（笔方向向上时优先卖点）,1.89,2.00,2.04,-0.0098,-0.0107,否
2026-05-19 13:20:32,二卖,否,警戒,512400,有色金属ETF,1.97,安全,二卖+三买,向上,无信号,客观缠论信号为二卖、三买，60分钟笔方向向上（冲顶模式），因此实际交易动作是二卖（笔方向向上时优先卖点）,2.11,1.96,2.15,-0.0229,-0.0248,否
2026-05-19 13:20:32,观望,否,警戒,512690,酒ETF,0.45,日线破位,二卖,向下,无信号,客观缠论信号为二卖，60分钟笔方向向下，中枢震荡，观望,0.48,0.48,0.48,-0.0005,-0.0007,否
2026-05-19 13:20:32,观望,否,警戒,159227,航空航天ETF,1.26,安全,无信号,向下,无信号,客观缠论信号为无信号，60分钟笔方向向下，中枢震荡，观望,1.23,1.30,1.29,-0.0094,-0.0095,否
2026-05-19 13:20:32,观望,否,警戒,159992,创新药ETF,0.78,安全,二卖,向下,无信号,客观缠论信号为二卖，60分钟笔方向向下，中枢震荡，观望,0.79,0.77,0.83,-0.0036,-0.0043,否
2026-05-19 13:20:32,二卖,否,警戒,515050,通信ETF,1.11,安全,二卖,向上,无信号,客观缠论信号为二卖，60分钟笔方向向上（冲顶模式），因此实际交易动作是二卖（笔方向向上时优先卖点）,1.08,1.48,2.40,-0.0139,-0.0172,否
2026-05-19 13:20:32,观望,否,警戒,159915,创业板ETF,3.87,安全,无信号,向下,无信号,客观缠论信号为无信号，60分钟笔方向向下，中枢震荡，观望,3.24,3.61,3.97,-0.0222,-0.0224,否
2026-05-19 13:20:32,二买,否,警戒,588200,科创芯片ETF,3.48,安全,一卖+二买,向下,无信号,客观缠论信号为一卖、二买，60分钟笔方向向下（寻底模式），因此实际交易动作是二买（笔方向向下时优先买点）,2.65,3.20,3.34,-0.0051,-0.0131,否
2026-05-19 13:20:32,观望,否,警戒,159755,电池ETF,1.15,安全,二卖,向下,无信号,客观缠论信号为二卖，60分钟笔方向向下，中枢震荡，观望,1.03,1.17,1.19,-0.0075,-0.0077,否
2026-05-19 13:20:32,二卖,否,警戒,159899,软件ETF,0.85,安全,二卖+三买,向上,无信号,客观缠论信号为二卖、三买，60分钟笔方向向上（冲顶模式），因此实际交易动作是二卖（笔方向向上时优先卖点）,0.81,0.83,0.84,0.0013,0.0010,否
2026-05-19 13:20:32,观望,否,警戒,513360,教育ETF,0.49,日线破位,二卖,向下,无信号,客观缠论信号为二卖，60分钟笔方向向下，中枢震荡，观望,0.49,0.49,0.50,-0.0002,-0.0003,否
2026-05-19 13:20:32,二买,否,警戒,515790,光伏ETF,1.10,安全,二卖+二买,向下,无信号,客观缠论信号为二卖、二买，60分钟笔方向向下（寻底模式），因此实际交易动作是二买（笔方向向下时优先买点）,1.08,1.10,1.11,-0.0017,-0.0033,否
2026-05-19 13:20:32,观望,否,警戒,601668,中国建筑,4.91,安全,无信号,向下,无信号,客观缠论信号为无信号，60分钟笔方向向下，中枢震荡，观望,4.88,4.91,4.95,-0.0013,-0.0048,否
2026-05-19 13:20:32,观望,否,警戒,601288,农业银行,6.63,安全,二卖,向下,无信号,客观缠论信号为二卖，60分钟笔方向向下，中枢震荡，观望,6.53,6.53,6.68,-0.0069,-0.0093,否
2026-05-19 13:20:32,二买,否,警戒,601728,中国电信,7.02,安全,二买,向下,无信号,客观缠论信号为二买，60分钟笔方向向下（寻底模式），因此实际交易动作是二买（笔方向向下时优先买点）,6.80,6.75,6.19,0.1752,0.1764,否
2026-05-19 13:20:32,观望,否,警戒,600276,恒瑞医药,51.63,安全,二买+三买,向上,无信号,客观缠论信号为二买、三买，60分钟笔方向向上，中枢震荡，观望,51.31,52.41,53.92,-0.4758,-0.4788,否
2026-05-19 13:20:32,观望,否,警戒,600177,雅戈尔,7.52,安全,二卖,向下,无信号,客观缠论信号为二卖，60分钟笔方向向下，中枢震荡，观望,7.50,7.25,7.53,-0.0077,-0.0174,否
2026-05-19 13:20:32,观望,否,警戒,600887,伊利股份,27.27,安全,无信号,向下,无信号,客观缠论信号为无信号，60分钟笔方向向下，中枢震荡，观望,27.22,27.11,27.98,-0.0321,-0.0463,否
2026-05-19 13:20:32,观望,否,警戒,601138,工业富联,68.43,安全,二卖,向下,底背驰,客观缠论信号为二卖，60分钟笔方向向下，中枢震荡，观望,64.65,62.77,71.76,-0.2074,-0.2537,否
2026-05-19 13:20:32,观望,否,警戒,688041,海光信息,297.99,安全,一卖,向下,无信号,客观缠论信号为一卖，60分钟笔方向向下，中枢震荡，观望,246.00,320.01,305.00,-3.6662,-4.1358,否
2026-05-19 13:20:32,二买,否,警戒,601225,陕西煤业,24.50,安全,一卖+二买,向下,无信号,客观缠论信号为一卖、二买，60分钟笔方向向下（寻底模式），因此实际交易动作是二买（笔方向向下时优先买点）,25.15,24.22,24.11,0.1210,0.1445,否
2026-05-19 13:20:32,观望,否,警戒,600900,长江电力,27.31,安全,二卖,向下,无信号,客观缠论信号为二卖，60分钟笔方向向下，中枢震荡，观望,26.66,26.60,27.03,0.0914,0.0548,否
2026-05-19 13:20:32,二卖,否,警戒,600660,福耀玻璃,55.14,日线破位,二卖,向上,无信号,客观缠论信号为二卖，60分钟笔方向向上（冲顶模式），因此实际交易动作是二卖（笔方向向上时优先卖点）,55.27,55.65,58.35,-0.1848,-0.2374,否
2026-05-19 13:20:32,观望,否,警戒,000429,粤高速A,13.14,安全,二卖,向下,无信号,客观缠论信号为二卖，60分钟笔方向向下，中枢震荡，观望,12.70,12.48,13.13,0.0308,0.0151,否
2026-05-19 13:20:32,观望,否,警戒,002507,涪陵榨菜,12.00,日线破位,二卖,向下,无信号,客观缠论信号为二卖，60分钟笔方向向下，中枢震荡，观望,12.23,12.28,12.33,-0.0028,-0.0187,否
2026-05-19 13:20:32,二买,否,警戒,000338,潍柴动力,33.03,安全,一卖+二买,向下,无信号,客观缠论信号为一卖、二买，60分钟笔方向向下（寻底模式），因此实际交易动作是二买（笔方向向下时优先买点）,25.92,31.76,33.85,-0.3443,-0.3894,否
2026-05-19 13:20:32,观望,否,警戒,000538,云南白药,50.92,日线破位,二卖,向下,无信号,客观缠论信号为二卖，60分钟笔方向向下，中枢震荡，观望,55.40,54.40,51.89,-0.0272,-0.0459,否
2026-05-19 13:20:32,观望,否,警戒,000423,东阿阿胶,50.94,安全,无信号,向下,无信号,客观缠论信号为无信号，60分钟笔方向向下，中枢震荡，观望,50.16,49.78,53.53,-0.2858,-0.3467,否
2026-05-19 13:20:32,观望,否,警戒,000651,格力电器,39.62,安全,二卖,向下,底背驰,客观缠论信号为二卖，60分钟笔方向向下，中枢震荡，观望,40.00,39.51,40.57,-0.1556,-0.1519,否
2026-05-19 13:20:32,观望,否,警戒,000895,双汇发展,26.35,安全,二卖,向下,无信号,客观缠论信号为二卖，60分钟笔方向向下，中枢震荡，观望,25.75,26.51,26.98,-0.0402,-0.0595,否
2026-05-19 13:20:32,观望,否,警戒,002415,海康威视,32.90,安全,二卖,向下,无信号,客观缠论信号为二卖，60分钟笔方向向下，中枢震荡，观望,31.96,33.30,33.25,-0.1220,-0.1674,否
2026-05-19 13:20:32,观望,否,警戒,hk03690,美团,82.60,安全,二卖,向下,无信号,客观缠论信号为二卖，60分钟笔方向向下，中枢震荡，观望,75.85,82.15,82.75,-0.0600,-0.2343,否
2026-05-19 13:20:32,观望,否,警戒,hk03896,金山云,7.80,安全,一卖,向下,无信号,客观缠论信号为一卖，60分钟笔方向向下，中枢震荡，观望,7.80,7.78,8.63,-0.0270,-0.0385,否
2026-05-19 13:20:32,观望,否,警戒,hk00700,腾讯,461.00,日线破位,二卖,向下,无信号,客观缠论信号为二卖，60分钟笔方向向下，中枢震荡，观望,494.60,486.20,469.00,2.7639,1.2505,否
2026-05-19 13:20:32,观望,否,警戒,hk09988,阿里巴巴,133.70,安全,无信号,向下,无信号,客观缠论信号为无信号，60分钟笔方向向下，中枢震荡，观望,129.60,130.30,135.80,0.5416,0.1299,否
2026-05-19 13:20:32,二卖,否,警戒,hk01024,快手,48.98,安全,二卖,向上,无信号,客观缠论信号为二卖，60分钟笔方向向上（冲顶模式），因此实际交易动作是二卖（笔方向向上时优先卖点）,51.00,43.00,54.40,0.0199,-0.0822,否
2026-05-19 13:20:32,二卖,否,警戒,hk06618,京东健康,41.54,安全,二卖,向上,无信号,客观缠论信号为二卖，60分钟笔方向向上（冲顶模式），因此实际交易动作是二卖（笔方向向上时优先卖点）,39.65,41.90,45.30,-0.7221,-0.6782,否
2026-05-19 13:20:32,观望,否,警戒,hk06862,海底捞,14.32,安全,二卖,向下,无信号,客观缠论信号为二卖，60分钟笔方向向下，中枢震荡，观望,13.47,14.16,14.42,-0.0111,-0.0347,否
2026-05-19 13:20:32,一卖,否,警戒,600415,小商品城,14.25,安全,一卖,向上,无信号,客观缠论信号为一卖，60分钟笔方向向上（冲顶模式），因此实际交易动作是一卖（趋势顶背驰卖出）,12.86,12.74,13.28,0.1891,0.1308,否
2026-05-19 13:20:32,二买,否,警戒,300285,国瓷材料,43.59,安全,二买,向下,无信号,客观缠论信号为二买，60分钟笔方向向下（寻底模式），因此实际交易动作是二买（笔方向向下时优先买点）,32.60,35.16,40.67,0.8530,0.3610,否
2026-05-19 13:20:32,三买,否,警戒,600021,上海电力,18.45,安全,三买,向下,无信号,客观缠论信号为三买，60分钟笔方向向下（寻底模式），因此实际交易动作是三买（突破回踩买入）,18.15,17.63,17.42,0.3974,0.2277,否

2026-05-19 13:35:30,二卖,是,警戒,603317,天味食品,15.88,安全,二卖,向上,无信号,客观缠论信号为二卖，60分钟笔方向向上（冲顶模式），因此实际交易动作是二卖（笔方向向上时优先卖点）,12.56,15.25,16.10,-0.0085,-0.0314,否
2026-05-19 13:35:30,二卖,是,警戒,688981,中芯国际,116.38,安全,二卖,向上,无信号,客观缠论信号为二卖，60分钟笔方向向上（冲顶模式），因此实际交易动作是二卖（笔方向向上时优先卖点）,115.74,109.78,125.00,-0.8768,-1.0646,否
2026-05-19 13:35:30,观望,是,警戒,600938,中国海油,36.50,安全,无信号,向上,无信号,客观缠论信号为无信号，60分钟笔方向向上，中枢震荡，观望,34.06,35.29,36.28,-0.0453,0.0007,否
2026-05-19 13:35:30,二买,是,警戒,000333,美的集团,80.62,安全,二买,向下,无信号,客观缠论信号为二买，60分钟笔方向向下（寻底模式），因此实际交易动作是二买（笔方向向下时优先买点）,79.17,78.91,80.95,-0.4311,-0.2598,否
2026-05-19 13:35:30,观望,是,警戒,000001,平安银行,10.84,安全,二卖,向下,无信号,客观缠论信号为二卖，60分钟笔方向向下，中枢震荡，观望,10.78,10.67,11.03,-0.0270,-0.0313,否
2026-05-19 13:35:30,观望,是,警戒,hk01810,小米集团,30.62,安全,一卖,向下,无信号,客观缠论信号为一卖，60分钟笔方向向下，中枢震荡，观望,32.78,30.26,31.18,-0.0113,-0.0232,否
2026-05-19 13:35:30,三买,是,警戒,513130,恒生科技ETF,0.61,安全,二卖+三买,向下,无信号,客观缠论信号为二卖、三买，60分钟笔方向向下（寻底模式），因此实际交易动作是三买（突破回踩买入）,0.59,0.61,0.63,-0.0030,-0.0037,否
2026-05-19 13:35:30,三买,否,警戒,sh000001,上证指数,4125.10,安全,一卖+三买,向下,无信号,客观缠论信号为一卖、三买，60分钟笔方向向下（寻底模式），因此实际交易动作是三买（突破回踩买入）,4101.83,4079.77,4092.83,-9.5998,-11.0654,否
2026-05-19 13:35:30,观望,否,警戒,510300,沪深300ETF,4.83,安全,二买,向上,底背驰,客观缠论信号为二买，60分钟笔方向向上，中枢震荡，观望,4.68,4.86,4.79,-0.0161,-0.0200,否
2026-05-19 13:35:30,观望,否,警戒,588000,科创50ETF,1.82,安全,无信号,向下,无信号,客观缠论信号为无信号，60分钟笔方向向下，中枢震荡，观望,1.55,1.71,1.82,0.0006,-0.0037,否
2026-05-19 13:35:30,观望,否,警戒,513100,纳指ETF,2.04,安全,无信号,向下,底背驰,客观缠论信号为无信号，60分钟笔方向向下，中枢震荡，观望,1.91,2.07,2.11,-0.0125,-0.0111,否
2026-05-19 13:35:30,二卖,否,警戒,513520,日经ETF,2.04,安全,二卖,向上,无信号,客观缠论信号为二卖，60分钟笔方向向上（冲顶模式），因此实际交易动作是二卖（笔方向向上时优先卖点）,1.89,2.00,2.04,-0.0092,-0.0104,否
2026-05-19 13:35:30,二卖,否,警戒,512400,有色金属ETF,1.97,安全,二卖+三买,向上,无信号,客观缠论信号为二卖、三买，60分钟笔方向向上（冲顶模式），因此实际交易动作是二卖（笔方向向上时优先卖点）,2.11,1.96,2.15,-0.0216,-0.0242,否
2026-05-19 13:35:30,观望,否,警戒,512690,酒ETF,0.45,日线破位,二卖,向下,无信号,客观缠论信号为二卖，60分钟笔方向向下，中枢震荡，观望,0.48,0.48,0.48,-0.0006,-0.0007,否
2026-05-19 13:35:30,观望,否,警戒,159227,航空航天ETF,1.26,安全,无信号,向下,无信号,客观缠论信号为无信号，60分钟笔方向向下，中枢震荡，观望,1.23,1.30,1.29,-0.0091,-0.0094,否
2026-05-19 13:35:30,观望,否,警戒,159992,创新药ETF,0.78,安全,二卖,向下,无信号,客观缠论信号为二卖，60分钟笔方向向下，中枢震荡，观望,0.79,0.77,0.83,-0.0033,-0.0041,否
2026-05-19 13:35:30,二卖,否,警戒,515050,通信ETF,1.12,安全,二卖,向上,无信号,客观缠论信号为二卖，60分钟笔方向向上（冲顶模式），因此实际交易动作是二卖（笔方向向上时优先卖点）,1.08,1.48,2.40,-0.0118,-0.0161,否
2026-05-19 13:35:30,观望,否,警戒,159915,创业板ETF,3.89,安全,无信号,向下,无信号,客观缠论信号为无信号，60分钟笔方向向下，中枢震荡，观望,3.24,3.61,3.97,-0.0190,-0.0218,否
2026-05-19 13:35:30,二买,否,警戒,588200,科创芯片ETF,3.49,安全,一卖+二买,向下,无信号,客观缠论信号为一卖、二买，60分钟笔方向向下（寻底模式），因此实际交易动作是二买（笔方向向下时优先买点）,2.65,3.20,3.34,-0.0007,-0.0106,否
2026-05-19 13:35:30,观望,否,警戒,159755,电池ETF,1.16,安全,二卖,向下,无信号,客观缠论信号为二卖，60分钟笔方向向下，中枢震荡，观望,1.03,1.17,1.19,-0.0065,-0.0075,否
2026-05-19 13:35:30,二卖,否,警戒,159899,软件ETF,0.85,安全,二卖+三买,向上,无信号,客观缠论信号为二卖、三买，60分钟笔方向向上（冲顶模式），因此实际交易动作是二卖（笔方向向上时优先卖点）,0.81,0.83,0.84,0.0013,0.0011,否
2026-05-19 13:35:30,观望,否,警戒,513360,教育ETF,0.49,日线破位,二卖,向下,无信号,客观缠论信号为二卖，60分钟笔方向向下，中枢震荡，观望,0.49,0.49,0.50,-0.0002,-0.0003,否
2026-05-19 13:35:30,二买,否,警戒,515790,光伏ETF,1.10,安全,二卖+二买,向下,无信号,客观缠论信号为二卖、二买，60分钟笔方向向下（寻底模式），因此实际交易动作是二买（笔方向向下时优先买点）,1.08,1.10,1.11,-0.0015,-0.0029,否
2026-05-19 13:35:30,观望,否,警戒,601668,中国建筑,4.91,安全,无信号,向下,无信号,客观缠论信号为无信号，60分钟笔方向向下，中枢震荡，观望,4.88,4.91,4.95,-0.0013,-0.0048,否
2026-05-19 13:35:30,观望,否,警戒,601288,农业银行,6.62,安全,二卖,向下,无信号,客观缠论信号为二卖，60分钟笔方向向下，中枢震荡，观望,6.53,6.53,6.68,-0.0085,-0.0091,否
2026-05-19 13:35:30,二买,否,警戒,601728,中国电信,7.01,安全,二买,向下,无信号,客观缠论信号为二买，60分钟笔方向向下（寻底模式），因此实际交易动作是二买（笔方向向下时优先买点）,6.80,6.75,6.19,0.1635,0.1738,否
2026-05-19 13:35:30,观望,否,警戒,600276,恒瑞医药,51.63,安全,二买+三买,向上,无信号,客观缠论信号为二买、三买，60分钟笔方向向上，中枢震荡，观望,51.31,52.41,53.92,-0.4758,-0.4788,否
2026-05-19 13:35:30,观望,否,警戒,600177,雅戈尔,7.52,安全,二卖,向下,无信号,客观缠论信号为二卖，60分钟笔方向向下，中枢震荡，观望,7.50,7.25,7.53,-0.0077,-0.0174,否
2026-05-19 13:35:30,观望,否,警戒,600887,伊利股份,27.22,安全,无信号,向下,无信号,客观缠论信号为无信号，60分钟笔方向向下，中枢震荡，观望,27.22,27.11,27.98,-0.0398,-0.0450,否
2026-05-19 13:35:30,观望,否,警戒,601138,工业富联,68.62,安全,二卖,向下,底背驰,客观缠论信号为二卖，60分钟笔方向向下，中枢震荡，观望,64.65,62.77,71.76,-0.1468,-0.2323,否
2026-05-19 13:35:30,观望,否,警戒,688041,海光信息,298.84,安全,一卖,向下,无信号,客观缠论信号为一卖，60分钟笔方向向下，中枢震荡，观望,246.00,320.01,305.00,-3.3578,-3.9802,否
2026-05-19 13:35:30,二买,否,警戒,601225,陕西煤业,24.40,安全,一卖+二买,向下,无信号,客观缠论信号为一卖、二买，60分钟笔方向向下（寻底模式），因此实际交易动作是二买（笔方向向下时优先买点）,25.15,24.22,24.11,0.1081,0.1372,否
2026-05-19 13:35:30,观望,否,警戒,600900,长江电力,27.23,安全,二卖,向下,无信号,客观缠论信号为二卖，60分钟笔方向向下，中枢震荡，观望,26.66,26.60,27.03,0.0893,0.0617,否
2026-05-19 13:35:30,二卖,否,警戒,600660,福耀玻璃,55.12,日线破位,二卖,向上,无信号,客观缠论信号为二卖，60分钟笔方向向上（冲顶模式），因此实际交易动作是二卖（笔方向向上时优先卖点）,55.27,55.65,58.35,-0.1632,-0.2226,否
2026-05-19 13:35:30,观望,否,警戒,000429,粤高速A,13.11,安全,二卖,向下,无信号,客观缠论信号为二卖，60分钟笔方向向下，中枢震荡，观望,12.70,12.48,13.13,0.0305,0.0182,否
2026-05-19 13:35:30,观望,否,警戒,002507,涪陵榨菜,11.97,日线破位,二卖,向下,无信号,客观缠论信号为二卖，60分钟笔方向向下，中枢震荡，观望,12.23,12.28,12.33,0.0002,-0.0149,否
2026-05-19 13:35:30,二买,否,警戒,000338,潍柴动力,32.95,安全,一卖+二买,向下,无信号,客观缠论信号为一卖、二买，60分钟笔方向向下（寻底模式），因此实际交易动作是二买（笔方向向下时优先买点）,25.92,31.76,33.85,-0.3079,-0.3731,否
2026-05-19 13:35:30,观望,否,警戒,000538,云南白药,50.87,日线破位,二卖,向下,无信号,客观缠论信号为二卖，60分钟笔方向向下，中枢震荡，观望,55.40,54.40,51.89,-0.0270,-0.0421,否
2026-05-19 13:35:30,观望,否,警戒,000423,东阿阿胶,50.85,安全,无信号,向下,无信号,客观缠论信号为无信号，60分钟笔方向向下，中枢震荡，观望,50.16,49.78,53.53,-0.2749,-0.3323,否
2026-05-19 13:35:30,观望,否,警戒,000651,格力电器,39.48,日线破位,二卖,向下,底背驰,客观缠论信号为二卖，60分钟笔方向向下，中枢震荡，观望,40.00,39.51,40.57,-0.1588,-0.1532,否
2026-05-19 13:35:30,观望,否,警戒,000895,双汇发展,26.26,安全,二卖,向下,无信号,客观缠论信号为二卖，60分钟笔方向向下，中枢震荡，观望,25.75,26.51,26.98,-0.0414,-0.0559,否
2026-05-19 13:35:30,观望,否,警戒,002415,海康威视,32.96,安全,二卖,向下,无信号,客观缠论信号为二卖，60分钟笔方向向下，中枢震荡，观望,31.96,33.30,33.25,-0.1051,-0.1550,否
2026-05-19 13:35:30,观望,否,警戒,hk03690,美团,82.60,安全,二卖,向下,无信号,客观缠论信号为二卖，60分钟笔方向向下，中枢震荡，观望,75.85,82.15,84.55,-0.0600,-0.2343,否
2026-05-19 13:35:30,二卖,否,警戒,hk03896,金山云,7.80,安全,二卖,向上,无信号,客观缠论信号为二卖，60分钟笔方向向上（冲顶模式），因此实际交易动作是二卖（笔方向向上时优先卖点）,7.80,7.78,8.63,-0.0270,-0.0385,否
2026-05-19 13:35:30,观望,否,警戒,hk00700,腾讯,461.00,日线破位,无信号,向上,无信号,客观缠论信号为无信号，60分钟笔方向向上，中枢震荡，观望,494.60,486.20,460.20,2.7639,1.2505,否
2026-05-19 13:35:30,二卖,否,警戒,hk09988,阿里巴巴,133.70,安全,二卖,向上,无信号,客观缠论信号为二卖，60分钟笔方向向上（冲顶模式），因此实际交易动作是二卖（笔方向向上时优先卖点）,129.60,130.30,135.30,0.5416,0.1299,否
2026-05-19 13:35:30,二卖,否,警戒,hk01024,快手,48.98,安全,二卖+三卖,向上,无信号,客观缠论信号为二卖、三卖，60分钟笔方向向上（冲顶模式），因此实际交易动作是二卖（笔方向向上时优先卖点）,51.00,43.00,52.65,0.0199,-0.0822,否
2026-05-19 13:35:30,二卖,否,警戒,hk06618,京东健康,41.54,安全,二卖,向上,无信号,客观缠论信号为二卖，60分钟笔方向向上（冲顶模式），因此实际交易动作是二卖（笔方向向上时优先卖点）,39.65,41.90,45.30,-0.7221,-0.6782,否
2026-05-19 13:35:30,观望,否,警戒,hk06862,海底捞,14.32,安全,二卖,向下,无信号,客观缠论信号为二卖，60分钟笔方向向下，中枢震荡，观望,13.47,14.16,14.42,-0.0111,-0.0347,否
2026-05-19 13:35:30,一卖,否,警戒,600415,小商品城,14.25,安全,一卖,向上,无信号,客观缠论信号为一卖，60分钟笔方向向上（冲顶模式），因此实际交易动作是一卖（趋势顶背驰卖出）,12.86,12.74,13.28,0.1891,0.1308,否
2026-05-19 13:35:30,二买,否,警戒,300285,国瓷材料,43.59,安全,二买,向下,无信号,客观缠论信号为二买，60分钟笔方向向下（寻底模式），因此实际交易动作是二买（笔方向向下时优先买点）,32.60,35.16,40.67,0.8530,0.3610,否
2026-05-19 13:35:30,三买,否,警戒,600021,上海电力,18.45,安全,三买,向下,无信号,客观缠论信号为三买，60分钟笔方向向下（寻底模式），因此实际交易动作是三买（突破回踩买入）,18.15,17.63,17.42,0.4070,0.2635,否

2026-05-19 13:50:48,二卖,是,警戒,603317,天味食品,15.90,安全,二卖,向上,无信号,客观缠论信号为二卖，60分钟笔方向向上（冲顶模式），因此实际交易动作是二卖（笔方向向上时优先卖点）,12.56,15.25,16.10,-0.0008,-0.0253,否
2026-05-19 13:50:48,二卖,是,警戒,688981,中芯国际,116.60,安全,二卖,向上,无信号,客观缠论信号为二卖，60分钟笔方向向上（冲顶模式），因此实际交易动作是二卖（笔方向向上时优先卖点）,115.74,109.78,125.00,-0.7471,-1.0011,否
2026-05-19 13:50:48,观望,是,警戒,600938,中国海油,36.50,安全,无信号,向上,无信号,客观缠论信号为无信号，60分钟笔方向向上，中枢震荡，观望,34.06,35.29,36.28,-0.0453,0.0007,否
2026-05-19 13:50:48,二买,是,警戒,000333,美的集团,80.84,安全,二买,向下,无信号,客观缠论信号为二买，60分钟笔方向向下（寻底模式），因此实际交易动作是二买（笔方向向下时优先买点）,79.17,78.91,80.95,-0.4406,-0.2960,否
2026-05-19 13:50:48,观望,是,警戒,000001,平安银行,10.86,安全,二卖,向下,无信号,客观缠论信号为二卖，60分钟笔方向向下，中枢震荡，观望,10.78,10.67,11.03,-0.0252,-0.0301,否
2026-05-19 13:50:48,观望,是,警戒,hk01810,小米集团,30.62,安全,一卖,向下,无信号,客观缠论信号为一卖，60分钟笔方向向下，中枢震荡，观望,32.78,30.26,31.18,-0.0113,-0.0232,否
2026-05-19 13:50:48,三买,是,警戒,513130,恒生科技ETF,0.60,安全,二卖+三买,向下,无信号,客观缠论信号为二卖、三买，60分钟笔方向向下（寻底模式），因此实际交易动作是三买（突破回踩买入）,0.59,0.61,0.63,-0.0029,-0.0035,否
2026-05-19 13:50:48,三买,否,警戒,sh000001,上证指数,4125.10,安全,一卖+三买,向下,无信号,客观缠论信号为一卖、三买，60分钟笔方向向下（寻底模式），因此实际交易动作是三买（突破回踩买入）,4101.83,4079.77,4092.83,-9.5998,-11.0654,否
2026-05-19 13:50:48,观望,否,警戒,510300,沪深300ETF,4.83,安全,二买,向上,底背驰,客观缠论信号为二买，60分钟笔方向向上，中枢震荡，观望,4.68,4.86,4.79,-0.0144,-0.0189,否
2026-05-19 13:50:48,观望,否,警戒,588000,科创50ETF,1.82,安全,无信号,向下,无信号,客观缠论信号为无信号，60分钟笔方向向下，中枢震荡，观望,1.55,1.71,1.82,0.0022,-0.0025,否
2026-05-19 13:50:48,观望,否,警戒,513100,纳指ETF,2.04,安全,无信号,向下,底背驰,客观缠论信号为无信号，60分钟笔方向向下，中枢震荡，观望,1.91,2.07,2.11,-0.0125,-0.0111,否
2026-05-19 13:50:48,二卖,否,警戒,513520,日经ETF,2.04,安全,二卖,向上,无信号,客观缠论信号为二卖，60分钟笔方向向上（冲顶模式），因此实际交易动作是二卖（笔方向向上时优先卖点）,1.89,2.00,2.04,-0.0092,-0.0104,否
2026-05-19 13:50:48,二卖,否,警戒,512400,有色金属ETF,1.97,安全,二卖+三买,向上,无信号,客观缠论信号为二卖、三买，60分钟笔方向向上（冲顶模式），因此实际交易动作是二卖（笔方向向上时优先卖点）,2.11,1.96,2.15,-0.0216,-0.0242,否
2026-05-19 13:50:48,观望,否,警戒,512690,酒ETF,0.45,日线破位,二卖,向下,无信号,客观缠论信号为二卖，60分钟笔方向向下，中枢震荡，观望,0.48,0.48,0.48,-0.0007,-0.0007,否
2026-05-19 13:50:48,观望,否,警戒,159227,航空航天ETF,1.27,安全,无信号,向下,无信号,客观缠论信号为无信号，60分钟笔方向向下，中枢震荡，观望,1.23,1.30,1.29,-0.0085,-0.0092,否
2026-05-19 13:50:48,观望,否,警戒,159992,创新药ETF,0.78,安全,二卖,向下,无信号,客观缠论信号为二卖，60分钟笔方向向下，中枢震荡，观望,0.79,0.77,0.83,-0.0033,-0.0040,否
2026-05-19 13:50:48,二卖,否,警戒,515050,通信ETF,1.12,安全,二卖,向上,无信号,客观缠论信号为二卖，60分钟笔方向向上（冲顶模式），因此实际交易动作是二卖（笔方向向上时优先卖点）,1.08,1.48,2.40,-0.0118,-0.0161,否
2026-05-19 13:50:48,观望,否,警戒,159915,创业板ETF,3.88,安全,无信号,向下,无信号,客观缠论信号为无信号，60分钟笔方向向下，中枢震荡，观望,3.24,3.61,3.97,-0.0170,-0.0208,否
2026-05-19 13:50:48,二买,否,警戒,588200,科创芯片ETF,3.50,安全,一卖+二买,向下,无信号,客观缠论信号为一卖、二买，60分钟笔方向向下（寻底模式），因此实际交易动作是二买（笔方向向下时优先买点）,2.65,3.20,3.34,0.0032,-0.0079,否
2026-05-19 13:50:48,观望,否,警戒,159755,电池ETF,1.15,安全,二卖,向下,无信号,客观缠论信号为二卖，60分钟笔方向向下，中枢震荡，观望,1.03,1.17,1.19,-0.0059,-0.0072,否
2026-05-19 13:50:48,二卖,否,警戒,159899,软件ETF,0.85,安全,二卖+三买,向上,无信号,客观缠论信号为二卖、三买，60分钟笔方向向上（冲顶模式），因此实际交易动作是二卖（笔方向向上时优先卖点）,0.81,0.83,0.84,0.0013,0.0011,否
2026-05-19 13:50:48,观望,否,警戒,513360,教育ETF,0.49,日线破位,二卖,向下,无信号,客观缠论信号为二卖，60分钟笔方向向下，中枢震荡，观望,0.49,0.49,0.50,-0.0003,-0.0003,否
2026-05-19 13:50:48,二买,否,警戒,515790,光伏ETF,1.10,安全,二卖+二买,向下,无信号,客观缠论信号为二卖、二买，60分钟笔方向向下（寻底模式），因此实际交易动作是二买（笔方向向下时优先买点）,1.08,1.10,1.11,-0.0011,-0.0026,否
2026-05-19 13:50:48,观望,否,警戒,601668,中国建筑,4.91,安全,无信号,向下,无信号,客观缠论信号为无信号，60分钟笔方向向下，中枢震荡，观望,4.88,4.91,4.95,-0.0013,-0.0048,否
2026-05-19 13:50:48,观望,否,警戒,601288,农业银行,6.62,安全,二卖,向下,无信号,客观缠论信号为二卖，60分钟笔方向向下，中枢震荡，观望,6.53,6.53,6.68,-0.0085,-0.0091,否
2026-05-19 13:50:48,二买,否,警戒,601728,中国电信,6.99,安全,二买,向下,无信号,客观缠论信号为二买，60分钟笔方向向下（寻底模式），因此实际交易动作是二买（笔方向向下时优先买点）,6.80,6.75,6.19,0.1509,0.1692,否
2026-05-19 13:50:48,观望,否,警戒,600276,恒瑞医药,51.43,安全,二买+三买,向上,无信号,客观缠论信号为二买、三买，60分钟笔方向向上，中枢震荡，观望,51.31,52.41,53.92,-0.4805,-0.4791,否
2026-05-19 13:50:48,观望,否,警戒,600177,雅戈尔,7.52,安全,二卖,向下,无信号,客观缠论信号为二卖，60分钟笔方向向下，中枢震荡，观望,7.50,7.25,7.53,-0.0077,-0.0174,否
2026-05-19 13:50:48,观望,否,警戒,600887,伊利股份,27.19,安全,无信号,向下,无信号,客观缠论信号为无信号，60分钟笔方向向下，中枢震荡，观望,27.22,27.11,27.98,-0.0477,-0.0455,否
2026-05-19 13:50:48,观望,否,警戒,601138,工业富联,68.55,安全,二卖,向下,底背驰,客观缠论信号为二卖，60分钟笔方向向下，中枢震荡，观望,64.65,62.77,71.76,-0.1033,-0.2065,否
2026-05-19 13:50:48,观望,否,警戒,688041,海光信息,300.25,安全,一卖,向下,无信号,客观缠论信号为一卖，60分钟笔方向向下，中枢震荡，观望,246.00,320.01,305.00,-2.9655,-3.7773,否
2026-05-19 13:50:48,二买,否,警戒,601225,陕西煤业,24.42,安全,一卖+二买,向下,无信号,客观缠论信号为一卖、二买，60分钟笔方向向下（寻底模式），因此实际交易动作是二买（笔方向向下时优先买点）,25.15,24.22,24.11,0.0984,0.1294,否
2026-05-19 13:50:48,观望,否,警戒,600900,长江电力,27.20,安全,二卖,向下,无信号,客观缠论信号为二卖，60分钟笔方向向下，中枢震荡，观望,26.66,26.60,27.03,0.0842,0.0662,否
2026-05-19 13:50:48,二卖,否,警戒,600660,福耀玻璃,54.98,日线破位,二卖,向上,无信号,客观缠论信号为二卖，60分钟笔方向向上（冲顶模式），因此实际交易动作是二卖（笔方向向上时优先卖点）,55.27,55.65,58.35,-0.1557,-0.2092,否
2026-05-19 13:50:48,观望,否,警戒,000429,粤高速A,13.12,安全,二卖,向下,无信号,客观缠论信号为二卖，60分钟笔方向向下，中枢震荡，观望,12.70,12.48,13.13,0.0306,0.0207,否
2026-05-19 13:50:48,观望,否,警戒,002507,涪陵榨菜,11.97,日线破位,二卖,向下,无信号,客观缠论信号为二卖，60分钟笔方向向下，中枢震荡，观望,12.23,12.28,12.33,0.0002,-0.0149,否
2026-05-19 13:50:48,二买,否,警戒,000338,潍柴动力,33.20,安全,一卖+二买,向下,无信号,客观缠论信号为一卖、二买，60分钟笔方向向下（寻底模式），因此实际交易动作是二买（笔方向向下时优先买点）,25.92,31.76,33.85,-0.2560,-0.3497,否
2026-05-19 13:50:48,观望,否,警戒,000538,云南白药,50.86,日线破位,二卖,向下,无信号,客观缠论信号为二卖，60分钟笔方向向下，中枢震荡，观望,55.40,54.40,51.89,-0.0274,-0.0391,否
2026-05-19 13:50:48,观望,否,警戒,000423,东阿阿胶,50.87,安全,无信号,向下,无信号,客观缠论信号为无信号，60分钟笔方向向下，中枢震荡，观望,50.16,49.78,53.53,-0.2616,-0.3182,否
2026-05-19 13:50:48,观望,否,警戒,000651,格力电器,39.58,安全,二卖,向下,底背驰,客观缠论信号为二卖，60分钟笔方向向下，中枢震荡，观望,40.00,39.51,40.57,-0.1515,-0.1529,否
2026-05-19 13:50:48,观望,否,警戒,000895,双汇发展,26.25,安全,二卖,向下,无信号,客观缠论信号为二卖，60分钟笔方向向下，中枢震荡，观望,25.75,26.51,26.98,-0.0426,-0.0532,否
2026-05-19 13:50:48,观望,否,警戒,002415,海康威视,33.00,安全,二卖,向下,无信号,客观缠论信号为二卖，60分钟笔方向向下，中枢震荡，观望,31.96,33.30,33.25,-0.0874,-0.1415,否
2026-05-19 13:50:48,观望,否,警戒,000157,中联重科,7.24,安全,二卖,向下,无信号,客观缠论信号为二卖，60分钟笔方向向下，中枢震荡，观望,7.18,7.22,7.94,-0.0604,-0.0698,否
2026-05-19 13:50:48,二卖,否,警戒,002128,电投能源,29.67,安全,一卖+二卖+二买,向上,无信号,客观缠论信号为一卖、二卖、二买，60分钟笔方向向上（冲顶模式），因此实际交易动作是二卖（笔方向向上时优先卖点）,29.02,28.68,31.60,-0.3063,-0.3442,否
2026-05-19 13:50:48,观望,否,警戒,002027,分众传媒,5.75,日线破位,二卖,向下,无信号,客观缠论信号为二卖，60分钟笔方向向下，中枢震荡，观望,6.16,6.22,6.36,-0.0469,-0.0469,否
2026-05-19 13:50:48,二买,否,警戒,001965,招商公路,10.03,安全,二买,向下,无信号,客观缠论信号为二买，60分钟笔方向向下（寻底模式），因此实际交易动作是二买（笔方向向下时优先买点）,9.68,9.78,9.89,0.0443,0.0373,否
2026-05-19 13:50:48,观望,否,警戒,hk03690,美团,82.60,安全,二卖,向下,无信号,客观缠论信号为二卖，60分钟笔方向向下，中枢震荡，观望,75.85,82.15,84.55,-0.0600,-0.2343,否
2026-05-19 13:50:48,二卖,否,警戒,hk03896,金山云,7.80,安全,二卖,向上,无信号,客观缠论信号为二卖，60分钟笔方向向上（冲顶模式），因此实际交易动作是二卖（笔方向向上时优先卖点）,7.80,7.78,8.63,-0.0270,-0.0385,否
2026-05-19 13:50:48,观望,否,警戒,hk00700,腾讯,459.20,日线破位,无信号,向上,无信号,客观缠论信号为无信号，60分钟笔方向向上，中枢震荡，观望,494.60,486.20,460.20,2.2193,2.0876,否
2026-05-19 13:50:48,二卖,否,警戒,hk09988,阿里巴巴,133.20,安全,二卖,向上,无信号,客观缠论信号为二卖，60分钟笔方向向上（冲顶模式），因此实际交易动作是二卖（笔方向向上时优先卖点）,129.60,130.30,135.30,0.4401,0.4376,否
2026-05-19 13:50:48,二卖,否,警戒,hk01024,快手,48.76,安全,二卖+三卖,向上,无信号,客观缠论信号为二卖、三卖，60分钟笔方向向上（冲顶模式），因此实际交易动作是二卖（笔方向向上时优先卖点）,51.00,43.00,52.65,0.0306,0.0225,否
2026-05-19 13:50:48,二卖,否,警戒,hk06618,京东健康,41.50,安全,二卖,向上,无信号,客观缠论信号为二卖，60分钟笔方向向上（冲顶模式），因此实际交易动作是二卖（笔方向向上时优先卖点）,39.65,41.90,45.30,-0.5439,-0.6118,否
2026-05-19 13:50:48,观望,否,警戒,hk06862,海底捞,14.32,安全,二卖,向下,无信号,客观缠论信号为二卖，60分钟笔方向向下，中枢震荡，观望,13.47,14.16,14.42,-0.0111,-0.0347,否
2026-05-19 13:50:48,一卖,否,警戒,600415,小商品城,14.30,安全,一卖,向上,无信号,客观缠论信号为一卖，60分钟笔方向向上（冲顶模式），因此实际交易动作是一卖（趋势顶背驰卖出）,12.86,12.74,13.28,0.1910,0.1517,否
2026-05-19 13:50:48,二买,否,警戒,300285,国瓷材料,43.59,安全,二买,向下,无信号,客观缠论信号为二买，60分钟笔方向向下（寻底模式），因此实际交易动作是二买（笔方向向下时优先买点）,32.60,35.16,40.67,0.8530,0.3610,否
2026-05-19 13:50:48,三买,否,警戒,600021,上海电力,18.45,安全,三买,向下,无信号,客观缠论信号为三买，60分钟笔方向向下（寻底模式），因此实际交易动作是三买（突破回踩买入）,18.15,17.63,17.42,0.4100,0.2928,否

2026-05-19 14:14:58,二卖,是,警戒,603317,天味食品,15.83,安全,二卖,向上,无信号,客观缠论信号为二卖，60分钟笔方向向上（冲顶模式），因此实际交易动作是二卖（笔方向向上时优先卖点）,12.56,15.25,16.10,-0.0003,-0.0203,否
2026-05-19 14:14:58,观望,是,警戒,688981,中芯国际,116.79,安全,二卖,向下,无信号,客观缠论信号为二卖，60分钟笔方向向下，中枢震荡，观望,115.74,109.78,125.00,-0.6218,-0.9253,否
2026-05-19 14:14:58,二买,是,警戒,600938,中国海油,36.87,安全,二买,向下,无信号,客观缠论信号为二买，60分钟笔方向向下（寻底模式），因此实际交易动作是二买（笔方向向下时优先买点）,34.06,35.29,36.45,-0.0021,-0.0039,否
2026-05-19 14:14:58,二买,是,警戒,000333,美的集团,80.84,安全,二买,向下,无信号,客观缠论信号为二买，60分钟笔方向向下（寻底模式），因此实际交易动作是二买（笔方向向下时优先买点）,79.17,78.91,80.95,-0.4406,-0.2960,否
2026-05-19 14:14:58,观望,是,警戒,000001,平安银行,10.86,安全,二卖,向下,无信号,客观缠论信号为二卖，60分钟笔方向向下，中枢震荡，观望,10.78,10.67,11.03,-0.0252,-0.0301,否
2026-05-19 14:14:58,二卖,是,警戒,hk01810,小米集团,30.62,安全,二卖,向上,无信号,客观缠论信号为二卖，60分钟笔方向向上（冲顶模式），因此实际交易动作是二卖（笔方向向上时优先卖点）,32.78,30.26,31.18,-0.0113,-0.0232,否
2026-05-19 14:14:58,三买,是,警戒,513130,恒生科技ETF,0.60,安全,二卖+三买,向下,无信号,客观缠论信号为二卖、三买，60分钟笔方向向下（寻底模式），因此实际交易动作是三买（突破回踩买入）,0.59,0.61,0.63,-0.0029,-0.0035,否
2026-05-19 14:14:58,三买,否,警戒,sh000001,上证指数,4125.10,安全,一卖+三买,向下,无信号,客观缠论信号为一卖、三买，60分钟笔方向向下（寻底模式），因此实际交易动作是三买（突破回踩买入）,4101.83,4079.77,4092.83,-9.5998,-11.0654,否
2026-05-19 14:14:58,观望,否,警戒,510300,沪深300ETF,4.84,安全,无信号,向下,底背驰,客观缠论信号为无信号，60分钟笔方向向下，中枢震荡，观望,4.68,4.86,4.91,-0.0101,-0.0161,否
2026-05-19 14:14:58,观望,否,警戒,588000,科创50ETF,1.84,安全,无信号,向下,无信号,客观缠论信号为无信号，60分钟笔方向向下，中枢震荡，观望,1.55,1.71,1.82,0.0060,0.0002,否
2026-05-19 14:14:58,观望,否,警戒,513100,纳指ETF,2.04,安全,无信号,向下,无信号,客观缠论信号为无信号，60分钟笔方向向下，中枢震荡，观望,1.91,2.07,2.11,-0.0123,-0.0116,否
2026-05-19 14:14:58,二卖,否,警戒,513520,日经ETF,2.04,安全,二卖,向上,无信号,客观缠论信号为二卖，60分钟笔方向向上（冲顶模式），因此实际交易动作是二卖（笔方向向上时优先卖点）,1.89,2.00,2.04,-0.0091,-0.0100,否
2026-05-19 14:14:58,观望,否,警戒,512400,有色金属ETF,1.97,安全,二卖,向下,无信号,客观缠论信号为二卖，60分钟笔方向向下，中枢震荡，观望,2.11,1.96,2.02,-0.0216,-0.0242,否
2026-05-19 14:14:58,二卖,否,警戒,512690,酒ETF,0.45,日线破位,二卖,向上,无信号,客观缠论信号为二卖，60分钟笔方向向上（冲顶模式），因此实际交易动作是二卖（笔方向向上时优先卖点）,0.48,0.48,0.48,-0.0007,-0.0007,否
2026-05-19 14:14:58,观望,否,警戒,159227,航空航天ETF,1.27,安全,无信号,向下,无信号,客观缠论信号为无信号，60分钟笔方向向下，中枢震荡，观望,1.23,1.30,1.29,-0.0085,-0.0092,否
2026-05-19 14:14:58,观望,否,警戒,159992,创新药ETF,0.78,安全,二卖,向下,无信号,客观缠论信号为二卖，60分钟笔方向向下，中枢震荡，观望,0.79,0.77,0.83,-0.0028,-0.0036,否
2026-05-19 14:14:58,观望,否,警戒,515050,通信ETF,1.12,安全,二卖,向下,无信号,客观缠论信号为二卖，60分钟笔方向向下，中枢震荡，观望,1.08,1.48,1.14,-0.0118,-0.0161,否
2026-05-19 14:14:58,观望,否,警戒,159915,创业板ETF,3.89,安全,无信号,向下,无信号,客观缠论信号为无信号，60分钟笔方向向下，中枢震荡，观望,3.24,3.61,3.97,-0.0125,-0.0181,否
2026-05-19 14:14:58,二买,否,警戒,588200,科创芯片ETF,3.53,安全,一卖+二买,向下,无信号,客观缠论信号为一卖、二买，60分钟笔方向向下（寻底模式），因此实际交易动作是二买（笔方向向下时优先买点）,2.65,3.20,3.34,0.0120,-0.0014,否
2026-05-19 14:14:58,观望,否,警戒,159755,电池ETF,1.15,安全,二卖,向下,无信号,客观缠论信号为二卖，60分钟笔方向向下，中枢震荡，观望,1.03,1.17,1.18,-0.0047,-0.0063,否
2026-05-19 14:14:58,二卖,否,警戒,159899,软件ETF,0.85,安全,二卖+三卖,向上,无信号,客观缠论信号为二卖、三卖，60分钟笔方向向上（冲顶模式），因此实际交易动作是二卖（笔方向向上时优先卖点）,0.81,0.83,0.89,0.0016,0.0012,否
2026-05-19 14:14:58,观望,否,警戒,513360,教育ETF,0.49,日线破位,二卖,向下,无信号,客观缠论信号为二卖，60分钟笔方向向下，中枢震荡，观望,0.49,0.49,0.50,-0.0003,-0.0003,否
2026-05-19 14:14:58,二买,否,警戒,515790,光伏ETF,1.11,安全,二卖+二买,向下,无信号,客观缠论信号为二卖、二买，60分钟笔方向向下（寻底模式），因此实际交易动作是二买（笔方向向下时优先买点）,1.08,1.10,1.11,-0.0002,-0.0018,否
2026-05-19 14:14:58,观望,否,警戒,601668,中国建筑,4.91,安全,无信号,向下,无信号,客观缠论信号为无信号，60分钟笔方向向下，中枢震荡，观望,4.88,4.91,4.95,-0.0013,-0.0048,否
2026-05-19 14:14:58,二卖,否,警戒,601288,农业银行,6.61,安全,二卖,向上,无信号,客观缠论信号为二卖，60分钟笔方向向上（冲顶模式），因此实际交易动作是二卖（笔方向向上时优先卖点）,6.53,6.53,6.68,-0.0118,-0.0099,否
2026-05-19 14:14:58,观望,否,警戒,601728,中国电信,6.99,安全,二买,向上,无信号,客观缠论信号为二买，60分钟笔方向向上，中枢震荡，观望,6.80,6.75,6.42,0.1298,0.1568,否
2026-05-19 14:14:58,观望,否,警戒,600276,恒瑞医药,51.48,安全,二买+三买,向上,无信号,客观缠论信号为二买、三买，60分钟笔方向向上，中枢震荡，观望,51.31,52.41,53.92,-0.4727,-0.4778,否
2026-05-19 14:14:58,二卖,否,警戒,600177,雅戈尔,7.53,安全,二卖,向上,无信号,客观缠论信号为二卖，60分钟笔方向向上（冲顶模式），因此实际交易动作是二卖（笔方向向上时优先卖点）,7.50,7.25,7.53,-0.0059,-0.0123,否
2026-05-19 14:14:58,二卖,否,警戒,600887,伊利股份,27.24,安全,二卖,向上,无信号,客观缠论信号为二卖，60分钟笔方向向上（冲顶模式），因此实际交易动作是二卖（笔方向向上时优先卖点）,27.22,27.11,27.98,-0.0501,-0.0471,否
2026-05-19 14:14:58,观望,否,警戒,601138,工业富联,68.24,安全,二卖,向下,无信号,客观缠论信号为二卖，60分钟笔方向向下，中枢震荡，观望,64.65,62.77,71.76,-0.0611,-0.1546,否
2026-05-19 14:14:58,观望,否,警戒,688041,海光信息,305.39,安全,无信号,向下,无信号,客观缠论信号为无信号，60分钟笔方向向下，中枢震荡，观望,246.00,320.01,305.00,-1.7298,-3.1445,否
2026-05-19 14:14:58,二买,否,警戒,601225,陕西煤业,24.40,安全,一卖+二买,向下,无信号,客观缠论信号为一卖、二买，60分钟笔方向向下（寻底模式），因此实际交易动作是二买（笔方向向下时优先买点）,25.15,24.22,24.11,0.0784,0.1125,否
2026-05-19 14:14:58,观望,否,警戒,600900,长江电力,27.19,安全,二卖,向下,无信号,客观缠论信号为二卖，60分钟笔方向向下，中枢震荡，观望,26.66,26.60,27.03,0.0730,0.0695,否
2026-05-19 14:14:58,二卖,否,警戒,600660,福耀玻璃,55.06,日线破位,二卖,向上,无信号,客观缠论信号为二卖，60分钟笔方向向上（冲顶模式），因此实际交易动作是二卖（笔方向向上时优先卖点）,55.27,55.65,58.35,-0.1258,-0.1811,否
2026-05-19 14:14:58,观望,否,警戒,000429,粤高速A,13.05,安全,二卖,向下,无信号,客观缠论信号为二卖，60分钟笔方向向下，中枢震荡，观望,12.70,12.48,13.13,0.0212,0.0217,否
2026-05-19 14:14:58,观望,否,警戒,002507,涪陵榨菜,11.97,日线破位,二卖,向下,无信号,客观缠论信号为二卖，60分钟笔方向向下，中枢震荡，观望,12.23,12.28,12.33,0.0002,-0.0149,否
2026-05-19 14:14:58,二买,否,警戒,000338,潍柴动力,33.09,安全,一卖+二买,向下,无信号,客观缠论信号为一卖、二买，60分钟笔方向向下（寻底模式），因此实际交易动作是二买（笔方向向下时优先买点）,25.92,31.76,33.85,-0.1933,-0.2982,否
2026-05-19 14:14:58,观望,否,警戒,000538,云南白药,50.86,日线破位,二卖,向下,无信号,客观缠论信号为二卖，60分钟笔方向向下，中枢震荡，观望,55.40,54.40,51.89,-0.0273,-0.0368,否
2026-05-19 14:14:58,观望,否,警戒,000423,东阿阿胶,50.85,安全,无信号,向下,无信号,客观缠论信号为无信号，60分钟笔方向向下，中枢震荡，观望,50.16,49.78,53.53,-0.2353,-0.2902,否
2026-05-19 14:14:58,观望,否,警戒,000651,格力电器,39.61,安全,二卖,向下,底背驰,客观缠论信号为二卖，60分钟笔方向向下，中枢震荡，观望,40.00,39.51,40.57,-0.1318,-0.1467,否
2026-05-19 14:14:58,观望,否,警戒,000895,双汇发展,26.28,安全,二卖,向下,无信号,客观缠论信号为二卖，60分钟笔方向向下，中枢震荡，观望,25.75,26.51,26.98,-0.0419,-0.0496,否
2026-05-19 14:14:58,观望,否,警戒,002415,海康威视,33.03,安全,二卖,向下,无信号,客观缠论信号为二卖，60分钟笔方向向下，中枢震荡，观望,31.96,33.30,33.25,-0.0565,-0.1132,否
2026-05-19 14:14:58,观望,否,警戒,000157,中联重科,7.24,安全,二卖,向下,无信号,客观缠论信号为二卖，60分钟笔方向向下，中枢震荡，观望,7.18,7.22,7.94,-0.0604,-0.0698,否
2026-05-19 14:14:58,观望,否,警戒,002128,电投能源,29.67,安全,一卖+二卖,向下,无信号,客观缠论信号为一卖、二卖，60分钟笔方向向下，中枢震荡，观望,29.02,28.68,31.60,-0.3063,-0.3442,否
2026-05-19 14:14:58,观望,否,警戒,002027,分众传媒,5.75,日线破位,二卖,向下,无信号,客观缠论信号为二卖，60分钟笔方向向下，中枢震荡，观望,6.16,6.22,6.36,-0.0469,-0.0469,否
2026-05-19 14:14:58,二买,否,警戒,001965,招商公路,10.03,安全,二买,向下,无信号,客观缠论信号为二买，60分钟笔方向向下（寻底模式），因此实际交易动作是二买（笔方向向下时优先买点）,9.68,9.78,9.89,0.0443,0.0373,否
2026-05-19 14:14:58,观望,否,警戒,hk03690,美团,82.60,安全,二卖,向下,无信号,客观缠论信号为二卖，60分钟笔方向向下，中枢震荡，观望,75.85,82.15,84.55,-0.0600,-0.2343,否
2026-05-19 14:14:58,二卖,否,警戒,hk03896,金山云,7.80,安全,二卖,向上,无信号,客观缠论信号为二卖，60分钟笔方向向上（冲顶模式），因此实际交易动作是二卖（笔方向向上时优先卖点）,7.80,7.78,8.63,-0.0270,-0.0385,否
2026-05-19 14:14:58,观望,否,警戒,hk00700,腾讯,459.20,日线破位,无信号,向上,无信号,客观缠论信号为无信号，60分钟笔方向向上，中枢震荡，观望,494.60,486.20,460.20,2.2193,2.0876,否
2026-05-19 14:14:58,二卖,否,警戒,hk09988,阿里巴巴,133.20,安全,二卖,向上,无信号,客观缠论信号为二卖，60分钟笔方向向上（冲顶模式），因此实际交易动作是二卖（笔方向向上时优先卖点）,129.60,130.30,135.30,0.4401,0.4376,否
2026-05-19 14:14:58,二卖,否,警戒,hk01024,快手,48.76,安全,二卖+三卖,向上,无信号,客观缠论信号为二卖、三卖，60分钟笔方向向上（冲顶模式），因此实际交易动作是二卖（笔方向向上时优先卖点）,51.00,43.00,52.65,0.0306,0.0225,否
2026-05-19 14:14:58,二卖,否,警戒,hk06618,京东健康,41.50,安全,二卖,向上,无信号,客观缠论信号为二卖，60分钟笔方向向上（冲顶模式），因此实际交易动作是二卖（笔方向向上时优先卖点）,39.65,41.90,45.30,-0.5439,-0.6118,否
2026-05-19 14:14:58,观望,否,警戒,hk06862,海底捞,14.25,安全,二卖,向下,无信号,客观缠论信号为二卖，60分钟笔方向向下，中枢震荡，观望,13.47,14.16,14.42,-0.0194,-0.0243,否
2026-05-19 14:14:58,一卖,否,警戒,600415,小商品城,14.30,安全,一卖,向上,无信号,客观缠论信号为一卖，60分钟笔方向向上（冲顶模式），因此实际交易动作是一卖（趋势顶背驰卖出）,12.86,12.74,13.28,0.1910,0.1517,否
2026-05-19 14:14:58,二买,否,警戒,300285,国瓷材料,43.12,安全,二买,向下,无信号,客观缠论信号为二买，60分钟笔方向向下（寻底模式），因此实际交易动作是二买（笔方向向下时优先买点）,32.60,35.16,40.67,0.9830,0.6529,否
2026-05-19 14:14:58,三买,否,警戒,600021,上海电力,18.45,安全,三买,向下,无信号,客观缠论信号为三买，60分钟笔方向向下（寻底模式），因此实际交易动作是三买（突破回踩买入）,18.15,17.63,17.42,0.4100,0.2928,否

2026-05-19 14:35:48,二卖,是,警戒,603317,天味食品,15.90,安全,二卖,向上,无信号,客观缠论信号为二卖，60分钟笔方向向上（冲顶模式），因此实际交易动作是二卖（笔方向向上时优先卖点）,12.56,15.25,16.10,0.0090,-0.0105,否
2026-05-19 14:35:48,观望,是,警戒,688981,中芯国际,117.96,安全,二卖,向下,无信号,客观缠论信号为二卖，60分钟笔方向向下，中枢震荡，观望,115.74,109.78,125.00,-0.3404,-0.7441,否
2026-05-19 14:35:48,二买,是,警戒,600938,中国海油,36.87,安全,二买,向下,无信号,客观缠论信号为二买，60分钟笔方向向下（寻底模式），因此实际交易动作是二买（笔方向向下时优先买点）,34.06,35.29,36.45,-0.0021,-0.0039,否
2026-05-19 14:35:48,二买,是,警戒,000333,美的集团,80.69,安全,二买,向下,无信号,客观缠论信号为二买，60分钟笔方向向下（寻底模式），因此实际交易动作是二买（笔方向向下时优先买点）,79.17,78.91,80.95,-0.4471,-0.3684,否
2026-05-19 14:35:48,观望,是,警戒,000001,平安银行,10.85,安全,二卖,向下,无信号,客观缠论信号为二卖，60分钟笔方向向下，中枢震荡，观望,10.78,10.67,11.03,-0.0211,-0.0261,否
2026-05-19 14:35:48,二卖,是,警戒,hk01810,小米集团,30.64,安全,二卖,向上,无信号,客观缠论信号为二卖，60分钟笔方向向上（冲顶模式），因此实际交易动作是二卖（笔方向向上时优先卖点）,32.78,30.26,31.18,-0.0258,-0.0235,否
2026-05-19 14:35:48,三买,是,警戒,513130,恒生科技ETF,0.61,安全,二卖+三买,向下,无信号,客观缠论信号为二卖、三买，60分钟笔方向向下（寻底模式），因此实际交易动作是三买（突破回踩买入）,0.59,0.61,0.63,-0.0020,-0.0029,否
2026-05-19 14:35:48,三买,否,警戒,sh000001,上证指数,4125.10,安全,一卖+三买,向下,无信号,客观缠论信号为一卖、三买，60分钟笔方向向下（寻底模式），因此实际交易动作是三买（突破回踩买入）,4101.83,4079.77,4092.83,-9.5998,-11.0654,否
2026-05-19 14:35:48,观望,否,警戒,510300,沪深300ETF,4.85,安全,无信号,向下,底背驰,客观缠论信号为无信号，60分钟笔方向向下，中枢震荡，观望,4.68,4.86,4.91,-0.0079,-0.0144,否
2026-05-19 14:35:48,观望,否,警戒,588000,科创50ETF,1.85,安全,无信号,向下,无信号,客观缠论信号为无信号，60分钟笔方向向下，中枢震荡，观望,1.55,1.71,1.82,0.0088,0.0019,否
2026-05-19 14:35:48,观望,否,警戒,513100,纳指ETF,2.04,安全,无信号,向下,无信号,客观缠论信号为无信号，60分钟笔方向向下，中枢震荡，观望,1.91,2.07,2.11,-0.0123,-0.0116,否
2026-05-19 14:35:48,二卖,否,警戒,513520,日经ETF,2.04,安全,二卖,向上,无信号,客观缠论信号为二卖，60分钟笔方向向上（冲顶模式），因此实际交易动作是二卖（笔方向向上时优先卖点）,1.89,2.00,2.04,-0.0091,-0.0100,否
2026-05-19 14:35:48,观望,否,警戒,512400,有色金属ETF,1.97,安全,二卖,向下,无信号,客观缠论信号为二卖，60分钟笔方向向下，中枢震荡，观望,2.11,1.96,2.02,-0.0216,-0.0242,否
2026-05-19 14:35:48,二卖,否,警戒,512690,酒ETF,0.45,日线破位,二卖,向上,无信号,客观缠论信号为二卖，60分钟笔方向向上（冲顶模式），因此实际交易动作是二卖（笔方向向上时优先卖点）,0.48,0.48,0.48,-0.0006,-0.0007,否
2026-05-19 14:35:48,观望,否,警戒,159227,航空航天ETF,1.27,安全,无信号,向下,无信号,客观缠论信号为无信号，60分钟笔方向向下，中枢震荡，观望,1.23,1.30,1.29,-0.0085,-0.0092,否
2026-05-19 14:35:48,观望,否,警戒,159992,创新药ETF,0.78,安全,二卖,向下,无信号,客观缠论信号为二卖，60分钟笔方向向下，中枢震荡，观望,0.79,0.77,0.83,-0.0025,-0.0034,否
2026-05-19 14:35:48,观望,否,警戒,515050,通信ETF,1.12,安全,二卖,向下,无信号,客观缠论信号为二卖，60分钟笔方向向下，中枢震荡，观望,1.08,1.48,1.14,-0.0118,-0.0161,否
2026-05-19 14:35:48,观望,否,警戒,159915,创业板ETF,3.90,安全,无信号,向下,无信号,客观缠论信号为无信号，60分钟笔方向向下，中枢震荡，观望,3.24,3.61,3.97,-0.0102,-0.0165,否
2026-05-19 14:35:48,二买,否,警戒,588200,科创芯片ETF,3.56,安全,一卖+二买,向下,无信号,客观缠论信号为一卖、二买，60分钟笔方向向下（寻底模式），因此实际交易动作是二买（笔方向向下时优先买点）,2.65,3.20,3.34,0.0181,0.0025,否
2026-05-19 14:35:48,观望,否,警戒,159755,电池ETF,1.15,安全,二卖,向下,无信号,客观缠论信号为二卖，60分钟笔方向向下，中枢震荡，观望,1.03,1.17,1.18,-0.0041,-0.0059,否
2026-05-19 14:35:48,二卖,否,警戒,159899,软件ETF,0.86,安全,二卖+三卖,向上,无信号,客观缠论信号为二卖、三卖，60分钟笔方向向上（冲顶模式），因此实际交易动作是二卖（笔方向向上时优先卖点）,0.81,0.83,0.89,0.0020,0.0014,否
2026-05-19 14:35:48,观望,否,警戒,513360,教育ETF,0.49,日线破位,二卖,向下,无信号,客观缠论信号为二卖，60分钟笔方向向下，中枢震荡，观望,0.49,0.49,0.50,-0.0002,-0.0003,否
2026-05-19 14:35:48,二买,否,警戒,515790,光伏ETF,1.11,安全,二卖+二买,向下,无信号,客观缠论信号为二卖、二买，60分钟笔方向向下（寻底模式），因此实际交易动作是二买（笔方向向下时优先买点）,1.08,1.10,1.11,0.0003,-0.0014,否
2026-05-19 14:35:48,观望,否,警戒,601668,中国建筑,4.91,安全,无信号,向下,无信号,客观缠论信号为无信号，60分钟笔方向向下，中枢震荡，观望,4.88,4.91,4.95,-0.0013,-0.0048,否
2026-05-19 14:35:48,二卖,否,警戒,601288,农业银行,6.61,安全,二卖,向上,无信号,客观缠论信号为二卖，60分钟笔方向向上（冲顶模式），因此实际交易动作是二卖（笔方向向上时优先卖点）,6.53,6.53,6.68,-0.0118,-0.0099,否
2026-05-19 14:35:48,观望,否,警戒,601728,中国电信,7.00,安全,二买,向上,无信号,客观缠论信号为二买，60分钟笔方向向上，中枢震荡，观望,6.80,6.75,6.42,0.1204,0.1495,否
2026-05-19 14:35:48,观望,否,警戒,600276,恒瑞医药,51.48,安全,二买+三买,向上,无信号,客观缠论信号为二买、三买，60分钟笔方向向上，中枢震荡，观望,51.31,52.41,53.92,-0.4727,-0.4778,否
2026-05-19 14:35:48,二卖,否,警戒,600177,雅戈尔,7.53,安全,二卖,向上,无信号,客观缠论信号为二卖，60分钟笔方向向上（冲顶模式），因此实际交易动作是二卖（笔方向向上时优先卖点）,7.50,7.25,7.53,-0.0059,-0.0123,否
2026-05-19 14:35:48,二卖,否,警戒,600887,伊利股份,27.18,安全,二卖,向上,无信号,客观缠论信号为二卖，60分钟笔方向向上（冲顶模式），因此实际交易动作是二卖（笔方向向上时优先卖点）,27.22,27.11,27.98,-0.0549,-0.0486,否
2026-05-19 14:35:48,观望,否,警戒,601138,工业富联,68.31,安全,二卖,向下,无信号,客观缠论信号为二卖，60分钟笔方向向下，中枢震荡，观望,64.65,62.77,71.76,-0.0527,-0.1342,否
2026-05-19 14:35:48,观望,否,警戒,688041,海光信息,309.42,安全,无信号,向下,无信号,客观缠论信号为无信号，60分钟笔方向向下，中枢震荡，观望,246.00,320.01,305.00,-0.8778,-2.6911,否
2026-05-19 14:35:48,二买,否,警戒,601225,陕西煤业,24.37,安全,一卖+二买,向下,无信号,客观缠论信号为一卖、二买，60分钟笔方向向下（寻底模式），因此实际交易动作是二买（笔方向向下时优先买点）,25.15,24.22,24.11,0.0681,0.1036,否
2026-05-19 14:35:48,观望,否,警戒,600900,长江电力,27.20,安全,二卖,向下,无信号,客观缠论信号为二卖，60分钟笔方向向下，中枢震荡，观望,26.66,26.60,27.03,0.0688,0.0694,否
2026-05-19 14:35:48,二卖,否,警戒,600660,福耀玻璃,55.08,日线破位,二卖,向上,无信号,客观缠论信号为二卖，60分钟笔方向向上（冲顶模式），因此实际交易动作是二卖（笔方向向上时优先卖点）,55.27,55.65,58.35,-0.1136,-0.1676,否
2026-05-19 14:35:48,观望,否,警戒,000429,粤高速A,12.94,安全,二卖,向下,无信号,客观缠论信号为二卖，60分钟笔方向向下，中枢震荡，观望,12.70,12.48,13.13,0.0082,0.0190,否
2026-05-19 14:35:48,观望,否,警戒,002507,涪陵榨菜,11.97,日线破位,二卖,向下,无信号,客观缠论信号为二卖，60分钟笔方向向下，中枢震荡，观望,12.23,12.28,12.33,0.0002,-0.0149,否
2026-05-19 14:35:48,二买,否,警戒,000338,潍柴动力,33.03,安全,一卖+二买,向下,无信号,客观缠论信号为一卖、二买，60分钟笔方向向下（寻底模式），因此实际交易动作是二买（笔方向向下时优先买点）,25.92,31.76,33.85,-0.1721,-0.2730,否
2026-05-19 14:35:48,观望,否,警戒,000538,云南白药,50.86,日线破位,二卖,向下,无信号,客观缠论信号为二卖，60分钟笔方向向下，中枢震荡，观望,55.40,54.40,51.89,-0.0273,-0.0368,否
2026-05-19 14:35:48,观望,否,警戒,000423,东阿阿胶,50.79,安全,无信号,向下,无信号,客观缠论信号为无信号，60分钟笔方向向下，中枢震荡，观望,50.16,49.78,53.53,-0.2285,-0.2778,否
2026-05-19 14:35:48,观望,否,警戒,000651,格力电器,39.49,日线破位,二卖,向下,无信号,客观缠论信号为二卖，60分钟笔方向向下，中枢震荡，观望,40.00,39.51,40.57,-0.1327,-0.1439,否
2026-05-19 14:35:48,观望,否,警戒,000895,双汇发展,26.25,安全,二卖,向下,无信号,客观缠论信号为二卖，60分钟笔方向向下，中枢震荡，观望,25.75,26.51,26.98,-0.0415,-0.0480,否
2026-05-19 14:35:48,观望,否,警戒,002415,海康威视,33.23,安全,二卖,向下,无信号,客观缠论信号为二卖，60分钟笔方向向下，中枢震荡，观望,31.96,33.30,33.25,-0.0286,-0.0963,否
2026-05-19 14:35:48,观望,否,警戒,000157,中联重科,7.24,安全,二卖,向下,无信号,客观缠论信号为二卖，60分钟笔方向向下，中枢震荡，观望,7.18,7.22,7.94,-0.0604,-0.0698,否
2026-05-19 14:35:48,观望,否,警戒,002128,电投能源,29.67,安全,一卖+二卖,向下,无信号,客观缠论信号为一卖、二卖，60分钟笔方向向下，中枢震荡，观望,29.02,28.68,31.60,-0.3063,-0.3442,否
2026-05-19 14:35:48,观望,否,警戒,002027,分众传媒,5.75,日线破位,二卖,向下,无信号,客观缠论信号为二卖，60分钟笔方向向下，中枢震荡，观望,6.16,6.22,6.36,-0.0469,-0.0469,否
2026-05-19 14:35:48,二买,否,警戒,001965,招商公路,10.03,安全,二买,向下,无信号,客观缠论信号为二买，60分钟笔方向向下（寻底模式），因此实际交易动作是二买（笔方向向下时优先买点）,9.68,9.78,9.89,0.0443,0.0373,否
2026-05-19 14:35:48,观望,否,警戒,hk03690,美团,82.60,安全,二卖,向下,无信号,客观缠论信号为二卖，60分钟笔方向向下，中枢震荡，观望,75.85,82.15,84.55,-0.0600,-0.2343,否
2026-05-19 14:35:48,二卖,否,警戒,hk03896,金山云,7.80,安全,二卖,向上,无信号,客观缠论信号为二卖，60分钟笔方向向上（冲顶模式），因此实际交易动作是二卖（笔方向向上时优先卖点）,7.80,7.78,8.63,-0.0270,-0.0385,否
2026-05-19 14:35:48,观望,否,警戒,hk00700,腾讯,459.20,日线破位,无信号,向上,无信号,客观缠论信号为无信号，60分钟笔方向向上，中枢震荡，观望,494.60,486.20,460.20,2.2193,2.0876,否
2026-05-19 14:35:48,二卖,否,警戒,hk09988,阿里巴巴,133.60,安全,二卖,向上,无信号,客观缠论信号为二卖，60分钟笔方向向上（冲顶模式），因此实际交易动作是二卖（笔方向向上时优先卖点）,129.60,130.30,135.30,0.3696,0.4091,否
2026-05-19 14:35:48,二卖,否,警戒,hk01024,快手,49.22,安全,二卖+三卖,向上,无信号,客观缠论信号为二卖、三卖，60分钟笔方向向上（冲顶模式），因此实际交易动作是二卖（笔方向向上时优先卖点）,51.00,43.00,52.65,0.0583,0.0335,否
2026-05-19 14:35:48,二卖,否,警戒,hk06618,京东健康,41.76,安全,二卖,向上,无信号,客观缠论信号为二卖，60分钟笔方向向上（冲顶模式），因此实际交易动作是二卖（笔方向向上时优先卖点）,39.65,41.90,45.30,-0.4256,-0.5384,否
2026-05-19 14:35:48,观望,否,警戒,hk06862,海底捞,14.25,安全,二卖,向下,无信号,客观缠论信号为二卖，60分钟笔方向向下，中枢震荡，观望,13.47,14.16,14.42,-0.0194,-0.0243,否
2026-05-19 14:35:48,一卖,否,警戒,600415,小商品城,14.30,安全,一卖,向上,无信号,客观缠论信号为一卖，60分钟笔方向向上（冲顶模式），因此实际交易动作是一卖（趋势顶背驰卖出）,12.86,12.74,13.28,0.1910,0.1517,否
2026-05-19 14:35:48,二买,否,警戒,300285,国瓷材料,43.12,安全,二买,向下,无信号,客观缠论信号为二买，60分钟笔方向向下（寻底模式），因此实际交易动作是二买（笔方向向下时优先买点）,32.60,35.16,40.67,0.9830,0.6529,否
2026-05-19 14:35:48,三买,否,警戒,600021,上海电力,18.45,安全,三买,向下,无信号,客观缠论信号为三买，60分钟笔方向向下（寻底模式），因此实际交易动作是三买（突破回踩买入）,18.15,17.63,17.42,0.4100,0.2928,否

2026-05-19 14:50:48,二卖,是,警戒,603317,天味食品,15.90,安全,二卖,向上,无信号,客观缠论信号为二卖，60分钟笔方向向上（冲顶模式），因此实际交易动作是二卖（笔方向向上时优先卖点）,12.56,15.25,16.10,0.0128,-0.0059,否
2026-05-19 14:50:48,观望,是,警戒,688981,中芯国际,118.60,安全,二卖,向下,无信号,客观缠论信号为二卖，60分钟笔方向向下，中枢震荡，观望,115.74,109.78,125.00,-0.1419,-0.6236,否
2026-05-19 14:50:48,二买,是,警戒,600938,中国海油,36.87,安全,二买,向下,无信号,客观缠论信号为二买，60分钟笔方向向下（寻底模式），因此实际交易动作是二买（笔方向向下时优先买点）,34.06,35.29,36.45,-0.0021,-0.0039,否
2026-05-19 14:50:48,二买,是,警戒,000333,美的集团,80.82,安全,二买,向下,无信号,客观缠论信号为二买，60分钟笔方向向下（寻底模式），因此实际交易动作是二买（笔方向向下时优先买点）,79.17,78.91,80.95,-0.4345,-0.3816,否
2026-05-19 14:50:48,观望,是,警戒,000001,平安银行,10.87,安全,二卖,向下,无信号,客观缠论信号为二卖，60分钟笔方向向下，中枢震荡，观望,10.78,10.67,11.03,-0.0186,-0.0246,否
2026-05-19 14:50:48,二卖,是,警戒,hk01810,小米集团,30.64,安全,二卖,向上,无信号,客观缠论信号为二卖，60分钟笔方向向上（冲顶模式），因此实际交易动作是二卖（笔方向向上时优先卖点）,32.78,30.26,31.18,-0.0258,-0.0235,否
2026-05-19 14:50:48,三买,是,警戒,513130,恒生科技ETF,0.61,安全,二卖+三买,向下,无信号,客观缠论信号为二卖、三买，60分钟笔方向向下（寻底模式），因此实际交易动作是三买（突破回踩买入）,0.59,0.61,0.63,-0.0016,-0.0027,否
2026-05-19 14:50:48,三买,否,警戒,sh000001,上证指数,4125.10,安全,一卖+三买,向下,无信号,客观缠论信号为一卖、三买，60分钟笔方向向下（寻底模式），因此实际交易动作是三买（突破回踩买入）,4101.83,4079.77,4092.83,-9.5998,-11.0654,否
2026-05-19 14:50:48,观望,否,警戒,510300,沪深300ETF,4.87,安全,无信号,向下,底背驰,客观缠论信号为无信号，60分钟笔方向向下，中枢震荡，观望,4.68,4.86,4.91,-0.0045,-0.0125,否
2026-05-19 14:50:48,观望,否,警戒,588000,科创50ETF,1.87,安全,无信号,向下,无信号,客观缠论信号为无信号，60分钟笔方向向下，中枢震荡，观望,1.55,1.71,1.82,0.0118,0.0039,否
2026-05-19 14:50:48,观望,否,警戒,513100,纳指ETF,2.04,安全,无信号,向下,无信号,客观缠论信号为无信号，60分钟笔方向向下，中枢震荡，观望,1.91,2.07,2.11,-0.0123,-0.0116,否
2026-05-19 14:50:48,二卖,否,警戒,513520,日经ETF,2.04,安全,二卖,向上,无信号,客观缠论信号为二卖，60分钟笔方向向上（冲顶模式），因此实际交易动作是二卖（笔方向向上时优先卖点）,1.89,2.00,2.04,-0.0091,-0.0100,否
2026-05-19 14:50:48,观望,否,警戒,512400,有色金属ETF,1.97,安全,二卖,向下,无信号,客观缠论信号为二卖，60分钟笔方向向下，中枢震荡，观望,2.11,1.96,2.02,-0.0216,-0.0242,否
2026-05-19 14:50:48,二卖,否,警戒,512690,酒ETF,0.45,日线破位,二卖,向上,无信号,客观缠论信号为二卖，60分钟笔方向向上（冲顶模式），因此实际交易动作是二卖（笔方向向上时优先卖点）,0.48,0.48,0.48,-0.0006,-0.0007,否
2026-05-19 14:50:48,观望,否,警戒,159227,航空航天ETF,1.27,安全,无信号,向下,无信号,客观缠论信号为无信号，60分钟笔方向向下，中枢震荡，观望,1.23,1.30,1.29,-0.0085,-0.0092,否
2026-05-19 14:50:48,观望,否,警戒,159992,创新药ETF,0.79,安全,二卖,向下,无信号,客观缠论信号为二卖，60分钟笔方向向下，中枢震荡，观望,0.79,0.77,0.83,-0.0021,-0.0031,否
2026-05-19 14:50:48,观望,否,警戒,515050,通信ETF,1.12,安全,二卖,向下,无信号,客观缠论信号为二卖，60分钟笔方向向下，中枢震荡，观望,1.08,1.48,1.14,-0.0118,-0.0161,否
2026-05-19 14:50:48,观望,否,警戒,159915,创业板ETF,3.93,安全,无信号,向下,无信号,客观缠论信号为无信号，60分钟笔方向向下，中枢震荡，观望,3.24,3.61,3.97,-0.0059,-0.0144,否
2026-05-19 14:50:48,二买,否,警戒,588200,科创芯片ETF,3.59,安全,一卖+二买,向下,无信号,客观缠论信号为一卖、二买，60分钟笔方向向下（寻底模式），因此实际交易动作是二买（笔方向向下时优先买点）,2.65,3.20,3.34,0.0247,0.0069,否
2026-05-19 14:50:48,观望,否,警戒,159755,电池ETF,1.16,安全,二卖,向下,无信号,客观缠论信号为二卖，60分钟笔方向向下，中枢震荡，观望,1.03,1.17,1.18,-0.0033,-0.0054,否
2026-05-19 14:50:48,二卖,否,警戒,159899,软件ETF,0.86,安全,二卖+三卖,向上,无信号,客观缠论信号为二卖、三卖，60分钟笔方向向上（冲顶模式），因此实际交易动作是二卖（笔方向向上时优先卖点）,0.81,0.83,0.89,0.0024,0.0016,否
2026-05-19 14:50:48,观望,否,警戒,513360,教育ETF,0.49,安全,二卖,向下,无信号,客观缠论信号为二卖，60分钟笔方向向下，中枢震荡，观望,0.49,0.49,0.50,-0.0001,-0.0002,否
2026-05-19 14:50:48,二买,否,警戒,515790,光伏ETF,1.12,安全,二卖+二买,向下,无信号,客观缠论信号为二卖、二买，60分钟笔方向向下（寻底模式），因此实际交易动作是二买（笔方向向下时优先买点）,1.08,1.10,1.11,0.0013,-0.0008,否
2026-05-19 14:50:48,观望,否,警戒,601668,中国建筑,4.91,安全,无信号,向下,无信号,客观缠论信号为无信号，60分钟笔方向向下，中枢震荡，观望,4.88,4.91,4.95,-0.0013,-0.0048,否
2026-05-19 14:50:48,二卖,否,警戒,601288,农业银行,6.61,安全,二卖,向上,无信号,客观缠论信号为二卖，60分钟笔方向向上（冲顶模式），因此实际交易动作是二卖（笔方向向上时优先卖点）,6.53,6.53,6.68,-0.0118,-0.0099,否
2026-05-19 14:50:48,观望,否,警戒,601728,中国电信,7.09,安全,二买,向上,无信号,客观缠论信号为二买，60分钟笔方向向上，中枢震荡，观望,6.80,6.75,6.42,0.1189,0.1434,否
2026-05-19 14:50:48,观望,否,警戒,600276,恒瑞医药,51.48,安全,二买+三买,向上,无信号,客观缠论信号为二买、三买，60分钟笔方向向上，中枢震荡，观望,51.31,52.41,53.92,-0.4727,-0.4778,否
2026-05-19 14:50:48,二卖,否,警戒,600177,雅戈尔,7.53,安全,二卖,向上,无信号,客观缠论信号为二卖，60分钟笔方向向上（冲顶模式），因此实际交易动作是二卖（笔方向向上时优先卖点）,7.50,7.25,7.53,-0.0059,-0.0123,否
2026-05-19 14:50:48,二卖,否,警戒,600887,伊利股份,27.19,安全,二卖,向上,无信号,客观缠论信号为二卖，60分钟笔方向向上（冲顶模式），因此实际交易动作是二卖（笔方向向上时优先卖点）,27.22,27.11,27.98,-0.0573,-0.0504,否
2026-05-19 14:50:48,观望,否,警戒,601138,工业富联,68.57,安全,二卖,向下,无信号,客观缠论信号为二卖，60分钟笔方向向下，中枢震荡，观望,64.65,62.77,71.76,-0.0247,-0.1123,否
2026-05-19 14:50:48,观望,否,警戒,688041,海光信息,310.48,安全,无信号,向下,无信号,客观缠论信号为无信号，60分钟笔方向向下，中枢震荡，观望,246.00,320.01,305.00,-0.1157,-2.1761,否
2026-05-19 14:50:48,二买,否,警戒,601225,陕西煤业,24.41,安全,一卖+二买,向下,无信号,客观缠论信号为一卖、二买，60分钟笔方向向下（寻底模式），因此实际交易动作是二买（笔方向向下时优先买点）,25.15,24.22,24.11,0.0625,0.0954,否
2026-05-19 14:50:48,观望,否,警戒,600900,长江电力,27.25,安全,二卖,向下,无信号,客观缠论信号为二卖，60分钟笔方向向下，中枢震荡，观望,26.66,26.60,27.03,0.0686,0.0692,否
2026-05-19 14:50:48,二卖,否,警戒,600660,福耀玻璃,55.09,日线破位,二卖,向上,无信号,客观缠论信号为二卖，60分钟笔方向向上（冲顶模式），因此实际交易动作是二卖（笔方向向上时优先卖点）,55.27,55.65,58.35,-0.1019,-0.1544,否
2026-05-19 14:50:48,观望,否,警戒,000429,粤高速A,13.00,安全,二卖,向下,无信号,客观缠论信号为二卖，60分钟笔方向向下，中枢震荡，观望,12.70,12.48,13.13,0.0026,0.0157,否
2026-05-19 14:50:48,观望,否,警戒,002507,涪陵榨菜,11.97,日线破位,二卖,向下,无信号,客观缠论信号为二卖，60分钟笔方向向下，中枢震荡，观望,12.23,12.28,12.33,0.0002,-0.0149,否
2026-05-19 14:50:48,二买,否,警戒,000338,潍柴动力,33.16,安全,一卖+二买,向下,无信号,客观缠论信号为一卖、二买，60分钟笔方向向下（寻底模式），因此实际交易动作是二买（笔方向向下时优先买点）,25.92,31.76,33.85,-0.1432,-0.2470,否
2026-05-19 14:50:48,观望,否,警戒,000538,云南白药,50.86,日线破位,二卖,向下,无信号,客观缠论信号为二卖，60分钟笔方向向下，中枢震荡，观望,55.40,54.40,51.89,-0.0273,-0.0368,否
2026-05-19 14:50:48,观望,否,警戒,000423,东阿阿胶,50.84,安全,无信号,向下,无信号,客观缠论信号为无信号，60分钟笔方向向下，中枢震荡，观望,50.16,49.78,53.53,-0.2166,-0.2656,否
2026-05-19 14:50:48,观望,否,警戒,000651,格力电器,39.54,安全,二卖,向下,无信号,客观缠论信号为二卖，60分钟笔方向向下，中枢震荡，观望,40.00,39.51,40.57,-0.1279,-0.1407,否
2026-05-19 14:50:48,观望,否,警戒,000895,双汇发展,26.32,安全,二卖,向下,无信号,客观缠论信号为二卖，60分钟笔方向向下，中枢震荡，观望,25.75,26.51,26.98,-0.0352,-0.0454,否
2026-05-19 14:50:48,观望,否,警戒,002415,海康威视,33.29,安全,二卖,向下,无信号,客观缠论信号为二卖，60分钟笔方向向下，中枢震荡，观望,31.96,33.30,33.25,-0.0016,-0.0774,否
2026-05-19 14:50:48,观望,否,警戒,000157,中联重科,7.24,安全,二卖,向下,无信号,客观缠论信号为二卖，60分钟笔方向向下，中枢震荡，观望,7.18,7.22,7.94,-0.0604,-0.0698,否
2026-05-19 14:50:48,观望,否,警戒,002128,电投能源,29.67,安全,一卖+二卖,向下,无信号,客观缠论信号为一卖、二卖，60分钟笔方向向下，中枢震荡，观望,29.02,28.68,31.60,-0.3063,-0.3442,否
2026-05-19 14:50:48,观望,否,警戒,002027,分众传媒,5.75,日线破位,二卖,向下,无信号,客观缠论信号为二卖，60分钟笔方向向下，中枢震荡，观望,6.16,6.22,6.36,-0.0469,-0.0469,否
2026-05-19 14:50:48,二买,否,警戒,001965,招商公路,10.03,安全,二买,向下,无信号,客观缠论信号为二买，60分钟笔方向向下（寻底模式），因此实际交易动作是二买（笔方向向下时优先买点）,9.68,9.78,9.89,0.0443,0.0373,否
2026-05-19 14:50:48,观望,否,警戒,hk03690,美团,82.60,安全,二卖,向下,无信号,客观缠论信号为二卖，60分钟笔方向向下，中枢震荡，观望,75.85,82.15,84.55,-0.0600,-0.2343,否
2026-05-19 14:50:48,二卖,否,警戒,hk03896,金山云,7.80,安全,二卖,向上,无信号,客观缠论信号为二卖，60分钟笔方向向上（冲顶模式），因此实际交易动作是二卖（笔方向向上时优先卖点）,7.80,7.78,8.63,-0.0270,-0.0385,否
2026-05-19 14:50:48,观望,否,警戒,hk00700,腾讯,459.20,日线破位,无信号,向上,无信号,客观缠论信号为无信号，60分钟笔方向向上，中枢震荡，观望,494.60,486.20,460.20,2.2193,2.0876,否
2026-05-19 14:50:48,二卖,否,警戒,hk09988,阿里巴巴,133.60,安全,二卖,向上,无信号,客观缠论信号为二卖，60分钟笔方向向上（冲顶模式），因此实际交易动作是二卖（笔方向向上时优先卖点）,129.60,130.30,135.30,0.3696,0.4091,否
2026-05-19 14:50:48,二卖,否,警戒,hk01024,快手,49.22,安全,二卖+三卖,向上,无信号,客观缠论信号为二卖、三卖，60分钟笔方向向上（冲顶模式），因此实际交易动作是二卖（笔方向向上时优先卖点）,51.00,43.00,52.65,0.0583,0.0335,否
2026-05-19 14:50:48,二卖,否,警戒,hk06618,京东健康,41.76,安全,二卖,向上,无信号,客观缠论信号为二卖，60分钟笔方向向上（冲顶模式），因此实际交易动作是二卖（笔方向向上时优先卖点）,39.65,41.90,45.30,-0.4256,-0.5384,否
2026-05-19 14:50:48,观望,否,警戒,hk06862,海底捞,14.25,安全,二卖,向下,无信号,客观缠论信号为二卖，60分钟笔方向向下，中枢震荡，观望,13.47,14.16,14.42,-0.0194,-0.0243,否
2026-05-19 14:50:48,一卖,否,警戒,600415,小商品城,14.30,安全,一卖,向上,无信号,客观缠论信号为一卖，60分钟笔方向向上（冲顶模式），因此实际交易动作是一卖（趋势顶背驰卖出）,12.86,12.74,13.28,0.1910,0.1517,否
2026-05-19 14:50:48,二买,否,警戒,300285,国瓷材料,43.12,安全,二买,向下,无信号,客观缠论信号为二买，60分钟笔方向向下（寻底模式），因此实际交易动作是二买（笔方向向下时优先买点）,32.60,35.16,40.67,0.9830,0.6529,否
2026-05-19 14:50:48,三买,否,警戒,600021,上海电力,18.45,安全,三买,向下,无信号,客观缠论信号为三买，60分钟笔方向向下（寻底模式），因此实际交易动作是三买（突破回踩买入）,18.15,17.63,17.42,0.4100,0.2928,否

2026-05-19 15:15:37,二卖,是,警戒,603317,天味食品,15.90,安全,二卖,向上,无信号,客观缠论信号为二卖，60分钟笔方向向上（冲顶模式），因此实际交易动作是二卖（笔方向向上时优先卖点）,12.56,15.25,16.10,0.0128,-0.0059,否
2026-05-19 15:15:37,观望,是,警戒,688981,中芯国际,118.60,安全,二卖,向下,无信号,客观缠论信号为二卖，60分钟笔方向向下，中枢震荡，观望,115.74,109.78,125.00,-0.1419,-0.6236,否
2026-05-19 15:15:37,二买,是,警戒,600938,中国海油,36.87,安全,二买,向下,无信号,客观缠论信号为二买，60分钟笔方向向下（寻底模式），因此实际交易动作是二买（笔方向向下时优先买点）,34.06,35.29,36.45,-0.0021,-0.0039,否
2026-05-19 15:15:37,二买,是,警戒,000333,美的集团,80.82,安全,二买,向下,无信号,客观缠论信号为二买，60分钟笔方向向下（寻底模式），因此实际交易动作是二买（笔方向向下时优先买点）,79.17,78.91,80.98,-0.4345,-0.3816,否
2026-05-19 15:15:37,观望,是,警戒,000001,平安银行,10.87,安全,二卖,向下,无信号,客观缠论信号为二卖，60分钟笔方向向下，中枢震荡，观望,10.78,10.67,11.03,-0.0186,-0.0246,否
2026-05-19 15:15:37,二卖,是,警戒,hk01810,小米集团,30.64,安全,二卖,向上,无信号,客观缠论信号为二卖，60分钟笔方向向上（冲顶模式），因此实际交易动作是二卖（笔方向向上时优先卖点）,32.78,30.26,31.18,-0.0258,-0.0235,否
2026-05-19 15:15:37,观望,是,警戒,513130,恒生科技ETF,0.61,安全,二卖,向下,无信号,客观缠论信号为二卖，60分钟笔方向向下，中枢震荡，观望,0.59,0.61,0.63,-0.0016,-0.0027,否
2026-05-19 15:15:37,三买,否,警戒,sh000001,上证指数,4125.10,安全,一卖+三买,向下,无信号,客观缠论信号为一卖、三买，60分钟笔方向向下（寻底模式），因此实际交易动作是三买（突破回踩买入）,4101.83,4079.77,4092.83,-9.5998,-11.0654,否
2026-05-19 15:15:37,观望,否,警戒,510300,沪深300ETF,4.87,安全,无信号,向下,底背驰,客观缠论信号为无信号，60分钟笔方向向下，中枢震荡，观望,4.68,4.86,4.99,-0.0045,-0.0125,否
2026-05-19 15:15:37,观望,否,警戒,588000,科创50ETF,1.87,安全,无信号,向下,无信号,客观缠论信号为无信号，60分钟笔方向向下，中枢震荡，观望,1.55,1.71,1.82,0.0118,0.0039,否
2026-05-19 15:15:37,观望,否,警戒,513100,纳指ETF,2.04,安全,无信号,向下,无信号,客观缠论信号为无信号，60分钟笔方向向下，中枢震荡，观望,1.91,2.07,2.11,-0.0123,-0.0116,否
2026-05-19 15:15:37,二卖,否,警戒,513520,日经ETF,2.04,安全,二卖,向上,无信号,客观缠论信号为二卖，60分钟笔方向向上（冲顶模式），因此实际交易动作是二卖（笔方向向上时优先卖点）,1.89,2.00,2.04,-0.0091,-0.0100,否
2026-05-19 15:15:37,观望,否,警戒,512400,有色金属ETF,1.97,安全,二卖,向下,无信号,客观缠论信号为二卖，60分钟笔方向向下，中枢震荡，观望,2.11,1.96,2.02,-0.0216,-0.0242,否
2026-05-19 15:15:37,二卖,否,警戒,512690,酒ETF,0.45,日线破位,二卖,向上,无信号,客观缠论信号为二卖，60分钟笔方向向上（冲顶模式），因此实际交易动作是二卖（笔方向向上时优先卖点）,0.48,0.48,0.48,-0.0006,-0.0007,否
2026-05-19 15:15:37,观望,否,警戒,159227,航空航天ETF,1.27,安全,无信号,向下,无信号,客观缠论信号为无信号，60分钟笔方向向下，中枢震荡，观望,1.23,1.30,1.31,-0.0085,-0.0092,否
2026-05-19 15:15:37,观望,否,警戒,159992,创新药ETF,0.79,安全,二卖,向下,无信号,客观缠论信号为二卖，60分钟笔方向向下，中枢震荡，观望,0.79,0.77,0.83,-0.0021,-0.0031,否
2026-05-19 15:15:37,观望,否,警戒,515050,通信ETF,1.12,安全,二卖,向下,无信号,客观缠论信号为二卖，60分钟笔方向向下，中枢震荡，观望,1.08,1.48,1.14,-0.0118,-0.0161,否
2026-05-19 15:15:37,观望,否,警戒,159915,创业板ETF,3.93,安全,无信号,向下,无信号,客观缠论信号为无信号，60分钟笔方向向下，中枢震荡，观望,3.24,3.61,3.97,-0.0059,-0.0144,否
2026-05-19 15:15:37,二买,否,警戒,588200,科创芯片ETF,3.59,安全,一卖+二买,向下,无信号,客观缠论信号为一卖、二买，60分钟笔方向向下（寻底模式），因此实际交易动作是二买（笔方向向下时优先买点）,2.65,3.20,3.34,0.0247,0.0069,否
2026-05-19 15:15:37,观望,否,警戒,159755,电池ETF,1.16,安全,二卖,向下,无信号,客观缠论信号为二卖，60分钟笔方向向下，中枢震荡，观望,1.03,1.17,1.18,-0.0033,-0.0054,否
2026-05-19 15:15:37,二买,否,警戒,159899,软件ETF,0.86,安全,二卖+三卖+二买,向下,无信号,客观缠论信号为二卖、三卖、二买，60分钟笔方向向下（寻底模式），因此实际交易动作是二买（笔方向向下时优先买点）,0.81,0.83,0.89,0.0024,0.0016,否
2026-05-19 15:15:37,观望,否,警戒,513360,教育ETF,0.49,安全,二卖,向下,无信号,客观缠论信号为二卖，60分钟笔方向向下，中枢震荡，观望,0.49,0.49,0.50,-0.0001,-0.0002,否
2026-05-19 15:15:37,二买,否,警戒,515790,光伏ETF,1.12,安全,二卖+二买,向下,无信号,客观缠论信号为二卖、二买，60分钟笔方向向下（寻底模式），因此实际交易动作是二买（笔方向向下时优先买点）,1.08,1.10,1.11,0.0013,-0.0008,否
2026-05-19 15:15:37,观望,否,警戒,601668,中国建筑,4.91,安全,无信号,向下,无信号,客观缠论信号为无信号，60分钟笔方向向下，中枢震荡，观望,4.88,4.91,4.95,-0.0013,-0.0048,否
2026-05-19 15:15:37,二卖,否,警戒,601288,农业银行,6.61,安全,二卖,向上,无信号,客观缠论信号为二卖，60分钟笔方向向上（冲顶模式），因此实际交易动作是二卖（笔方向向上时优先卖点）,6.53,6.53,6.68,-0.0118,-0.0099,否
2026-05-19 15:15:37,二买,否,警戒,601728,中国电信,7.09,安全,二买,向下,无信号,客观缠论信号为二买，60分钟笔方向向下（寻底模式），因此实际交易动作是二买（笔方向向下时优先买点）,6.80,6.75,6.42,0.1189,0.1434,否
2026-05-19 15:15:37,观望,否,警戒,600276,恒瑞医药,51.48,安全,二买+三买,向上,无信号,客观缠论信号为二买、三买，60分钟笔方向向上，中枢震荡，观望,51.31,52.41,53.92,-0.4727,-0.4778,否
2026-05-19 15:15:37,二卖,否,警戒,600177,雅戈尔,7.53,安全,二卖,向上,无信号,客观缠论信号为二卖，60分钟笔方向向上（冲顶模式），因此实际交易动作是二卖（笔方向向上时优先卖点）,7.50,7.25,7.53,-0.0059,-0.0123,否
2026-05-19 15:15:37,二卖,否,警戒,600887,伊利股份,27.19,安全,二卖,向上,无信号,客观缠论信号为二卖，60分钟笔方向向上（冲顶模式），因此实际交易动作是二卖（笔方向向上时优先卖点）,27.22,27.11,27.98,-0.0573,-0.0504,否
2026-05-19 15:15:37,观望,否,警戒,601138,工业富联,68.57,安全,二卖,向下,无信号,客观缠论信号为二卖，60分钟笔方向向下，中枢震荡，观望,64.65,62.77,71.76,-0.0247,-0.1123,否
2026-05-19 15:15:37,观望,否,警戒,688041,海光信息,310.48,安全,无信号,向下,无信号,客观缠论信号为无信号，60分钟笔方向向下，中枢震荡，观望,246.00,320.01,305.00,-0.1157,-2.1761,否
2026-05-19 15:15:37,观望,否,警戒,601225,陕西煤业,24.41,安全,二买,向上,无信号,客观缠论信号为二买，60分钟笔方向向上，中枢震荡，观望,25.15,24.22,24.64,0.0625,0.0954,否
2026-05-19 15:15:37,观望,否,警戒,600900,长江电力,27.25,安全,二卖,向下,无信号,客观缠论信号为二卖，60分钟笔方向向下，中枢震荡，观望,26.66,26.60,27.03,0.0686,0.0692,否
2026-05-19 15:15:37,二卖,否,警戒,600660,福耀玻璃,55.09,日线破位,二卖,向上,无信号,客观缠论信号为二卖，60分钟笔方向向上（冲顶模式），因此实际交易动作是二卖（笔方向向上时优先卖点）,55.27,55.65,58.35,-0.1019,-0.1544,否
2026-05-19 15:15:37,观望,否,警戒,000429,粤高速A,13.00,安全,二卖,向下,无信号,客观缠论信号为二卖，60分钟笔方向向下，中枢震荡，观望,12.70,12.48,13.13,0.0026,0.0157,否
2026-05-19 15:15:37,观望,否,警戒,002507,涪陵榨菜,11.97,日线破位,二卖,向下,无信号,客观缠论信号为二卖，60分钟笔方向向下，中枢震荡，观望,12.23,12.28,12.33,0.0002,-0.0149,否
2026-05-19 15:15:37,二买,否,警戒,000338,潍柴动力,33.16,安全,一卖+二买,向下,无信号,客观缠论信号为一卖、二买，60分钟笔方向向下（寻底模式），因此实际交易动作是二买（笔方向向下时优先买点）,25.92,31.76,33.85,-0.1432,-0.2470,否
2026-05-19 15:15:37,二卖,否,警戒,000538,云南白药,50.86,日线破位,二卖,向上,无信号,客观缠论信号为二卖，60分钟笔方向向上（冲顶模式），因此实际交易动作是二卖（笔方向向上时优先卖点）,55.40,54.40,51.89,-0.0273,-0.0368,否
2026-05-19 15:15:37,观望,否,警戒,000423,东阿阿胶,50.84,安全,无信号,向下,无信号,客观缠论信号为无信号，60分钟笔方向向下，中枢震荡，观望,50.16,49.78,53.53,-0.2166,-0.2656,否
2026-05-19 15:15:37,观望,否,警戒,000651,格力电器,39.54,安全,二卖,向下,无信号,客观缠论信号为二卖，60分钟笔方向向下，中枢震荡，观望,40.00,39.51,40.57,-0.1279,-0.1407,否
2026-05-19 15:15:37,观望,否,警戒,000895,双汇发展,26.32,安全,二卖,向下,无信号,客观缠论信号为二卖，60分钟笔方向向下，中枢震荡，观望,25.75,26.51,26.98,-0.0352,-0.0454,否
2026-05-19 15:15:37,观望,否,警戒,002415,海康威视,33.29,安全,二卖,向下,无信号,客观缠论信号为二卖，60分钟笔方向向下，中枢震荡，观望,31.96,33.30,33.87,-0.0016,-0.0774,否
2026-05-19 15:15:37,观望,否,警戒,000157,中联重科,7.24,安全,二卖,向下,无信号,客观缠论信号为二卖，60分钟笔方向向下，中枢震荡，观望,7.01,7.22,7.94,-0.0604,-0.0698,否
2026-05-19 15:15:37,观望,否,警戒,002128,电投能源,29.67,安全,一卖+二卖,向下,无信号,客观缠论信号为一卖、二卖，60分钟笔方向向下，中枢震荡，观望,29.02,28.68,31.60,-0.3063,-0.3442,否
2026-05-19 15:15:37,观望,否,警戒,002027,分众传媒,5.75,日线破位,二卖,向下,无信号,客观缠论信号为二卖，60分钟笔方向向下，中枢震荡，观望,6.16,6.22,6.36,-0.0469,-0.0469,否
2026-05-19 15:15:37,二买,否,警戒,001965,招商公路,10.03,安全,二买,向下,无信号,客观缠论信号为二买，60分钟笔方向向下（寻底模式），因此实际交易动作是二买（笔方向向下时优先买点）,9.89,9.81,9.89,0.0443,0.0373,否
2026-05-19 15:15:37,观望,否,警戒,hk03690,美团,82.60,安全,二卖,向下,无信号,客观缠论信号为二卖，60分钟笔方向向下，中枢震荡，观望,75.85,82.15,84.55,-0.0600,-0.2343,否
2026-05-19 15:15:37,二卖,否,警戒,hk03896,金山云,7.80,安全,二卖,向上,无信号,客观缠论信号为二卖，60分钟笔方向向上（冲顶模式），因此实际交易动作是二卖（笔方向向上时优先卖点）,7.80,7.78,8.63,-0.0270,-0.0385,否
2026-05-19 15:15:37,观望,否,警戒,hk00700,腾讯,459.20,日线破位,无信号,向上,无信号,客观缠论信号为无信号，60分钟笔方向向上，中枢震荡，观望,494.60,486.20,460.20,2.2193,2.0876,否
2026-05-19 15:15:37,二卖,否,警戒,hk09988,阿里巴巴,133.60,安全,二卖,向上,无信号,客观缠论信号为二卖，60分钟笔方向向上（冲顶模式），因此实际交易动作是二卖（笔方向向上时优先卖点）,129.60,130.30,135.30,0.3696,0.4091,否
2026-05-19 15:15:37,二卖,否,警戒,hk01024,快手,49.22,安全,二卖+三卖,向上,无信号,客观缠论信号为二卖、三卖，60分钟笔方向向上（冲顶模式），因此实际交易动作是二卖（笔方向向上时优先卖点）,51.00,43.00,52.65,0.0583,0.0335,否
2026-05-19 15:15:37,二卖,否,警戒,hk06618,京东健康,41.52,安全,二卖,向上,无信号,客观缠论信号为二卖，60分钟笔方向向上（冲顶模式），因此实际交易动作是二卖（笔方向向上时优先卖点）,39.65,41.90,45.30,-0.3799,-0.4841,否
2026-05-19 15:15:37,观望,否,警戒,hk06862,海底捞,14.25,安全,二卖,向下,无信号,客观缠论信号为二卖，60分钟笔方向向下，中枢震荡，观望,13.47,14.16,14.42,-0.0194,-0.0243,否
2026-05-19 15:15:37,一卖,否,警戒,600415,小商品城,14.30,安全,一卖,向上,无信号,客观缠论信号为一卖，60分钟笔方向向上（冲顶模式），因此实际交易动作是一卖（趋势顶背驰卖出）,13.81,12.86,13.28,0.1910,0.1517,否
2026-05-19 15:15:37,二买,否,警戒,300285,国瓷材料,43.12,安全,二买,向下,无信号,客观缠论信号为二买，60分钟笔方向向下（寻底模式），因此实际交易动作是二买（笔方向向下时优先买点）,32.60,35.16,40.67,0.9830,0.6529,否
2026-05-19 15:15:37,三买,否,警戒,600021,上海电力,18.45,安全,三买,向下,无信号,客观缠论信号为三买，60分钟笔方向向下（寻底模式），因此实际交易动作是三买（突破回踩买入）,18.15,17.63,17.42,0.4100,0.2928,否

2026-05-20 09:51:11,观望,是,警戒,600900,长江电力,27.25,安全,二卖,向下,无信号,客观缠论信号为二卖，60分钟笔方向向下，中枢震荡，观望,27.18,26.66,27.03,0.0686,0.0692,否
2026-05-20 09:51:11,二买,是,警戒,600938,中国海油,37.36,安全,二买,向下,无信号,客观缠论信号为二买，60分钟笔方向向下（寻底模式），因此实际交易动作是二买（笔方向向下时优先买点）,34.06,35.29,36.45,0.0940,0.0342,否
2026-05-20 09:51:11,观望,是,警戒,688981,中芯国际,124.38,安全,二卖,向下,无信号,客观缠论信号为二卖，60分钟笔方向向下，中枢震荡，观望,100.13,113.50,125.00,0.6129,-0.2713,否
2026-05-20 09:51:11,二买,是,警戒,000333,美的集团,80.53,安全,二买,向下,无信号,客观缠论信号为二买，60分钟笔方向向下（寻底模式），因此实际交易动作是二买（笔方向向下时优先买点）,79.18,79.63,80.98,-0.4153,-0.3921,否
2026-05-20 09:51:11,观望,是,警戒,000001,平安银行,10.85,安全,二卖,向下,无信号,客观缠论信号为二卖，60分钟笔方向向下，中枢震荡，观望,10.78,10.67,11.03,-0.0169,-0.0219,否
2026-05-20 09:51:11,二买,是,警戒,001965,招商公路,9.99,安全,二买,向下,无信号,客观缠论信号为二买，60分钟笔方向向下（寻底模式），因此实际交易动作是二买（笔方向向下时优先买点）,9.89,9.81,9.89,0.0329,0.0377,否
2026-05-20 09:51:11,二买,是,警戒,hk01810,小米集团,30.64,安全,二卖+二买,向下,无信号,客观缠论信号为二卖、二买，60分钟笔方向向下（寻底模式），因此实际交易动作是二买（笔方向向下时优先买点）,32.78,30.26,31.06,-0.0258,-0.0235,否
2026-05-20 09:51:11,观望,是,警戒,513130,恒生科技ETF,0.61,安全,二卖,向下,无信号,客观缠论信号为二卖，60分钟笔方向向下，中枢震荡，观望,0.59,0.61,0.63,-0.0011,-0.0021,否
2026-05-20 09:51:11,三买,否,警戒,sh000001,上证指数,4147.75,安全,一卖+三买,向下,无信号,客观缠论信号为一卖、三买，60分钟笔方向向下（寻底模式），因此实际交易动作是三买（突破回踩买入）,4101.83,4079.77,4092.83,5.5027,0.9630,否
2026-05-20 09:51:11,观望,否,警戒,510300,沪深300ETF,4.85,安全,无信号,向下,无信号,客观缠论信号为无信号，60分钟笔方向向下，中枢震荡，观望,4.68,4.86,4.99,-0.0008,-0.0084,否
2026-05-20 09:51:11,观望,否,警戒,588000,科创50ETF,1.89,安全,无信号,向下,无信号,客观缠论信号为无信号，60分钟笔方向向下，中枢震荡，观望,1.55,1.71,1.82,0.0179,0.0084,否
2026-05-20 09:51:11,观望,否,警戒,513100,纳指ETF,2.03,安全,无信号,向下,无信号,客观缠论信号为无信号，60分钟笔方向向下，中枢震荡，观望,1.91,2.07,2.11,-0.0100,-0.0107,否
2026-05-20 09:51:11,二卖,否,警戒,513520,日经ETF,2.01,安全,二卖,向上,无信号,客观缠论信号为二卖，60分钟笔方向向上（冲顶模式），因此实际交易动作是二卖（笔方向向上时优先卖点）,1.89,2.00,2.04,-0.0080,-0.0082,否
2026-05-20 09:51:11,观望,否,警戒,512400,有色金属ETF,1.95,日线破位,二卖,向下,无信号,客观缠论信号为二卖，60分钟笔方向向下，中枢震荡，观望,2.11,1.96,2.02,-0.0132,-0.0168,否
2026-05-20 09:51:11,二卖,否,警戒,512690,酒ETF,0.46,日线破位,二卖,向上,无信号,客观缠论信号为二卖，60分钟笔方向向上（冲顶模式），因此实际交易动作是二卖（笔方向向上时优先卖点）,0.48,0.48,0.48,-0.0003,-0.0006,否
2026-05-20 09:51:11,观望,否,警戒,159227,航空航天ETF,1.27,安全,无信号,向下,无信号,客观缠论信号为无信号，60分钟笔方向向下，中枢震荡，观望,1.20,1.30,1.31,-0.0039,-0.0062,否
2026-05-20 09:51:11,观望,否,警戒,159992,创新药ETF,0.78,安全,二卖,向下,无信号,客观缠论信号为二卖，60分钟笔方向向下，中枢震荡，观望,0.79,0.77,0.83,-0.0016,-0.0026,否
2026-05-20 09:51:11,观望,否,警戒,515050,通信ETF,1.14,安全,二卖,向下,无信号,客观缠论信号为二卖，60分钟笔方向向下，中枢震荡，观望,1.08,1.48,1.14,-0.0007,-0.0065,否
2026-05-20 09:51:11,观望,否,警戒,159915,创业板ETF,3.91,安全,无信号,向下,无信号,客观缠论信号为无信号，60分钟笔方向向下，中枢震荡，观望,3.24,3.61,3.97,-0.0017,-0.0101,否
2026-05-20 09:51:11,二买,否,警戒,588200,科创芯片ETF,3.65,安全,一卖+二买,向下,无信号,客观缠论信号为一卖、二买，60分钟笔方向向下（寻底模式），因此实际交易动作是二买（笔方向向下时优先买点）,2.65,3.20,3.34,0.0378,0.0168,否
2026-05-20 09:51:11,观望,否,警戒,159755,电池ETF,1.15,安全,二卖,向下,无信号,客观缠论信号为二卖，60分钟笔方向向下，中枢震荡，观望,1.03,1.17,1.18,-0.0030,-0.0044,否
2026-05-20 09:51:11,二买,否,警戒,159899,软件ETF,0.85,安全,二卖+三卖+二买,向下,顶背驰,客观缠论信号为二卖、三卖、二买，60分钟笔方向向下（寻底模式），因此实际交易动作是二买（笔方向向下时优先买点）,0.83,0.85,0.89,0.0025,0.0020,否
2026-05-20 09:51:11,观望,否,警戒,513360,教育ETF,0.49,日线破位,二卖,向下,无信号,客观缠论信号为二卖，60分钟笔方向向下，中枢震荡，观望,0.49,0.49,0.50,-0.0002,-0.0002,否
2026-05-20 09:51:11,二买,否,警戒,515790,光伏ETF,1.11,安全,二卖+二买,向下,无信号,客观缠论信号为二卖、二买，60分钟笔方向向下（寻底模式），因此实际交易动作是二买（笔方向向下时优先买点）,1.08,1.10,1.11,0.0017,0.0001,否
2026-05-20 09:51:11,观望,否,警戒,601668,中国建筑,4.88,安全,无信号,向下,无信号,客观缠论信号为无信号，60分钟笔方向向下，中枢震荡，观望,4.88,4.91,4.95,-0.0042,-0.0032,否
2026-05-20 09:51:11,二卖,否,警戒,601288,农业银行,6.57,安全,二卖,向上,无信号,客观缠论信号为二卖，60分钟笔方向向上（冲顶模式），因此实际交易动作是二卖（笔方向向上时优先卖点）,6.53,6.53,6.68,-0.0160,-0.0124,否
2026-05-20 09:51:11,二买,否,警戒,601728,中国电信,6.62,日线破位,二买,向下,无信号,客观缠论信号为二买，60分钟笔方向向下（寻底模式），因此实际交易动作是二买（笔方向向下时优先买点）,7.29,6.80,6.42,0.0774,0.1263,否
2026-05-20 09:51:11,观望,否,警戒,600276,恒瑞医药,50.83,日线破位,二买+三买,向上,底背驰,客观缠论信号为二买、三买，60分钟笔方向向上，中枢震荡，观望,51.31,52.41,53.92,-0.4350,-0.4461,否
2026-05-20 09:51:11,二卖,否,警戒,600177,雅戈尔,7.43,安全,二卖,向上,无信号,客观缠论信号为二卖，60分钟笔方向向上（冲顶模式），因此实际交易动作是二卖（笔方向向上时优先卖点）,7.50,7.25,7.53,-0.0084,-0.0071,否
2026-05-20 09:51:11,二卖,否,警戒,600887,伊利股份,27.19,安全,二卖,向上,无信号,客观缠论信号为二卖，60分钟笔方向向上（冲顶模式），因此实际交易动作是二卖（笔方向向上时优先卖点）,27.11,26.92,27.98,-0.0573,-0.0504,否
2026-05-20 09:51:11,观望,否,警戒,601138,工业富联,67.76,安全,二卖,向下,无信号,客观缠论信号为二卖，60分钟笔方向向下，中枢震荡，观望,64.65,62.77,71.76,-0.0503,-0.0825,否
2026-05-20 09:51:11,观望,否,警戒,688041,海光信息,319.24,安全,无信号,向下,无信号,客观缠论信号为无信号，60分钟笔方向向下，中枢震荡，观望,246.00,320.01,305.00,1.7397,-0.9479,否
2026-05-20 09:51:11,观望,否,警戒,601225,陕西煤业,24.33,安全,二买,向上,无信号,客观缠论信号为二买，60分钟笔方向向上，中枢震荡，观望,25.15,24.22,24.64,0.0451,0.0790,否
2026-05-20 09:51:11,二卖,否,警戒,600660,福耀玻璃,54.29,日线破位,二卖,向上,无信号,客观缠论信号为二卖，60分钟笔方向向上（冲顶模式），因此实际交易动作是二卖（笔方向向上时优先卖点）,55.27,55.65,58.35,-0.1469,-0.1430,否
2026-05-20 09:51:11,观望,否,警戒,000429,粤高速A,13.08,安全,二卖,向下,无信号,客观缠论信号为二卖，60分钟笔方向向下，中枢震荡，观望,12.70,12.86,13.13,-0.0007,0.0093,否
2026-05-20 09:51:11,观望,否,警戒,002507,涪陵榨菜,12.00,日线破位,二卖,向下,无信号,客观缠论信号为二卖，60分钟笔方向向下，中枢震荡，观望,12.23,12.15,12.33,0.0243,0.0129,否
2026-05-20 09:51:11,二买,否,警戒,000338,潍柴动力,32.00,安全,一卖+二买,向下,无信号,客观缠论信号为一卖、二买，60分钟笔方向向下（寻底模式），因此实际交易动作是二买（笔方向向下时优先买点）,25.92,31.76,33.85,-0.1916,-0.2156,否
2026-05-20 09:51:11,二卖,否,警戒,000538,云南白药,50.81,日线破位,二卖,向上,无信号,客观缠论信号为二卖，60分钟笔方向向上（冲顶模式），因此实际交易动作是二卖（笔方向向上时优先卖点）,54.40,54.40,51.89,-0.0275,-0.0302,否
2026-05-20 09:51:11,观望,否,警戒,000423,东阿阿胶,50.65,安全,无信号,向下,无信号,客观缠论信号为无信号，60分钟笔方向向下，中枢震荡，观望,50.16,49.78,53.53,-0.2108,-0.2454,否
2026-05-20 09:51:11,观望,否,警戒,000651,格力电器,39.32,日线破位,二卖,向下,无信号,客观缠论信号为二卖，60分钟笔方向向下，中枢震荡，观望,40.00,39.51,40.57,-0.1335,-0.1361,否
2026-05-20 09:51:11,观望,否,警戒,000895,双汇发展,26.60,安全,二卖,向下,无信号,客观缠论信号为二卖，60分钟笔方向向下，中枢震荡，观望,25.75,26.51,26.98,-0.0055,-0.0355,否
2026-05-20 09:51:11,观望,否,警戒,002415,海康威视,33.04,安全,二卖,向下,无信号,客观缠论信号为二卖，60分钟笔方向向下，中枢震荡，观望,31.96,33.30,33.87,0.0215,-0.0409,否
2026-05-20 09:51:11,观望,否,警戒,000157,中联重科,7.15,日线破位,二卖,向下,无信号,客观缠论信号为二卖，60分钟笔方向向下，中枢震荡，观望,7.18,7.22,7.94,-0.0433,-0.0507,否
2026-05-20 09:51:11,观望,否,警戒,002128,电投能源,29.44,安全,一卖+二卖,向下,无信号,客观缠论信号为一卖、二卖，60分钟笔方向向下，中枢震荡，观望,29.02,28.68,31.60,-0.0076,-0.0256,否
2026-05-20 09:51:11,观望,否,警戒,002027,分众传媒,5.69,日线破位,二卖,向下,无信号,客观缠论信号为二卖，60分钟笔方向向下，中枢震荡，观望,6.16,6.22,6.36,-0.0294,-0.0303,否
2026-05-20 09:51:11,观望,否,警戒,hk03690,美团,82.60,安全,无信号,向上,无信号,客观缠论信号为无信号，60分钟笔方向向上，中枢震荡，观望,78.70,82.40,84.55,-0.0600,-0.2343,否
2026-05-20 09:51:11,二买,否,警戒,hk03896,金山云,7.80,安全,二卖+二买,向下,无信号,客观缠论信号为二卖、二买，60分钟笔方向向下（寻底模式），因此实际交易动作是二买（笔方向向下时优先买点）,6.23,6.84,8.06,-0.0270,-0.0385,否
2026-05-20 09:51:11,观望,否,警戒,hk00700,腾讯,459.20,日线破位,无信号,向上,无信号,客观缠论信号为无信号，60分钟笔方向向上，中枢震荡，观望,494.60,486.20,460.20,2.2193,2.0876,否
2026-05-20 09:51:11,二卖,否,警戒,hk09988,阿里巴巴,133.60,安全,二卖,向上,无信号,客观缠论信号为二卖，60分钟笔方向向上（冲顶模式），因此实际交易动作是二卖（笔方向向上时优先卖点）,129.60,128.60,135.30,0.3696,0.4091,否
2026-05-20 09:51:11,二卖,否,警戒,hk01024,快手,49.22,安全,二卖+三卖,向上,无信号,客观缠论信号为二卖、三卖，60分钟笔方向向上（冲顶模式），因此实际交易动作是二卖（笔方向向上时优先卖点）,51.00,43.00,52.65,0.0583,0.0335,否
2026-05-20 09:51:11,二卖,否,警戒,hk06618,京东健康,41.52,安全,二卖,向上,无信号,客观缠论信号为二卖，60分钟笔方向向上（冲顶模式），因此实际交易动作是二卖（笔方向向上时优先卖点）,39.65,40.70,45.30,-0.3799,-0.4841,否
2026-05-20 09:51:11,观望,否,警戒,hk06862,海底捞,14.25,安全,二卖,向下,无信号,客观缠论信号为二卖，60分钟笔方向向下，中枢震荡，观望,13.47,14.16,14.42,-0.0194,-0.0243,否
2026-05-20 09:51:11,一卖,否,警戒,600415,小商品城,14.32,安全,一卖,向上,无信号,客观缠论信号为一卖，60分钟笔方向向上（冲顶模式），因此实际交易动作是一卖（趋势顶背驰卖出）,13.81,12.86,13.28,0.1602,0.1639,否
2026-05-20 09:51:11,二买,否,警戒,300285,国瓷材料,43.03,安全,二买,向下,无信号,客观缠论信号为二买，60分钟笔方向向下（寻底模式），因此实际交易动作是二买（笔方向向下时优先买点）,32.60,35.16,40.67,0.9677,0.8857,否
2026-05-20 09:51:11,三买,否,警戒,600021,上海电力,19.01,安全,三买,向下,无信号,客观缠论信号为三买，60分钟笔方向向下（寻底模式），因此实际交易动作是三买（突破回踩买入）,18.15,17.63,17.42,0.3954,0.3625,否
2026-05-20 09:51:11,观望,否,警戒,002517,恺英网络,17.07,安全,无信号,向下,无信号,客观缠论信号为无信号，60分钟笔方向向下，中枢震荡，观望,16.68,17.19,17.92,-0.0376,-0.0330,否
2026-05-20 09:51:11,观望,否,警戒,300474,景嘉微,65.33,安全,无信号,向下,无信号,客观缠论信号为无信号，60分钟笔方向向下，中枢震荡，观望,64.15,65.85,66.99,0.0337,-0.2176,否
2026-05-20 09:51:11,观望,否,警戒,600909,华安证券,6.63,安全,无信号,向下,无信号,客观缠论信号为无信号，60分钟笔方向向下，中枢震荡，观望,6.01,6.04,5.88,0.0618,0.0418,否
2026-05-20 09:51:11,二买,否,警戒,603290,斯达半导,128.94,安全,二买+三买,向下,无信号,客观缠论信号为二买、三买，60分钟笔方向向下（寻底模式），因此实际交易动作是二买（笔方向向下时优先买点）,107.75,106.51,110.56,0.4535,-0.3078,否
2026-05-20 09:51:11,二买,否,警戒,603296,华勤技术,109.35,安全,二买,向下,无信号,客观缠论信号为二买，60分钟笔方向向下（寻底模式），因此实际交易动作是二买（笔方向向下时优先买点）,101.28,108.08,116.85,-0.9984,-1.4939,否

2026-05-20 10:06:10,观望,是,警戒,600900,长江电力,27.12,安全,二卖,向下,无信号,客观缠论信号为二卖，60分钟笔方向向下，中枢震荡，观望,27.18,26.66,27.03,0.0454,0.0620,否
2026-05-20 10:06:10,二买,是,警戒,600938,中国海油,37.67,安全,二买,向下,无信号,客观缠论信号为二买，60分钟笔方向向下（寻底模式），因此实际交易动作是二买（笔方向向下时优先买点）,34.06,35.29,36.45,0.1523,0.0579,否
2026-05-20 10:06:10,观望,是,警戒,688981,中芯国际,125.48,安全,二卖,向下,无信号,客观缠论信号为二卖，60分钟笔方向向下，中枢震荡，观望,100.13,113.50,125.00,1.1481,0.0126,否
2026-05-20 10:06:10,二买,是,警戒,000333,美的集团,81.04,安全,二买,向下,无信号,客观缠论信号为二买，60分钟笔方向向下（寻底模式），因此实际交易动作是二买（笔方向向下时优先买点）,79.18,79.63,80.98,-0.3778,-0.3893,否
2026-05-20 10:06:10,观望,是,警戒,000001,平安银行,10.86,安全,二卖,向下,无信号,客观缠论信号为二卖，60分钟笔方向向下，中枢震荡，观望,10.78,10.67,11.03,-0.0156,-0.0206,否
2026-05-20 10:06:10,二买,是,警戒,001965,招商公路,9.98,安全,二买,向下,顶背驰,客观缠论信号为二买，60分钟笔方向向下（寻底模式），因此实际交易动作是二买（笔方向向下时优先买点）,9.89,9.81,9.89,0.0272,0.0356,否
2026-05-20 10:06:10,二买,是,警戒,hk01810,小米集团,30.06,日线破位,二卖+二买,向下,无信号,客观缠论信号为二卖、二买，60分钟笔方向向下（寻底模式），因此实际交易动作是二买（笔方向向下时优先买点）,32.78,30.26,31.06,-0.0675,-0.0222,否
2026-05-20 10:06:10,观望,是,警戒,513130,恒生科技ETF,0.61,安全,二卖,向下,无信号,客观缠论信号为二卖，60分钟笔方向向下，中枢震荡，观望,0.59,0.61,0.63,-0.0010,-0.0019,否
2026-05-20 10:06:10,三买,否,警戒,sh000001,上证指数,4147.75,安全,一卖+三买,向下,无信号,客观缠论信号为一卖、三买，60分钟笔方向向下（寻底模式），因此实际交易动作是三买（突破回踩买入）,4101.83,4079.77,4092.83,5.5027,0.9630,否
2026-05-20 10:06:10,观望,否,警戒,510300,沪深300ETF,4.87,安全,无信号,向下,无信号,客观缠论信号为无信号，60分钟笔方向向下，中枢震荡，观望,4.68,4.86,4.99,0.0017,-0.0064,否
2026-05-20 10:06:10,观望,否,警戒,588000,科创50ETF,1.91,安全,无信号,向下,无信号,客观缠论信号为无信号，60分钟笔方向向下，中枢震荡，观望,1.55,1.71,1.82,0.0219,0.0111,否
2026-05-20 10:06:10,观望,否,警戒,513100,纳指ETF,2.03,安全,无信号,向下,无信号,客观缠论信号为无信号，60分钟笔方向向下，中枢震荡，观望,1.91,2.07,2.11,-0.0104,-0.0106,否
2026-05-20 10:06:10,二卖,否,警戒,513520,日经ETF,2.01,安全,二卖,向上,无信号,客观缠论信号为二卖，60分钟笔方向向上（冲顶模式），因此实际交易动作是二卖（笔方向向上时优先卖点）,1.89,2.00,2.04,-0.0080,-0.0082,否
2026-05-20 10:06:10,观望,否,警戒,512400,有色金属ETF,1.95,日线破位,二卖,向下,无信号,客观缠论信号为二卖，60分钟笔方向向下，中枢震荡，观望,2.11,1.96,2.02,-0.0132,-0.0168,否
2026-05-20 10:06:10,二卖,否,警戒,512690,酒ETF,0.45,日线破位,二卖,向上,无信号,客观缠论信号为二卖，60分钟笔方向向上（冲顶模式），因此实际交易动作是二卖（笔方向向上时优先卖点）,0.48,0.48,0.48,-0.0003,-0.0005,否
2026-05-20 10:06:10,观望,否,警戒,159227,航空航天ETF,1.27,安全,无信号,向下,无信号,客观缠论信号为无信号，60分钟笔方向向下，中枢震荡，观望,1.20,1.30,1.31,-0.0039,-0.0062,否
2026-05-20 10:06:10,观望,否,警戒,159992,创新药ETF,0.78,安全,二卖,向下,无信号,客观缠论信号为二卖，60分钟笔方向向下，中枢震荡，观望,0.79,0.77,0.83,-0.0016,-0.0024,否
2026-05-20 10:06:10,观望,否,警戒,515050,通信ETF,1.14,安全,二卖,向下,无信号,客观缠论信号为二卖，60分钟笔方向向下，中枢震荡，观望,1.08,1.48,1.14,-0.0007,-0.0065,否
2026-05-20 10:06:10,观望,否,警戒,159915,创业板ETF,3.94,安全,无信号,向下,无信号,客观缠论信号为无信号，60分钟笔方向向下，中枢震荡，观望,3.24,3.61,3.97,0.0021,-0.0076,否
2026-05-20 10:06:10,二买,否,警戒,588200,科创芯片ETF,3.69,安全,一卖+二买,向下,无信号,客观缠论信号为一卖、二买，60分钟笔方向向下（寻底模式），因此实际交易动作是二买（笔方向向下时优先买点）,2.65,3.20,3.34,0.0472,0.0229,否
2026-05-20 10:06:10,观望,否,警戒,159755,电池ETF,1.15,安全,二卖,向下,无信号,客观缠论信号为二卖，60分钟笔方向向下，中枢震荡，观望,1.03,1.17,1.18,-0.0029,-0.0041,否
2026-05-20 10:06:10,二买,否,警戒,159899,软件ETF,0.85,安全,二卖+三卖+二买,向下,顶背驰,客观缠论信号为二卖、三卖、二买，60分钟笔方向向下（寻底模式），因此实际交易动作是二买（笔方向向下时优先买点）,0.83,0.85,0.89,0.0023,0.0021,否
2026-05-20 10:06:10,观望,否,警戒,513360,教育ETF,0.49,日线破位,二卖,向下,无信号,客观缠论信号为二卖，60分钟笔方向向下，中枢震荡，观望,0.49,0.49,0.50,-0.0002,-0.0002,否
2026-05-20 10:06:10,二买,否,警戒,515790,光伏ETF,1.11,安全,二卖+二买,向下,无信号,客观缠论信号为二卖、二买，60分钟笔方向向下（寻底模式），因此实际交易动作是二买（笔方向向下时优先买点）,1.08,1.10,1.11,0.0019,0.0005,否
2026-05-20 10:06:10,二卖,否,警戒,603317,天味食品,16.11,安全,二卖,向上,无信号,客观缠论信号为二卖，60分钟笔方向向上（冲顶模式），因此实际交易动作是二卖（笔方向向上时优先卖点）,12.56,15.25,16.10,0.0551,0.0166,否
2026-05-20 10:06:10,观望,否,警戒,601668,中国建筑,4.88,安全,无信号,向下,无信号,客观缠论信号为无信号，60分钟笔方向向下，中枢震荡，观望,4.88,4.91,4.95,-0.0042,-0.0032,否
2026-05-20 10:06:10,二卖,否,警戒,601288,农业银行,6.58,安全,二卖,向上,无信号,客观缠论信号为二卖，60分钟笔方向向上（冲顶模式），因此实际交易动作是二卖（笔方向向上时优先卖点）,6.53,6.53,6.68,-0.0177,-0.0135,否
2026-05-20 10:06:10,二买,否,警戒,601728,中国电信,6.68,日线破位,二买,向下,无信号,客观缠论信号为二买，60分钟笔方向向下（寻底模式），因此实际交易动作是二买（笔方向向下时优先买点）,7.29,6.80,6.42,0.0489,0.1108,否
2026-05-20 10:06:10,观望,否,警戒,600276,恒瑞医药,50.83,日线破位,二买+三买,向上,底背驰,客观缠论信号为二买、三买，60分钟笔方向向上，中枢震荡，观望,51.31,52.41,53.92,-0.4350,-0.4461,否
2026-05-20 10:06:10,二卖,否,警戒,600177,雅戈尔,7.44,安全,二卖,向上,无信号,客观缠论信号为二卖，60分钟笔方向向上（冲顶模式），因此实际交易动作是二卖（笔方向向上时优先卖点）,7.50,7.25,7.53,-0.0133,-0.0084,否
2026-05-20 10:06:10,二卖,否,警戒,600887,伊利股份,27.13,安全,二卖,向上,无信号,客观缠论信号为二卖，60分钟笔方向向上（冲顶模式），因此实际交易动作是二卖（笔方向向上时优先卖点）,27.11,26.92,27.98,-0.0630,-0.0548,否
2026-05-20 10:06:10,观望,否,警戒,601138,工业富联,67.78,安全,二卖,向下,无信号,客观缠论信号为二卖，60分钟笔方向向下，中枢震荡，观望,64.65,62.77,71.76,-0.0849,-0.0830,否
2026-05-20 10:06:10,观望,否,警戒,688041,海光信息,321.29,安全,无信号,向下,无信号,客观缠论信号为无信号，60分钟笔方向向下，中枢震荡，观望,246.00,320.01,305.00,2.7719,-0.2039,否
2026-05-20 10:06:10,观望,否,警戒,601225,陕西煤业,24.41,安全,二买,向上,无信号,客观缠论信号为二买，60分钟笔方向向上，中枢震荡，观望,25.15,24.22,24.64,0.0426,0.0717,否
2026-05-20 10:06:10,二卖,否,警戒,600660,福耀玻璃,54.40,日线破位,二卖,向上,无信号,客观缠论信号为二卖，60分钟笔方向向上（冲顶模式），因此实际交易动作是二卖（笔方向向上时优先卖点）,55.27,55.65,58.35,-0.1792,-0.1503,否
2026-05-20 10:06:10,观望,否,警戒,000429,粤高速A,13.06,安全,二卖,向下,无信号,客观缠论信号为二卖，60分钟笔方向向下，中枢震荡，观望,12.70,12.86,13.13,0.0005,0.0075,否
2026-05-20 10:06:10,观望,否,警戒,002507,涪陵榨菜,12.00,日线破位,二卖,向下,无信号,客观缠论信号为二卖，60分钟笔方向向下，中枢震荡，观望,12.23,12.15,12.33,0.0243,0.0129,否
2026-05-20 10:06:10,二买,否,警戒,000338,潍柴动力,32.33,安全,一卖+二买,向下,无信号,客观缠论信号为一卖、二买，60分钟笔方向向下（寻底模式），因此实际交易动作是二买（笔方向向下时优先买点）,25.92,31.76,33.85,-0.2195,-0.2164,否
2026-05-20 10:06:10,二卖,否,警戒,000538,云南白药,50.87,日线破位,二卖,向上,无信号,客观缠论信号为二卖，60分钟笔方向向上（冲顶模式），因此实际交易动作是二卖（笔方向向上时优先卖点）,54.40,54.40,51.89,-0.0248,-0.0291,否
2026-05-20 10:06:10,观望,否,警戒,000423,东阿阿胶,50.52,安全,无信号,向下,无信号,客观缠论信号为无信号，60分钟笔方向向下，中枢震荡，观望,50.16,49.78,53.53,-0.2210,-0.2405,否
2026-05-20 10:06:10,观望,否,警戒,000651,格力电器,39.32,日线破位,二卖,向下,无信号,客观缠论信号为二卖，60分钟笔方向向下，中枢震荡，观望,40.00,39.51,40.57,-0.1418,-0.1373,否
2026-05-20 10:06:10,观望,否,警戒,000895,双汇发展,26.56,安全,二卖,向下,无信号,客观缠论信号为二卖，60分钟笔方向向下，中枢震荡，观望,25.75,26.51,26.98,0.0130,-0.0258,否
2026-05-20 10:06:10,观望,否,警戒,002415,海康威视,33.16,安全,二卖,向下,无信号,客观缠论信号为二卖，60分钟笔方向向下，中枢震荡，观望,31.96,33.30,33.87,0.0268,-0.0274,否
2026-05-20 10:06:10,观望,否,警戒,000157,中联重科,7.15,日线破位,二卖,向下,无信号,客观缠论信号为二卖，60分钟笔方向向下，中枢震荡，观望,7.18,7.22,7.94,-0.0433,-0.0507,否
2026-05-20 10:06:10,观望,否,警戒,002128,电投能源,29.44,安全,一卖+二卖,向下,无信号,客观缠论信号为一卖、二卖，60分钟笔方向向下，中枢震荡，观望,29.02,28.68,31.60,-0.0076,-0.0256,否
2026-05-20 10:06:10,观望,否,警戒,002027,分众传媒,5.69,日线破位,二卖,向下,无信号,客观缠论信号为二卖，60分钟笔方向向下，中枢震荡，观望,6.16,6.22,6.36,-0.0294,-0.0303,否
2026-05-20 10:06:10,观望,否,警戒,hk03690,美团,83.40,安全,无信号,向上,无信号,客观缠论信号为无信号，60分钟笔方向向上，中枢震荡，观望,78.70,82.40,84.55,0.2305,0.2148,否
2026-05-20 10:06:10,二买,否,警戒,hk03896,金山云,7.80,安全,二卖+二买,向下,无信号,客观缠论信号为二卖、二买，60分钟笔方向向下（寻底模式），因此实际交易动作是二买（笔方向向下时优先买点）,6.23,6.84,8.06,-0.0270,-0.0385,否
2026-05-20 10:06:10,观望,否,警戒,hk00700,腾讯,459.20,日线破位,无信号,向上,无信号,客观缠论信号为无信号，60分钟笔方向向上，中枢震荡，观望,494.60,486.20,460.20,2.2193,2.0876,否
2026-05-20 10:06:10,二买,否,警戒,hk09988,阿里巴巴,133.60,安全,二卖+二买,向下,无信号,客观缠论信号为二卖、二买，60分钟笔方向向下（寻底模式），因此实际交易动作是二买（笔方向向下时优先买点）,129.60,128.60,135.30,0.3696,0.4091,否
2026-05-20 10:06:10,二卖,否,警戒,hk01024,快手,49.22,安全,二卖+二买,向上,无信号,客观缠论信号为二卖、二买，60分钟笔方向向上（冲顶模式），因此实际交易动作是二卖（笔方向向上时优先卖点）,51.00,43.00,49.40,0.0583,0.0335,否
2026-05-20 10:06:10,二卖,否,警戒,hk06618,京东健康,41.52,安全,二卖,向上,无信号,客观缠论信号为二卖，60分钟笔方向向上（冲顶模式），因此实际交易动作是二卖（笔方向向上时优先卖点）,39.65,40.70,45.30,-0.3799,-0.4841,否
2026-05-20 10:06:10,二卖,否,警戒,hk06862,海底捞,14.22,安全,二卖,向上,无信号,客观缠论信号为二卖，60分钟笔方向向上（冲顶模式），因此实际交易动作是二卖（笔方向向上时优先卖点）,13.47,14.16,14.38,-0.0203,-0.0207,否
2026-05-20 10:06:10,一卖,否,警戒,600415,小商品城,14.32,安全,一卖,向上,无信号,客观缠论信号为一卖，60分钟笔方向向上（冲顶模式），因此实际交易动作是一卖（趋势顶背驰卖出）,13.81,12.86,13.28,0.1602,0.1639,否
2026-05-20 10:06:10,二买,否,警戒,300285,国瓷材料,43.03,安全,二买,向下,无信号,客观缠论信号为二买，60分钟笔方向向下（寻底模式），因此实际交易动作是二买（笔方向向下时优先买点）,32.60,35.16,40.67,0.9677,0.8857,否
2026-05-20 10:06:10,三买,否,警戒,600021,上海电力,19.01,安全,三买,向下,无信号,客观缠论信号为三买，60分钟笔方向向下（寻底模式），因此实际交易动作是三买（突破回踩买入）,18.15,17.63,17.42,0.3954,0.3625,否
2026-05-20 10:06:10,观望,否,警戒,002517,恺英网络,17.07,安全,无信号,向下,无信号,客观缠论信号为无信号，60分钟笔方向向下，中枢震荡，观望,16.68,17.19,17.92,-0.0376,-0.0330,否
2026-05-20 10:06:10,观望,否,警戒,300474,景嘉微,65.33,安全,无信号,向下,无信号,客观缠论信号为无信号，60分钟笔方向向下，中枢震荡，观望,64.15,65.85,66.99,0.0337,-0.2176,否
2026-05-20 10:06:10,观望,否,警戒,600909,华安证券,6.82,安全,无信号,向下,无信号,客观缠论信号为无信号，60分钟笔方向向下，中枢震荡，观望,6.01,6.04,5.88,0.1000,0.0535,否
2026-05-20 10:06:10,二买,否,警戒,603290,斯达半导,128.94,安全,二买+三买,向下,无信号,客观缠论信号为二买、三买，60分钟笔方向向下（寻底模式），因此实际交易动作是二买（笔方向向下时优先买点）,107.75,106.51,110.56,0.4535,-0.3078,否
2026-05-20 10:06:10,二买,否,警戒,603296,华勤技术,109.35,安全,二买,向下,无信号,客观缠论信号为二买，60分钟笔方向向下（寻底模式），因此实际交易动作是二买（笔方向向下时优先买点）,101.28,108.08,116.85,-0.9984,-1.4939,否

2026-05-20 10:21:10,观望,是,警戒,600900,长江电力,27.14,安全,二卖,向下,无信号,客观缠论信号为二卖，60分钟笔方向向下，中枢震荡，观望,27.18,26.66,27.03,0.0388,0.0574,否
2026-05-20 10:21:10,二买,是,警戒,600938,中国海油,37.75,安全,二买,向下,无信号,客观缠论信号为二买，60分钟笔方向向下（寻底模式），因此实际交易动作是二买（笔方向向下时优先买点）,34.06,35.29,36.45,0.2026,0.0868,否
2026-05-20 10:21:10,观望,是,警戒,688981,中芯国际,126.95,安全,二卖,向下,无信号,客观缠论信号为二卖，60分钟笔方向向下，中枢震荡，观望,100.13,113.50,125.00,1.6716,0.3444,否
2026-05-20 10:21:10,二买,是,警戒,000333,美的集团,81.16,安全,二买,向下,无信号,客观缠论信号为二买，60分钟笔方向向下（寻底模式），因此实际交易动作是二买（笔方向向下时优先买点）,79.18,79.63,80.98,-0.3344,-0.3783,否
2026-05-20 10:21:10,观望,是,警戒,000001,平安银行,10.83,安全,二卖,向下,无信号,客观缠论信号为二卖，60分钟笔方向向下，中枢震荡，观望,10.78,10.67,11.03,-0.0168,-0.0199,否
2026-05-20 10:21:10,二买,是,警戒,001965,招商公路,9.98,安全,二买,向下,顶背驰,客观缠论信号为二买，60分钟笔方向向下（寻底模式），因此实际交易动作是二买（笔方向向下时优先买点）,9.89,9.81,9.89,0.0272,0.0356,否
2026-05-20 10:21:10,二买,是,警戒,hk01810,小米集团,29.94,日线破位,二卖+二买,向下,无信号,客观缠论信号为二卖、二买，60分钟笔方向向下（寻底模式），因此实际交易动作是二买（笔方向向下时优先买点）,32.78,30.26,31.06,-0.1058,-0.0389,否
2026-05-20 10:21:10,观望,是,警戒,513130,恒生科技ETF,0.61,安全,二卖,向下,无信号,客观缠论信号为二卖，60分钟笔方向向下，中枢震荡，观望,0.59,0.61,0.63,-0.0011,-0.0017,否
2026-05-20 10:21:10,三买,否,警戒,sh000001,上证指数,4147.75,安全,一卖+三买,向下,无信号,客观缠论信号为一卖、三买，60分钟笔方向向下（寻底模式），因此实际交易动作是三买（突破回踩买入）,4101.83,4079.77,4092.83,5.5027,0.9630,否
2026-05-20 10:21:10,观望,否,警戒,510300,沪深300ETF,4.86,安全,无信号,向下,无信号,客观缠论信号为无信号，60分钟笔方向向下，中枢震荡，观望,4.68,4.86,4.99,0.0021,-0.0047,否
2026-05-20 10:21:10,观望,否,警戒,588000,科创50ETF,1.90,安全,无信号,向下,无信号,客观缠论信号为无信号，60分钟笔方向向下，中枢震荡，观望,1.55,1.71,1.82,0.0236,0.0136,否
2026-05-20 10:21:10,观望,否,警戒,513100,纳指ETF,2.03,安全,无信号,向下,无信号,客观缠论信号为无信号，60分钟笔方向向下，中枢震荡，观望,1.91,2.07,2.11,-0.0104,-0.0106,否
2026-05-20 10:21:10,二卖,否,警戒,513520,日经ETF,2.01,安全,二卖,向上,无信号,客观缠论信号为二卖，60分钟笔方向向上（冲顶模式），因此实际交易动作是二卖（笔方向向上时优先卖点）,1.89,2.00,2.04,-0.0080,-0.0082,否
2026-05-20 10:21:10,观望,否,警戒,512400,有色金属ETF,1.94,日线破位,二卖,向下,无信号,客观缠论信号为二卖，60分钟笔方向向下，中枢震荡，观望,2.11,1.96,2.02,-0.0154,-0.0161,否
2026-05-20 10:21:10,二卖,否,警戒,512690,酒ETF,0.45,日线破位,二卖,向上,无信号,客观缠论信号为二卖，60分钟笔方向向上（冲顶模式），因此实际交易动作是二卖（笔方向向上时优先卖点）,0.48,0.48,0.48,-0.0002,-0.0005,否
2026-05-20 10:21:10,观望,否,警戒,159227,航空航天ETF,1.27,安全,无信号,向下,无信号,客观缠论信号为无信号，60分钟笔方向向下，中枢震荡，观望,1.20,1.30,1.31,-0.0039,-0.0062,否
2026-05-20 10:21:10,观望,否,警戒,159992,创新药ETF,0.78,安全,二卖,向下,无信号,客观缠论信号为二卖，60分钟笔方向向下，中枢震荡，观望,0.79,0.77,0.83,-0.0017,-0.0022,否
2026-05-20 10:21:10,观望,否,警戒,515050,通信ETF,1.14,安全,二卖,向下,无信号,客观缠论信号为二卖，60分钟笔方向向下，中枢震荡，观望,1.08,1.48,1.14,0.0027,-0.0034,否
2026-05-20 10:21:10,观望,否,警戒,159915,创业板ETF,3.92,安全,无信号,向下,无信号,客观缠论信号为无信号，60分钟笔方向向下，中枢震荡，观望,3.24,3.61,3.97,0.0034,-0.0054,否
2026-05-20 10:21:10,二买,否,警戒,588200,科创芯片ETF,3.66,安全,一卖+二买,向下,无信号,客观缠论信号为一卖、二买，60分钟笔方向向下（寻底模式），因此实际交易动作是二买（笔方向向下时优先买点）,2.65,3.20,3.34,0.0517,0.0286,否
2026-05-20 10:21:10,观望,否,警戒,159755,电池ETF,1.14,安全,二卖,向下,无信号,客观缠论信号为二卖，60分钟笔方向向下，中枢震荡，观望,1.03,1.17,1.18,-0.0033,-0.0040,否
2026-05-20 10:21:10,二买,否,警戒,159899,软件ETF,0.84,安全,二卖+三卖+二买,向下,顶背驰,客观缠论信号为二卖、三卖、二买，60分钟笔方向向下（寻底模式），因此实际交易动作是二买（笔方向向下时优先买点）,0.83,0.85,0.89,0.0015,0.0020,否
2026-05-20 10:21:10,观望,否,警戒,513360,教育ETF,0.49,日线破位,二卖,向下,无信号,客观缠论信号为二卖，60分钟笔方向向下，中枢震荡，观望,0.49,0.49,0.50,-0.0003,-0.0002,否
2026-05-20 10:21:10,二买,否,警戒,515790,光伏ETF,1.11,安全,二卖+二买,向下,无信号,客观缠论信号为二卖、二买，60分钟笔方向向下（寻底模式），因此实际交易动作是二买（笔方向向下时优先买点）,1.08,1.10,1.11,0.0020,0.0008,否
2026-05-20 10:21:10,二卖,否,警戒,603317,天味食品,16.07,安全,二卖,向上,无信号,客观缠论信号为二卖，60分钟笔方向向上（冲顶模式），因此实际交易动作是二卖（笔方向向上时优先卖点）,12.56,15.25,16.10,0.0611,0.0255,否
2026-05-20 10:21:10,观望,否,警戒,601668,中国建筑,4.88,安全,无信号,向下,无信号,客观缠论信号为无信号，60分钟笔方向向下，中枢震荡，观望,4.88,4.91,4.95,-0.0042,-0.0032,否
2026-05-20 10:21:10,二卖,否,警戒,601288,农业银行,6.58,安全,二卖,向上,底背驰,客观缠论信号为二卖，60分钟笔方向向上（冲顶模式），因此实际交易动作是二卖（笔方向向上时优先卖点）,6.53,6.53,6.68,-0.0188,-0.0145,否
2026-05-20 10:21:10,二买,否,警戒,601728,中国电信,6.69,日线破位,二买,向下,无信号,客观缠论信号为二买，60分钟笔方向向下（寻底模式），因此实际交易动作是二买（笔方向向下时优先买点）,7.29,6.80,6.42,0.0268,0.0940,否
2026-05-20 10:21:10,观望,否,警戒,600276,恒瑞医药,50.83,日线破位,二买+三买,向上,底背驰,客观缠论信号为二买、三买，60分钟笔方向向上，中枢震荡，观望,51.31,52.41,53.92,-0.4350,-0.4461,否
2026-05-20 10:21:10,二卖,否,警戒,600177,雅戈尔,7.44,安全,二卖,向上,无信号,客观缠论信号为二卖，60分钟笔方向向上（冲顶模式），因此实际交易动作是二卖（笔方向向上时优先卖点）,7.50,7.25,7.53,-0.0133,-0.0084,否
2026-05-20 10:21:10,二卖,否,警戒,600887,伊利股份,27.13,安全,二卖,向上,无信号,客观缠论信号为二卖，60分钟笔方向向上（冲顶模式），因此实际交易动作是二卖（笔方向向上时优先卖点）,27.11,26.92,27.98,-0.0657,-0.0570,否
2026-05-20 10:21:10,观望,否,警戒,601138,工业富联,66.88,安全,二卖,向下,无信号,客观缠论信号为二卖，60分钟笔方向向下，中枢震荡，观望,64.65,62.77,71.76,-0.1829,-0.1029,否
2026-05-20 10:21:10,观望,否,警戒,688041,海光信息,316.24,安全,无信号,向下,无信号,客观缠论信号为无信号，60分钟笔方向向下，中枢震荡，观望,246.00,320.01,305.00,3.1463,0.4661,否
2026-05-20 10:21:10,观望,否,警戒,601225,陕西煤业,24.39,安全,二买,向上,无信号,客观缠论信号为二买，60分钟笔方向向上，中枢震荡，观望,25.15,24.22,24.64,0.0385,0.0650,否
2026-05-20 10:21:10,二卖,否,警戒,600660,福耀玻璃,54.44,日线破位,二卖,向上,无信号,客观缠论信号为二卖，60分钟笔方向向上（冲顶模式），因此实际交易动作是二卖（笔方向向上时优先卖点）,55.27,55.65,58.35,-0.1992,-0.1601,否
2026-05-20 10:21:10,观望,否,警戒,000429,粤高速A,13.11,安全,二卖,向下,无信号,客观缠论信号为二卖，60分钟笔方向向下，中枢震荡，观望,12.70,12.86,13.13,0.0054,0.0071,否
2026-05-20 10:21:10,观望,否,警戒,002507,涪陵榨菜,12.00,日线破位,二卖,向下,无信号,客观缠论信号为二卖，60分钟笔方向向下，中枢震荡，观望,12.23,12.15,12.33,0.0243,0.0129,否
2026-05-20 10:21:10,二买,否,警戒,000338,潍柴动力,32.09,安全,一卖+二买,向下,无信号,客观缠论信号为一卖、二买，60分钟笔方向向下（寻底模式），因此实际交易动作是二买（笔方向向下时优先买点）,25.92,31.76,33.85,-0.2580,-0.2247,否
2026-05-20 10:21:10,二卖,否,警戒,000538,云南白药,50.83,日线破位,二卖,向上,无信号,客观缠论信号为二卖，60分钟笔方向向上（冲顶模式），因此实际交易动作是二卖（笔方向向上时优先卖点）,54.40,54.40,51.89,-0.0255,-0.0284,否
2026-05-20 10:21:10,观望,否,警戒,000423,东阿阿胶,50.45,安全,无信号,向下,无信号,客观缠论信号为无信号，60分钟笔方向向下，中枢震荡，观望,50.16,49.78,53.53,-0.2321,-0.2389,否
2026-05-20 10:21:10,观望,否,警戒,000651,格力电器,39.47,日线破位,二卖,向下,底背驰,客观缠论信号为二卖，60分钟笔方向向下，中枢震荡，观望,40.00,39.51,40.57,-0.1346,-0.1367,否
2026-05-20 10:21:10,观望,否,警戒,000895,双汇发展,26.44,安全,二卖,向下,无信号,客观缠论信号为二卖，60分钟笔方向向下，中枢震荡，观望,25.75,26.51,26.98,0.0178,-0.0171,否
2026-05-20 10:21:10,观望,否,警戒,002415,海康威视,32.83,安全,二卖,向下,无信号,客观缠论信号为二卖，60分钟笔方向向下，中枢震荡，观望,31.96,33.30,33.87,0.0042,-0.0211,否
2026-05-20 10:21:10,观望,否,警戒,000157,中联重科,7.15,日线破位,二卖,向下,无信号,客观缠论信号为二卖，60分钟笔方向向下，中枢震荡，观望,7.18,7.22,7.94,-0.0433,-0.0507,否
2026-05-20 10:21:10,观望,否,警戒,002128,电投能源,29.44,安全,一卖+二卖,向下,无信号,客观缠论信号为一卖、二卖，60分钟笔方向向下，中枢震荡，观望,29.02,28.68,31.60,-0.0076,-0.0256,否
2026-05-20 10:21:10,观望,否,警戒,002027,分众传媒,5.69,日线破位,二卖,向下,无信号,客观缠论信号为二卖，60分钟笔方向向下，中枢震荡，观望,6.16,6.22,6.36,-0.0294,-0.0303,否
2026-05-20 10:21:10,观望,否,警戒,hk03690,美团,82.95,安全,无信号,向上,无信号,客观缠论信号为无信号，60分钟笔方向向上，中枢震荡，观望,78.70,82.40,84.55,0.1958,0.2110,否
2026-05-20 10:21:10,二买,否,警戒,hk03896,金山云,7.38,安全,二卖+二买,向下,无信号,客观缠论信号为二卖、二买，60分钟笔方向向下（寻底模式），因此实际交易动作是二买（笔方向向下时优先买点）,6.23,6.84,8.06,-0.0955,-0.0528,否
2026-05-20 10:21:10,观望,否,警戒,hk00700,腾讯,459.20,日线破位,无信号,向上,无信号,客观缠论信号为无信号，60分钟笔方向向上，中枢震荡，观望,494.60,486.20,460.20,2.2193,2.0876,否
2026-05-20 10:21:10,二买,否,警戒,hk09988,阿里巴巴,133.60,安全,二卖+二买,向下,无信号,客观缠论信号为二卖、二买，60分钟笔方向向下（寻底模式），因此实际交易动作是二买（笔方向向下时优先买点）,129.60,128.60,135.30,0.3696,0.4091,否
2026-05-20 10:21:10,二卖,否,警戒,hk01024,快手,49.22,安全,二卖+二买,向上,无信号,客观缠论信号为二卖、二买，60分钟笔方向向上（冲顶模式），因此实际交易动作是二卖（笔方向向上时优先卖点）,51.00,43.00,49.40,0.0583,0.0335,否
2026-05-20 10:21:10,二卖,否,警戒,hk06618,京东健康,41.52,安全,二卖,向上,无信号,客观缠论信号为二卖，60分钟笔方向向上（冲顶模式），因此实际交易动作是二卖（笔方向向上时优先卖点）,39.65,40.70,45.30,-0.3799,-0.4841,否
2026-05-20 10:21:10,二卖,否,警戒,hk06862,海底捞,14.24,安全,二卖,向上,无信号,客观缠论信号为二卖，60分钟笔方向向上（冲顶模式），因此实际交易动作是二卖（笔方向向上时优先卖点）,13.47,14.16,14.38,-0.0194,-0.0205,否
2026-05-20 10:21:10,一卖,否,警戒,600415,小商品城,14.32,安全,一卖,向上,无信号,客观缠论信号为一卖，60分钟笔方向向上（冲顶模式），因此实际交易动作是一卖（趋势顶背驰卖出）,13.81,12.86,13.28,0.1602,0.1639,否
2026-05-20 10:21:10,二买,否,警戒,300285,国瓷材料,43.03,安全,二买,向下,无信号,客观缠论信号为二买，60分钟笔方向向下（寻底模式），因此实际交易动作是二买（笔方向向下时优先买点）,32.60,35.16,40.67,0.9677,0.8857,否
2026-05-20 10:21:10,三买,否,警戒,600021,上海电力,19.01,安全,三买,向下,无信号,客观缠论信号为三买，60分钟笔方向向下（寻底模式），因此实际交易动作是三买（突破回踩买入）,18.15,17.63,17.42,0.3954,0.3625,否
2026-05-20 10:21:10,观望,否,警戒,002517,恺英网络,17.07,安全,无信号,向下,无信号,客观缠论信号为无信号，60分钟笔方向向下，中枢震荡，观望,16.68,17.19,17.92,-0.0376,-0.0330,否
2026-05-20 10:21:10,观望,否,警戒,300474,景嘉微,65.33,安全,无信号,向下,无信号,客观缠论信号为无信号，60分钟笔方向向下，中枢震荡，观望,64.15,65.85,66.99,0.0337,-0.2176,否
2026-05-20 10:21:10,观望,否,警戒,600909,华安证券,6.82,安全,无信号,向下,无信号,客观缠论信号为无信号，60分钟笔方向向下，中枢震荡，观望,6.01,6.04,5.88,0.1000,0.0535,否
2026-05-20 10:21:10,二买,否,警戒,603290,斯达半导,128.94,安全,二买+三买,向下,无信号,客观缠论信号为二买、三买，60分钟笔方向向下（寻底模式），因此实际交易动作是二买（笔方向向下时优先买点）,107.75,106.51,110.56,0.4535,-0.3078,否
2026-05-20 10:21:10,二买,否,警戒,603296,华勤技术,109.70,安全,二买,向下,无信号,客观缠论信号为二买，60分钟笔方向向下（寻底模式），因此实际交易动作是二买（笔方向向下时优先买点）,101.28,108.08,116.85,-0.6203,-1.2021,否

2026-05-20 10:45:57,观望,是,警戒,600900,长江电力,27.14,安全,二卖,向下,无信号,客观缠论信号为二卖，60分钟笔方向向下，中枢震荡，观望,27.18,26.66,27.03,0.0388,0.0574,否
2026-05-20 10:45:57,二买,是,警戒,600938,中国海油,37.66,安全,三卖+二买,向下,无信号,客观缠论信号为三卖、二买，60分钟笔方向向下（寻底模式），因此实际交易动作是二买（笔方向向下时优先买点）,34.06,35.29,37.85,0.2326,0.1160,否
2026-05-20 10:45:57,观望,是,警戒,688981,中芯国际,126.95,安全,二卖,向下,无信号,客观缠论信号为二卖，60分钟笔方向向下，中枢震荡，观望,100.13,113.50,125.00,1.6716,0.3444,否
2026-05-20 10:45:57,二买,是,警戒,000333,美的集团,81.48,安全,二买,向下,无信号,客观缠论信号为二买，60分钟笔方向向下（寻底模式），因此实际交易动作是二买（笔方向向下时优先买点）,79.18,79.63,80.98,-0.2179,-0.3289,否
2026-05-20 10:45:57,观望,是,警戒,000001,平安银行,10.82,安全,二卖,向下,顶背驰,客观缠论信号为二卖，60分钟笔方向向下，中枢震荡，观望,10.78,10.67,11.03,-0.0193,-0.0195,否
2026-05-20 10:45:57,观望,是,警戒,001965,招商公路,9.98,安全,二买,向上,顶背驰,客观缠论信号为二买，60分钟笔方向向上，中枢震荡，观望,9.89,9.81,10.05,0.0272,0.0356,否
2026-05-20 10:45:57,二买,是,警戒,hk01810,小米集团,29.94,日线破位,二卖+二买,向下,无信号,客观缠论信号为二卖、二买，60分钟笔方向向下（寻底模式），因此实际交易动作是二买（笔方向向下时优先买点）,32.78,30.26,31.06,-0.1058,-0.0389,否
2026-05-20 10:45:57,观望,是,警戒,513130,恒生科技ETF,0.61,安全,二卖,向下,无信号,客观缠论信号为二卖，60分钟笔方向向下，中枢震荡，观望,0.59,0.61,0.63,-0.0009,-0.0014,否
2026-05-20 10:45:57,三买,否,警戒,sh000001,上证指数,4146.16,安全,一卖+三买,向下,无信号,客观缠论信号为一卖、三买，60分钟笔方向向下（寻底模式），因此实际交易动作是三买（突破回踩买入）,4101.83,4079.77,4092.83,4.7068,3.4955,否
2026-05-20 10:45:57,观望,否,警戒,510300,沪深300ETF,4.85,安全,无信号,向下,无信号,客观缠论信号为无信号，60分钟笔方向向下，中枢震荡，观望,4.68,4.86,4.99,0.0029,-0.0019,否
2026-05-20 10:45:57,观望,否,警戒,588000,科创50ETF,1.91,安全,无信号,向下,无信号,客观缠论信号为无信号，60分钟笔方向向下，中枢震荡，观望,1.55,1.71,1.82,0.0270,0.0182,否
2026-05-20 10:45:57,观望,否,警戒,513100,纳指ETF,2.03,安全,无信号,向下,无信号,客观缠论信号为无信号，60分钟笔方向向下，中枢震荡，观望,1.91,2.07,2.11,-0.0104,-0.0106,否
2026-05-20 10:45:57,二卖,否,警戒,513520,日经ETF,2.01,安全,二卖,向上,无信号,客观缠论信号为二卖，60分钟笔方向向上（冲顶模式），因此实际交易动作是二卖（笔方向向上时优先卖点）,1.89,2.00,2.03,-0.0080,-0.0082,否
2026-05-20 10:45:57,二卖,否,警戒,512400,有色金属ETF,1.94,日线破位,二卖,向上,无信号,客观缠论信号为二卖，60分钟笔方向向上（冲顶模式），因此实际交易动作是二卖（笔方向向上时优先卖点）,2.11,1.96,1.98,-0.0160,-0.0161,否
2026-05-20 10:45:57,二卖,否,警戒,512690,酒ETF,0.46,日线破位,二卖,向上,无信号,客观缠论信号为二卖，60分钟笔方向向上（冲顶模式），因此实际交易动作是二卖（笔方向向上时优先卖点）,0.48,0.48,0.48,0.0003,-0.0002,否
2026-05-20 10:45:57,二卖,否,警戒,159227,航空航天ETF,1.27,安全,二卖,向上,无信号,客观缠论信号为二卖，60分钟笔方向向上（冲顶模式），因此实际交易动作是二卖（笔方向向上时优先卖点）,1.20,1.30,1.29,-0.0039,-0.0062,否
2026-05-20 10:45:57,观望,否,警戒,159992,创新药ETF,0.78,安全,二卖,向下,无信号,客观缠论信号为二卖，60分钟笔方向向下，中枢震荡，观望,0.79,0.77,0.83,-0.0018,-0.0021,否
2026-05-20 10:45:57,观望,否,警戒,515050,通信ETF,1.14,安全,二卖,向下,无信号,客观缠论信号为二卖，60分钟笔方向向下，中枢震荡，观望,1.08,1.48,1.14,0.0027,-0.0034,否
2026-05-20 10:45:57,观望,否,警戒,159915,创业板ETF,3.92,安全,无信号,向下,无信号,客观缠论信号为无信号，60分钟笔方向向下，中枢震荡，观望,3.24,3.61,3.97,0.0051,-0.0016,否
2026-05-20 10:45:57,二买,否,警戒,588200,科创芯片ETF,3.69,安全,一卖+二买,向下,无信号,客观缠论信号为一卖、二买，60分钟笔方向向下（寻底模式），因此实际交易动作是二买（笔方向向下时优先买点）,2.65,3.20,3.34,0.0602,0.0395,否
2026-05-20 10:45:57,二卖,否,警戒,159755,电池ETF,1.15,安全,二卖,向上,无信号,客观缠论信号为二卖，60分钟笔方向向上（冲顶模式），因此实际交易动作是二卖（笔方向向上时优先卖点）,1.03,1.17,1.18,-0.0030,-0.0036,否
2026-05-20 10:45:57,二买,否,警戒,159899,软件ETF,0.84,安全,二卖+二买,向下,顶背驰,客观缠论信号为二卖、二买，60分钟笔方向向下（寻底模式），因此实际交易动作是二买（笔方向向下时优先买点）,0.83,0.85,0.85,0.0005,0.0015,否
2026-05-20 10:45:57,二卖,否,警戒,513360,教育ETF,0.49,日线破位,二卖,向上,无信号,客观缠论信号为二卖，60分钟笔方向向上（冲顶模式），因此实际交易动作是二卖（笔方向向上时优先卖点）,0.49,0.49,0.50,-0.0005,-0.0003,否
2026-05-20 10:45:57,二买,否,警戒,515790,光伏ETF,1.12,安全,二卖+二买,向下,无信号,客观缠论信号为二卖、二买，60分钟笔方向向下（寻底模式），因此实际交易动作是二买（笔方向向下时优先买点）,1.08,1.10,1.11,0.0036,0.0017,否
2026-05-20 10:45:57,二卖,否,警戒,603317,天味食品,16.03,安全,二卖,向上,无信号,客观缠论信号为二卖，60分钟笔方向向上（冲顶模式），因此实际交易动作是二卖（笔方向向上时优先卖点）,12.56,15.25,16.10,0.0660,0.0403,否
2026-05-20 10:45:57,观望,否,警戒,601668,中国建筑,4.87,日线破位,无信号,向下,无信号,客观缠论信号为无信号，60分钟笔方向向下，中枢震荡，观望,4.88,4.91,4.95,-0.0096,-0.0058,否
2026-05-20 10:45:57,二卖,否,警戒,601288,农业银行,6.58,安全,二卖,向上,底背驰,客观缠论信号为二卖，60分钟笔方向向上（冲顶模式），因此实际交易动作是二卖（笔方向向上时优先卖点）,6.53,6.53,6.68,-0.0188,-0.0145,否
2026-05-20 10:45:57,二买,否,警戒,601728,中国电信,6.66,日线破位,二买,向下,无信号,客观缠论信号为二买，60分钟笔方向向下（寻底模式），因此实际交易动作是二买（笔方向向下时优先买点）,7.29,6.80,6.42,-0.0034,0.0617,否
2026-05-20 10:45:57,观望,否,警戒,600276,恒瑞医药,50.60,日线破位,二买+三买,向上,底背驰,客观缠论信号为二买、三买，60分钟笔方向向上，中枢震荡，观望,51.31,52.41,53.92,-0.5301,-0.4775,否
2026-05-20 10:45:57,二卖,否,警戒,600177,雅戈尔,7.44,安全,二卖,向上,无信号,客观缠论信号为二卖，60分钟笔方向向上（冲顶模式），因此实际交易动作是二卖（笔方向向上时优先卖点）,7.50,7.25,7.53,-0.0133,-0.0084,否
2026-05-20 10:45:57,二卖,否,警戒,600887,伊利股份,27.28,安全,二卖,向上,无信号,客观缠论信号为二卖，60分钟笔方向向上（冲顶模式），因此实际交易动作是二卖（笔方向向上时优先卖点）,27.11,26.92,27.98,-0.0468,-0.0548,否
2026-05-20 10:45:57,观望,否,警戒,601138,工业富联,66.61,安全,二卖,向下,无信号,客观缠论信号为二卖，60分钟笔方向向下，中枢震荡，观望,64.65,62.77,66.91,-0.3298,-0.1720,否
2026-05-20 10:45:57,观望,否,警戒,688041,海光信息,318.71,安全,无信号,向下,无信号,客观缠论信号为无信号，60分钟笔方向向下，中枢震荡，观望,246.00,320.01,355.50,3.9705,1.6799,否
2026-05-20 10:45:57,观望,否,警戒,601225,陕西煤业,24.34,安全,二买,向上,无信号,客观缠论信号为二买，60分钟笔方向向上，中枢震荡，观望,25.15,24.22,24.64,0.0228,0.0507,否
2026-05-20 10:45:57,二卖,否,警戒,600660,福耀玻璃,54.41,日线破位,二卖,向上,无信号,客观缠论信号为二卖，60分钟笔方向向上（冲顶模式），因此实际交易动作是二卖（笔方向向上时优先卖点）,55.27,55.65,58.35,-0.2158,-0.1781,否
2026-05-20 10:45:57,观望,否,警戒,000429,粤高速A,13.19,安全,二卖,向下,无信号,客观缠论信号为二卖，60分钟笔方向向下，中枢震荡，观望,12.70,12.86,13.13,0.0221,0.0112,否
2026-05-20 10:45:57,二卖,否,警戒,002507,涪陵榨菜,12.00,日线破位,二卖,向上,无信号,客观缠论信号为二卖，60分钟笔方向向上（冲顶模式），因此实际交易动作是二卖（笔方向向上时优先卖点）,12.23,12.15,12.33,0.0243,0.0129,否
2026-05-20 10:45:57,二卖,否,警戒,000338,潍柴动力,31.60,安全,二卖+二买,向上,无信号,客观缠论信号为二卖、二买，60分钟笔方向向上（冲顶模式），因此实际交易动作是二卖（笔方向向上时优先卖点）,25.92,31.76,33.43,-0.3461,-0.2594,否
2026-05-20 10:45:57,二卖,否,警戒,000538,云南白药,50.83,日线破位,二卖,向上,无信号,客观缠论信号为二卖，60分钟笔方向向上（冲顶模式），因此实际交易动作是二卖（笔方向向上时优先卖点）,54.40,54.40,51.89,-0.0255,-0.0284,否
2026-05-20 10:45:57,观望,否,警戒,000423,东阿阿胶,50.51,安全,无信号,向下,无信号,客观缠论信号为无信号，60分钟笔方向向下，中枢震荡，观望,50.16,49.78,53.53,-0.2366,-0.2385,否
2026-05-20 10:45:57,二卖,否,警戒,000651,格力电器,39.58,安全,二卖,向上,底背驰,客观缠论信号为二卖，60分钟笔方向向上（冲顶模式），因此实际交易动作是二卖（笔方向向上时优先卖点）,40.00,39.51,40.57,-0.1043,-0.1272,否
2026-05-20 10:45:57,观望,否,警戒,000895,双汇发展,26.35,安全,二卖,向下,无信号,客观缠论信号为二卖，60分钟笔方向向下，中枢震荡，观望,25.75,26.51,26.98,0.0166,-0.0042,否
2026-05-20 10:45:57,观望,否,警戒,002415,海康威视,32.89,安全,二卖,向下,无信号,客观缠论信号为二卖，60分钟笔方向向下，中枢震荡，观望,31.96,33.30,33.25,-0.0107,-0.0154,否
2026-05-20 10:45:57,观望,否,警戒,000157,中联重科,7.15,日线破位,二卖,向下,无信号,客观缠论信号为二卖，60分钟笔方向向下，中枢震荡，观望,7.18,7.22,7.94,-0.0433,-0.0507,否
2026-05-20 10:45:57,二卖,否,警戒,002128,电投能源,29.44,安全,二卖,向上,无信号,客观缠论信号为二卖，60分钟笔方向向上（冲顶模式），因此实际交易动作是二卖（笔方向向上时优先卖点）,29.02,28.68,31.60,-0.0076,-0.0256,否
2026-05-20 10:45:57,观望,否,警戒,002027,分众传媒,5.69,日线破位,二卖,向下,无信号,客观缠论信号为二卖，60分钟笔方向向下，中枢震荡，观望,6.16,6.22,6.36,-0.0294,-0.0303,否
2026-05-20 10:45:57,观望,否,警戒,hk03690,美团,82.40,安全,无信号,向上,无信号,客观缠论信号为无信号，60分钟笔方向向上，中枢震荡，观望,78.70,82.40,84.55,0.1099,0.1862,否
2026-05-20 10:45:57,二买,否,警戒,hk03896,金山云,7.31,安全,二卖+二买,向下,无信号,客观缠论信号为二卖、二买，60分钟笔方向向下（寻底模式），因此实际交易动作是二买（笔方向向下时优先买点）,6.23,6.84,8.06,-0.1213,-0.0751,否
2026-05-20 10:45:57,观望,否,警戒,hk00700,腾讯,457.20,日线破位,无信号,向上,顶背驰,客观缠论信号为无信号，60分钟笔方向向上，中枢震荡，观望,494.60,486.20,460.20,0.4665,1.1982,否
2026-05-20 10:45:57,二买,否,警戒,hk09988,阿里巴巴,131.70,安全,二卖+二买,向下,顶背驰,客观缠论信号为二卖、二买，60分钟笔方向向下（寻底模式），因此实际交易动作是二买（笔方向向下时优先买点）,129.60,128.60,135.30,-0.1184,0.1765,否
2026-05-20 10:45:57,二卖,否,警戒,hk01024,快手,47.82,安全,二卖+二买,向上,无信号,客观缠论信号为二卖、二买，60分钟笔方向向上（冲顶模式），因此实际交易动作是二卖（笔方向向上时优先卖点）,51.00,43.00,49.40,-0.2744,-0.0986,否
2026-05-20 10:45:57,二卖,否,警戒,hk06618,京东健康,40.50,安全,二卖,向上,无信号,客观缠论信号为二卖，60分钟笔方向向上（冲顶模式），因此实际交易动作是二卖（笔方向向上时优先卖点）,39.65,40.70,45.30,-0.5454,-0.4720,否
2026-05-20 10:45:57,二卖,否,警戒,hk06862,海底捞,14.31,安全,二卖,向上,无信号,客观缠论信号为二卖，60分钟笔方向向上（冲顶模式），因此实际交易动作是二卖（笔方向向上时优先卖点）,13.47,14.16,14.42,-0.0082,-0.0169,否
2026-05-20 10:45:57,二买,否,警戒,600415,小商品城,14.21,安全,一卖+二买,向下,顶背驰,客观缠论信号为一卖、二买，60分钟笔方向向下（寻底模式），因此实际交易动作是二买（笔方向向下时优先买点）,13.81,12.86,13.28,0.1330,0.1529,否
2026-05-20 10:45:57,观望,否,警戒,300285,国瓷材料,43.03,安全,二买,向上,无信号,客观缠论信号为二买，60分钟笔方向向上，中枢震荡，观望,32.60,35.16,41.99,0.9677,0.8857,否
2026-05-20 10:45:57,观望,否,警戒,600021,上海电力,19.01,安全,无信号,向下,无信号,客观缠论信号为无信号，60分钟笔方向向下，中枢震荡，观望,18.15,17.63,18.55,0.3954,0.3625,否
2026-05-20 10:45:57,观望,否,警戒,002517,恺英网络,17.00,安全,无信号,向下,无信号,客观缠论信号为无信号，60分钟笔方向向下，中枢震荡，观望,16.68,17.19,17.28,-0.0975,-0.0572,否
2026-05-20 10:45:57,观望,否,警戒,300474,景嘉微,65.33,安全,无信号,向下,无信号,客观缠论信号为无信号，60分钟笔方向向下，中枢震荡，观望,64.15,65.85,68.27,0.0337,-0.2176,否
2026-05-20 10:45:57,二买,否,警戒,600909,华安证券,6.82,安全,二买,向下,无信号,客观缠论信号为二买，60分钟笔方向向下（寻底模式），因此实际交易动作是二买（笔方向向下时优先买点）,6.01,6.04,6.09,0.1000,0.0535,否
2026-05-20 10:45:57,二买,否,警戒,603290,斯达半导,128.94,安全,二买+三买,向下,无信号,客观缠论信号为二买、三买，60分钟笔方向向下（寻底模式），因此实际交易动作是二买（笔方向向下时优先买点）,107.75,106.51,110.56,0.4535,-0.3078,否
2026-05-20 10:45:57,观望,否,警戒,603296,华勤技术,109.70,安全,无信号,向下,无信号,客观缠论信号为无信号，60分钟笔方向向下，中枢震荡，观望,101.28,108.08,116.85,-0.6203,-1.2021,否

2026-05-20 11:06:10,观望,是,警戒,600900,长江电力,27.10,安全,二卖,向下,无信号,客观缠论信号为二卖，60分钟笔方向向下，中枢震荡，观望,27.18,26.66,27.03,0.0197,0.0420,否
2026-05-20 11:06:10,二买,是,警戒,600938,中国海油,37.66,安全,三卖+二买,向下,无信号,客观缠论信号为三卖、二买，60分钟笔方向向下（寻底模式），因此实际交易动作是二买（笔方向向下时优先买点）,34.06,35.29,37.85,0.2326,0.1160,否
2026-05-20 11:06:10,观望,是,警戒,688981,中芯国际,129.94,安全,二卖,向下,无信号,客观缠论信号为二卖，60分钟笔方向向下，中枢震荡，观望,100.13,113.50,125.00,2.7129,1.1197,否
2026-05-20 11:06:10,二买,是,警戒,000333,美的集团,81.67,安全,二买,向下,无信号,客观缠论信号为二买，60分钟笔方向向下（寻底模式），因此实际交易动作是二买（笔方向向下时优先买点）,79.18,79.63,80.98,-0.1591,-0.2950,否
2026-05-20 11:06:10,观望,是,警戒,000001,平安银行,10.82,安全,二卖,向下,顶背驰,客观缠论信号为二卖，60分钟笔方向向下，中枢震荡，观望,10.78,10.67,11.03,-0.0199,-0.0196,否
2026-05-20 11:06:10,观望,是,警戒,001965,招商公路,9.98,安全,二买,向上,顶背驰,客观缠论信号为二买，60分钟笔方向向上，中枢震荡，观望,9.89,9.81,10.05,0.0272,0.0356,否
2026-05-20 11:06:10,二买,是,警戒,hk01810,小米集团,29.94,日线破位,二卖+二买,向下,无信号,客观缠论信号为二卖、二买，60分钟笔方向向下（寻底模式），因此实际交易动作是二买（笔方向向下时优先买点）,32.78,30.26,31.06,-0.1058,-0.0389,否
2026-05-20 11:06:10,观望,是,警戒,513130,恒生科技ETF,0.61,安全,二卖,向下,无信号,客观缠论信号为二卖，60分钟笔方向向下，中枢震荡，观望,0.59,0.61,0.63,-0.0009,-0.0013,否
2026-05-20 11:06:10,三买,否,警戒,sh000001,上证指数,4146.16,安全,一卖+三买,向下,无信号,客观缠论信号为一卖、三买，60分钟笔方向向下（寻底模式），因此实际交易动作是三买（突破回踩买入）,4101.83,4079.77,4092.83,4.7068,3.4955,否
2026-05-20 11:06:10,观望,否,警戒,510300,沪深300ETF,4.85,安全,无信号,向下,无信号,客观缠论信号为无信号，60分钟笔方向向下，中枢震荡，观望,4.68,4.86,4.99,0.0026,-0.0010,否
2026-05-20 11:06:10,观望,否,警戒,588000,科创50ETF,1.91,安全,无信号,向下,无信号,客观缠论信号为无信号，60分钟笔方向向下，中枢震荡，观望,1.55,1.71,1.82,0.0278,0.0202,否
2026-05-20 11:06:10,观望,否,警戒,513100,纳指ETF,2.03,安全,无信号,向下,无信号,客观缠论信号为无信号，60分钟笔方向向下，中枢震荡，观望,1.91,2.07,2.11,-0.0104,-0.0106,否
2026-05-20 11:06:10,二卖,否,警戒,513520,日经ETF,2.01,安全,二卖,向上,无信号,客观缠论信号为二卖，60分钟笔方向向上（冲顶模式），因此实际交易动作是二卖（笔方向向上时优先卖点）,1.89,2.00,2.03,-0.0080,-0.0082,否
2026-05-20 11:06:10,二卖,否,警戒,512400,有色金属ETF,1.94,日线破位,二卖,向上,无信号,客观缠论信号为二卖，60分钟笔方向向上（冲顶模式），因此实际交易动作是二卖（笔方向向上时优先卖点）,2.11,1.96,1.98,-0.0160,-0.0161,否
2026-05-20 11:06:10,二卖,否,警戒,512690,酒ETF,0.46,日线破位,二卖,向上,无信号,客观缠论信号为二卖，60分钟笔方向向上（冲顶模式），因此实际交易动作是二卖（笔方向向上时优先卖点）,0.48,0.48,0.48,0.0003,-0.0002,否
2026-05-20 11:06:10,二卖,否,警戒,159227,航空航天ETF,1.27,安全,二卖,向上,无信号,客观缠论信号为二卖，60分钟笔方向向上（冲顶模式），因此实际交易动作是二卖（笔方向向上时优先卖点）,1.20,1.30,1.29,-0.0039,-0.0062,否
2026-05-20 11:06:10,观望,否,警戒,159992,创新药ETF,0.78,安全,二卖,向下,无信号,客观缠论信号为二卖，60分钟笔方向向下，中枢震荡，观望,0.79,0.77,0.83,-0.0020,-0.0020,否
2026-05-20 11:06:10,观望,否,警戒,515050,通信ETF,1.14,安全,二卖,向下,无信号,客观缠论信号为二卖，60分钟笔方向向下，中枢震荡，观望,1.08,1.48,1.14,0.0027,-0.0034,否
2026-05-20 11:06:10,观望,否,警戒,159915,创业板ETF,3.91,安全,无信号,向下,无信号,客观缠论信号为无信号，60分钟笔方向向下，中枢震荡，观望,3.24,3.61,3.97,0.0047,-0.0003,否
2026-05-20 11:06:10,二买,否,警戒,588200,科创芯片ETF,3.69,安全,一卖+二买,向下,无信号,客观缠论信号为一卖、二买，60分钟笔方向向下（寻底模式），因此实际交易动作是二买（笔方向向下时优先买点）,2.65,3.20,3.34,0.0625,0.0441,否
2026-05-20 11:06:10,二卖,否,警戒,159755,电池ETF,1.15,安全,二卖,向上,无信号,客观缠论信号为二卖，60分钟笔方向向上（冲顶模式），因此实际交易动作是二卖（笔方向向上时优先卖点）,1.03,1.17,1.18,-0.0028,-0.0035,否
2026-05-20 11:06:10,二买,否,警戒,159899,软件ETF,0.84,安全,二卖+二买,向下,顶背驰,客观缠论信号为二卖、二买，60分钟笔方向向下（寻底模式），因此实际交易动作是二买（笔方向向下时优先买点）,0.83,0.85,0.85,-0.0000,0.0012,否
2026-05-20 11:06:10,二卖,否,警戒,513360,教育ETF,0.49,日线破位,二卖,向上,无信号,客观缠论信号为二卖，60分钟笔方向向上（冲顶模式），因此实际交易动作是二卖（笔方向向上时优先卖点）,0.49,0.49,0.50,-0.0006,-0.0004,否
2026-05-20 11:06:10,二买,否,警戒,515790,光伏ETF,1.12,安全,二卖+二买,向下,无信号,客观缠论信号为二卖、二买，60分钟笔方向向下（寻底模式），因此实际交易动作是二买（笔方向向下时优先买点）,1.08,1.10,1.11,0.0039,0.0021,否
2026-05-20 11:06:10,二卖,否,警戒,603317,天味食品,16.06,安全,二卖,向上,无信号,客观缠论信号为二卖，60分钟笔方向向上（冲顶模式），因此实际交易动作是二卖（笔方向向上时优先卖点）,12.56,15.25,16.10,0.0666,0.0456,否
2026-05-20 11:06:10,观望,否,警戒,601668,中国建筑,4.87,日线破位,无信号,向下,无信号,客观缠论信号为无信号，60分钟笔方向向下，中枢震荡，观望,4.88,4.91,4.95,-0.0096,-0.0058,否
2026-05-20 11:06:10,二卖,否,警戒,601288,农业银行,6.58,安全,二卖,向上,底背驰,客观缠论信号为二卖，60分钟笔方向向上（冲顶模式），因此实际交易动作是二卖（笔方向向上时优先卖点）,6.53,6.53,6.68,-0.0188,-0.0145,否
2026-05-20 11:06:10,二买,否,警戒,601728,中国电信,6.64,日线破位,二买,向下,无信号,客观缠论信号为二买，60分钟笔方向向下（寻底模式），因此实际交易动作是二买（笔方向向下时优先买点）,7.29,6.80,6.42,-0.0186,0.0457,否
2026-05-20 11:06:10,观望,否,警戒,600276,恒瑞医药,50.60,日线破位,二买+三买,向上,底背驰,客观缠论信号为二买、三买，60分钟笔方向向上，中枢震荡，观望,51.31,52.41,53.92,-0.5301,-0.4775,否
2026-05-20 11:06:10,二卖,否,警戒,600177,雅戈尔,7.44,安全,二卖,向上,无信号,客观缠论信号为二卖，60分钟笔方向向上（冲顶模式），因此实际交易动作是二卖（笔方向向上时优先卖点）,7.50,7.25,7.53,-0.0133,-0.0084,否
2026-05-20 11:06:10,二卖,否,警戒,600887,伊利股份,27.31,安全,二卖,向上,无信号,客观缠论信号为二卖，60分钟笔方向向上（冲顶模式），因此实际交易动作是二卖（笔方向向上时优先卖点）,27.11,26.92,27.98,-0.0368,-0.0512,否
2026-05-20 11:06:10,观望,否,警戒,601138,工业富联,66.71,安全,二卖,向下,无信号,客观缠论信号为二卖，60分钟笔方向向下，中枢震荡，观望,64.65,62.77,66.91,-0.3796,-0.2136,否
2026-05-20 11:06:10,观望,否,警戒,688041,海光信息,318.71,安全,无信号,向下,无信号,客观缠论信号为无信号，60分钟笔方向向下，中枢震荡，观望,246.00,320.01,355.50,3.9705,1.6799,否
2026-05-20 11:06:10,观望,否,警戒,601225,陕西煤业,24.27,安全,二买,向上,无信号,客观缠论信号为二买，60分钟笔方向向上，中枢震荡，观望,25.15,24.22,24.64,0.0124,0.0431,否
2026-05-20 11:06:10,二卖,否,警戒,600660,福耀玻璃,54.45,日线破位,二卖,向上,无信号,客观缠论信号为二卖，60分钟笔方向向上（冲顶模式），因此实际交易动作是二卖（笔方向向上时优先卖点）,55.27,55.65,58.35,-0.2201,-0.1865,否
2026-05-20 11:06:10,观望,否,警戒,000429,粤高速A,13.24,安全,二卖,向下,无信号,客观缠论信号为二卖，60分钟笔方向向下，中枢震荡，观望,12.70,12.86,13.13,0.0322,0.0154,否
2026-05-20 11:06:10,二卖,否,警戒,002507,涪陵榨菜,12.00,日线破位,二卖,向上,无信号,客观缠论信号为二卖，60分钟笔方向向上（冲顶模式），因此实际交易动作是二卖（笔方向向上时优先卖点）,12.23,12.15,12.33,0.0243,0.0129,否
2026-05-20 11:06:10,二卖,否,警戒,000338,潍柴动力,31.66,安全,二卖+二买,向上,无信号,客观缠论信号为二卖、二买，60分钟笔方向向上（冲顶模式），因此实际交易动作是二卖（笔方向向上时优先卖点）,25.92,31.76,33.43,-0.3813,-0.2838,否
2026-05-20 11:06:10,二卖,否,警戒,000538,云南白药,50.83,日线破位,二卖,向上,无信号,客观缠论信号为二卖，60分钟笔方向向上（冲顶模式），因此实际交易动作是二卖（笔方向向上时优先卖点）,54.40,54.40,51.89,-0.0255,-0.0284,否
2026-05-20 11:06:10,观望,否,警戒,000423,东阿阿胶,50.58,安全,无信号,向下,底背驰,客观缠论信号为无信号，60分钟笔方向向下，中枢震荡，观望,50.16,49.78,53.53,-0.2258,-0.2360,否
2026-05-20 11:06:10,二卖,否,警戒,000651,格力电器,39.55,安全,二卖,向上,无信号,客观缠论信号为二卖，60分钟笔方向向上（冲顶模式），因此实际交易动作是二卖（笔方向向上时优先卖点）,40.00,39.51,40.57,-0.0948,-0.1208,否
2026-05-20 11:06:10,观望,否,警戒,000895,双汇发展,26.36,安全,二卖,向下,无信号,客观缠论信号为二卖，60分钟笔方向向下，中枢震荡，观望,25.75,26.51,26.98,0.0136,-0.0006,否
2026-05-20 11:06:10,观望,否,警戒,002415,海康威视,32.79,安全,二卖,向下,无信号,客观缠论信号为二卖，60分钟笔方向向下，中枢震荡，观望,31.96,33.30,33.25,-0.0282,-0.0179,否
2026-05-20 11:06:10,观望,否,警戒,000157,中联重科,7.15,日线破位,二卖,向下,无信号,客观缠论信号为二卖，60分钟笔方向向下，中枢震荡，观望,7.18,7.22,7.94,-0.0433,-0.0507,否
2026-05-20 11:06:10,二卖,否,警戒,002128,电投能源,29.44,安全,二卖,向上,无信号,客观缠论信号为二卖，60分钟笔方向向上（冲顶模式），因此实际交易动作是二卖（笔方向向上时优先卖点）,29.02,28.68,31.60,-0.0076,-0.0256,否
2026-05-20 11:06:10,观望,否,警戒,002027,分众传媒,5.69,日线破位,二卖,向下,无信号,客观缠论信号为二卖，60分钟笔方向向下，中枢震荡，观望,6.16,6.22,6.36,-0.0294,-0.0303,否
2026-05-20 11:06:10,观望,否,警戒,hk03690,美团,82.35,安全,无信号,向上,无信号,客观缠论信号为无信号，60分钟笔方向向上，中枢震荡，观望,78.70,82.40,84.55,0.0479,0.1585,否
2026-05-20 11:06:10,二买,否,警戒,hk03896,金山云,7.31,安全,二卖+二买,向下,无信号,客观缠论信号为二卖、二买，60分钟笔方向向下（寻底模式），因此实际交易动作是二买（笔方向向下时优先买点）,6.23,6.84,8.06,-0.1314,-0.0864,否
2026-05-20 11:06:10,观望,否,警戒,hk00700,腾讯,457.20,日线破位,无信号,向上,顶背驰,客观缠论信号为无信号，60分钟笔方向向上，中枢震荡，观望,494.60,486.20,460.20,0.4665,1.1982,否
2026-05-20 11:06:10,二买,否,警戒,hk09988,阿里巴巴,131.70,安全,二卖+二买,向下,顶背驰,客观缠论信号为二卖、二买，60分钟笔方向向下（寻底模式），因此实际交易动作是二买（笔方向向下时优先买点）,129.60,128.60,135.30,-0.1184,0.1765,否
2026-05-20 11:06:10,二卖,否,警戒,hk01024,快手,47.82,安全,二卖+二买,向上,无信号,客观缠论信号为二卖、二买，60分钟笔方向向上（冲顶模式），因此实际交易动作是二卖（笔方向向上时优先卖点）,51.00,43.00,49.40,-0.2744,-0.0986,否
2026-05-20 11:06:10,二卖,否,警戒,hk06618,京东健康,40.50,安全,二卖,向上,无信号,客观缠论信号为二卖，60分钟笔方向向上（冲顶模式），因此实际交易动作是二卖（笔方向向上时优先卖点）,39.65,40.70,45.30,-0.5454,-0.4720,否
2026-05-20 11:06:10,二卖,否,警戒,hk06862,海底捞,14.29,安全,二卖,向上,无信号,客观缠论信号为二卖，60分钟笔方向向上（冲顶模式），因此实际交易动作是二卖（笔方向向上时优先卖点）,13.47,14.16,14.42,-0.0054,-0.0146,否
2026-05-20 11:06:10,二买,否,警戒,600415,小商品城,14.21,安全,一卖+二买,向下,顶背驰,客观缠论信号为一卖、二买，60分钟笔方向向下（寻底模式），因此实际交易动作是二买（笔方向向下时优先买点）,13.81,12.86,13.28,0.1330,0.1529,否
2026-05-20 11:06:10,观望,否,警戒,300285,国瓷材料,43.03,安全,二买,向上,无信号,客观缠论信号为二买，60分钟笔方向向上，中枢震荡，观望,32.60,35.16,41.99,0.9677,0.8857,否
2026-05-20 11:06:10,观望,否,警戒,600021,上海电力,19.01,安全,无信号,向下,无信号,客观缠论信号为无信号，60分钟笔方向向下，中枢震荡，观望,18.15,17.63,18.55,0.3954,0.3625,否
2026-05-20 11:06:10,观望,否,警戒,002517,恺英网络,17.00,安全,无信号,向下,无信号,客观缠论信号为无信号，60分钟笔方向向下，中枢震荡，观望,16.68,17.19,17.28,-0.0975,-0.0572,否
2026-05-20 11:06:10,观望,否,警戒,300474,景嘉微,65.33,安全,无信号,向下,无信号,客观缠论信号为无信号，60分钟笔方向向下，中枢震荡，观望,64.15,65.85,68.27,0.0337,-0.2176,否
2026-05-20 11:06:10,二买,否,警戒,600909,华安证券,6.82,安全,二买,向下,无信号,客观缠论信号为二买，60分钟笔方向向下（寻底模式），因此实际交易动作是二买（笔方向向下时优先买点）,6.01,6.04,6.09,0.1000,0.0535,否
2026-05-20 11:06:10,二买,否,警戒,603290,斯达半导,128.94,安全,二买+三买,向下,无信号,客观缠论信号为二买、三买，60分钟笔方向向下（寻底模式），因此实际交易动作是二买（笔方向向下时优先买点）,107.75,106.51,110.56,0.4535,-0.3078,否
2026-05-20 11:06:10,观望,否,警戒,603296,华勤技术,109.70,安全,无信号,向下,无信号,客观缠论信号为无信号，60分钟笔方向向下，中枢震荡，观望,101.28,108.08,116.85,-0.6203,-1.2021,否

2026-05-20 11:21:10,观望,是,警戒,600900,长江电力,27.08,安全,二卖,向下,无信号,客观缠论信号为二卖，60分钟笔方向向下，中枢震荡，观望,27.18,26.66,27.03,0.0126,0.0361,否
2026-05-20 11:21:10,二买,是,警戒,600938,中国海油,37.97,安全,三卖+二买,向下,无信号,客观缠论信号为三卖、二买，60分钟笔方向向下（寻底模式），因此实际交易动作是二买（笔方向向下时优先买点）,34.06,35.29,37.85,0.3156,0.2019,否
2026-05-20 11:21:10,观望,是,警戒,688981,中芯国际,128.28,安全,二卖,向下,无信号,客观缠论信号为二卖，60分钟笔方向向下，中枢震荡，观望,100.13,113.50,125.00,3.1740,1.8428,否
2026-05-20 11:21:10,二买,是,警戒,000333,美的集团,81.62,安全,二买,向下,无信号,客观缠论信号为二买，60分钟笔方向向下（寻底模式），因此实际交易动作是二买（笔方向向下时优先买点）,79.18,79.63,80.98,-0.1153,-0.2590,否
2026-05-20 11:21:10,观望,是,警戒,000001,平安银行,10.79,安全,二卖,向下,顶背驰,客观缠论信号为二卖，60分钟笔方向向下，中枢震荡，观望,10.78,10.67,11.03,-0.0225,-0.0202,否
2026-05-20 11:21:10,观望,是,警戒,001965,招商公路,9.88,安全,二买,向上,顶背驰,客观缠论信号为二买，60分钟笔方向向上，中枢震荡，观望,9.89,9.81,10.05,-0.0091,0.0139,否
2026-05-20 11:21:10,二买,是,警戒,hk01810,小米集团,29.92,日线破位,二卖+二买,向下,无信号,客观缠论信号为二卖、二买，60分钟笔方向向下（寻底模式），因此实际交易动作是二买（笔方向向下时优先买点）,32.78,30.26,31.06,-0.1827,-0.1129,否
2026-05-20 11:21:10,观望,是,警戒,513130,恒生科技ETF,0.61,安全,二卖,向下,无信号,客观缠论信号为二卖，60分钟笔方向向下，中枢震荡，观望,0.59,0.61,0.63,-0.0010,-0.0013,否
2026-05-20 11:21:10,三买,否,警戒,sh000001,上证指数,4146.16,安全,一卖+三买,向下,无信号,客观缠论信号为一卖、三买，60分钟笔方向向下（寻底模式），因此实际交易动作是三买（突破回踩买入）,4101.83,4079.77,4092.83,4.7068,3.4955,否
2026-05-20 11:21:10,观望,否,警戒,510300,沪深300ETF,4.84,安全,无信号,向下,无信号,客观缠论信号为无信号，60分钟笔方向向下，中枢震荡，观望,4.68,4.86,4.99,0.0017,-0.0005,否
2026-05-20 11:21:10,观望,否,警戒,588000,科创50ETF,1.90,安全,无信号,向下,无信号,客观缠论信号为无信号，60分钟笔方向向下，中枢震荡，观望,1.55,1.71,1.82,0.0275,0.0216,否
2026-05-20 11:21:10,观望,否,警戒,513100,纳指ETF,2.03,安全,无信号,向下,无信号,客观缠论信号为无信号，60分钟笔方向向下，中枢震荡，观望,1.91,2.07,2.11,-0.0103,-0.0104,否
2026-05-20 11:21:10,二卖,否,警戒,513520,日经ETF,2.01,安全,二卖,向上,无信号,客观缠论信号为二卖，60分钟笔方向向上（冲顶模式），因此实际交易动作是二卖（笔方向向上时优先卖点）,1.89,2.00,2.03,-0.0110,-0.0098,否
2026-05-20 11:21:10,二卖,否,警戒,512400,有色金属ETF,1.94,日线破位,二卖,向上,底背驰,客观缠论信号为二卖，60分钟笔方向向上（冲顶模式），因此实际交易动作是二卖（笔方向向上时优先卖点）,2.11,1.96,1.98,-0.0152,-0.0159,否
2026-05-20 11:21:10,二卖,否,警戒,512690,酒ETF,0.46,日线破位,二卖,向上,顶背驰,客观缠论信号为二卖，60分钟笔方向向上（冲顶模式），因此实际交易动作是二卖（笔方向向上时优先卖点）,0.48,0.48,0.48,0.0005,0.0000,否
2026-05-20 11:21:10,二卖,否,警戒,159227,航空航天ETF,1.26,安全,二卖,向上,无信号,客观缠论信号为二卖，60分钟笔方向向上（冲顶模式），因此实际交易动作是二卖（笔方向向上时优先卖点）,1.20,1.30,1.29,-0.0039,-0.0044,否
2026-05-20 11:21:10,观望,否,警戒,159992,创新药ETF,0.78,安全,二卖,向下,无信号,客观缠论信号为二卖，60分钟笔方向向下，中枢震荡，观望,0.79,0.77,0.83,-0.0021,-0.0021,否
2026-05-20 11:21:10,观望,否,警戒,515050,通信ETF,1.13,安全,二卖,向下,无信号,客观缠论信号为二卖，60分钟笔方向向下，中枢震荡，观望,1.08,1.48,1.14,0.0030,0.0005,否
2026-05-20 11:21:10,观望,否,警戒,159915,创业板ETF,3.90,安全,无信号,向下,无信号,客观缠论信号为无信号，60分钟笔方向向下，中枢震荡，观望,3.24,3.61,3.97,0.0037,0.0005,否
2026-05-20 11:21:10,二买,否,警戒,588200,科创芯片ETF,3.68,安全,一卖+二买,向下,无信号,客观缠论信号为一卖、二买，60分钟笔方向向下（寻底模式），因此实际交易动作是二买（笔方向向下时优先买点）,2.65,3.20,3.34,0.0623,0.0477,否
2026-05-20 11:21:10,二卖,否,警戒,159755,电池ETF,1.15,安全,二卖,向上,无信号,客观缠论信号为二卖，60分钟笔方向向上（冲顶模式），因此实际交易动作是二卖（笔方向向上时优先卖点）,1.03,1.17,1.18,-0.0027,-0.0033,否
2026-05-20 11:21:10,二买,否,警戒,159899,软件ETF,0.84,安全,二卖+二买,向下,顶背驰,客观缠论信号为二卖、二买，60分钟笔方向向下（寻底模式），因此实际交易动作是二买（笔方向向下时优先买点）,0.83,0.85,0.85,-0.0007,0.0008,否
2026-05-20 11:21:10,二卖,否,警戒,513360,教育ETF,0.49,日线破位,二卖,向上,无信号,客观缠论信号为二卖，60分钟笔方向向上（冲顶模式），因此实际交易动作是二卖（笔方向向上时优先卖点）,0.49,0.49,0.50,-0.0007,-0.0004,否
2026-05-20 11:21:10,二买,否,警戒,515790,光伏ETF,1.11,安全,二卖+二买,向下,无信号,客观缠论信号为二卖、二买，60分钟笔方向向下（寻底模式），因此实际交易动作是二买（笔方向向下时优先买点）,1.08,1.10,1.11,0.0037,0.0024,否
2026-05-20 11:21:10,二卖,否,警戒,603317,天味食品,16.06,安全,二卖,向上,无信号,客观缠论信号为二卖，60分钟笔方向向上（冲顶模式），因此实际交易动作是二卖（笔方向向上时优先卖点）,12.56,15.25,16.10,0.0663,0.0497,否
2026-05-20 11:21:10,观望,否,警戒,601668,中国建筑,4.86,日线破位,无信号,向下,无信号,客观缠论信号为无信号，60分钟笔方向向下，中枢震荡，观望,4.88,4.91,4.95,-0.0122,-0.0087,否
2026-05-20 11:21:10,二卖,否,警戒,601288,农业银行,6.51,日线破位,二卖,向上,底背驰,客观缠论信号为二卖，60分钟笔方向向上（冲顶模式），因此实际交易动作是二卖（笔方向向上时优先卖点）,6.53,6.53,6.68,-0.0325,-0.0228,否
2026-05-20 11:21:10,二买,否,警戒,601728,中国电信,6.63,日线破位,二买,向下,无信号,客观缠论信号为二买，60分钟笔方向向下（寻底模式），因此实际交易动作是二买（笔方向向下时优先买点）,7.29,6.80,6.42,-0.0310,0.0303,否
2026-05-20 11:21:10,观望,否,警戒,600276,恒瑞医药,50.50,日线破位,二买+三买,向上,底背驰,客观缠论信号为二买、三买，60分钟笔方向向上，中枢震荡，观望,51.31,52.41,53.92,-0.5302,-0.5035,否
2026-05-20 11:21:10,二卖,否,警戒,600177,雅戈尔,7.44,安全,二卖,向上,无信号,客观缠论信号为二卖，60分钟笔方向向上（冲顶模式），因此实际交易动作是二卖（笔方向向上时优先卖点）,7.50,7.25,7.53,-0.0222,-0.0161,否
2026-05-20 11:21:10,二卖,否,警戒,600887,伊利股份,27.28,安全,二卖,向上,无信号,客观缠论信号为二卖，60分钟笔方向向上（冲顶模式），因此实际交易动作是二卖（笔方向向上时优先卖点）,27.11,26.92,27.98,-0.0308,-0.0471,否
2026-05-20 11:21:10,观望,否,警戒,601138,工业富联,67.13,安全,二卖,向下,无信号,客观缠论信号为二卖，60分钟笔方向向下，中枢震荡，观望,64.65,62.77,66.91,-0.3808,-0.2470,否
2026-05-20 11:21:10,观望,否,警戒,688041,海光信息,316.70,安全,无信号,向下,无信号,客观缠论信号为无信号，60分钟笔方向向下，中枢震荡，观望,246.00,320.01,355.50,4.0553,2.5425,否
2026-05-20 11:21:10,观望,否,警戒,601225,陕西煤业,24.31,安全,二买,向上,无信号,客观缠论信号为二买，60分钟笔方向向上，中枢震荡，观望,25.15,24.22,24.64,0.0074,0.0359,否
2026-05-20 11:21:10,二卖,否,警戒,600660,福耀玻璃,54.27,日线破位,二卖,向上,无信号,客观缠论信号为二卖，60分钟笔方向向上（冲顶模式），因此实际交易动作是二卖（笔方向向上时优先卖点）,55.27,55.65,58.35,-0.2353,-0.1962,否
2026-05-20 11:21:10,观望,否,警戒,000429,粤高速A,13.21,安全,二卖,向下,无信号,客观缠论信号为二卖，60分钟笔方向向下，中枢震荡，观望,12.70,12.86,13.13,0.0374,0.0198,否
2026-05-20 11:21:10,二卖,否,警戒,002507,涪陵榨菜,11.90,日线破位,二卖,向上,无信号,客观缠论信号为二卖，60分钟笔方向向上（冲顶模式），因此实际交易动作是二卖（笔方向向上时优先卖点）,12.23,12.15,12.33,-0.0010,0.0090,否
2026-05-20 11:21:10,二卖,否,警戒,000338,潍柴动力,31.85,安全,二卖+二买,向上,无信号,客观缠论信号为二卖、二买，60分钟笔方向向上（冲顶模式），因此实际交易动作是二卖（笔方向向上时优先卖点）,25.92,31.76,33.43,-0.3893,-0.3049,否
2026-05-20 11:21:10,二卖,否,警戒,000538,云南白药,50.99,日线破位,二卖,向上,无信号,客观缠论信号为二卖，60分钟笔方向向上（冲顶模式），因此实际交易动作是二卖（笔方向向上时优先卖点）,54.40,54.40,51.89,-0.0010,-0.0181,否
2026-05-20 11:21:10,观望,否,警戒,000423,东阿阿胶,50.56,安全,无信号,向下,底背驰,客观缠论信号为无信号，60分钟笔方向向下，中枢震荡，观望,50.16,49.78,53.53,-0.2164,-0.2321,否
2026-05-20 11:21:10,二卖,否,警戒,000651,格力电器,39.55,安全,二卖,向上,无信号,客观缠论信号为二卖，60分钟笔方向向上（冲顶模式），因此实际交易动作是二卖（笔方向向上时优先卖点）,40.00,39.51,40.57,-0.0863,-0.1139,否
2026-05-20 11:21:10,观望,否,警戒,000895,双汇发展,26.40,安全,二卖,向下,无信号,客观缠论信号为二卖，60分钟笔方向向下，中枢震荡，观望,25.75,26.51,26.98,0.0143,0.0023,否
2026-05-20 11:21:10,观望,否,警戒,002415,海康威视,32.69,安全,二卖,向下,无信号,客观缠论信号为二卖，60分钟笔方向向下，中枢震荡，观望,31.96,33.30,33.25,-0.0497,-0.0243,否
2026-05-20 11:21:10,观望,否,警戒,000157,中联重科,7.19,安全,二卖,向下,无信号,客观缠论信号为二卖，60分钟笔方向向下，中枢震荡，观望,7.18,7.22,7.94,-0.0489,-0.0511,否
2026-05-20 11:21:10,二卖,否,警戒,002128,电投能源,29.32,安全,二卖,向上,无信号,客观缠论信号为二卖，60分钟笔方向向上（冲顶模式），因此实际交易动作是二卖（笔方向向上时优先卖点）,29.02,28.68,31.60,-0.1642,-0.1018,否
2026-05-20 11:21:10,观望,否,警戒,002027,分众传媒,5.67,日线破位,二卖,向下,底背驰,客观缠论信号为二卖，60分钟笔方向向下，中枢震荡，观望,6.16,6.22,6.36,-0.0326,-0.0323,否
2026-05-20 11:21:10,观望,否,警戒,hk03690,美团,82.35,安全,无信号,向上,无信号,客观缠论信号为无信号，60分钟笔方向向上，中枢震荡，观望,78.70,82.40,84.55,0.0479,0.1585,否
2026-05-20 11:21:10,二买,否,警戒,hk03896,金山云,7.31,安全,二卖+二买,向下,无信号,客观缠论信号为二卖、二买，60分钟笔方向向下（寻底模式），因此实际交易动作是二买（笔方向向下时优先买点）,6.23,6.84,8.06,-0.1314,-0.0864,否
2026-05-20 11:21:10,观望,否,警戒,hk00700,腾讯,457.00,日线破位,无信号,向上,顶背驰,客观缠论信号为无信号，60分钟笔方向向上，中枢震荡，观望,494.60,486.20,460.20,0.0202,0.8028,否
2026-05-20 11:21:10,二买,否,警戒,hk09988,阿里巴巴,131.70,安全,二卖+二买,向下,顶背驰,客观缠论信号为二卖、二买，60分钟笔方向向下（寻底模式），因此实际交易动作是二买（笔方向向下时优先买点）,129.60,128.60,135.30,-0.1184,0.1765,否
2026-05-20 11:21:10,二卖,否,警戒,hk01024,快手,47.82,安全,二卖+二买,向上,无信号,客观缠论信号为二卖、二买，60分钟笔方向向上（冲顶模式），因此实际交易动作是二卖（笔方向向上时优先卖点）,51.00,43.00,49.40,-0.2744,-0.0986,否
2026-05-20 11:21:10,二卖,否,警戒,hk06618,京东健康,40.50,安全,二卖,向上,无信号,客观缠论信号为二卖，60分钟笔方向向上（冲顶模式），因此实际交易动作是二卖（笔方向向上时优先卖点）,39.65,40.70,45.30,-0.5454,-0.4720,否
2026-05-20 11:21:10,二卖,否,警戒,hk06862,海底捞,14.29,安全,二卖,向上,无信号,客观缠论信号为二卖，60分钟笔方向向上（冲顶模式），因此实际交易动作是二卖（笔方向向上时优先卖点）,13.47,14.16,14.42,-0.0054,-0.0146,否
2026-05-20 11:21:10,二买,否,警戒,600415,小商品城,14.21,安全,一卖+二买,向下,顶背驰,客观缠论信号为一卖、二买，60分钟笔方向向下（寻底模式），因此实际交易动作是二买（笔方向向下时优先买点）,13.81,12.86,13.28,0.1330,0.1529,否
2026-05-20 11:21:10,观望,否,警戒,300285,国瓷材料,43.03,安全,二买,向上,无信号,客观缠论信号为二买，60分钟笔方向向上，中枢震荡，观望,32.60,35.16,41.99,0.9677,0.8857,否
2026-05-20 11:21:10,观望,否,警戒,600021,上海电力,19.01,安全,无信号,向下,无信号,客观缠论信号为无信号，60分钟笔方向向下，中枢震荡，观望,18.15,17.63,18.55,0.3954,0.3625,否
2026-05-20 11:21:10,观望,否,警戒,002517,恺英网络,17.00,安全,无信号,向下,无信号,客观缠论信号为无信号，60分钟笔方向向下，中枢震荡，观望,16.68,17.19,17.28,-0.0975,-0.0572,否
2026-05-20 11:21:10,观望,否,警戒,300474,景嘉微,65.33,安全,无信号,向下,无信号,客观缠论信号为无信号，60分钟笔方向向下，中枢震荡，观望,64.15,65.85,68.27,0.0337,-0.2176,否
2026-05-20 11:21:10,二买,否,警戒,600909,华安证券,6.67,安全,二买,向下,顶背驰,客观缠论信号为二买，60分钟笔方向向下（寻底模式），因此实际交易动作是二买（笔方向向下时优先买点）,6.01,6.04,6.09,0.1569,0.1186,否
2026-05-20 11:21:10,二买,否,警戒,603290,斯达半导,125.70,安全,二买+三买,向下,无信号,客观缠论信号为二买、三买，60分钟笔方向向下（寻底模式），因此实际交易动作是二买（笔方向向下时优先买点）,107.75,106.51,110.56,0.9959,0.6343,否
2026-05-20 11:21:10,观望,否,警戒,603296,华勤技术,110.00,安全,无信号,向下,无信号,客观缠论信号为无信号，60分钟笔方向向下，中枢震荡，观望,101.28,108.08,116.85,-0.0854,-0.6116,否

2026-05-20 11:46:04,观望,是,警戒,600900,长江电力,27.03,安全,二卖,向下,无信号,客观缠论信号为二卖，60分钟笔方向向下，中枢震荡，观望,27.18,26.66,27.03,0.0028,0.0295,否
2026-05-20 11:46:04,二买,是,警戒,600938,中国海油,37.97,安全,二买,向下,无信号,客观缠论信号为二买，60分钟笔方向向下（寻底模式），因此实际交易动作是二买（笔方向向下时优先买点）,34.06,35.29,38.00,0.3156,0.2019,否
2026-05-20 11:46:04,观望,是,警戒,688981,中芯国际,129.45,安全,二卖,向下,无信号,客观缠论信号为二卖，60分钟笔方向向下，中枢震荡，观望,100.13,113.50,125.00,3.3118,2.1366,否
2026-05-20 11:46:04,二买,是,警戒,000333,美的集团,81.55,安全,二买,向下,无信号,客观缠论信号为二买，60分钟笔方向向下（寻底模式），因此实际交易动作是二买（笔方向向下时优先买点）,79.18,79.63,80.98,-0.0852,-0.2243,否
2026-05-20 11:46:04,观望,是,警戒,000001,平安银行,10.80,安全,二卖,向下,顶背驰,客观缠论信号为二卖，60分钟笔方向向下，中枢震荡，观望,10.78,10.67,11.03,-0.0235,-0.0208,否
2026-05-20 11:46:04,观望,是,警戒,001965,招商公路,9.88,安全,二买,向上,顶背驰,客观缠论信号为二买，60分钟笔方向向上，中枢震荡，观望,9.89,9.81,10.05,-0.0091,0.0139,否
2026-05-20 11:46:04,二买,是,警戒,hk01810,小米集团,29.92,日线破位,二卖+二买,向下,无信号,客观缠论信号为二卖、二买，60分钟笔方向向下（寻底模式），因此实际交易动作是二买（笔方向向下时优先买点）,32.78,30.26,31.06,-0.1827,-0.1129,否
2026-05-20 11:46:04,观望,是,警戒,513130,恒生科技ETF,0.61,安全,二卖,向下,无信号,客观缠论信号为二卖，60分钟笔方向向下，中枢震荡，观望,0.59,0.61,0.63,-0.0010,-0.0013,否
2026-05-20 11:46:04,二卖,否,警戒,sh000001,上证指数,4146.16,安全,二卖+三买,向上,无信号,客观缠论信号为二卖、三买，60分钟笔方向向上（冲顶模式），因此实际交易动作是二卖（笔方向向上时优先卖点）,4101.83,4079.77,4092.83,4.7068,3.4955,否
2026-05-20 11:46:04,二卖,否,警戒,510300,沪深300ETF,4.84,安全,二卖,向上,无信号,客观缠论信号为二卖，60分钟笔方向向上（冲顶模式），因此实际交易动作是二卖（笔方向向上时优先卖点）,4.68,4.86,4.91,0.0017,-0.0005,否
2026-05-20 11:46:04,观望,否,警戒,588000,科创50ETF,1.90,安全,无信号,向下,无信号,客观缠论信号为无信号，60分钟笔方向向下，中枢震荡，观望,1.55,1.71,1.82,0.0275,0.0216,否
2026-05-20 11:46:04,观望,否,警戒,513100,纳指ETF,2.03,安全,无信号,向下,无信号,客观缠论信号为无信号，60分钟笔方向向下，中枢震荡，观望,1.91,2.07,2.11,-0.0103,-0.0104,否
2026-05-20 11:46:04,二卖,否,警戒,513520,日经ETF,2.01,安全,二卖,向上,无信号,客观缠论信号为二卖，60分钟笔方向向上（冲顶模式），因此实际交易动作是二卖（笔方向向上时优先卖点）,1.89,2.00,2.03,-0.0110,-0.0098,否
2026-05-20 11:46:04,二卖,否,警戒,512400,有色金属ETF,1.94,日线破位,二卖,向上,底背驰,客观缠论信号为二卖，60分钟笔方向向上（冲顶模式），因此实际交易动作是二卖（笔方向向上时优先卖点）,2.11,1.96,1.98,-0.0152,-0.0159,否
2026-05-20 11:46:04,二买,否,警戒,512690,酒ETF,0.46,日线破位,二卖+二买,向下,顶背驰,客观缠论信号为二卖、二买，60分钟笔方向向下（寻底模式），因此实际交易动作是二买（笔方向向下时优先买点）,0.48,0.48,0.46,0.0005,0.0000,否
2026-05-20 11:46:04,二卖,否,警戒,159227,航空航天ETF,1.26,安全,二卖,向上,无信号,客观缠论信号为二卖，60分钟笔方向向上（冲顶模式），因此实际交易动作是二卖（笔方向向上时优先卖点）,1.20,1.30,1.29,-0.0039,-0.0044,否
2026-05-20 11:46:04,二卖,否,警戒,159992,创新药ETF,0.78,安全,二卖,向上,无信号,客观缠论信号为二卖，60分钟笔方向向上（冲顶模式），因此实际交易动作是二卖（笔方向向上时优先卖点）,0.79,0.77,0.83,-0.0021,-0.0021,否
2026-05-20 11:46:04,观望,否,警戒,515050,通信ETF,1.13,安全,二卖,向下,无信号,客观缠论信号为二卖，60分钟笔方向向下，中枢震荡，观望,1.08,1.48,1.14,0.0030,0.0005,否
2026-05-20 11:46:04,观望,否,警戒,159915,创业板ETF,3.92,安全,无信号,向下,无信号,客观缠论信号为无信号，60分钟笔方向向下，中枢震荡，观望,3.24,3.61,3.97,0.0041,0.0012,否
2026-05-20 11:46:04,二买,否,警戒,588200,科创芯片ETF,3.69,安全,一卖+二买,向下,无信号,客观缠论信号为一卖、二买，60分钟笔方向向下（寻底模式），因此实际交易动作是二买（笔方向向下时优先买点）,2.65,3.20,3.34,0.0627,0.0507,否
2026-05-20 11:46:04,二卖,否,警戒,159755,电池ETF,1.17,安全,二卖,向上,无信号,客观缠论信号为二卖，60分钟笔方向向上（冲顶模式），因此实际交易动作是二卖（笔方向向上时优先卖点）,1.03,1.17,1.18,-0.0009,-0.0028,否
2026-05-20 11:46:04,二买,否,警戒,159899,软件ETF,0.84,安全,二卖+二买,向下,顶背驰,客观缠论信号为二卖、二买，60分钟笔方向向下（寻底模式），因此实际交易动作是二买（笔方向向下时优先买点）,0.83,0.85,0.84,-0.0007,0.0008,否
2026-05-20 11:46:04,二卖,否,警戒,513360,教育ETF,0.49,日线破位,二卖,向上,无信号,客观缠论信号为二卖，60分钟笔方向向上（冲顶模式），因此实际交易动作是二卖（笔方向向上时优先卖点）,0.49,0.49,0.50,-0.0007,-0.0005,否
2026-05-20 11:46:04,二买,否,警戒,515790,光伏ETF,1.12,安全,二卖+二买,向下,无信号,客观缠论信号为二卖、二买，60分钟笔方向向下（寻底模式），因此实际交易动作是二买（笔方向向下时优先买点）,1.08,1.10,1.11,0.0041,0.0028,否
2026-05-20 11:46:04,二卖,否,警戒,603317,天味食品,16.06,安全,二卖,向上,无信号,客观缠论信号为二卖，60分钟笔方向向上（冲顶模式），因此实际交易动作是二卖（笔方向向上时优先卖点）,12.56,15.25,16.10,0.0663,0.0497,否
2026-05-20 11:46:04,观望,否,警戒,601668,中国建筑,4.85,日线破位,无信号,向下,无信号,客观缠论信号为无信号，60分钟笔方向向下，中枢震荡，观望,4.88,4.91,4.85,-0.0133,-0.0096,否
2026-05-20 11:46:04,二卖,否,警戒,601288,农业银行,6.51,日线破位,二卖,向上,底背驰,客观缠论信号为二卖，60分钟笔方向向上（冲顶模式），因此实际交易动作是二卖（笔方向向上时优先卖点）,6.53,6.53,6.68,-0.0325,-0.0228,否
2026-05-20 11:46:04,二买,否,警戒,601728,中国电信,6.63,日线破位,二买,向下,无信号,客观缠论信号为二买，60分钟笔方向向下（寻底模式），因此实际交易动作是二买（笔方向向下时优先买点）,7.29,6.80,6.42,-0.0310,0.0303,否
2026-05-20 11:46:04,观望,否,警戒,600276,恒瑞医药,50.50,日线破位,二买+三买,向上,底背驰,客观缠论信号为二买、三买，60分钟笔方向向上，中枢震荡，观望,51.31,52.41,53.92,-0.5302,-0.5035,否
2026-05-20 11:46:04,二卖,否,警戒,600177,雅戈尔,7.44,安全,二卖,向上,无信号,客观缠论信号为二卖，60分钟笔方向向上（冲顶模式），因此实际交易动作是二卖（笔方向向上时优先卖点）,7.50,7.25,7.53,-0.0222,-0.0161,否
2026-05-20 11:46:04,观望,否,警戒,600887,伊利股份,27.28,安全,二卖,向下,无信号,客观缠论信号为二卖，60分钟笔方向向下，中枢震荡，观望,27.11,26.92,27.60,-0.0308,-0.0471,否
2026-05-20 11:46:04,观望,否,警戒,601138,工业富联,66.98,安全,二卖,向下,无信号,客观缠论信号为二卖，60分钟笔方向向下，中枢震荡，观望,64.65,62.77,66.91,-0.3894,-0.2755,否
2026-05-20 11:46:04,观望,否,警戒,688041,海光信息,316.70,安全,无信号,向下,无信号,客观缠论信号为无信号，60分钟笔方向向下，中枢震荡，观望,246.00,320.01,355.50,4.0553,2.5425,否
2026-05-20 11:46:04,观望,否,警戒,601225,陕西煤业,24.31,安全,二买,向上,无信号,客观缠论信号为二买，60分钟笔方向向上，中枢震荡，观望,25.15,24.22,24.64,0.0074,0.0359,否
2026-05-20 11:46:04,二卖,否,警戒,600660,福耀玻璃,54.27,日线破位,二卖,向上,无信号,客观缠论信号为二卖，60分钟笔方向向上（冲顶模式），因此实际交易动作是二卖（笔方向向上时优先卖点）,55.27,55.65,58.35,-0.2353,-0.1962,否
2026-05-20 11:46:04,观望,否,警戒,000429,粤高速A,13.21,安全,二卖,向下,无信号,客观缠论信号为二卖，60分钟笔方向向下，中枢震荡，观望,12.70,12.86,13.13,0.0374,0.0198,否
2026-05-20 11:46:04,二卖,否,警戒,002507,涪陵榨菜,11.90,日线破位,二卖,向上,无信号,客观缠论信号为二卖，60分钟笔方向向上（冲顶模式），因此实际交易动作是二卖（笔方向向上时优先卖点）,12.23,12.15,12.33,-0.0010,0.0090,否
2026-05-20 11:46:04,二卖,否,警戒,000338,潍柴动力,31.85,安全,二卖+二买,向上,无信号,客观缠论信号为二卖、二买，60分钟笔方向向上（冲顶模式），因此实际交易动作是二卖（笔方向向上时优先卖点）,25.92,31.76,33.43,-0.3893,-0.3049,否
2026-05-20 11:46:04,二买,否,警戒,000538,云南白药,50.99,日线破位,二卖+二买,向下,无信号,客观缠论信号为二卖、二买，60分钟笔方向向下（寻底模式），因此实际交易动作是二买（笔方向向下时优先买点）,54.40,54.40,51.23,-0.0010,-0.0181,否
2026-05-20 11:46:04,观望,否,警戒,000423,东阿阿胶,50.56,安全,无信号,向下,底背驰,客观缠论信号为无信号，60分钟笔方向向下，中枢震荡，观望,50.16,49.78,53.53,-0.2164,-0.2321,否
2026-05-20 11:46:04,二卖,否,警戒,000651,格力电器,39.55,安全,二卖,向上,无信号,客观缠论信号为二卖，60分钟笔方向向上（冲顶模式），因此实际交易动作是二卖（笔方向向上时优先卖点）,40.00,39.51,40.57,-0.0863,-0.1139,否
2026-05-20 11:46:04,观望,否,警戒,000895,双汇发展,26.40,安全,二卖,向下,无信号,客观缠论信号为二卖，60分钟笔方向向下，中枢震荡，观望,25.75,26.51,26.98,0.0143,0.0023,否
2026-05-20 11:46:04,一卖,否,警戒,002415,海康威视,32.69,安全,一卖,向上,无信号,客观缠论信号为一卖，60分钟笔方向向上（冲顶模式），因此实际交易动作是一卖（趋势顶背驰卖出）,31.96,33.30,33.25,-0.0497,-0.0243,否
2026-05-20 11:46:04,观望,否,警戒,000157,中联重科,7.22,安全,二卖,向下,无信号,客观缠论信号为二卖，60分钟笔方向向下，中枢震荡，观望,7.18,7.22,7.94,-0.0425,-0.0493,否
2026-05-20 11:46:04,二卖,否,警戒,002128,电投能源,29.32,安全,二卖,向上,无信号,客观缠论信号为二卖，60分钟笔方向向上（冲顶模式），因此实际交易动作是二卖（笔方向向上时优先卖点）,29.02,28.68,31.60,-0.1642,-0.1018,否
2026-05-20 11:46:04,观望,否,警戒,002027,分众传媒,5.68,日线破位,二卖,向下,无信号,客观缠论信号为二卖，60分钟笔方向向下，中枢震荡，观望,6.16,6.22,6.36,-0.0312,-0.0321,否
2026-05-20 11:46:04,观望,否,警戒,hk03690,美团,82.35,安全,无信号,向上,无信号,客观缠论信号为无信号，60分钟笔方向向上，中枢震荡，观望,78.70,82.40,84.55,0.0479,0.1585,否
2026-05-20 11:46:04,二买,否,警戒,hk03896,金山云,7.31,安全,二卖+二买,向下,无信号,客观缠论信号为二卖、二买，60分钟笔方向向下（寻底模式），因此实际交易动作是二买（笔方向向下时优先买点）,6.23,6.84,8.06,-0.1314,-0.0864,否
2026-05-20 11:46:04,观望,否,警戒,hk00700,腾讯,457.00,日线破位,无信号,向上,顶背驰,客观缠论信号为无信号，60分钟笔方向向上，中枢震荡，观望,494.60,486.20,460.20,0.0202,0.8028,否
2026-05-20 11:46:04,二买,否,警戒,hk09988,阿里巴巴,131.70,安全,二卖+二买,向下,顶背驰,客观缠论信号为二卖、二买，60分钟笔方向向下（寻底模式），因此实际交易动作是二买（笔方向向下时优先买点）,129.60,128.60,135.30,-0.1184,0.1765,否
2026-05-20 11:46:04,二卖,否,警戒,hk01024,快手,47.82,安全,二卖+二买,向上,无信号,客观缠论信号为二卖、二买，60分钟笔方向向上（冲顶模式），因此实际交易动作是二卖（笔方向向上时优先卖点）,51.00,43.00,49.40,-0.2744,-0.0986,否
2026-05-20 11:46:04,二卖,否,警戒,hk06618,京东健康,40.50,安全,二卖,向上,无信号,客观缠论信号为二卖，60分钟笔方向向上（冲顶模式），因此实际交易动作是二卖（笔方向向上时优先卖点）,39.65,40.70,45.30,-0.5454,-0.4720,否
2026-05-20 11:46:04,二卖,否,警戒,hk06862,海底捞,14.29,安全,二卖,向上,无信号,客观缠论信号为二卖，60分钟笔方向向上（冲顶模式），因此实际交易动作是二卖（笔方向向上时优先卖点）,13.47,14.16,14.42,-0.0054,-0.0146,否
2026-05-20 11:46:04,一卖,否,警戒,600415,小商品城,14.21,安全,一卖+二买,向上,顶背驰,客观缠论信号为一卖、二买，60分钟笔方向向上（冲顶模式），因此实际交易动作是一卖（趋势顶背驰卖出）,13.81,12.86,13.98,0.1330,0.1529,否
2026-05-20 11:46:04,观望,否,警戒,300285,国瓷材料,43.03,安全,二买,向上,无信号,客观缠论信号为二买，60分钟笔方向向上，中枢震荡，观望,32.60,35.16,41.99,0.9677,0.8857,否
2026-05-20 11:46:04,观望,否,警戒,600021,上海电力,19.01,安全,无信号,向下,无信号,客观缠论信号为无信号，60分钟笔方向向下，中枢震荡，观望,18.15,17.63,18.55,0.3954,0.3625,否
2026-05-20 11:46:04,观望,否,警戒,002517,恺英网络,16.97,安全,无信号,向下,无信号,客观缠论信号为无信号，60分钟笔方向向下，中枢震荡，观望,16.68,17.19,17.28,-0.1295,-0.0967,否
2026-05-20 11:46:04,观望,否,警戒,300474,景嘉微,65.33,安全,无信号,向下,无信号,客观缠论信号为无信号，60分钟笔方向向下，中枢震荡，观望,64.15,65.85,68.27,0.0337,-0.2176,否
2026-05-20 11:46:04,二买,否,警戒,600909,华安证券,6.68,安全,二买,向下,顶背驰,客观缠论信号为二买，60分钟笔方向向下（寻底模式），因此实际交易动作是二买（笔方向向下时优先买点）,6.01,6.04,6.09,0.1539,0.1257,否
2026-05-20 11:46:04,二买,否,警戒,603290,斯达半导,125.70,安全,二买+三买,向下,无信号,客观缠论信号为二买、三买，60分钟笔方向向下（寻底模式），因此实际交易动作是二买（笔方向向下时优先买点）,107.75,106.51,110.56,0.9959,0.6343,否
2026-05-20 11:46:04,观望,否,警戒,603296,华勤技术,110.00,安全,无信号,向下,无信号,客观缠论信号为无信号，60分钟笔方向向下，中枢震荡，观望,101.28,108.08,116.85,-0.0854,-0.6116,否

2026-05-20 13:21:11,观望,是,警戒,600900,长江电力,27.02,安全,二卖,向下,无信号,客观缠论信号为二卖，60分钟笔方向向下，中枢震荡，观望,27.18,26.66,27.03,-0.0056,0.0225,否
2026-05-20 13:21:11,二买,是,警戒,600938,中国海油,37.97,安全,二买,向下,无信号,客观缠论信号为二买，60分钟笔方向向下（寻底模式），因此实际交易动作是二买（笔方向向下时优先买点）,34.06,35.29,38.00,0.3156,0.2019,否
2026-05-20 13:21:11,观望,是,警戒,688981,中芯国际,131.62,安全,二卖,向下,无信号,客观缠论信号为二卖，60分钟笔方向向下，中枢震荡，观望,100.13,113.50,125.00,3.5550,2.4203,否
2026-05-20 13:21:11,二买,是,警戒,000333,美的集团,81.38,安全,二买,向下,无信号,客观缠论信号为二买，60分钟笔方向向下（寻底模式），因此实际交易动作是二买（笔方向向下时优先买点）,79.18,79.63,80.98,-0.0742,-0.1943,否
2026-05-20 13:21:11,观望,是,警戒,000001,平安银行,10.80,安全,二卖,向下,顶背驰,客观缠论信号为二卖，60分钟笔方向向下，中枢震荡，观望,10.78,10.67,11.03,-0.0240,-0.0214,否
2026-05-20 13:21:11,观望,是,警戒,001965,招商公路,9.88,安全,二买,向上,顶背驰,客观缠论信号为二买，60分钟笔方向向上，中枢震荡，观望,9.89,9.81,10.05,-0.0091,0.0139,否
2026-05-20 13:21:11,二买,是,警戒,hk01810,小米集团,29.92,日线破位,二卖+二买,向下,无信号,客观缠论信号为二卖、二买，60分钟笔方向向下（寻底模式），因此实际交易动作是二买（笔方向向下时优先买点）,32.78,30.26,31.06,-0.1827,-0.1129,否
2026-05-20 13:21:11,观望,是,警戒,513130,恒生科技ETF,0.61,安全,二卖,向下,无信号,客观缠论信号为二卖，60分钟笔方向向下，中枢震荡，观望,0.59,0.61,0.63,-0.0005,-0.0010,否
2026-05-20 13:21:11,二卖,否,警戒,sh000001,上证指数,4146.16,安全,二卖+三买,向上,无信号,客观缠论信号为二卖、三买，60分钟笔方向向上（冲顶模式），因此实际交易动作是二卖（笔方向向上时优先卖点）,4101.83,4079.77,4092.83,4.7068,3.4955,否
2026-05-20 13:21:11,二卖,否,警戒,510300,沪深300ETF,4.88,安全,二卖,向上,无信号,客观缠论信号为二卖，60分钟笔方向向上（冲顶模式），因此实际交易动作是二卖（笔方向向上时优先卖点）,4.68,4.86,4.91,0.0038,0.0008,否
2026-05-20 13:21:11,观望,否,警戒,588000,科创50ETF,1.93,安全,无信号,向下,无信号,客观缠论信号为无信号，60分钟笔方向向下，中枢震荡，观望,1.55,1.71,1.82,0.0285,0.0239,否
2026-05-20 13:21:11,观望,否,警戒,513100,纳指ETF,2.03,安全,无信号,向下,无信号,客观缠论信号为无信号，60分钟笔方向向下，中枢震荡，观望,1.91,2.07,2.11,-0.0103,-0.0104,否
2026-05-20 13:21:11,二卖,否,警戒,513520,日经ETF,2.01,安全,二卖,向上,无信号,客观缠论信号为二卖，60分钟笔方向向上（冲顶模式），因此实际交易动作是二卖（笔方向向上时优先卖点）,1.89,2.00,2.03,-0.0110,-0.0098,否
2026-05-20 13:21:11,二卖,否,警戒,512400,有色金属ETF,1.94,日线破位,二卖,向上,底背驰,客观缠论信号为二卖，60分钟笔方向向上（冲顶模式），因此实际交易动作是二卖（笔方向向上时优先卖点）,2.11,1.96,1.98,-0.0152,-0.0159,否
2026-05-20 13:21:11,二买,否,警戒,512690,酒ETF,0.46,日线破位,二卖+二买,向下,顶背驰,客观缠论信号为二卖、二买，60分钟笔方向向下（寻底模式），因此实际交易动作是二买（笔方向向下时优先买点）,0.48,0.48,0.46,0.0006,0.0002,否
2026-05-20 13:21:11,二卖,否,警戒,159227,航空航天ETF,1.26,安全,二卖,向上,无信号,客观缠论信号为二卖，60分钟笔方向向上（冲顶模式），因此实际交易动作是二卖（笔方向向上时优先卖点）,1.20,1.30,1.29,-0.0039,-0.0044,否
2026-05-20 13:21:11,二卖,否,警戒,159992,创新药ETF,0.79,安全,二卖,向上,无信号,客观缠论信号为二卖，60分钟笔方向向上（冲顶模式），因此实际交易动作是二卖（笔方向向上时优先卖点）,0.79,0.77,0.83,-0.0013,-0.0019,否
2026-05-20 13:21:11,观望,否,警戒,515050,通信ETF,1.13,安全,二卖,向下,无信号,客观缠论信号为二卖，60分钟笔方向向下，中枢震荡，观望,1.08,1.48,1.14,0.0030,0.0005,否
2026-05-20 13:21:11,观望,否,警戒,159915,创业板ETF,3.94,安全,无信号,向下,无信号,客观缠论信号为无信号，60分钟笔方向向下，中枢震荡，观望,3.24,3.61,3.97,0.0058,0.0021,否
2026-05-20 13:21:11,二买,否,警戒,588200,科创芯片ETF,3.74,安全,一卖+二买,向下,无信号,客观缠论信号为一卖、二买，60分钟笔方向向下（寻底模式），因此实际交易动作是二买（笔方向向下时优先买点）,2.65,3.20,3.34,0.0657,0.0537,否
2026-05-20 13:21:11,二卖,否,警戒,159755,电池ETF,1.18,安全,二卖,向上,无信号,客观缠论信号为二卖，60分钟笔方向向上（冲顶模式），因此实际交易动作是二卖（笔方向向上时优先卖点）,1.03,1.17,1.18,0.0010,-0.0020,否
2026-05-20 13:21:11,二买,否,警戒,159899,软件ETF,0.85,安全,二卖+二买,向下,无信号,客观缠论信号为二卖、二买，60分钟笔方向向下（寻底模式），因此实际交易动作是二买（笔方向向下时优先买点）,0.83,0.85,0.84,-0.0008,0.0002,否
2026-05-20 13:21:11,二卖,否,警戒,513360,教育ETF,0.49,日线破位,二卖,向上,无信号,客观缠论信号为二卖，60分钟笔方向向上（冲顶模式），因此实际交易动作是二卖（笔方向向上时优先卖点）,0.49,0.49,0.50,-0.0006,-0.0005,否
2026-05-20 13:21:11,二买,否,警戒,515790,光伏ETF,1.13,安全,二卖+二买,向下,无信号,客观缠论信号为二卖、二买，60分钟笔方向向下（寻底模式），因此实际交易动作是二买（笔方向向下时优先买点）,1.08,1.10,1.11,0.0048,0.0032,否
2026-05-20 13:21:11,二卖,否,警戒,603317,天味食品,16.13,安全,二卖,向上,无信号,客观缠论信号为二卖，60分钟笔方向向上（冲顶模式），因此实际交易动作是二卖（笔方向向上时优先卖点）,12.56,15.25,16.10,0.0681,0.0556,否
2026-05-20 13:21:11,观望,否,警戒,601668,中国建筑,4.85,日线破位,无信号,向下,无信号,客观缠论信号为无信号，60分钟笔方向向下，中枢震荡，观望,4.88,4.91,4.85,-0.0133,-0.0096,否
2026-05-20 13:21:11,二卖,否,警戒,601288,农业银行,6.51,日线破位,二卖,向上,底背驰,客观缠论信号为二卖，60分钟笔方向向上（冲顶模式），因此实际交易动作是二卖（笔方向向上时优先卖点）,6.53,6.53,6.68,-0.0325,-0.0228,否
2026-05-20 13:21:11,二买,否,警戒,601728,中国电信,6.59,日线破位,二买,向下,无信号,客观缠论信号为二买，60分钟笔方向向下（寻底模式），因此实际交易动作是二买（笔方向向下时优先买点）,7.29,6.80,6.42,-0.0512,0.0026,否
2026-05-20 13:21:11,观望,否,警戒,600276,恒瑞医药,50.50,日线破位,二买+三买,向上,底背驰,客观缠论信号为二买、三买，60分钟笔方向向上，中枢震荡，观望,51.31,52.41,53.92,-0.5302,-0.5035,否
2026-05-20 13:21:11,二卖,否,警戒,600177,雅戈尔,7.44,安全,二卖,向上,无信号,客观缠论信号为二卖，60分钟笔方向向上（冲顶模式），因此实际交易动作是二卖（笔方向向上时优先卖点）,7.50,7.25,7.53,-0.0222,-0.0161,否
2026-05-20 13:21:11,观望,否,警戒,600887,伊利股份,27.30,安全,二卖,向下,无信号,客观缠论信号为二卖，60分钟笔方向向下，中枢震荡，观望,27.11,26.92,27.60,-0.0219,-0.0391,否
2026-05-20 13:21:11,观望,否,警戒,601138,工业富联,67.02,安全,二卖,向下,无信号,客观缠论信号为二卖，60分钟笔方向向下，中枢震荡，观望,64.65,62.77,66.91,-0.3885,-0.2981,否
2026-05-20 13:21:11,观望,否,警戒,688041,海光信息,316.70,安全,无信号,向下,无信号,客观缠论信号为无信号，60分钟笔方向向下，中枢震荡，观望,246.00,320.01,355.50,4.0553,2.5425,否
2026-05-20 13:21:11,观望,否,警戒,601225,陕西煤业,24.38,安全,二买,向上,无信号,客观缠论信号为二买，60分钟笔方向向上，中枢震荡，观望,25.15,24.22,24.64,0.0014,0.0229,否
2026-05-20 13:21:11,二卖,否,警戒,600660,福耀玻璃,54.32,日线破位,二卖,向上,无信号,客观缠论信号为二卖，60分钟笔方向向上（冲顶模式），因此实际交易动作是二卖（笔方向向上时优先卖点）,55.27,55.65,58.35,-0.2517,-0.2165,否
2026-05-20 13:21:11,观望,否,警戒,000429,粤高速A,13.21,安全,二卖,向下,顶背驰,客观缠论信号为二卖，60分钟笔方向向下，中枢震荡，观望,12.70,12.86,13.13,0.0440,0.0282,否
2026-05-20 13:21:11,二卖,否,警戒,002507,涪陵榨菜,11.90,日线破位,二卖,向上,无信号,客观缠论信号为二卖，60分钟笔方向向上（冲顶模式），因此实际交易动作是二卖（笔方向向上时优先卖点）,12.23,12.15,12.33,-0.0010,0.0090,否
2026-05-20 13:21:11,二卖,否,警戒,000338,潍柴动力,32.69,安全,二卖+二买,向上,无信号,客观缠论信号为二卖、二买，60分钟笔方向向上（冲顶模式），因此实际交易动作是二卖（笔方向向上时优先卖点）,25.92,31.76,33.43,-0.3163,-0.3200,否
2026-05-20 13:21:11,二买,否,警戒,000538,云南白药,50.99,日线破位,二卖+二买,向下,无信号,客观缠论信号为二卖、二买，60分钟笔方向向下（寻底模式），因此实际交易动作是二买（笔方向向下时优先买点）,54.40,54.40,51.23,-0.0010,-0.0181,否
2026-05-20 13:21:11,观望,否,警戒,000423,东阿阿胶,50.73,安全,无信号,向下,底背驰,客观缠论信号为无信号，60分钟笔方向向下，中枢震荡，观望,50.16,49.78,53.53,-0.1793,-0.2167,否
2026-05-20 13:21:11,二卖,否,警戒,000651,格力电器,39.54,安全,二卖,向上,无信号,客观缠论信号为二卖，60分钟笔方向向上（冲顶模式），因此实际交易动作是二卖（笔方向向上时优先卖点）,40.00,39.51,40.57,-0.0775,-0.1020,否
2026-05-20 13:21:11,观望,否,警戒,000895,双汇发展,26.36,安全,二卖,向下,无信号,客观缠论信号为二卖，60分钟笔方向向下，中枢震荡，观望,25.75,26.51,26.98,0.0109,0.0059,否
2026-05-20 13:21:11,一卖,否,警戒,002415,海康威视,32.73,安全,一卖,向上,无信号,客观缠论信号为一卖，60分钟笔方向向上（冲顶模式），因此实际交易动作是一卖（趋势顶背驰卖出）,31.96,33.30,33.25,-0.0697,-0.0390,否
2026-05-20 13:21:11,观望,否,警戒,000157,中联重科,7.22,安全,二卖,向下,无信号,客观缠论信号为二卖，60分钟笔方向向下，中枢震荡，观望,7.18,7.22,7.94,-0.0425,-0.0493,否
2026-05-20 13:21:11,二卖,否,警戒,002128,电投能源,29.32,安全,二卖,向上,无信号,客观缠论信号为二卖，60分钟笔方向向上（冲顶模式），因此实际交易动作是二卖（笔方向向上时优先卖点）,29.02,28.68,31.60,-0.1642,-0.1018,否
2026-05-20 13:21:11,观望,否,警戒,002027,分众传媒,5.68,日线破位,二卖,向下,无信号,客观缠论信号为二卖，60分钟笔方向向下，中枢震荡，观望,6.16,6.22,6.36,-0.0312,-0.0321,否
2026-05-20 13:21:11,观望,否,警戒,hk03690,美团,82.35,安全,无信号,向上,无信号,客观缠论信号为无信号，60分钟笔方向向上，中枢震荡，观望,78.70,82.40,84.55,0.0479,0.1585,否
2026-05-20 13:21:11,二买,否,警戒,hk03896,金山云,7.31,安全,二卖+二买,向下,无信号,客观缠论信号为二卖、二买，60分钟笔方向向下（寻底模式），因此实际交易动作是二买（笔方向向下时优先买点）,6.23,6.84,8.06,-0.1314,-0.0864,否
2026-05-20 13:21:11,观望,否,警戒,hk00700,腾讯,457.00,日线破位,无信号,向上,顶背驰,客观缠论信号为无信号，60分钟笔方向向上，中枢震荡，观望,494.60,486.20,460.20,0.0202,0.8028,否
2026-05-20 13:21:11,二买,否,警戒,hk09988,阿里巴巴,131.70,安全,二卖+二买,向下,顶背驰,客观缠论信号为二卖、二买，60分钟笔方向向下（寻底模式），因此实际交易动作是二买（笔方向向下时优先买点）,129.60,128.60,135.30,-0.1184,0.1765,否
2026-05-20 13:21:11,二卖,否,警戒,hk01024,快手,47.82,安全,二卖+二买,向上,无信号,客观缠论信号为二卖、二买，60分钟笔方向向上（冲顶模式），因此实际交易动作是二卖（笔方向向上时优先卖点）,51.00,43.00,49.40,-0.2744,-0.0986,否
2026-05-20 13:21:11,二卖,否,警戒,hk06618,京东健康,40.50,安全,二卖,向上,无信号,客观缠论信号为二卖，60分钟笔方向向上（冲顶模式），因此实际交易动作是二卖（笔方向向上时优先卖点）,39.65,40.70,45.30,-0.5454,-0.4720,否
2026-05-20 13:21:11,二卖,否,警戒,hk06862,海底捞,14.29,安全,二卖,向上,无信号,客观缠论信号为二卖，60分钟笔方向向上（冲顶模式），因此实际交易动作是二卖（笔方向向上时优先卖点）,13.47,14.16,14.42,-0.0054,-0.0146,否
2026-05-20 13:21:11,一卖,否,警戒,600415,小商品城,14.21,安全,一卖+二买,向上,顶背驰,客观缠论信号为一卖、二买，60分钟笔方向向上（冲顶模式），因此实际交易动作是一卖（趋势顶背驰卖出）,13.81,12.86,13.98,0.1330,0.1529,否
2026-05-20 13:21:11,观望,否,警戒,300285,国瓷材料,43.03,安全,二买,向上,无信号,客观缠论信号为二买，60分钟笔方向向上，中枢震荡，观望,32.60,35.16,41.99,0.9677,0.8857,否
2026-05-20 13:21:11,观望,否,警戒,600021,上海电力,19.01,安全,无信号,向下,无信号,客观缠论信号为无信号，60分钟笔方向向下，中枢震荡，观望,18.15,17.63,18.55,0.3954,0.3625,否
2026-05-20 13:21:11,观望,否,警戒,002517,恺英网络,16.97,安全,无信号,向下,无信号,客观缠论信号为无信号，60分钟笔方向向下，中枢震荡，观望,16.68,17.19,17.28,-0.1295,-0.0967,否
2026-05-20 13:21:11,观望,否,警戒,300474,景嘉微,65.33,安全,无信号,向下,无信号,客观缠论信号为无信号，60分钟笔方向向下，中枢震荡，观望,64.15,65.85,68.27,0.0337,-0.2176,否
2026-05-20 13:21:11,二买,否,警戒,600909,华安证券,6.68,安全,二买,向下,顶背驰,客观缠论信号为二买，60分钟笔方向向下（寻底模式），因此实际交易动作是二买（笔方向向下时优先买点）,6.01,6.04,6.09,0.1539,0.1257,否
2026-05-20 13:21:11,二买,否,警戒,603290,斯达半导,125.70,安全,二买+三买,向下,无信号,客观缠论信号为二买、三买，60分钟笔方向向下（寻底模式），因此实际交易动作是二买（笔方向向下时优先买点）,107.75,106.51,110.56,0.9959,0.6343,否
2026-05-20 13:21:11,观望,否,警戒,603296,华勤技术,110.00,安全,无信号,向下,无信号,客观缠论信号为无信号，60分钟笔方向向下，中枢震荡，观望,101.28,108.08,116.85,-0.0854,-0.6116,否

2026-05-20 13:36:11,观望,是,警戒,600900,长江电力,26.99,安全,二卖,向下,无信号,客观缠论信号为二卖，60分钟笔方向向下，中枢震荡，观望,27.18,26.66,27.03,-0.0146,0.0150,否
2026-05-20 13:36:11,二买,是,警戒,600938,中国海油,37.97,安全,二买,向下,无信号,客观缠论信号为二买，60分钟笔方向向下（寻底模式），因此实际交易动作是二买（笔方向向下时优先买点）,34.06,35.29,38.00,0.3156,0.2019,否
2026-05-20 13:36:11,观望,是,警戒,688981,中芯国际,132.79,安全,二卖,向下,无信号,客观缠论信号为二卖，60分钟笔方向向下，中枢震荡，观望,100.13,113.50,125.00,3.7985,2.6959,否
2026-05-20 13:36:11,二买,是,警戒,000333,美的集团,81.75,安全,二买,向下,无信号,客观缠论信号为二买，60分钟笔方向向下（寻底模式），因此实际交易动作是二买（笔方向向下时优先买点）,79.18,79.63,80.98,-0.0352,-0.1625,否
2026-05-20 13:36:11,观望,是,警戒,000001,平安银行,10.79,安全,二卖,向下,顶背驰,客观缠论信号为二卖，60分钟笔方向向下，中枢震荡，观望,10.78,10.67,11.03,-0.0249,-0.0221,否
2026-05-20 13:36:11,观望,是,警戒,001965,招商公路,9.88,安全,二买,向上,顶背驰,客观缠论信号为二买，60分钟笔方向向上，中枢震荡，观望,9.89,9.81,10.05,-0.0091,0.0139,否
2026-05-20 13:36:11,二买,是,警戒,hk01810,小米集团,29.92,日线破位,二卖+二买,向下,无信号,客观缠论信号为二卖、二买，60分钟笔方向向下（寻底模式），因此实际交易动作是二买（笔方向向下时优先买点）,32.78,30.26,31.06,-0.1827,-0.1129,否
2026-05-20 13:36:11,观望,是,警戒,513130,恒生科技ETF,0.61,安全,二卖,向下,无信号,客观缠论信号为二卖，60分钟笔方向向下，中枢震荡，观望,0.59,0.61,0.63,-0.0003,-0.0009,否
2026-05-20 13:36:11,二卖,否,警戒,sh000001,上证指数,4146.16,安全,二卖+三买,向上,无信号,客观缠论信号为二卖、三买，60分钟笔方向向上（冲顶模式），因此实际交易动作是二卖（笔方向向上时优先卖点）,4101.83,4079.77,4092.83,4.7068,3.4955,否
2026-05-20 13:36:11,二卖,否,警戒,510300,沪深300ETF,4.86,安全,二卖,向上,无信号,客观缠论信号为二卖，60分钟笔方向向上（冲顶模式），因此实际交易动作是二卖（笔方向向上时优先卖点）,4.68,4.86,4.91,0.0036,0.0013,否
2026-05-20 13:36:11,观望,否,警戒,588000,科创50ETF,1.91,安全,无信号,向下,无信号,客观缠论信号为无信号，60分钟笔方向向下，中枢震荡，观望,1.55,1.71,1.82,0.0280,0.0247,否
2026-05-20 13:36:11,观望,否,警戒,513100,纳指ETF,2.03,安全,无信号,向下,无信号,客观缠论信号为无信号，60分钟笔方向向下，中枢震荡，观望,1.91,2.07,2.11,-0.0103,-0.0104,否
2026-05-20 13:36:11,二卖,否,警戒,513520,日经ETF,2.01,安全,二卖,向上,无信号,客观缠论信号为二卖，60分钟笔方向向上（冲顶模式），因此实际交易动作是二卖（笔方向向上时优先卖点）,1.89,2.00,2.03,-0.0110,-0.0098,否
2026-05-20 13:36:11,二卖,否,警戒,512400,有色金属ETF,1.94,日线破位,二卖,向上,底背驰,客观缠论信号为二卖，60分钟笔方向向上（冲顶模式），因此实际交易动作是二卖（笔方向向上时优先卖点）,2.11,1.96,1.98,-0.0152,-0.0159,否
2026-05-20 13:36:11,二买,否,警戒,512690,酒ETF,0.46,日线破位,二卖+二买,向下,顶背驰,客观缠论信号为二卖、二买，60分钟笔方向向下（寻底模式），因此实际交易动作是二买（笔方向向下时优先买点）,0.48,0.48,0.46,0.0006,0.0002,否
2026-05-20 13:36:11,二卖,否,警戒,159227,航空航天ETF,1.26,安全,二卖,向上,无信号,客观缠论信号为二卖，60分钟笔方向向上（冲顶模式），因此实际交易动作是二卖（笔方向向上时优先卖点）,1.20,1.30,1.29,-0.0039,-0.0044,否
2026-05-20 13:36:11,二卖,否,警戒,159992,创新药ETF,0.79,安全,二卖,向上,无信号,客观缠论信号为二卖，60分钟笔方向向上（冲顶模式），因此实际交易动作是二卖（笔方向向上时优先卖点）,0.79,0.77,0.83,-0.0007,-0.0017,否
2026-05-20 13:36:11,观望,否,警戒,515050,通信ETF,1.13,安全,二卖,向下,无信号,客观缠论信号为二卖，60分钟笔方向向下，中枢震荡，观望,1.08,1.48,1.14,0.0030,0.0005,否
2026-05-20 13:36:11,观望,否,警戒,159915,创业板ETF,3.92,安全,无信号,向下,顶背驰,客观缠论信号为无信号，60分钟笔方向向下，中枢震荡，观望,3.24,3.61,3.97,0.0053,0.0027,否
2026-05-20 13:36:11,二买,否,警戒,588200,科创芯片ETF,3.72,安全,一卖+二买,向下,无信号,客观缠论信号为一卖、二买，60分钟笔方向向下（寻底模式），因此实际交易动作是二买（笔方向向下时优先买点）,2.65,3.20,3.34,0.0657,0.0561,否
2026-05-20 13:36:11,二卖,否,警戒,159755,电池ETF,1.17,安全,二卖,向上,无信号,客观缠论信号为二卖，60分钟笔方向向上（冲顶模式），因此实际交易动作是二卖（笔方向向上时优先卖点）,1.03,1.17,1.18,0.0018,-0.0013,否
2026-05-20 13:36:11,二买,否,警戒,159899,软件ETF,0.84,安全,二卖+二买,向下,无信号,客观缠论信号为二卖、二买，60分钟笔方向向下（寻底模式），因此实际交易动作是二买（笔方向向下时优先买点）,0.83,0.85,0.84,-0.0011,-0.0001,否
2026-05-20 13:36:11,二卖,否,警戒,513360,教育ETF,0.49,日线破位,二卖,向上,无信号,客观缠论信号为二卖，60分钟笔方向向上（冲顶模式），因此实际交易动作是二卖（笔方向向上时优先卖点）,0.49,0.49,0.50,-0.0006,-0.0005,否
2026-05-20 13:36:11,二买,否,警戒,515790,光伏ETF,1.12,安全,二卖+二买,向下,无信号,客观缠论信号为二卖、二买，60分钟笔方向向下（寻底模式），因此实际交易动作是二买（笔方向向下时优先买点）,1.08,1.10,1.11,0.0050,0.0035,否
2026-05-20 13:36:11,二卖,否,警戒,603317,天味食品,16.09,安全,二卖,向上,无信号,客观缠论信号为二卖，60分钟笔方向向上（冲顶模式），因此实际交易动作是二卖（笔方向向上时优先卖点）,12.56,15.25,16.10,0.0676,0.0580,否
2026-05-20 13:36:11,观望,否,警戒,601668,中国建筑,4.85,日线破位,无信号,向下,无信号,客观缠论信号为无信号，60分钟笔方向向下，中枢震荡，观望,4.88,4.91,4.85,-0.0133,-0.0096,否
2026-05-20 13:36:11,二卖,否,警戒,601288,农业银行,6.51,日线破位,二卖,向上,底背驰,客观缠论信号为二卖，60分钟笔方向向上（冲顶模式），因此实际交易动作是二卖（笔方向向上时优先卖点）,6.53,6.53,6.68,-0.0325,-0.0228,否
2026-05-20 13:36:11,二买,否,警戒,601728,中国电信,6.61,日线破位,二买,向下,无信号,客观缠论信号为二买，60分钟笔方向向下（寻底模式），因此实际交易动作是二买（笔方向向下时优先买点）,7.29,6.80,6.42,-0.0568,-0.0093,否
2026-05-20 13:36:11,观望,否,警戒,600276,恒瑞医药,50.50,日线破位,二买+三买,向上,底背驰,客观缠论信号为二买、三买，60分钟笔方向向上，中枢震荡，观望,51.31,52.41,53.92,-0.5302,-0.5035,否
2026-05-20 13:36:11,二卖,否,警戒,600177,雅戈尔,7.44,安全,二卖,向上,无信号,客观缠论信号为二卖，60分钟笔方向向上（冲顶模式），因此实际交易动作是二卖（笔方向向上时优先卖点）,7.50,7.25,7.53,-0.0222,-0.0161,否
2026-05-20 13:36:11,观望,否,警戒,600887,伊利股份,27.20,安全,二卖,向下,无信号,客观缠论信号为二卖，60分钟笔方向向下，中枢震荡，观望,27.11,26.92,27.60,-0.0247,-0.0362,否
2026-05-20 13:36:11,观望,否,警戒,601138,工业富联,66.70,安全,二卖,向下,无信号,客观缠论信号为二卖，60分钟笔方向向下，中枢震荡，观望,64.65,62.77,66.91,-0.4088,-0.3202,否
2026-05-20 13:36:11,观望,否,警戒,688041,海光信息,316.70,安全,无信号,向下,无信号,客观缠论信号为无信号，60分钟笔方向向下，中枢震荡，观望,246.00,320.01,355.50,4.0553,2.5425,否
2026-05-20 13:36:11,观望,否,警戒,601225,陕西煤业,24.38,安全,二买,向上,无信号,客观缠论信号为二买，60分钟笔方向向上，中枢震荡，观望,25.15,24.22,24.64,0.0042,0.0192,否
2026-05-20 13:36:11,二卖,否,警戒,600660,福耀玻璃,54.24,日线破位,二卖,向上,无信号,客观缠论信号为二卖，60分钟笔方向向上（冲顶模式），因此实际交易动作是二卖（笔方向向上时优先卖点）,55.27,55.65,58.35,-0.2540,-0.2240,否
2026-05-20 13:36:11,观望,否,警戒,000429,粤高速A,13.25,安全,二卖,向下,顶背驰,客观缠论信号为二卖，60分钟笔方向向下，中枢震荡，观望,12.70,12.86,13.13,0.0484,0.0322,否
2026-05-20 13:36:11,二卖,否,警戒,002507,涪陵榨菜,11.90,日线破位,二卖,向上,无信号,客观缠论信号为二卖，60分钟笔方向向上（冲顶模式），因此实际交易动作是二卖（笔方向向上时优先卖点）,12.23,12.15,12.33,-0.0010,0.0090,否
2026-05-20 13:36:11,二卖,否,警戒,000338,潍柴动力,32.53,安全,二卖+二买,向上,无信号,客观缠论信号为二卖、二买，60分钟笔方向向上（冲顶模式），因此实际交易动作是二卖（笔方向向上时优先卖点）,25.92,31.76,33.43,-0.2718,-0.3103,否
2026-05-20 13:36:11,二买,否,警戒,000538,云南白药,50.99,日线破位,二卖+二买,向下,无信号,客观缠论信号为二卖、二买，60分钟笔方向向下（寻底模式），因此实际交易动作是二买（笔方向向下时优先买点）,54.40,54.40,51.23,-0.0010,-0.0181,否
2026-05-20 13:36:11,观望,否,警戒,000423,东阿阿胶,50.64,安全,无信号,向下,底背驰,客观缠论信号为无信号，60分钟笔方向向下，中枢震荡，观望,50.16,49.78,53.53,-0.1668,-0.2067,否
2026-05-20 13:36:11,二卖,否,警戒,000651,格力电器,39.56,安全,二卖,向上,无信号,客观缠论信号为二卖，60分钟笔方向向上（冲顶模式），因此实际交易动作是二卖（笔方向向上时优先卖点）,40.00,39.51,40.57,-0.0691,-0.0954,否
2026-05-20 13:36:11,观望,否,警戒,000895,双汇发展,26.33,安全,二卖,向下,无信号,客观缠论信号为二卖，60分钟笔方向向下，中枢震荡，观望,25.75,26.51,26.98,0.0061,0.0059,否
2026-05-20 13:36:11,一卖,否,警戒,002415,海康威视,32.55,安全,一卖,向上,无信号,客观缠论信号为一卖，60分钟笔方向向上（冲顶模式），因此实际交易动作是一卖（趋势顶背驰卖出）,31.96,33.30,33.25,-0.0913,-0.0494,否
2026-05-20 13:36:11,观望,否,警戒,000157,中联重科,7.22,安全,二卖,向下,无信号,客观缠论信号为二卖，60分钟笔方向向下，中枢震荡，观望,7.18,7.22,7.94,-0.0425,-0.0493,否
2026-05-20 13:36:11,二卖,否,警戒,002128,电投能源,29.32,安全,二卖,向上,无信号,客观缠论信号为二卖，60分钟笔方向向上（冲顶模式），因此实际交易动作是二卖（笔方向向上时优先卖点）,29.02,28.68,31.60,-0.1642,-0.1018,否
2026-05-20 13:36:11,观望,否,警戒,002027,分众传媒,5.68,日线破位,二卖,向下,无信号,客观缠论信号为二卖，60分钟笔方向向下，中枢震荡，观望,6.16,6.22,6.36,-0.0312,-0.0321,否
2026-05-20 13:36:11,观望,否,警戒,hk03690,美团,82.35,安全,无信号,向上,无信号,客观缠论信号为无信号，60分钟笔方向向上，中枢震荡，观望,78.70,82.40,84.55,0.0479,0.1585,否
2026-05-20 13:36:11,二买,否,警戒,hk03896,金山云,7.31,安全,二卖+二买,向下,无信号,客观缠论信号为二卖、二买，60分钟笔方向向下（寻底模式），因此实际交易动作是二买（笔方向向下时优先买点）,6.23,6.84,8.06,-0.1314,-0.0864,否
2026-05-20 13:36:11,观望,否,警戒,hk00700,腾讯,457.00,日线破位,无信号,向上,顶背驰,客观缠论信号为无信号，60分钟笔方向向上，中枢震荡，观望,494.60,486.20,460.20,0.0202,0.8028,否
2026-05-20 13:36:11,二买,否,警戒,hk09988,阿里巴巴,131.70,安全,二卖+二买,向下,顶背驰,客观缠论信号为二卖、二买，60分钟笔方向向下（寻底模式），因此实际交易动作是二买（笔方向向下时优先买点）,129.60,128.60,135.30,-0.1184,0.1765,否
2026-05-20 13:36:11,观望,否,警戒,hk01024,快手,47.82,安全,二卖,向下,无信号,客观缠论信号为二卖，60分钟笔方向向下，中枢震荡，观望,51.00,43.00,48.80,-0.2744,-0.0986,否
2026-05-20 13:36:11,二卖,否,警戒,hk06618,京东健康,40.50,安全,二卖,向上,无信号,客观缠论信号为二卖，60分钟笔方向向上（冲顶模式），因此实际交易动作是二卖（笔方向向上时优先卖点）,39.65,40.70,45.30,-0.5454,-0.4720,否
2026-05-20 13:36:11,二买,否,警戒,hk06862,海底捞,14.29,安全,二卖+二买,向下,无信号,客观缠论信号为二卖、二买，60分钟笔方向向下（寻底模式），因此实际交易动作是二买（笔方向向下时优先买点）,13.47,14.16,14.59,-0.0054,-0.0146,否
2026-05-20 13:36:11,一卖,否,警戒,600415,小商品城,14.21,安全,一卖+二买,向上,顶背驰,客观缠论信号为一卖、二买，60分钟笔方向向上（冲顶模式），因此实际交易动作是一卖（趋势顶背驰卖出）,13.81,12.86,13.98,0.1330,0.1529,否
2026-05-20 13:36:11,观望,否,警戒,300285,国瓷材料,43.03,安全,二买,向上,无信号,客观缠论信号为二买，60分钟笔方向向上，中枢震荡，观望,32.60,35.16,41.99,0.9677,0.8857,否
2026-05-20 13:36:11,观望,否,警戒,600021,上海电力,19.01,安全,无信号,向下,无信号,客观缠论信号为无信号，60分钟笔方向向下，中枢震荡，观望,18.15,17.63,18.55,0.3954,0.3625,否
2026-05-20 13:36:11,观望,否,警戒,002517,恺英网络,16.97,安全,无信号,向下,无信号,客观缠论信号为无信号，60分钟笔方向向下，中枢震荡，观望,16.68,17.19,17.28,-0.1295,-0.0967,否
2026-05-20 13:36:11,观望,否,警戒,300474,景嘉微,65.33,安全,无信号,向下,无信号,客观缠论信号为无信号，60分钟笔方向向下，中枢震荡，观望,64.15,65.85,68.27,0.0337,-0.2176,否
2026-05-20 13:36:11,二买,否,警戒,600909,华安证券,6.68,安全,二买,向下,顶背驰,客观缠论信号为二买，60分钟笔方向向下（寻底模式），因此实际交易动作是二买（笔方向向下时优先买点）,6.01,6.04,6.09,0.1539,0.1257,否
2026-05-20 13:36:11,二买,否,警戒,603290,斯达半导,125.70,安全,二买+三买,向下,无信号,客观缠论信号为二买、三买，60分钟笔方向向下（寻底模式），因此实际交易动作是二买（笔方向向下时优先买点）,107.75,106.51,110.56,0.9959,0.6343,否
2026-05-20 13:36:11,观望,否,警戒,603296,华勤技术,110.00,安全,无信号,向下,无信号,客观缠论信号为无信号，60分钟笔方向向下，中枢震荡，观望,101.28,108.08,116.85,-0.0854,-0.6116,否

2026-05-20 14:16:10,观望,是,警戒,600900,长江电力,26.99,安全,二卖,向下,无信号,客观缠论信号为二卖，60分钟笔方向向下，中枢震荡，观望,27.18,26.66,27.03,-0.0214,0.0078,否
2026-05-20 14:16:10,二买,是,警戒,600938,中国海油,37.97,安全,三卖+二买,向下,无信号,客观缠论信号为三卖、二买，60分钟笔方向向下（寻底模式），因此实际交易动作是二买（笔方向向下时优先买点）,34.06,35.29,37.85,0.3156,0.2019,否
2026-05-20 14:16:10,观望,是,警戒,688981,中芯国际,135.65,安全,二卖,向下,无信号,客观缠论信号为二卖，60分钟笔方向向下，中枢震荡，观望,100.13,113.50,125.00,4.1741,2.9915,否
2026-05-20 14:16:10,二买,是,警戒,000333,美的集团,81.69,安全,二买,向下,无信号,客观缠论信号为二买，60分钟笔方向向下（寻底模式），因此实际交易动作是二买（笔方向向下时优先买点）,79.18,79.63,80.98,0.0431,-0.0687,否
2026-05-20 14:16:10,观望,是,警戒,000001,平安银行,10.79,安全,二卖,向下,顶背驰,客观缠论信号为二卖，60分钟笔方向向下，中枢震荡，观望,10.78,10.67,11.03,-0.0262,-0.0242,否
2026-05-20 14:16:10,观望,是,警戒,001965,招商公路,9.91,安全,二买,向上,无信号,客观缠论信号为二买，60分钟笔方向向上，中枢震荡，观望,9.89,9.81,10.05,-0.0181,-0.0096,否
2026-05-20 14:16:10,观望,是,警戒,hk01810,小米集团,30.04,日线破位,二卖,向下,无信号,客观缠论信号为二卖，60分钟笔方向向下，中枢震荡，观望,32.78,30.26,30.74,-0.1412,-0.1503,否
2026-05-20 14:16:10,观望,是,警戒,513130,恒生科技ETF,0.61,安全,二卖,向下,无信号,客观缠论信号为二卖，60分钟笔方向向下，中枢震荡，观望,0.59,0.61,0.63,0.0002,-0.0004,否
2026-05-20 14:16:10,二卖,否,警戒,sh000001,上证指数,4152.67,安全,二卖+三买,向上,无信号,客观缠论信号为二卖、三买，60分钟笔方向向上（冲顶模式），因此实际交易动作是二卖（笔方向向上时优先卖点）,4101.83,4079.77,4092.83,4.2943,4.1954,否
2026-05-20 14:16:10,二卖,否,警戒,510300,沪深300ETF,4.86,安全,二卖,向上,无信号,客观缠论信号为二卖，60分钟笔方向向上（冲顶模式），因此实际交易动作是二卖（笔方向向上时优先卖点）,4.68,4.86,4.99,0.0047,0.0029,否
2026-05-20 14:16:10,观望,否,警戒,588000,科创50ETF,1.92,安全,无信号,向下,顶背驰,客观缠论信号为无信号，60分钟笔方向向下，中枢震荡，观望,1.55,1.71,1.82,0.0271,0.0261,否
2026-05-20 14:16:10,观望,否,警戒,513100,纳指ETF,2.04,安全,无信号,向下,无信号,客观缠论信号为无信号，60分钟笔方向向下，中枢震荡，观望,1.91,2.07,2.11,-0.0059,-0.0086,否
2026-05-20 14:16:10,观望,否,警戒,513520,日经ETF,2.02,安全,二卖,向下,无信号,客观缠论信号为二卖，60分钟笔方向向下，中枢震荡，观望,1.89,2.00,2.03,-0.0082,-0.0095,否
2026-05-20 14:16:10,观望,否,警戒,512400,有色金属ETF,1.98,安全,二卖,向下,底背驰,客观缠论信号为二卖，60分钟笔方向向下，中枢震荡，观望,2.11,1.96,1.98,-0.0023,-0.0081,否
2026-05-20 14:16:10,二买,否,警戒,512690,酒ETF,0.46,日线破位,二卖+二买,向下,无信号,客观缠论信号为二卖、二买，60分钟笔方向向下（寻底模式），因此实际交易动作是二买（笔方向向下时优先买点）,0.48,0.48,0.46,0.0005,0.0004,否
2026-05-20 14:16:10,二卖,否,警戒,159227,航空航天ETF,1.26,安全,二卖,向上,顶背驰,客观缠论信号为二卖，60分钟笔方向向上（冲顶模式），因此实际交易动作是二卖（笔方向向上时优先卖点）,1.20,1.30,1.29,-0.0037,-0.0038,否
2026-05-20 14:16:10,二卖,否,警戒,159992,创新药ETF,0.78,安全,二卖,向上,顶背驰,客观缠论信号为二卖，60分钟笔方向向上（冲顶模式），因此实际交易动作是二卖（笔方向向上时优先卖点）,0.79,0.77,0.83,-0.0002,-0.0010,否
2026-05-20 14:16:10,二卖,否,警戒,515050,通信ETF,1.13,安全,二卖,向上,无信号,客观缠论信号为二卖，60分钟笔方向向上（冲顶模式），因此实际交易动作是二卖（笔方向向上时优先卖点）,1.08,1.48,1.14,0.0021,0.0018,否
2026-05-20 14:16:10,观望,否,警戒,159915,创业板ETF,3.93,安全,无信号,向下,无信号,客观缠论信号为无信号，60分钟笔方向向下，中枢震荡，观望,3.24,3.61,3.97,0.0064,0.0044,否
2026-05-20 14:16:10,二买,否,警戒,588200,科创芯片ETF,3.73,安全,一卖+二买,向下,无信号,客观缠论信号为一卖、二买，60分钟笔方向向下（寻底模式），因此实际交易动作是二买（笔方向向下时优先买点）,2.65,3.20,3.34,0.0652,0.0609,否
2026-05-20 14:16:10,二卖,否,警戒,159755,电池ETF,1.17,安全,二卖,向上,无信号,客观缠论信号为二卖，60分钟笔方向向上（冲顶模式），因此实际交易动作是二卖（笔方向向上时优先卖点）,1.03,1.17,1.18,0.0029,0.0006,否
2026-05-20 14:16:10,二买,否,警戒,159899,软件ETF,0.84,安全,二卖+二买,向下,无信号,客观缠论信号为二卖、二买，60分钟笔方向向下（寻底模式），因此实际交易动作是二买（笔方向向下时优先买点）,0.83,0.85,0.85,-0.0017,-0.0008,否
2026-05-20 14:16:10,二卖,否,警戒,513360,教育ETF,0.49,日线破位,二卖,向上,无信号,客观缠论信号为二卖，60分钟笔方向向上（冲顶模式），因此实际交易动作是二卖（笔方向向上时优先卖点）,0.49,0.49,0.50,-0.0006,-0.0005,否
2026-05-20 14:16:10,二买,否,警戒,515790,光伏ETF,1.12,安全,二卖+二买,向下,顶背驰,客观缠论信号为二卖、二买，60分钟笔方向向下（寻底模式），因此实际交易动作是二买（笔方向向下时优先买点）,1.08,1.10,1.11,0.0050,0.0043,否
2026-05-20 14:16:10,二卖,否,警戒,603317,天味食品,16.05,安全,二卖,向上,无信号,客观缠论信号为二卖，60分钟笔方向向上（冲顶模式），因此实际交易动作是二卖（笔方向向上时优先卖点）,12.56,15.25,16.10,0.0569,0.0595,否
2026-05-20 14:16:10,观望,否,警戒,601668,中国建筑,4.84,日线破位,无信号,向下,无信号,客观缠论信号为无信号，60分钟笔方向向下，中枢震荡，观望,4.88,4.91,4.85,-0.0164,-0.0138,否
2026-05-20 14:16:10,二卖,否,警戒,601288,农业银行,6.48,日线破位,二卖,向上,底背驰,客观缠论信号为二卖，60分钟笔方向向上（冲顶模式），因此实际交易动作是二卖（笔方向向上时优先卖点）,6.53,6.53,6.68,-0.0406,-0.0347,否
2026-05-20 14:16:10,二买,否,警戒,601728,中国电信,6.65,日线破位,二买,向下,无信号,客观缠论信号为二买，60分钟笔方向向下（寻底模式），因此实际交易动作是二买（笔方向向下时优先买点）,7.29,6.80,6.42,-0.0547,-0.0317,否
2026-05-20 14:16:10,三买,否,警戒,600276,恒瑞医药,50.84,日线破位,三买,向下,无信号,客观缠论信号为三买，60分钟笔方向向下（寻底模式），因此实际交易动作是三买（突破回踩买入）,51.31,52.41,53.92,-0.3385,-0.4221,否
2026-05-20 14:16:10,二卖,否,警戒,600177,雅戈尔,7.43,安全,二卖,向上,无信号,客观缠论信号为二卖，60分钟笔方向向上（冲顶模式），因此实际交易动作是二卖（笔方向向上时优先卖点）,7.50,7.25,7.53,-0.0226,-0.0207,否
2026-05-20 14:16:10,观望,否,警戒,600887,伊利股份,27.15,安全,二卖,向下,无信号,客观缠论信号为二卖，60分钟笔方向向下，中枢震荡，观望,27.11,26.92,27.60,-0.0294,-0.0315,否
2026-05-20 14:16:10,观望,否,警戒,601138,工业富联,66.83,安全,二卖,向下,无信号,客观缠论信号为二卖，60分钟笔方向向下，中枢震荡，观望,64.65,62.77,66.91,-0.4038,-0.3649,否
2026-05-20 14:16:10,二卖,否,警戒,688041,海光信息,314.35,安全,二卖,向上,无信号,客观缠论信号为二卖，60分钟笔方向向上（冲顶模式），因此实际交易动作是二卖（笔方向向上时优先卖点）,246.00,320.01,355.50,3.0926,3.2608,否
2026-05-20 14:16:10,二买,否,警戒,601225,陕西煤业,24.21,日线破位,二买,向下,无信号,客观缠论信号为二买，60分钟笔方向向下（寻底模式），因此实际交易动作是二买（笔方向向下时优先买点）,25.15,24.22,24.64,-0.0050,0.0108,否
2026-05-20 14:16:10,二卖,否,警戒,600660,福耀玻璃,54.28,日线破位,二卖,向上,无信号,客观缠论信号为二卖，60分钟笔方向向上（冲顶模式），因此实际交易动作是二卖（笔方向向上时优先卖点）,55.27,55.65,58.35,-0.2234,-0.2257,否
2026-05-20 14:16:10,观望,否,警戒,000429,粤高速A,13.24,安全,二卖,向下,顶背驰,客观缠论信号为二卖，60分钟笔方向向下，中枢震荡，观望,12.70,12.86,13.13,0.0512,0.0413,否
2026-05-20 14:16:10,二卖,否,警戒,002507,涪陵榨菜,11.92,日线破位,二卖,向上,无信号,客观缠论信号为二卖，60分钟笔方向向上（冲顶模式），因此实际交易动作是二卖（笔方向向上时优先卖点）,12.23,12.15,12.33,-0.0089,-0.0024,否
2026-05-20 14:16:10,观望,否,警戒,000338,潍柴动力,32.70,安全,二卖,向下,无信号,客观缠论信号为二卖，60分钟笔方向向下，中枢震荡，观望,25.92,31.76,33.43,-0.1406,-0.2437,否
2026-05-20 14:16:10,二买,否,警戒,000538,云南白药,50.86,日线破位,二卖+二买,向下,顶背驰,客观缠论信号为二卖、二买，60分钟笔方向向下（寻底模式），因此实际交易动作是二买（笔方向向下时优先买点）,54.40,54.40,51.23,-0.0059,-0.0064,否
2026-05-20 14:16:10,观望,否,警戒,000423,东阿阿胶,50.67,安全,无信号,向下,无信号,客观缠论信号为无信号，60分钟笔方向向下，中枢震荡，观望,50.16,49.78,54.45,-0.1173,-0.1680,否
2026-05-20 14:16:10,二卖,否,警戒,000651,格力电器,39.59,安全,二卖,向上,无信号,客观缠论信号为二卖，60分钟笔方向向上（冲顶模式），因此实际交易动作是二卖（笔方向向上时优先卖点）,40.00,39.51,40.57,-0.0406,-0.0718,否
2026-05-20 14:16:10,二卖,否,警戒,000895,双汇发展,26.29,安全,二卖,向上,无信号,客观缠论信号为二卖，60分钟笔方向向上（冲顶模式），因此实际交易动作是二卖（笔方向向上时优先卖点）,25.75,26.51,26.82,-0.0049,0.0024,否
2026-05-20 14:16:10,一卖,否,警戒,002415,海康威视,32.50,安全,一卖,向上,无信号,客观缠论信号为一卖，60分钟笔方向向上（冲顶模式），因此实际交易动作是一卖（趋势顶背驰卖出）,31.96,33.30,33.25,-0.1316,-0.0847,否
2026-05-20 14:16:10,观望,否,警戒,000157,中联重科,7.24,安全,二卖,向下,顶背驰,客观缠论信号为二卖，60分钟笔方向向下，中枢震荡，观望,7.18,7.22,7.94,-0.0126,-0.0289,否
2026-05-20 14:16:10,观望,否,警戒,002128,电投能源,29.32,安全,二卖,向下,无信号,客观缠论信号为二卖，60分钟笔方向向下，中枢震荡，观望,29.02,28.68,30.63,-0.1642,-0.1018,否
2026-05-20 14:16:10,观望,否,警戒,002027,分众传媒,5.64,日线破位,二卖,向下,无信号,客观缠论信号为二卖，60分钟笔方向向下，中枢震荡，观望,6.16,6.22,6.36,-0.0346,-0.0336,否
2026-05-20 14:16:10,二买,否,警戒,hk03690,美团,82.80,安全,二买,向下,无信号,客观缠论信号为二买，60分钟笔方向向下（寻底模式），因此实际交易动作是二买（笔方向向下时优先买点）,78.70,82.40,82.75,-0.0356,0.0183,否
2026-05-20 14:16:10,二买,否,警戒,hk03896,金山云,7.31,安全,二卖+二买,向下,无信号,客观缠论信号为二卖、二买，60分钟笔方向向下（寻底模式），因此实际交易动作是二买（笔方向向下时优先买点）,6.23,6.84,8.06,-0.1314,-0.0864,否
2026-05-20 14:16:10,观望,否,警戒,hk00700,腾讯,454.20,日线破位,无信号,向上,无信号,客观缠论信号为无信号，60分钟笔方向向上，中枢震荡，观望,494.60,486.20,460.20,-0.9586,-0.2760,否
2026-05-20 14:16:10,二买,否,警戒,hk09988,阿里巴巴,132.70,安全,二卖+二买,向下,顶背驰,客观缠论信号为二卖、二买，60分钟笔方向向下（寻底模式），因此实际交易动作是二买（笔方向向下时优先买点）,129.60,128.60,135.30,-0.0665,-0.0492,否
2026-05-20 14:16:10,观望,否,警戒,hk01024,快手,47.50,安全,二卖,向下,无信号,客观缠论信号为二卖，60分钟笔方向向下，中枢震荡，观望,51.00,43.00,48.80,-0.3413,-0.3123,否
2026-05-20 14:16:10,二卖,否,警戒,hk06618,京东健康,40.16,安全,二卖,向上,无信号,客观缠论信号为二卖，60分钟笔方向向上（冲顶模式），因此实际交易动作是二卖（笔方向向上时优先卖点）,39.65,40.70,45.30,-0.4386,-0.4854,否
2026-05-20 14:16:10,二买,否,警戒,hk06862,海底捞,14.29,安全,二卖+二买,向下,无信号,客观缠论信号为二卖、二买，60分钟笔方向向下（寻底模式），因此实际交易动作是二买（笔方向向下时优先买点）,13.47,14.16,14.59,-0.0054,-0.0146,否
2026-05-20 14:16:10,一卖,否,警戒,600415,小商品城,14.19,安全,一卖+二买,向上,无信号,客观缠论信号为一卖、二买，60分钟笔方向向上（冲顶模式），因此实际交易动作是一卖（趋势顶背驰卖出）,13.81,12.86,13.98,0.0577,0.0824,否
2026-05-20 14:16:10,观望,否,警戒,300285,国瓷材料,41.80,安全,二买,向上,无信号,客观缠论信号为二买，60分钟笔方向向上，中枢震荡，观望,32.60,35.16,41.99,0.1530,0.3810,否
2026-05-20 14:16:10,观望,否,警戒,600021,上海电力,18.74,安全,无信号,向上,无信号,客观缠论信号为无信号，60分钟笔方向向上，中枢震荡，观望,18.15,17.63,18.55,0.2805,0.3505,否
2026-05-20 14:16:10,观望,否,警戒,002517,恺英网络,17.05,安全,无信号,向下,无信号,客观缠论信号为无信号，60分钟笔方向向下，中枢震荡，观望,16.68,17.19,17.28,-0.0921,-0.0975,否
2026-05-20 14:16:10,观望,否,警戒,300474,景嘉微,65.53,安全,无信号,向下,无信号,客观缠论信号为无信号，60分钟笔方向向下，中枢震荡，观望,64.15,65.85,68.27,0.3171,0.2478,否
2026-05-20 14:16:10,观望,否,警戒,600909,华安证券,6.63,安全,二买,向上,无信号,客观缠论信号为二买，60分钟笔方向向上，中枢震荡，观望,6.01,6.04,6.36,0.1216,0.1297,否
2026-05-20 14:16:10,二买,否,警戒,603290,斯达半导,126.56,安全,二买+三买,向下,无信号,客观缠论信号为二买、三买，60分钟笔方向向下（寻底模式），因此实际交易动作是二买（笔方向向下时优先买点）,107.75,106.51,110.56,1.0329,0.9442,否
2026-05-20 14:16:10,观望,否,警戒,603296,华勤技术,110.00,安全,无信号,向下,无信号,客观缠论信号为无信号，60分钟笔方向向下，中枢震荡，观望,101.28,108.08,116.85,-0.0854,-0.6116,否

2026-05-20 14:36:11,观望,是,警戒,600900,长江电力,26.93,安全,二卖,向下,无信号,客观缠论信号为二卖，60分钟笔方向向下，中枢震荡，观望,27.18,26.66,27.03,-0.0413,-0.0133,否
2026-05-20 14:36:11,二买,是,警戒,600938,中国海油,37.68,安全,三卖+二买,向下,无信号,客观缠论信号为三卖、二买，60分钟笔方向向下（寻底模式），因此实际交易动作是二买（笔方向向下时优先买点）,34.06,35.29,37.85,0.2687,0.2804,否
2026-05-20 14:36:11,观望,是,警戒,688981,中芯国际,133.38,安全,二卖,向下,顶背驰,客观缠论信号为二卖，60分钟笔方向向下，中枢震荡，观望,100.13,113.50,125.00,4.3152,3.6587,否
2026-05-20 14:36:11,二买,是,警戒,000333,美的集团,81.57,安全,二买,向下,无信号,客观缠论信号为二买，60分钟笔方向向下（寻底模式），因此实际交易动作是二买（笔方向向下时优先买点）,79.18,79.63,80.98,0.0418,-0.0466,否
2026-05-20 14:36:11,观望,是,警戒,000001,平安银行,10.76,安全,二卖,向下,顶背驰,客观缠论信号为二卖，60分钟笔方向向下，中枢震荡，观望,10.78,10.67,11.03,-0.0278,-0.0249,否
2026-05-20 14:36:11,观望,是,警戒,001965,招商公路,9.93,安全,二买,向上,无信号,客观缠论信号为二买，60分钟笔方向向上，中枢震荡，观望,9.89,9.81,10.05,-0.0162,-0.0109,否
2026-05-20 14:36:11,观望,是,警戒,hk01810,小米集团,30.04,日线破位,二卖,向下,无信号,客观缠论信号为二卖，60分钟笔方向向下，中枢震荡，观望,32.78,30.26,30.74,-0.1412,-0.1503,否
2026-05-20 14:36:11,观望,是,警戒,513130,恒生科技ETF,0.61,安全,二卖,向下,无信号,客观缠论信号为二卖，60分钟笔方向向下，中枢震荡，观望,0.59,0.61,0.63,0.0003,-0.0003,否
2026-05-20 14:36:11,二卖,否,警戒,sh000001,上证指数,4152.67,安全,二卖+三买,向上,无信号,客观缠论信号为二卖、三买，60分钟笔方向向上（冲顶模式），因此实际交易动作是二卖（笔方向向上时优先卖点）,4101.83,4079.77,4092.83,4.2943,4.1954,否
2026-05-20 14:36:11,二卖,否,警戒,510300,沪深300ETF,4.86,安全,二卖,向上,无信号,客观缠论信号为二卖，60分钟笔方向向上（冲顶模式），因此实际交易动作是二卖（笔方向向上时优先卖点）,4.68,4.86,4.99,0.0047,0.0033,否
2026-05-20 14:36:11,观望,否,警戒,588000,科创50ETF,1.92,安全,无信号,向下,顶背驰,客观缠论信号为无信号，60分钟笔方向向下，中枢震荡，观望,1.55,1.71,1.82,0.0260,0.0261,否
2026-05-20 14:36:11,观望,否,警戒,513100,纳指ETF,2.05,安全,无信号,向下,无信号,客观缠论信号为无信号，60分钟笔方向向下，中枢震荡，观望,1.91,2.07,2.11,-0.0045,-0.0078,否
2026-05-20 14:36:11,观望,否,警戒,513520,日经ETF,2.03,安全,二卖,向下,无信号,客观缠论信号为二卖，60分钟笔方向向下，中枢震荡，观望,1.89,2.00,2.03,-0.0068,-0.0090,否
2026-05-20 14:36:11,观望,否,警戒,512400,有色金属ETF,1.98,安全,二卖,向下,底背驰,客观缠论信号为二卖，60分钟笔方向向下，中枢震荡，观望,2.11,1.96,1.98,-0.0011,-0.0067,否
2026-05-20 14:36:11,二买,否,警戒,512690,酒ETF,0.46,日线破位,二卖+二买,向下,无信号,客观缠论信号为二卖、二买，60分钟笔方向向下（寻底模式），因此实际交易动作是二买（笔方向向下时优先买点）,0.48,0.48,0.46,0.0005,0.0005,否
2026-05-20 14:36:11,二卖,否,警戒,159227,航空航天ETF,1.26,安全,二卖,向上,顶背驰,客观缠论信号为二卖，60分钟笔方向向上（冲顶模式），因此实际交易动作是二卖（笔方向向上时优先卖点）,1.20,1.30,1.29,-0.0037,-0.0037,否
2026-05-20 14:36:11,二卖,否,警戒,159992,创新药ETF,0.79,安全,二卖,向上,顶背驰,客观缠论信号为二卖，60分钟笔方向向上（冲顶模式），因此实际交易动作是二卖（笔方向向上时优先卖点）,0.79,0.77,0.83,-0.0001,-0.0008,否
2026-05-20 14:36:11,二卖,否,警戒,515050,通信ETF,1.14,安全,二卖,向上,无信号,客观缠论信号为二卖，60分钟笔方向向上（冲顶模式），因此实际交易动作是二卖（笔方向向上时优先卖点）,1.08,1.48,1.14,0.0022,0.0019,否
2026-05-20 14:36:11,观望,否,警戒,159915,创业板ETF,3.93,安全,无信号,向下,无信号,客观缠论信号为无信号，60分钟笔方向向下，中枢震荡，观望,3.24,3.61,3.97,0.0063,0.0047,否
2026-05-20 14:36:11,二买,否,警戒,588200,科创芯片ETF,3.73,安全,一卖+二买,向下,无信号,客观缠论信号为一卖、二买，60分钟笔方向向下（寻底模式），因此实际交易动作是二买（笔方向向下时优先买点）,2.65,3.20,3.34,0.0632,0.0614,否
2026-05-20 14:36:11,二卖,否,警戒,159755,电池ETF,1.17,安全,二卖,向上,无信号,客观缠论信号为二卖，60分钟笔方向向上（冲顶模式），因此实际交易动作是二卖（笔方向向上时优先卖点）,1.03,1.17,1.18,0.0030,0.0011,否
2026-05-20 14:36:11,二买,否,警戒,159899,软件ETF,0.84,安全,二卖+二买,向下,无信号,客观缠论信号为二卖、二买，60分钟笔方向向下（寻底模式），因此实际交易动作是二买（笔方向向下时优先买点）,0.83,0.85,0.85,-0.0018,-0.0010,否
2026-05-20 14:36:11,二卖,否,警戒,513360,教育ETF,0.49,日线破位,二卖,向上,无信号,客观缠论信号为二卖，60分钟笔方向向上（冲顶模式），因此实际交易动作是二卖（笔方向向上时优先卖点）,0.49,0.49,0.50,-0.0006,-0.0005,否
2026-05-20 14:36:11,二买,否,警戒,515790,光伏ETF,1.12,安全,二卖+二买,向下,顶背驰,客观缠论信号为二卖、二买，60分钟笔方向向下（寻底模式），因此实际交易动作是二买（笔方向向下时优先买点）,1.08,1.10,1.11,0.0048,0.0044,否
2026-05-20 14:36:11,二卖,否,警戒,603317,天味食品,16.11,安全,二卖,向上,无信号,客观缠论信号为二卖，60分钟笔方向向上（冲顶模式），因此实际交易动作是二卖（笔方向向上时优先卖点）,12.56,15.25,16.10,0.0575,0.0591,否
2026-05-20 14:36:11,观望,否,警戒,601668,中国建筑,4.85,日线破位,无信号,向下,无信号,客观缠论信号为无信号，60分钟笔方向向下，中枢震荡，观望,4.88,4.91,4.85,-0.0155,-0.0141,否
2026-05-20 14:36:11,二卖,否,警戒,601288,农业银行,6.48,日线破位,二卖,向上,底背驰,客观缠论信号为二卖，60分钟笔方向向上（冲顶模式），因此实际交易动作是二卖（笔方向向上时优先卖点）,6.53,6.53,6.68,-0.0407,-0.0359,否
2026-05-20 14:36:11,二买,否,警戒,601728,中国电信,6.66,日线破位,二买,向下,无信号,客观缠论信号为二买，60分钟笔方向向下（寻底模式），因此实际交易动作是二买（笔方向向下时优先买点）,7.29,6.80,6.42,-0.0531,-0.0359,否
2026-05-20 14:36:11,三买,否,警戒,600276,恒瑞医药,50.97,日线破位,三买,向下,无信号,客观缠论信号为三买，60分钟笔方向向下（寻底模式），因此实际交易动作是三买（突破回踩买入）,51.31,52.41,53.92,-0.3080,-0.3993,否
2026-05-20 14:36:11,二卖,否,警戒,600177,雅戈尔,7.43,安全,二卖,向上,无信号,客观缠论信号为二卖，60分钟笔方向向上（冲顶模式），因此实际交易动作是二卖（笔方向向上时优先卖点）,7.50,7.25,7.53,-0.0225,-0.0211,否
2026-05-20 14:36:11,观望,否,警戒,600887,伊利股份,27.10,安全,二卖,向下,无信号,客观缠论信号为二卖，60分钟笔方向向下，中枢震荡，观望,27.11,26.92,27.60,-0.0373,-0.0327,否
2026-05-20 14:36:11,观望,否,警戒,601138,工业富联,67.93,安全,二卖,向下,无信号,客观缠论信号为二卖，60分钟笔方向向下，中枢震荡，观望,64.65,62.77,66.91,-0.3039,-0.3527,否
2026-05-20 14:36:11,二卖,否,警戒,688041,海光信息,314.64,安全,二卖,向上,无信号,客观缠论信号为二卖，60分钟笔方向向上（冲顶模式），因此实际交易动作是二卖（笔方向向上时优先卖点）,246.00,320.01,355.50,2.8057,3.1698,否
2026-05-20 14:36:11,二买,否,警戒,601225,陕西煤业,24.19,日线破位,二买,向下,无信号,客观缠论信号为二买，60分钟笔方向向下（寻底模式），因此实际交易动作是二买（笔方向向下时优先买点）,25.15,24.22,24.64,-0.0161,0.0054,否
2026-05-20 14:36:11,二卖,否,警戒,600660,福耀玻璃,54.22,日线破位,二卖,向上,无信号,客观缠论信号为二卖，60分钟笔方向向上（冲顶模式），因此实际交易动作是二卖（笔方向向上时优先卖点）,55.27,55.65,58.35,-0.2227,-0.2251,否
2026-05-20 14:36:11,观望,否,警戒,000429,粤高速A,13.24,安全,二卖,向下,顶背驰,客观缠论信号为二卖，60分钟笔方向向下，中枢震荡，观望,12.70,12.86,13.13,0.0510,0.0432,否
2026-05-20 14:36:11,二卖,否,警戒,002507,涪陵榨菜,11.92,日线破位,二卖,向上,无信号,客观缠论信号为二卖，60分钟笔方向向上（冲顶模式），因此实际交易动作是二卖（笔方向向上时优先卖点）,12.23,12.15,12.33,-0.0102,-0.0040,否
2026-05-20 14:36:11,观望,否,警戒,000338,潍柴动力,32.68,安全,二卖,向下,无信号,客观缠论信号为二卖，60分钟笔方向向下，中枢震荡，观望,25.92,31.76,33.43,-0.1129,-0.2175,否
2026-05-20 14:36:11,二买,否,警戒,000538,云南白药,50.83,日线破位,二卖+二买,向下,顶背驰,客观缠论信号为二卖、二买，60分钟笔方向向下（寻底模式），因此实际交易动作是二买（笔方向向下时优先买点）,54.40,54.40,51.23,-0.0098,-0.0071,否
2026-05-20 14:36:11,观望,否,警戒,000423,东阿阿胶,50.54,安全,无信号,向下,无信号,客观缠论信号为无信号，60分钟笔方向向下，中枢震荡，观望,50.16,49.78,54.45,-0.1199,-0.1584,否
2026-05-20 14:36:11,二卖,否,警戒,000651,格力电器,39.54,安全,二卖,向上,无信号,客观缠论信号为二卖，60分钟笔方向向上（冲顶模式），因此实际交易动作是二卖（笔方向向上时优先卖点）,40.00,39.51,40.57,-0.0393,-0.0653,否
2026-05-20 14:36:11,二卖,否,警戒,000895,双汇发展,26.28,安全,二卖,向上,无信号,客观缠论信号为二卖，60分钟笔方向向上（冲顶模式），因此实际交易动作是二卖（笔方向向上时优先卖点）,25.75,26.51,26.82,-0.0103,-0.0001,否
2026-05-20 14:36:11,一卖,否,警戒,002415,海康威视,32.49,安全,一卖,向上,无信号,客观缠论信号为一卖，60分钟笔方向向上（冲顶模式），因此实际交易动作是一卖（趋势顶背驰卖出）,31.96,33.30,33.25,-0.1394,-0.0956,否
2026-05-20 14:36:11,观望,否,警戒,000157,中联重科,7.24,安全,二卖,向下,顶背驰,客观缠论信号为二卖，60分钟笔方向向下，中枢震荡，观望,7.18,7.22,7.94,-0.0107,-0.0253,否
2026-05-20 14:36:11,观望,否,警戒,002128,电投能源,29.60,安全,二卖,向下,无信号,客观缠论信号为二卖，60分钟笔方向向下，中枢震荡，观望,29.02,28.68,30.63,-0.0872,-0.1125,否
2026-05-20 14:36:11,观望,否,警戒,002027,分众传媒,5.66,日线破位,二卖,向下,无信号,客观缠论信号为二卖，60分钟笔方向向下，中枢震荡，观望,6.16,6.22,6.36,-0.0321,-0.0333,否
2026-05-20 14:36:11,二买,否,警戒,hk03690,美团,82.80,安全,二买,向下,无信号,客观缠论信号为二买，60分钟笔方向向下（寻底模式），因此实际交易动作是二买（笔方向向下时优先买点）,78.70,82.40,84.55,-0.0356,0.0183,否
2026-05-20 14:36:11,二买,否,警戒,hk03896,金山云,7.31,安全,二卖+二买,向下,无信号,客观缠论信号为二卖、二买，60分钟笔方向向下（寻底模式），因此实际交易动作是二买（笔方向向下时优先买点）,6.23,6.84,8.06,-0.1314,-0.0864,否
2026-05-20 14:36:11,观望,否,警戒,hk00700,腾讯,454.20,日线破位,无信号,向上,无信号,客观缠论信号为无信号，60分钟笔方向向上，中枢震荡，观望,494.60,486.20,460.20,-0.9586,-0.2760,否
2026-05-20 14:36:11,二买,否,警戒,hk09988,阿里巴巴,132.30,安全,二卖+二买,向下,顶背驰,客观缠论信号为二卖、二买，60分钟笔方向向下（寻底模式），因此实际交易动作是二买（笔方向向下时优先买点）,129.60,128.60,134.50,-0.1363,-0.0764,否
2026-05-20 14:36:11,二卖,否,警戒,hk01024,快手,47.56,安全,二卖,向上,底背驰,客观缠论信号为二卖，60分钟笔方向向上（冲顶模式），因此实际交易动作是二卖（笔方向向上时优先卖点）,51.00,43.00,49.40,-0.3256,-0.3195,否
2026-05-20 14:36:11,二卖,否,警戒,hk06618,京东健康,40.26,安全,二卖,向上,无信号,客观缠论信号为二卖，60分钟笔方向向上（冲顶模式），因此实际交易动作是二卖（笔方向向上时优先卖点）,39.65,40.70,45.30,-0.3764,-0.4410,否
2026-05-20 14:36:11,二买,否,警戒,hk06862,海底捞,14.29,安全,二卖+二买,向下,无信号,客观缠论信号为二卖、二买，60分钟笔方向向下（寻底模式），因此实际交易动作是二买（笔方向向下时优先买点）,13.47,14.16,14.59,-0.0054,-0.0146,否
2026-05-20 14:36:11,一卖,否,警戒,600415,小商品城,14.19,安全,一卖+二买,向上,无信号,客观缠论信号为一卖、二买，60分钟笔方向向上（冲顶模式），因此实际交易动作是一卖（趋势顶背驰卖出）,13.81,12.86,13.98,0.0577,0.0824,否
2026-05-20 14:36:11,观望,否,警戒,300285,国瓷材料,41.80,安全,二买,向上,无信号,客观缠论信号为二买，60分钟笔方向向上，中枢震荡，观望,32.60,35.16,41.99,0.1530,0.3810,否
2026-05-20 14:36:11,观望,否,警戒,600021,上海电力,18.74,安全,无信号,向上,无信号,客观缠论信号为无信号，60分钟笔方向向上，中枢震荡，观望,18.15,17.63,18.55,0.2805,0.3505,否
2026-05-20 14:36:11,观望,否,警戒,002517,恺英网络,17.05,安全,无信号,向下,无信号,客观缠论信号为无信号，60分钟笔方向向下，中枢震荡，观望,16.68,17.19,17.28,-0.0921,-0.0975,否
2026-05-20 14:36:11,观望,否,警戒,300474,景嘉微,65.53,安全,无信号,向下,无信号,客观缠论信号为无信号，60分钟笔方向向下，中枢震荡，观望,64.15,65.85,68.27,0.3171,0.2478,否
2026-05-20 14:36:11,观望,否,警戒,600909,华安证券,6.63,安全,二买,向上,无信号,客观缠论信号为二买，60分钟笔方向向上，中枢震荡，观望,6.01,6.04,6.36,0.1216,0.1297,否
2026-05-20 14:36:11,二买,否,警戒,603290,斯达半导,126.56,安全,二买+三买,向下,无信号,客观缠论信号为二买、三买，60分钟笔方向向下（寻底模式），因此实际交易动作是二买（笔方向向下时优先买点）,107.75,106.51,110.56,1.0329,0.9442,否
2026-05-20 14:36:11,观望,否,警戒,603296,华勤技术,110.00,安全,无信号,向下,无信号,客观缠论信号为无信号，60分钟笔方向向下，中枢震荡，观望,101.28,108.08,116.85,-0.0854,-0.6116,否

2026-05-20 14:51:11,观望,是,警戒,600900,长江电力,26.88,安全,二卖,向下,无信号,客观缠论信号为二卖，60分钟笔方向向下，中枢震荡，观望,27.18,26.66,27.03,-0.0497,-0.0206,否
2026-05-20 14:51:11,二买,是,警戒,600938,中国海油,37.68,安全,三卖+二买,向下,无信号,客观缠论信号为三卖、二买，60分钟笔方向向下（寻底模式），因此实际交易动作是二买（笔方向向下时优先买点）,34.06,35.29,37.85,0.2687,0.2804,否
2026-05-20 14:51:11,观望,是,警戒,688981,中芯国际,133.63,安全,二卖,向下,顶背驰,客观缠论信号为二卖，60分钟笔方向向下，中枢震荡，观望,100.13,113.50,125.00,4.2211,3.7711,否
2026-05-20 14:51:11,二买,是,警戒,000333,美的集团,81.47,安全,二买,向下,无信号,客观缠论信号为二买，60分钟笔方向向下（寻底模式），因此实际交易动作是二买（笔方向向下时优先买点）,79.18,79.63,80.98,0.0323,-0.0308,否
2026-05-20 14:51:11,观望,是,警戒,000001,平安银行,10.77,安全,二卖,向下,顶背驰,客观缠论信号为二卖，60分钟笔方向向下，中枢震荡，观望,10.78,10.67,11.03,-0.0280,-0.0255,否
2026-05-20 14:51:11,观望,是,警戒,001965,招商公路,9.93,安全,二买,向上,无信号,客观缠论信号为二买，60分钟笔方向向上，中枢震荡，观望,9.89,9.81,10.05,-0.0162,-0.0109,否
2026-05-20 14:51:11,观望,是,警戒,hk01810,小米集团,30.04,日线破位,二卖,向下,无信号,客观缠论信号为二卖，60分钟笔方向向下，中枢震荡，观望,32.78,30.26,30.74,-0.1412,-0.1503,否
2026-05-20 14:51:11,观望,是,警戒,513130,恒生科技ETF,0.61,安全,二卖,向下,无信号,客观缠论信号为二卖，60分钟笔方向向下，中枢震荡，观望,0.59,0.61,0.63,0.0003,-0.0002,否
2026-05-20 14:51:11,二卖,否,警戒,sh000001,上证指数,4152.67,安全,二卖+三买,向上,无信号,客观缠论信号为二卖、三买，60分钟笔方向向上（冲顶模式），因此实际交易动作是二卖（笔方向向上时优先卖点）,4101.83,4079.77,4092.83,4.2943,4.1954,否
2026-05-20 14:51:11,二卖,否,警戒,510300,沪深300ETF,4.87,安全,二卖,向上,无信号,客观缠论信号为二卖，60分钟笔方向向上（冲顶模式），因此实际交易动作是二卖（笔方向向上时优先卖点）,4.68,4.86,4.99,0.0048,0.0036,否
2026-05-20 14:51:11,观望,否,警戒,588000,科创50ETF,1.92,安全,无信号,向下,顶背驰,客观缠论信号为无信号，60分钟笔方向向下，中枢震荡，观望,1.55,1.71,1.82,0.0253,0.0260,否
2026-05-20 14:51:11,观望,否,警戒,513100,纳指ETF,2.05,安全,无信号,向下,无信号,客观缠论信号为无信号，60分钟笔方向向下，中枢震荡，观望,1.91,2.07,2.11,-0.0045,-0.0078,否
2026-05-20 14:51:11,观望,否,警戒,513520,日经ETF,2.03,安全,二卖,向下,无信号,客观缠论信号为二卖，60分钟笔方向向下，中枢震荡，观望,1.89,2.00,2.03,-0.0068,-0.0090,否
2026-05-20 14:51:11,观望,否,警戒,512400,有色金属ETF,1.98,安全,二卖,向下,底背驰,客观缠论信号为二卖，60分钟笔方向向下，中枢震荡，观望,2.11,1.96,1.98,-0.0001,-0.0054,否
2026-05-20 14:51:11,二买,否,警戒,512690,酒ETF,0.46,日线破位,二卖+二买,向下,无信号,客观缠论信号为二卖、二买，60分钟笔方向向下（寻底模式），因此实际交易动作是二买（笔方向向下时优先买点）,0.48,0.48,0.46,0.0005,0.0005,否
2026-05-20 14:51:11,二卖,否,警戒,159227,航空航天ETF,1.26,安全,二卖,向上,顶背驰,客观缠论信号为二卖，60分钟笔方向向上（冲顶模式），因此实际交易动作是二卖（笔方向向上时优先卖点）,1.20,1.30,1.29,-0.0037,-0.0037,否
2026-05-20 14:51:11,二卖,否,警戒,159992,创新药ETF,0.78,安全,二卖,向上,无信号,客观缠论信号为二卖，60分钟笔方向向上（冲顶模式），因此实际交易动作是二卖（笔方向向上时优先卖点）,0.79,0.77,0.83,-0.0000,-0.0007,否
2026-05-20 14:51:11,二卖,否,警戒,515050,通信ETF,1.14,安全,二卖,向上,无信号,客观缠论信号为二卖，60分钟笔方向向上（冲顶模式），因此实际交易动作是二卖（笔方向向上时优先卖点）,1.08,1.48,1.14,0.0027,0.0020,否
2026-05-20 14:51:11,观望,否,警戒,159915,创业板ETF,3.93,安全,无信号,向下,无信号,客观缠论信号为无信号，60分钟笔方向向下，中枢震荡，观望,3.24,3.61,3.97,0.0063,0.0051,否
2026-05-20 14:51:11,二买,否,警戒,588200,科创芯片ETF,3.75,安全,一卖+二买,向下,无信号,客观缠论信号为一卖、二买，60分钟笔方向向下（寻底模式），因此实际交易动作是二买（笔方向向下时优先买点）,2.65,3.20,3.34,0.0623,0.0615,否
2026-05-20 14:51:11,二卖,否,警戒,159755,电池ETF,1.17,安全,二卖,向上,无信号,客观缠论信号为二卖，60分钟笔方向向上（冲顶模式），因此实际交易动作是二卖（笔方向向上时优先卖点）,1.03,1.17,1.18,0.0033,0.0015,否
2026-05-20 14:51:11,二买,否,警戒,159899,软件ETF,0.84,安全,二卖+二买,向下,无信号,客观缠论信号为二卖、二买，60分钟笔方向向下（寻底模式），因此实际交易动作是二买（笔方向向下时优先买点）,0.83,0.85,0.85,-0.0020,-0.0012,否
2026-05-20 14:51:11,二卖,否,警戒,513360,教育ETF,0.49,日线破位,二卖,向上,无信号,客观缠论信号为二卖，60分钟笔方向向上（冲顶模式），因此实际交易动作是二卖（笔方向向上时优先卖点）,0.49,0.49,0.50,-0.0005,-0.0005,否
2026-05-20 14:51:11,二买,否,警戒,515790,光伏ETF,1.12,安全,二卖+二买,向下,无信号,客观缠论信号为二卖、二买，60分钟笔方向向下（寻底模式），因此实际交易动作是二买（笔方向向下时优先买点）,1.08,1.10,1.11,0.0048,0.0045,否
2026-05-20 14:51:11,二卖,否,警戒,603317,天味食品,16.10,安全,二卖,向上,无信号,客观缠论信号为二卖，60分钟笔方向向上（冲顶模式），因此实际交易动作是二卖（笔方向向上时优先卖点）,12.56,15.25,16.10,0.0565,0.0586,否
2026-05-20 14:51:11,观望,否,警戒,601668,中国建筑,4.85,日线破位,无信号,向下,无信号,客观缠论信号为无信号，60分钟笔方向向下，中枢震荡，观望,4.88,4.91,4.85,-0.0155,-0.0141,否
2026-05-20 14:51:11,二卖,否,警戒,601288,农业银行,6.48,日线破位,二卖,向上,底背驰,客观缠论信号为二卖，60分钟笔方向向上（冲顶模式），因此实际交易动作是二卖（笔方向向上时优先卖点）,6.53,6.53,6.68,-0.0407,-0.0359,否
2026-05-20 14:51:11,二买,否,警戒,601728,中国电信,6.67,日线破位,二买,向下,无信号,客观缠论信号为二买，60分钟笔方向向下（寻底模式），因此实际交易动作是二买（笔方向向下时优先买点）,7.29,6.80,6.42,-0.0503,-0.0388,否
2026-05-20 14:51:11,三买,否,警戒,600276,恒瑞医药,50.97,日线破位,三买,向下,无信号,客观缠论信号为三买，60分钟笔方向向下（寻底模式），因此实际交易动作是三买（突破回踩买入）,51.31,52.41,53.92,-0.3080,-0.3993,否
2026-05-20 14:51:11,二卖,否,警戒,600177,雅戈尔,7.43,安全,二卖,向上,无信号,客观缠论信号为二卖，60分钟笔方向向上（冲顶模式），因此实际交易动作是二卖（笔方向向上时优先卖点）,7.50,7.25,7.53,-0.0225,-0.0211,否
2026-05-20 14:51:11,观望,否,警戒,600887,伊利股份,27.08,安全,二卖,向下,无信号,客观缠论信号为二卖，60分钟笔方向向下，中枢震荡，观望,27.11,26.92,27.60,-0.0447,-0.0351,否
2026-05-20 14:51:11,观望,否,警戒,601138,工业富联,67.78,安全,二卖,向下,无信号,客观缠论信号为二卖，60分钟笔方向向下，中枢震荡，观望,64.65,62.77,66.91,-0.2342,-0.3290,否
2026-05-20 14:51:11,二卖,否,警戒,688041,海光信息,315.31,安全,二卖,向上,无信号,客观缠论信号为二卖，60分钟笔方向向上（冲顶模式），因此实际交易动作是二卖（笔方向向上时优先卖点）,246.00,320.01,355.50,2.6024,3.0563,否
2026-05-20 14:51:11,二买,否,警戒,601225,陕西煤业,24.15,日线破位,二买,向下,无信号,客观缠论信号为二买，60分钟笔方向向下（寻底模式），因此实际交易动作是二买（笔方向向下时优先买点）,25.15,24.22,24.64,-0.0278,-0.0012,否
2026-05-20 14:51:11,二卖,否,警戒,600660,福耀玻璃,54.21,日线破位,二卖,向上,无信号,客观缠论信号为二卖，60分钟笔方向向上（冲顶模式），因此实际交易动作是二卖（笔方向向上时优先卖点）,55.27,55.65,58.35,-0.2205,-0.2242,否
2026-05-20 14:51:11,观望,否,警戒,000429,粤高速A,13.24,安全,二卖,向下,顶背驰,客观缠论信号为二卖，60分钟笔方向向下，中枢震荡，观望,12.70,12.86,13.13,0.0502,0.0446,否
2026-05-20 14:51:11,二卖,否,警戒,002507,涪陵榨菜,11.92,日线破位,二卖,向上,无信号,客观缠论信号为二卖，60分钟笔方向向上（冲顶模式），因此实际交易动作是二卖（笔方向向上时优先卖点）,12.23,12.15,12.33,-0.0102,-0.0040,否
2026-05-20 14:51:11,观望,否,警戒,000338,潍柴动力,32.68,安全,二卖,向下,无信号,客观缠论信号为二卖，60分钟笔方向向下，中枢震荡，观望,25.92,31.76,33.43,-0.0899,-0.1920,否
2026-05-20 14:51:11,二买,否,警戒,000538,云南白药,50.80,日线破位,二卖+二买,向下,顶背驰,客观缠论信号为二卖、二买，60分钟笔方向向下（寻底模式），因此实际交易动作是二买（笔方向向下时优先买点）,54.40,54.40,51.23,-0.0151,-0.0087,否
2026-05-20 14:51:11,观望,否,警戒,000423,东阿阿胶,50.61,安全,无信号,向下,无信号,客观缠论信号为无信号，60分钟笔方向向下，中枢震荡，观望,50.16,49.78,54.45,-0.1149,-0.1497,否
2026-05-20 14:51:11,二卖,否,警戒,000651,格力电器,39.54,安全,二卖,向上,无信号,客观缠论信号为二卖，60分钟笔方向向上（冲顶模式），因此实际交易动作是二卖（笔方向向上时优先卖点）,40.00,39.51,40.57,-0.0379,-0.0598,否
2026-05-20 14:51:11,二卖,否,警戒,000895,双汇发展,26.26,安全,二卖,向上,无信号,客观缠论信号为二卖，60分钟笔方向向上（冲顶模式），因此实际交易动作是二卖（笔方向向上时优先卖点）,25.75,26.51,26.82,-0.0160,-0.0033,否
2026-05-20 14:51:11,一卖,否,警戒,002415,海康威视,32.52,安全,一卖,向上,无信号,客观缠论信号为一卖，60分钟笔方向向上（冲顶模式），因此实际交易动作是一卖（趋势顶背驰卖出）,31.96,33.30,33.25,-0.1415,-0.1048,否
2026-05-20 14:51:11,观望,否,警戒,000157,中联重科,7.24,安全,二卖,向下,顶背驰,客观缠论信号为二卖，60分钟笔方向向下，中枢震荡，观望,7.18,7.22,7.94,-0.0107,-0.0253,否
2026-05-20 14:51:11,观望,否,警戒,002128,电投能源,29.60,安全,二卖,向下,无信号,客观缠论信号为二卖，60分钟笔方向向下，中枢震荡，观望,29.02,28.68,30.63,-0.0872,-0.1125,否
2026-05-20 14:51:11,观望,否,警戒,002027,分众传媒,5.66,日线破位,二卖,向下,无信号,客观缠论信号为二卖，60分钟笔方向向下，中枢震荡，观望,6.16,6.22,6.36,-0.0321,-0.0333,否
2026-05-20 14:51:11,二买,否,警戒,hk03690,美团,82.80,安全,二买,向下,无信号,客观缠论信号为二买，60分钟笔方向向下（寻底模式），因此实际交易动作是二买（笔方向向下时优先买点）,78.70,82.40,84.55,-0.0356,0.0183,否
2026-05-20 14:51:11,二买,否,警戒,hk03896,金山云,7.31,安全,二卖+二买,向下,无信号,客观缠论信号为二卖、二买，60分钟笔方向向下（寻底模式），因此实际交易动作是二买（笔方向向下时优先买点）,6.23,6.84,8.06,-0.1314,-0.0864,否
2026-05-20 14:51:11,观望,否,警戒,hk00700,腾讯,454.20,日线破位,无信号,向上,无信号,客观缠论信号为无信号，60分钟笔方向向上，中枢震荡，观望,494.60,486.20,460.20,-0.9586,-0.2760,否
2026-05-20 14:51:11,二买,否,警戒,hk09988,阿里巴巴,131.50,安全,二卖+二买,向下,顶背驰,客观缠论信号为二卖、二买，60分钟笔方向向下（寻底模式），因此实际交易动作是二买（笔方向向下时优先买点）,129.60,128.60,134.50,-0.2185,-0.1049,否
2026-05-20 14:51:11,二卖,否,警戒,hk01024,快手,47.50,安全,二卖,向上,无信号,客观缠论信号为二卖，60分钟笔方向向上（冲顶模式），因此实际交易动作是二卖（笔方向向上时优先卖点）,51.00,43.00,49.40,-0.3147,-0.3186,否
2026-05-20 14:51:11,二卖,否,警戒,hk06618,京东健康,40.16,安全,二卖,向上,无信号,客观缠论信号为二卖，60分钟笔方向向上（冲顶模式），因此实际交易动作是二卖（笔方向向上时优先卖点）,39.65,40.70,45.30,-0.3622,-0.4252,否
2026-05-20 14:51:11,二买,否,警戒,hk06862,海底捞,14.29,安全,二卖+二买,向下,无信号,客观缠论信号为二卖、二买，60分钟笔方向向下（寻底模式），因此实际交易动作是二买（笔方向向下时优先买点）,13.47,14.16,14.59,-0.0054,-0.0146,否
2026-05-20 14:51:11,一卖,否,警戒,600415,小商品城,14.19,安全,一卖+二买,向上,无信号,客观缠论信号为一卖、二买，60分钟笔方向向上（冲顶模式），因此实际交易动作是一卖（趋势顶背驰卖出）,13.81,12.86,13.98,0.0577,0.0824,否
2026-05-20 14:51:11,观望,否,警戒,300285,国瓷材料,41.80,安全,二买,向上,无信号,客观缠论信号为二买，60分钟笔方向向上，中枢震荡，观望,32.60,35.16,41.99,0.1530,0.3810,否
2026-05-20 14:51:11,观望,否,警戒,600021,上海电力,18.74,安全,无信号,向上,无信号,客观缠论信号为无信号，60分钟笔方向向上，中枢震荡，观望,18.15,17.63,18.55,0.2805,0.3505,否
2026-05-20 14:51:11,观望,否,警戒,002517,恺英网络,16.98,安全,无信号,向下,无信号,客观缠论信号为无信号，60分钟笔方向向下，中枢震荡，观望,16.68,17.19,17.28,-0.0907,-0.0941,否
2026-05-20 14:51:11,观望,否,警戒,300474,景嘉微,65.53,安全,无信号,向下,无信号,客观缠论信号为无信号，60分钟笔方向向下，中枢震荡，观望,64.15,65.85,68.27,0.3171,0.2478,否
2026-05-20 14:51:11,观望,否,警戒,600909,华安证券,6.63,安全,二买,向上,无信号,客观缠论信号为二买，60分钟笔方向向上，中枢震荡，观望,6.01,6.04,6.36,0.1216,0.1297,否
2026-05-20 14:51:11,二买,否,警戒,603290,斯达半导,126.56,安全,二买+三买,向下,无信号,客观缠论信号为二买、三买，60分钟笔方向向下（寻底模式），因此实际交易动作是二买（笔方向向下时优先买点）,107.75,106.51,110.56,1.0329,0.9442,否
2026-05-20 14:51:11,观望,否,警戒,603296,华勤技术,110.00,安全,无信号,向下,无信号,客观缠论信号为无信号，60分钟笔方向向下，中枢震荡，观望,101.28,108.08,116.85,-0.0854,-0.6116,否

2026-05-20 15:17:39,观望,是,警戒,600900,长江电力,26.88,安全,二卖,向下,无信号,客观缠论信号为二卖，60分钟笔方向向下，中枢震荡，观望,27.18,26.66,26.96,-0.0497,-0.0206,否
2026-05-20 15:17:39,二买,是,警戒,600938,中国海油,37.68,安全,三卖+二买,向下,无信号,客观缠论信号为三卖、二买，60分钟笔方向向下（寻底模式），因此实际交易动作是二买（笔方向向下时优先买点）,34.06,35.29,37.85,0.2687,0.2804,否
2026-05-20 15:17:39,观望,是,警戒,688981,中芯国际,133.63,安全,二卖,向下,顶背驰,客观缠论信号为二卖，60分钟笔方向向下，中枢震荡，观望,100.13,113.50,125.00,4.2211,3.7711,否
2026-05-20 15:17:39,二买,是,警戒,000333,美的集团,81.47,安全,二买,向下,无信号,客观缠论信号为二买，60分钟笔方向向下（寻底模式），因此实际交易动作是二买（笔方向向下时优先买点）,79.18,79.63,80.98,0.0323,-0.0308,否
2026-05-20 15:17:39,观望,是,警戒,000001,平安银行,10.77,安全,二卖,向下,顶背驰,客观缠论信号为二卖，60分钟笔方向向下，中枢震荡，观望,10.78,10.67,11.03,-0.0280,-0.0255,否
2026-05-20 15:17:39,观望,是,警戒,001965,招商公路,9.93,安全,二买,向上,无信号,客观缠论信号为二买，60分钟笔方向向上，中枢震荡，观望,9.89,9.81,10.05,-0.0162,-0.0109,否
2026-05-20 15:17:39,观望,是,警戒,hk01810,小米集团,30.04,日线破位,二卖,向下,无信号,客观缠论信号为二卖，60分钟笔方向向下，中枢震荡，观望,32.78,30.26,30.74,-0.1412,-0.1503,否
2026-05-20 15:17:39,观望,是,警戒,513130,恒生科技ETF,0.61,安全,二卖,向下,无信号,客观缠论信号为二卖，60分钟笔方向向下，中枢震荡，观望,0.59,0.61,0.63,0.0003,-0.0002,否
2026-05-20 15:17:39,二卖,否,警戒,sh000001,上证指数,4152.67,安全,二卖+三买,向上,无信号,客观缠论信号为二卖、三买，60分钟笔方向向上（冲顶模式），因此实际交易动作是二卖（笔方向向上时优先卖点）,4101.83,4079.77,4092.83,4.2943,4.1954,否
2026-05-20 15:17:39,二卖,否,警戒,510300,沪深300ETF,4.87,安全,二卖,向上,无信号,客观缠论信号为二卖，60分钟笔方向向上（冲顶模式），因此实际交易动作是二卖（笔方向向上时优先卖点）,4.68,4.86,4.99,0.0048,0.0036,否
2026-05-20 15:17:39,观望,否,警戒,588000,科创50ETF,1.92,安全,无信号,向下,顶背驰,客观缠论信号为无信号，60分钟笔方向向下，中枢震荡，观望,1.55,1.71,1.82,0.0253,0.0260,否
2026-05-20 15:17:39,观望,否,警戒,513100,纳指ETF,2.05,安全,无信号,向下,无信号,客观缠论信号为无信号，60分钟笔方向向下，中枢震荡，观望,1.91,2.07,2.11,-0.0045,-0.0078,否
2026-05-20 15:17:39,观望,否,警戒,513520,日经ETF,2.03,安全,二卖,向下,无信号,客观缠论信号为二卖，60分钟笔方向向下，中枢震荡，观望,1.89,2.00,2.03,-0.0068,-0.0090,否
2026-05-20 15:17:39,观望,否,警戒,512400,有色金属ETF,1.98,安全,二卖,向下,底背驰,客观缠论信号为二卖，60分钟笔方向向下，中枢震荡，观望,2.11,1.96,1.98,-0.0001,-0.0054,否
2026-05-20 15:17:39,二买,否,警戒,512690,酒ETF,0.46,日线破位,二卖+二买,向下,无信号,客观缠论信号为二卖、二买，60分钟笔方向向下（寻底模式），因此实际交易动作是二买（笔方向向下时优先买点）,0.48,0.48,0.46,0.0005,0.0005,否
2026-05-20 15:17:39,二卖,否,警戒,159227,航空航天ETF,1.26,安全,二卖,向上,顶背驰,客观缠论信号为二卖，60分钟笔方向向上（冲顶模式），因此实际交易动作是二卖（笔方向向上时优先卖点）,1.20,1.30,1.29,-0.0037,-0.0037,否
2026-05-20 15:17:39,二卖,否,警戒,159992,创新药ETF,0.78,安全,二卖,向上,无信号,客观缠论信号为二卖，60分钟笔方向向上（冲顶模式），因此实际交易动作是二卖（笔方向向上时优先卖点）,0.79,0.77,0.83,-0.0000,-0.0007,否
2026-05-20 15:17:39,二卖,否,警戒,515050,通信ETF,1.14,安全,二卖,向上,无信号,客观缠论信号为二卖，60分钟笔方向向上（冲顶模式），因此实际交易动作是二卖（笔方向向上时优先卖点）,1.08,1.48,1.14,0.0027,0.0020,否
2026-05-20 15:17:39,观望,否,警戒,159915,创业板ETF,3.93,安全,无信号,向下,无信号,客观缠论信号为无信号，60分钟笔方向向下，中枢震荡，观望,3.24,3.61,3.97,0.0063,0.0051,否
2026-05-20 15:17:39,二买,否,警戒,588200,科创芯片ETF,3.75,安全,一卖+二买,向下,无信号,客观缠论信号为一卖、二买，60分钟笔方向向下（寻底模式），因此实际交易动作是二买（笔方向向下时优先买点）,2.65,3.20,3.34,0.0623,0.0615,否
2026-05-20 15:17:39,二卖,否,警戒,159755,电池ETF,1.17,安全,一卖+二卖,向上,无信号,客观缠论信号为一卖、二卖，60分钟笔方向向上（冲顶模式），因此实际交易动作是二卖（笔方向向上时优先卖点）,1.03,1.17,1.18,0.0033,0.0015,否
2026-05-20 15:17:39,二买,否,警戒,159899,软件ETF,0.84,安全,二卖+二买,向下,无信号,客观缠论信号为二卖、二买，60分钟笔方向向下（寻底模式），因此实际交易动作是二买（笔方向向下时优先买点）,0.83,0.85,0.85,-0.0020,-0.0012,否
2026-05-20 15:17:39,二卖,否,警戒,513360,教育ETF,0.49,日线破位,二卖,向上,无信号,客观缠论信号为二卖，60分钟笔方向向上（冲顶模式），因此实际交易动作是二卖（笔方向向上时优先卖点）,0.49,0.49,0.50,-0.0005,-0.0005,否
2026-05-20 15:17:39,观望,否,警戒,515790,光伏ETF,1.12,安全,二买,向上,无信号,客观缠论信号为二买，60分钟笔方向向上，中枢震荡，观望,1.08,1.10,1.11,0.0048,0.0045,否
2026-05-20 15:17:39,二卖,否,警戒,603317,天味食品,16.10,安全,二卖+一买,向上,无信号,客观缠论信号为二卖、一买，60分钟笔方向向上（冲顶模式），因此实际交易动作是二卖（笔方向向上时优先卖点）,12.56,15.25,16.24,0.0565,0.0586,否
2026-05-20 15:17:39,观望,否,警戒,601668,中国建筑,4.85,日线破位,无信号,向下,无信号,客观缠论信号为无信号，60分钟笔方向向下，中枢震荡，观望,4.88,4.91,4.85,-0.0155,-0.0141,否
2026-05-20 15:17:39,二卖,否,警戒,601288,农业银行,6.48,日线破位,二卖,向上,底背驰,客观缠论信号为二卖，60分钟笔方向向上（冲顶模式），因此实际交易动作是二卖（笔方向向上时优先卖点）,6.53,6.53,6.68,-0.0407,-0.0359,否
2026-05-20 15:17:39,二买,否,警戒,601728,中国电信,6.67,日线破位,二买,向下,无信号,客观缠论信号为二买，60分钟笔方向向下（寻底模式），因此实际交易动作是二买（笔方向向下时优先买点）,7.29,6.80,6.42,-0.0503,-0.0388,否
2026-05-20 15:17:39,三买,否,警戒,600276,恒瑞医药,50.97,日线破位,三买,向下,无信号,客观缠论信号为三买，60分钟笔方向向下（寻底模式），因此实际交易动作是三买（突破回踩买入）,51.31,52.41,53.92,-0.3080,-0.3993,否
2026-05-20 15:17:39,二卖,否,警戒,600177,雅戈尔,7.43,安全,二卖,向上,无信号,客观缠论信号为二卖，60分钟笔方向向上（冲顶模式），因此实际交易动作是二卖（笔方向向上时优先卖点）,7.50,7.25,7.53,-0.0225,-0.0211,否
2026-05-20 15:17:39,观望,否,警戒,600887,伊利股份,27.08,安全,二卖,向下,无信号,客观缠论信号为二卖，60分钟笔方向向下，中枢震荡，观望,27.11,26.92,27.60,-0.0447,-0.0351,否
2026-05-20 15:17:39,观望,否,警戒,601138,工业富联,67.78,安全,二卖,向下,无信号,客观缠论信号为二卖，60分钟笔方向向下，中枢震荡，观望,64.65,62.77,71.76,-0.2342,-0.3290,否
2026-05-20 15:17:39,二卖,否,警戒,688041,海光信息,315.31,安全,二卖,向上,无信号,客观缠论信号为二卖，60分钟笔方向向上（冲顶模式），因此实际交易动作是二卖（笔方向向上时优先卖点）,246.00,320.01,355.50,2.6024,3.0563,否
2026-05-20 15:17:39,二卖,否,警戒,601225,陕西煤业,24.15,日线破位,二卖+二买,向上,无信号,客观缠论信号为二卖、二买，60分钟笔方向向上（冲顶模式），因此实际交易动作是二卖（笔方向向上时优先卖点）,25.15,24.22,24.64,-0.0278,-0.0012,否
2026-05-20 15:17:39,二卖,否,警戒,600660,福耀玻璃,54.21,日线破位,二卖,向上,无信号,客观缠论信号为二卖，60分钟笔方向向上（冲顶模式），因此实际交易动作是二卖（笔方向向上时优先卖点）,55.27,55.65,58.35,-0.2205,-0.2242,否
2026-05-20 15:17:39,观望,否,警戒,000429,粤高速A,13.24,安全,二卖,向下,顶背驰,客观缠论信号为二卖，60分钟笔方向向下，中枢震荡，观望,12.70,12.86,13.13,0.0502,0.0446,否
2026-05-20 15:17:39,二卖,否,警戒,002507,涪陵榨菜,11.92,日线破位,二卖,向上,无信号,客观缠论信号为二卖，60分钟笔方向向上（冲顶模式），因此实际交易动作是二卖（笔方向向上时优先卖点）,12.23,12.15,12.33,-0.0102,-0.0040,否
2026-05-20 15:17:39,观望,否,警戒,000338,潍柴动力,32.68,安全,二卖,向下,无信号,客观缠论信号为二卖，60分钟笔方向向下，中枢震荡，观望,25.92,31.76,33.43,-0.0899,-0.1920,否
2026-05-20 15:17:39,二买,否,警戒,000538,云南白药,50.80,日线破位,二卖+二买,向下,顶背驰,客观缠论信号为二卖、二买，60分钟笔方向向下（寻底模式），因此实际交易动作是二买（笔方向向下时优先买点）,54.40,54.40,51.23,-0.0151,-0.0087,否
2026-05-20 15:17:39,二卖,否,警戒,000423,东阿阿胶,50.61,安全,二卖,向上,无信号,客观缠论信号为二卖，60分钟笔方向向上（冲顶模式），因此实际交易动作是二卖（笔方向向上时优先卖点）,50.16,49.78,54.45,-0.1149,-0.1497,否
2026-05-20 15:17:39,二卖,否,警戒,000651,格力电器,39.54,安全,二卖,向上,无信号,客观缠论信号为二卖，60分钟笔方向向上（冲顶模式），因此实际交易动作是二卖（笔方向向上时优先卖点）,40.00,39.51,40.57,-0.0379,-0.0598,否
2026-05-20 15:17:39,二卖,否,警戒,000895,双汇发展,26.26,安全,二卖,向上,无信号,客观缠论信号为二卖，60分钟笔方向向上（冲顶模式），因此实际交易动作是二卖（笔方向向上时优先卖点）,25.75,26.51,26.82,-0.0160,-0.0033,否
2026-05-20 15:17:39,一卖,否,警戒,002415,海康威视,32.52,安全,一卖,向上,无信号,客观缠论信号为一卖，60分钟笔方向向上（冲顶模式），因此实际交易动作是一卖（趋势顶背驰卖出）,31.96,33.30,33.25,-0.1415,-0.1048,否
2026-05-20 15:17:39,观望,否,警戒,000157,中联重科,7.24,安全,二卖,向下,顶背驰,客观缠论信号为二卖，60分钟笔方向向下，中枢震荡，观望,7.18,7.22,7.94,-0.0107,-0.0253,否
2026-05-20 15:17:39,观望,否,警戒,002128,电投能源,29.60,安全,二卖,向下,无信号,客观缠论信号为二卖，60分钟笔方向向下，中枢震荡，观望,29.02,28.68,30.63,-0.0872,-0.1125,否
2026-05-20 15:17:39,观望,否,警戒,002027,分众传媒,5.66,日线破位,二卖,向下,无信号,客观缠论信号为二卖，60分钟笔方向向下，中枢震荡，观望,6.16,6.22,6.36,-0.0321,-0.0333,否
2026-05-20 15:17:39,二买,否,警戒,hk03690,美团,82.90,安全,二买,向下,无信号,客观缠论信号为二买，60分钟笔方向向下（寻底模式），因此实际交易动作是二买（笔方向向下时优先买点）,78.70,82.40,84.55,-0.0186,-0.0114,否
2026-05-20 15:17:39,二买,否,警戒,hk03896,金山云,7.31,安全,二卖+二买,向下,无信号,客观缠论信号为二卖、二买，60分钟笔方向向下（寻底模式），因此实际交易动作是二买（笔方向向下时优先买点）,6.23,6.84,8.06,-0.1314,-0.0864,否
2026-05-20 15:17:39,观望,否,警戒,hk00700,腾讯,454.20,日线破位,无信号,向上,无信号,客观缠论信号为无信号，60分钟笔方向向上，中枢震荡，观望,494.60,486.20,460.20,-0.9586,-0.2760,否
2026-05-20 15:17:39,二买,否,警戒,hk09988,阿里巴巴,131.50,安全,二卖+二买,向下,顶背驰,客观缠论信号为二卖、二买，60分钟笔方向向下（寻底模式），因此实际交易动作是二买（笔方向向下时优先买点）,129.60,128.60,134.50,-0.2185,-0.1049,否
2026-05-20 15:17:39,二卖,否,警戒,hk01024,快手,47.50,安全,二卖,向上,无信号,客观缠论信号为二卖，60分钟笔方向向上（冲顶模式），因此实际交易动作是二卖（笔方向向上时优先卖点）,51.00,43.00,49.40,-0.3147,-0.3186,否
2026-05-20 15:17:39,二卖,否,警戒,hk06618,京东健康,40.16,安全,二卖,向上,无信号,客观缠论信号为二卖，60分钟笔方向向上（冲顶模式），因此实际交易动作是二卖（笔方向向上时优先卖点）,39.65,40.70,45.30,-0.3622,-0.4252,否
2026-05-20 15:17:39,二买,否,警戒,hk06862,海底捞,14.23,安全,二卖+二买,向下,顶背驰,客观缠论信号为二卖、二买，60分钟笔方向向下（寻底模式），因此实际交易动作是二买（笔方向向下时优先买点）,13.47,14.16,14.59,-0.0098,-0.0079,否
2026-05-20 15:17:39,一卖,否,警戒,600415,小商品城,14.19,安全,一卖+二买,向上,无信号,客观缠论信号为一卖、二买，60分钟笔方向向上（冲顶模式），因此实际交易动作是一卖（趋势顶背驰卖出）,13.81,12.86,13.98,0.0577,0.0824,否
2026-05-20 15:17:39,观望,否,警戒,300285,国瓷材料,41.80,安全,二买,向上,无信号,客观缠论信号为二买，60分钟笔方向向上，中枢震荡，观望,32.60,35.16,41.99,0.1530,0.3810,否
2026-05-20 15:17:39,观望,否,警戒,600021,上海电力,18.74,安全,无信号,向上,无信号,客观缠论信号为无信号，60分钟笔方向向上，中枢震荡，观望,18.15,17.63,18.55,0.2805,0.3505,否
2026-05-20 15:17:39,观望,否,警戒,002517,恺英网络,16.98,安全,无信号,向下,无信号,客观缠论信号为无信号，60分钟笔方向向下，中枢震荡，观望,16.68,17.19,17.28,-0.0907,-0.0941,否
2026-05-20 15:17:39,观望,否,警戒,300474,景嘉微,65.53,安全,无信号,向下,无信号,客观缠论信号为无信号，60分钟笔方向向下，中枢震荡，观望,64.15,65.85,68.27,0.3171,0.2478,否
2026-05-20 15:17:39,观望,否,警戒,600909,华安证券,6.63,安全,二买,向上,无信号,客观缠论信号为二买，60分钟笔方向向上，中枢震荡，观望,6.01,6.04,6.36,0.1216,0.1297,否
2026-05-20 15:17:39,二买,否,警戒,603290,斯达半导,126.56,安全,二买+三买,向下,无信号,客观缠论信号为二买、三买，60分钟笔方向向下（寻底模式），因此实际交易动作是二买（笔方向向下时优先买点）,107.75,106.51,110.56,1.0329,0.9442,否
2026-05-20 15:17:39,观望,否,警戒,603296,华勤技术,110.00,安全,无信号,向下,无信号,客观缠论信号为无信号，60分钟笔方向向下，中枢震荡，观望,101.28,108.08,116.85,-0.0854,-0.6116,否

2026-05-20 16:21:11,观望,是,警戒,600900,长江电力,26.88,安全,二卖,向下,无信号,客观缠论信号为二卖，60分钟笔方向向下，中枢震荡，观望,26.66,26.90,26.96,-0.0497,-0.0206,否
2026-05-20 16:21:11,二买,是,警戒,600938,中国海油,37.68,安全,三卖+二买,向下,无信号,客观缠论信号为三卖、二买，60分钟笔方向向下（寻底模式），因此实际交易动作是二买（笔方向向下时优先买点）,34.06,35.29,37.85,0.2687,0.2804,否
2026-05-20 16:21:11,观望,是,警戒,688981,中芯国际,133.63,安全,二卖,向下,顶背驰,客观缠论信号为二卖，60分钟笔方向向下，中枢震荡，观望,129.16,124.60,125.00,4.2211,3.7711,否
2026-05-20 16:21:11,二买,是,警戒,000333,美的集团,81.47,安全,二买,向下,无信号,客观缠论信号为二买，60分钟笔方向向下（寻底模式），因此实际交易动作是二买（笔方向向下时优先买点）,79.18,79.63,80.98,0.0323,-0.0308,否
2026-05-20 16:21:11,观望,是,警戒,000001,平安银行,10.77,安全,二卖,向下,顶背驰,客观缠论信号为二卖，60分钟笔方向向下，中枢震荡，观望,10.78,10.67,11.03,-0.0280,-0.0255,否
2026-05-20 16:21:11,观望,是,警戒,001965,招商公路,9.93,安全,二买,向上,无信号,客观缠论信号为二买，60分钟笔方向向上，中枢震荡，观望,9.68,9.78,10.05,-0.0162,-0.0109,否
2026-05-20 16:21:11,观望,是,警戒,hk01810,小米集团,30.04,日线破位,二卖,向下,无信号,客观缠论信号为二卖，60分钟笔方向向下，中枢震荡，观望,32.78,30.26,30.74,-0.1412,-0.1503,否
2026-05-20 16:21:11,观望,是,警戒,513130,恒生科技ETF,0.61,安全,二卖,向下,无信号,客观缠论信号为二卖，60分钟笔方向向下，中枢震荡，观望,0.59,0.61,0.63,0.0003,-0.0002,否
2026-05-20 16:21:11,二买,否,警戒,sh000001,上证指数,4152.67,安全,二卖+二买+三买,向下,无信号,客观缠论信号为二卖、二买、三买，60分钟笔方向向下（寻底模式），因此实际交易动作是二买（笔方向向下时优先买点）,4101.83,4079.77,4092.83,4.2943,4.1954,否
2026-05-20 16:21:11,二卖,否,警戒,510300,沪深300ETF,4.87,安全,二卖,向上,无信号,客观缠论信号为二卖，60分钟笔方向向上（冲顶模式），因此实际交易动作是二卖（笔方向向上时优先卖点）,4.68,4.86,4.99,0.0048,0.0036,否
2026-05-20 16:21:11,观望,否,警戒,588000,科创50ETF,1.92,安全,无信号,向下,顶背驰,客观缠论信号为无信号，60分钟笔方向向下，中枢震荡，观望,1.55,1.71,1.82,0.0253,0.0260,否
2026-05-20 16:21:11,观望,否,警戒,513100,纳指ETF,2.05,安全,无信号,向下,无信号,客观缠论信号为无信号，60分钟笔方向向下，中枢震荡，观望,1.91,2.07,2.11,-0.0045,-0.0078,否
2026-05-20 16:21:11,观望,否,警戒,513520,日经ETF,2.03,安全,二卖,向下,无信号,客观缠论信号为二卖，60分钟笔方向向下，中枢震荡，观望,1.89,2.00,2.03,-0.0068,-0.0090,否
2026-05-20 16:21:11,观望,否,警戒,512400,有色金属ETF,1.98,安全,二卖,向下,底背驰,客观缠论信号为二卖，60分钟笔方向向下，中枢震荡，观望,2.11,1.96,1.98,-0.0001,-0.0054,否
2026-05-20 16:21:11,二买,否,警戒,512690,酒ETF,0.46,日线破位,二卖+二买,向下,无信号,客观缠论信号为二卖、二买，60分钟笔方向向下（寻底模式），因此实际交易动作是二买（笔方向向下时优先买点）,0.48,0.48,0.46,0.0005,0.0005,否
2026-05-20 16:21:11,二卖,否,警戒,159227,航空航天ETF,1.26,安全,二卖,向上,顶背驰,客观缠论信号为二卖，60分钟笔方向向上（冲顶模式），因此实际交易动作是二卖（笔方向向上时优先卖点）,1.20,1.23,1.29,-0.0037,-0.0037,否
2026-05-20 16:21:11,二卖,否,警戒,159992,创新药ETF,0.78,安全,二卖,向上,无信号,客观缠论信号为二卖，60分钟笔方向向上（冲顶模式），因此实际交易动作是二卖（笔方向向上时优先卖点）,0.79,0.77,0.83,-0.0000,-0.0007,否
2026-05-20 16:21:11,二卖,否,警戒,515050,通信ETF,1.14,安全,二卖,向上,无信号,客观缠论信号为二卖，60分钟笔方向向上（冲顶模式），因此实际交易动作是二卖（笔方向向上时优先卖点）,1.08,1.48,1.14,0.0027,0.0020,否
2026-05-20 16:21:11,观望,否,警戒,159915,创业板ETF,3.93,安全,无信号,向下,无信号,客观缠论信号为无信号，60分钟笔方向向下，中枢震荡，观望,3.24,3.61,3.97,0.0063,0.0051,否
2026-05-20 16:21:11,二买,否,警戒,588200,科创芯片ETF,3.75,安全,一卖+二买,向下,无信号,客观缠论信号为一卖、二买，60分钟笔方向向下（寻底模式），因此实际交易动作是二买（笔方向向下时优先买点）,2.65,3.20,3.34,0.0623,0.0615,否
2026-05-20 16:21:11,二卖,否,警戒,159755,电池ETF,1.17,安全,一卖+二卖,向上,无信号,客观缠论信号为一卖、二卖，60分钟笔方向向上（冲顶模式），因此实际交易动作是二卖（笔方向向上时优先卖点）,1.03,1.17,1.18,0.0033,0.0015,否
2026-05-20 16:21:11,二买,否,警戒,159899,软件ETF,0.84,安全,二卖+二买,向下,无信号,客观缠论信号为二卖、二买，60分钟笔方向向下（寻底模式），因此实际交易动作是二买（笔方向向下时优先买点）,0.83,0.83,0.85,-0.0020,-0.0012,否
2026-05-20 16:21:11,二卖,否,警戒,513360,教育ETF,0.49,日线破位,二卖,向上,无信号,客观缠论信号为二卖，60分钟笔方向向上（冲顶模式），因此实际交易动作是二卖（笔方向向上时优先卖点）,0.49,0.49,0.50,-0.0005,-0.0005,否
2026-05-20 16:21:11,观望,否,警戒,515790,光伏ETF,1.13,安全,二买,向上,无信号,客观缠论信号为二买，60分钟笔方向向上，中枢震荡，观望,1.08,1.10,1.11,0.0048,0.0046,否
2026-05-20 16:21:11,二卖,否,警戒,603317,天味食品,16.10,安全,二卖+一买,向上,无信号,客观缠论信号为二卖、一买，60分钟笔方向向上（冲顶模式），因此实际交易动作是二卖（笔方向向上时优先卖点）,12.98,15.50,16.24,0.0565,0.0586,否
2026-05-20 16:21:11,观望,否,警戒,601668,中国建筑,4.85,日线破位,无信号,向下,无信号,客观缠论信号为无信号，60分钟笔方向向下，中枢震荡，观望,4.88,4.91,4.85,-0.0155,-0.0141,否
2026-05-20 16:21:11,二卖,否,警戒,601288,农业银行,6.48,日线破位,二卖,向上,底背驰,客观缠论信号为二卖，60分钟笔方向向上（冲顶模式），因此实际交易动作是二卖（笔方向向上时优先卖点）,6.53,6.53,6.68,-0.0407,-0.0359,否
2026-05-20 16:21:11,二买,否,警戒,601728,中国电信,6.67,安全,二买,向下,无信号,客观缠论信号为二买，60分钟笔方向向下（寻底模式），因此实际交易动作是二买（笔方向向下时优先买点）,6.72,6.50,6.42,-0.0503,-0.0388,否
2026-05-20 16:21:11,三买,否,警戒,600276,恒瑞医药,50.97,日线破位,三买,向下,无信号,客观缠论信号为三买，60分钟笔方向向下（寻底模式），因此实际交易动作是三买（突破回踩买入）,51.31,52.41,53.92,-0.3080,-0.3993,否
2026-05-20 16:21:11,二卖,否,警戒,600177,雅戈尔,7.43,安全,二卖,向上,无信号,客观缠论信号为二卖，60分钟笔方向向上（冲顶模式），因此实际交易动作是二卖（笔方向向上时优先卖点）,7.44,7.25,7.53,-0.0225,-0.0211,否
2026-05-20 16:21:11,观望,否,警戒,600887,伊利股份,27.08,安全,二卖,向下,无信号,客观缠论信号为二卖，60分钟笔方向向下，中枢震荡，观望,27.11,26.92,27.60,-0.0447,-0.0351,否
2026-05-20 16:21:11,观望,否,警戒,601138,工业富联,67.78,安全,二卖,向下,无信号,客观缠论信号为二卖，60分钟笔方向向下，中枢震荡，观望,62.70,62.77,71.76,-0.2342,-0.3290,否
2026-05-20 16:21:11,二卖,否,警戒,688041,海光信息,315.31,安全,二卖,向上,无信号,客观缠论信号为二卖，60分钟笔方向向上（冲顶模式），因此实际交易动作是二卖（笔方向向上时优先卖点）,246.00,320.01,355.50,2.6024,3.0563,否
2026-05-20 16:21:11,二卖,否,警戒,601225,陕西煤业,24.15,日线破位,二卖+二买,向上,无信号,客观缠论信号为二卖、二买，60分钟笔方向向上（冲顶模式），因此实际交易动作是二卖（笔方向向上时优先卖点）,24.90,24.22,24.64,-0.0278,-0.0012,否
2026-05-20 16:21:11,二卖,否,警戒,600660,福耀玻璃,54.21,日线破位,二卖,向上,无信号,客观缠论信号为二卖，60分钟笔方向向上（冲顶模式），因此实际交易动作是二卖（笔方向向上时优先卖点）,55.27,55.65,58.35,-0.2205,-0.2242,否
2026-05-20 16:21:11,观望,否,警戒,000429,粤高速A,13.24,安全,二卖,向下,顶背驰,客观缠论信号为二卖，60分钟笔方向向下，中枢震荡，观望,13.29,12.86,13.13,0.0502,0.0446,否
2026-05-20 16:21:11,二卖,否,警戒,002507,涪陵榨菜,11.92,日线破位,二卖,向上,无信号,客观缠论信号为二卖，60分钟笔方向向上（冲顶模式），因此实际交易动作是二卖（笔方向向上时优先卖点）,12.23,12.15,12.33,-0.0102,-0.0040,否
2026-05-20 16:21:11,观望,否,警戒,000338,潍柴动力,32.68,安全,二卖,向下,无信号,客观缠论信号为二卖，60分钟笔方向向下，中枢震荡，观望,25.92,31.76,33.43,-0.0899,-0.1920,否
2026-05-20 16:21:11,二买,否,警戒,000538,云南白药,50.80,日线破位,二卖+二买,向下,顶背驰,客观缠论信号为二卖、二买，60分钟笔方向向下（寻底模式），因此实际交易动作是二买（笔方向向下时优先买点）,54.40,54.40,51.23,-0.0151,-0.0087,否
2026-05-20 16:21:11,二卖,否,警戒,000423,东阿阿胶,50.61,安全,二卖,向上,无信号,客观缠论信号为二卖，60分钟笔方向向上（冲顶模式），因此实际交易动作是二卖（笔方向向上时优先卖点）,50.16,49.78,54.45,-0.1149,-0.1497,否
2026-05-20 16:21:11,二卖,否,警戒,000651,格力电器,39.54,安全,二卖,向上,无信号,客观缠论信号为二卖，60分钟笔方向向上（冲顶模式），因此实际交易动作是二卖（笔方向向上时优先卖点）,40.00,39.51,40.57,-0.0379,-0.0598,否
2026-05-20 16:21:11,二卖,否,警戒,000895,双汇发展,26.26,安全,二卖,向上,无信号,客观缠论信号为二卖，60分钟笔方向向上（冲顶模式），因此实际交易动作是二卖（笔方向向上时优先卖点）,25.75,26.51,26.82,-0.0160,-0.0033,否
2026-05-20 16:21:11,一卖,否,警戒,002415,海康威视,32.52,安全,一卖,向上,无信号,客观缠论信号为一卖，60分钟笔方向向上（冲顶模式），因此实际交易动作是一卖（趋势顶背驰卖出）,31.96,30.84,33.25,-0.1415,-0.1048,否
2026-05-20 16:21:11,观望,否,警戒,000157,中联重科,7.24,安全,二卖,向下,顶背驰,客观缠论信号为二卖，60分钟笔方向向下，中枢震荡，观望,7.18,7.22,7.94,-0.0107,-0.0253,否
2026-05-20 16:21:11,观望,否,警戒,002128,电投能源,29.76,安全,二卖,向下,无信号,客观缠论信号为二卖，60分钟笔方向向下，中枢震荡，观望,29.02,28.68,30.63,-0.0551,-0.0947,否
2026-05-20 16:21:11,观望,否,警戒,002027,分众传媒,5.66,日线破位,二卖,向下,无信号,客观缠论信号为二卖，60分钟笔方向向下，中枢震荡，观望,6.16,6.22,6.36,-0.0282,-0.0318,否
2026-05-20 16:21:11,二买,否,警戒,hk03690,美团,82.90,安全,二买,向下,无信号,客观缠论信号为二买，60分钟笔方向向下（寻底模式），因此实际交易动作是二买（笔方向向下时优先买点）,78.70,82.40,84.55,-0.0186,-0.0114,否
2026-05-20 16:21:11,二买,否,警戒,hk03896,金山云,7.31,安全,二卖+二买,向下,无信号,客观缠论信号为二卖、二买，60分钟笔方向向下（寻底模式），因此实际交易动作是二买（笔方向向下时优先买点）,6.23,6.84,8.06,-0.1314,-0.0864,否
2026-05-20 16:21:11,观望,否,警戒,hk00700,腾讯,454.20,日线破位,无信号,向上,无信号,客观缠论信号为无信号，60分钟笔方向向上，中枢震荡，观望,494.60,486.20,460.20,-0.9586,-0.2760,否
2026-05-20 16:21:11,二买,否,警戒,hk09988,阿里巴巴,131.50,安全,二卖+二买,向下,顶背驰,客观缠论信号为二卖、二买，60分钟笔方向向下（寻底模式），因此实际交易动作是二买（笔方向向下时优先买点）,129.60,128.60,134.50,-0.2185,-0.1049,否
2026-05-20 16:21:11,二卖,否,警戒,hk01024,快手,47.50,安全,二卖,向上,无信号,客观缠论信号为二卖，60分钟笔方向向上（冲顶模式），因此实际交易动作是二卖（笔方向向上时优先卖点）,51.00,43.00,49.40,-0.3147,-0.3186,否
2026-05-20 16:21:11,二卖,否,警戒,hk06618,京东健康,40.16,安全,二卖,向上,无信号,客观缠论信号为二卖，60分钟笔方向向上（冲顶模式），因此实际交易动作是二卖（笔方向向上时优先卖点）,39.65,40.70,45.30,-0.3622,-0.4252,否
2026-05-20 16:21:11,二买,否,警戒,hk06862,海底捞,14.23,安全,二卖+二买,向下,顶背驰,客观缠论信号为二卖、二买，60分钟笔方向向下（寻底模式），因此实际交易动作是二买（笔方向向下时优先买点）,13.47,14.16,14.59,-0.0098,-0.0079,否
2026-05-20 16:21:11,二买,否,警戒,600415,小商品城,14.17,安全,一卖+二买,向下,无信号,客观缠论信号为一卖、二买，60分钟笔方向向下（寻底模式），因此实际交易动作是二买（笔方向向下时优先买点）,13.81,12.86,13.98,0.0445,0.0656,否
2026-05-20 16:21:11,观望,否,警戒,300285,国瓷材料,41.80,安全,二买,向上,无信号,客观缠论信号为二买，60分钟笔方向向上，中枢震荡，观望,32.60,35.16,41.99,0.1530,0.3810,否
2026-05-20 16:21:11,观望,否,警戒,600021,上海电力,18.74,安全,无信号,向上,无信号,客观缠论信号为无信号，60分钟笔方向向上，中枢震荡，观望,18.15,17.63,18.55,0.2805,0.3505,否
2026-05-20 16:21:11,观望,否,警戒,002517,恺英网络,16.98,安全,无信号,向下,无信号,客观缠论信号为无信号，60分钟笔方向向下，中枢震荡，观望,16.68,17.19,17.28,-0.0907,-0.0941,否
2026-05-20 16:21:11,观望,否,警戒,300474,景嘉微,65.53,安全,无信号,向下,无信号,客观缠论信号为无信号，60分钟笔方向向下，中枢震荡，观望,64.15,65.85,68.27,0.3171,0.2478,否
2026-05-20 16:21:11,观望,否,警戒,600909,华安证券,6.63,安全,二买,向上,无信号,客观缠论信号为二买，60分钟笔方向向上，中枢震荡，观望,6.59,6.45,6.36,0.1216,0.1297,否
2026-05-20 16:21:11,二买,否,警戒,603290,斯达半导,126.56,安全,二买+三买,向下,无信号,客观缠论信号为二买、三买，60分钟笔方向向下（寻底模式），因此实际交易动作是二买（笔方向向下时优先买点）,107.75,106.51,110.56,1.0329,0.9442,否
2026-05-20 16:21:11,观望,否,警戒,603296,华勤技术,110.00,安全,无信号,向下,无信号,客观缠论信号为无信号，60分钟笔方向向下，中枢震荡，观望,101.28,108.08,116.85,-0.0854,-0.6116,否

2026-05-21 09:56:21,观望,是,警戒,600900,长江电力,26.91,安全,二卖,向下,无信号,客观缠论信号为二卖，60分钟笔方向向下，中枢震荡，观望,26.66,26.90,26.96,-0.0562,-0.0331,否
2026-05-21 09:56:21,二买,是,警戒,600938,中国海油,36.44,安全,三卖+二买,向下,无信号,客观缠论信号为三卖、二买，60分钟笔方向向下（寻底模式），因此实际交易动作是二买（笔方向向下时优先买点）,34.06,35.29,37.85,0.1037,0.2298,否
2026-05-21 09:56:21,观望,是,警戒,688981,中芯国际,133.84,安全,二卖,向下,顶背驰,客观缠论信号为二卖，60分钟笔方向向下，中枢震荡，观望,129.16,124.60,125.00,3.9848,3.8686,否
2026-05-21 09:56:21,二买,是,警戒,000333,美的集团,82.50,安全,二买,向下,无信号,客观缠论信号为二买，60分钟笔方向向下（寻底模式），因此实际交易动作是二买（笔方向向下时优先买点）,79.18,79.63,80.98,0.1021,0.0050,否
2026-05-21 09:56:21,观望,是,警戒,000001,平安银行,10.78,安全,二卖,向下,顶背驰,客观缠论信号为二卖，60分钟笔方向向下，中枢震荡，观望,10.78,10.67,11.03,-0.0266,-0.0261,否
2026-05-21 09:56:21,观望,是,警戒,001965,招商公路,9.98,安全,二买,向上,无信号,客观缠论信号为二买，60分钟笔方向向上，中枢震荡，观望,9.68,9.78,10.05,-0.0100,-0.0122,否
2026-05-21 09:56:21,观望,是,警戒,hk01810,小米集团,30.04,日线破位,二卖,向下,无信号,客观缠论信号为二卖，60分钟笔方向向下，中枢震荡，观望,32.78,30.26,30.74,-0.1412,-0.1503,否
2026-05-21 09:56:21,观望,是,警戒,513130,恒生科技ETF,0.62,安全,二卖,向下,无信号,客观缠论信号为二卖，60分钟笔方向向下，中枢震荡，观望,0.59,0.61,0.63,0.0010,0.0001,否
2026-05-21 09:56:21,二买,否,警戒,sh000001,上证指数,4152.67,安全,二卖+二买+三买,向下,无信号,客观缠论信号为二卖、二买、三买，60分钟笔方向向下（寻底模式），因此实际交易动作是二买（笔方向向下时优先买点）,4101.83,4079.77,4092.83,4.2943,4.1954,否
2026-05-21 09:56:21,二卖,否,警戒,510300,沪深300ETF,4.92,安全,二卖,向上,无信号,客观缠论信号为二卖，60分钟笔方向向上（冲顶模式），因此实际交易动作是二卖（笔方向向上时优先卖点）,4.68,4.86,4.99,0.0096,0.0051,否
2026-05-21 09:56:21,观望,否,警戒,588000,科创50ETF,1.95,安全,无信号,向下,顶背驰,客观缠论信号为无信号，60分钟笔方向向下，中枢震荡，观望,1.55,1.71,1.82,0.0258,0.0258,否
2026-05-21 09:56:21,观望,否,警戒,513100,纳指ETF,2.09,安全,无信号,向下,无信号,客观缠论信号为无信号，60分钟笔方向向下，中枢震荡，观望,1.91,2.07,2.11,0.0025,-0.0040,否
2026-05-21 09:56:21,观望,否,警戒,513520,日经ETF,2.09,安全,二卖,向下,无信号,客观缠论信号为二卖，60分钟笔方向向下，中枢震荡，观望,1.89,2.00,2.03,0.0006,-0.0060,否
2026-05-21 09:56:21,观望,否,警戒,512400,有色金属ETF,2.02,安全,二卖,向下,底背驰,客观缠论信号为二卖，60分钟笔方向向下，中枢震荡，观望,2.11,1.96,1.98,0.0048,-0.0023,否
2026-05-21 09:56:21,二买,否,警戒,512690,酒ETF,0.46,日线破位,二卖+二买,向下,无信号,客观缠论信号为二卖、二买，60分钟笔方向向下（寻底模式），因此实际交易动作是二买（笔方向向下时优先买点）,0.48,0.48,0.46,0.0008,0.0005,否
2026-05-21 09:56:21,二卖,否,警戒,159227,航空航天ETF,1.27,安全,二卖,向上,无信号,客观缠论信号为二卖，60分钟笔方向向上（冲顶模式），因此实际交易动作是二卖（笔方向向上时优先卖点）,1.20,1.23,1.29,-0.0030,-0.0035,否
2026-05-21 09:56:21,二卖,否,警戒,159992,创新药ETF,0.80,安全,二卖,向上,无信号,客观缠论信号为二卖，60分钟笔方向向上（冲顶模式），因此实际交易动作是二卖（笔方向向上时优先卖点）,0.79,0.77,0.83,0.0015,-0.0001,否
2026-05-21 09:56:21,二卖,否,警戒,515050,通信ETF,1.14,安全,二卖,向上,无信号,客观缠论信号为二卖，60分钟笔方向向上（冲顶模式），因此实际交易动作是二卖（笔方向向上时优先卖点）,1.08,1.48,1.14,0.0031,0.0024,否
2026-05-21 09:56:21,观望,否,警戒,159915,创业板ETF,3.97,安全,无信号,向下,无信号,客观缠论信号为无信号，60分钟笔方向向下，中枢震荡，观望,3.24,3.61,3.97,0.0098,0.0062,否
2026-05-21 09:56:21,二买,否,警戒,588200,科创芯片ETF,3.76,安全,一卖+二买,向下,无信号,客观缠论信号为一卖、二买，60分钟笔方向向下（寻底模式），因此实际交易动作是二买（笔方向向下时优先买点）,2.65,3.20,3.34,0.0615,0.0617,否
2026-05-21 09:56:21,二卖,否,警戒,159755,电池ETF,1.18,安全,一卖+二卖,向上,无信号,客观缠论信号为一卖、二卖，60分钟笔方向向上（冲顶模式），因此实际交易动作是二卖（笔方向向上时优先卖点）,1.03,1.17,1.18,0.0046,0.0025,否
2026-05-21 09:56:21,二买,否,警戒,159899,软件ETF,0.85,安全,二卖+二买,向下,无信号,客观缠论信号为二卖、二买，60分钟笔方向向下（寻底模式），因此实际交易动作是二买（笔方向向下时优先买点）,0.83,0.83,0.85,-0.0010,-0.0012,否
2026-05-21 09:56:21,二卖,否,警戒,513360,教育ETF,0.49,日线破位,二卖,向上,无信号,客观缠论信号为二卖，60分钟笔方向向上（冲顶模式），因此实际交易动作是二卖（笔方向向上时优先卖点）,0.49,0.49,0.50,-0.0004,-0.0005,否
2026-05-21 09:56:21,观望,否,警戒,515790,光伏ETF,1.13,安全,二买,向上,无信号,客观缠论信号为二买，60分钟笔方向向上，中枢震荡，观望,1.08,1.10,1.11,0.0050,0.0046,否
2026-05-21 09:56:21,二卖,否,警戒,603317,天味食品,16.18,安全,二卖+一买,向上,无信号,客观缠论信号为二卖、一买，60分钟笔方向向上（冲顶模式），因此实际交易动作是二卖（笔方向向上时优先卖点）,12.98,15.50,16.24,0.0629,0.0595,否
2026-05-21 09:56:21,观望,否,警戒,601668,中国建筑,4.85,日线破位,无信号,向下,无信号,客观缠论信号为无信号，60分钟笔方向向下，中枢震荡，观望,4.88,4.91,4.85,-0.0141,-0.0145,否
2026-05-21 09:56:21,二卖,否,警戒,601288,农业银行,6.44,日线破位,二卖,向上,底背驰,客观缠论信号为二卖，60分钟笔方向向上（冲顶模式），因此实际交易动作是二卖（笔方向向上时优先卖点）,6.53,6.53,6.68,-0.0428,-0.0387,否
2026-05-21 09:56:21,二买,否,警戒,601728,中国电信,6.56,安全,二买,向下,无信号,客观缠论信号为二买，60分钟笔方向向下（寻底模式），因此实际交易动作是二买（笔方向向下时优先买点）,6.72,6.50,6.42,-0.0543,-0.0435,否
2026-05-21 09:56:21,三买,否,警戒,600276,恒瑞医药,51.51,安全,三买,向下,无信号,客观缠论信号为三买，60分钟笔方向向下（寻底模式），因此实际交易动作是三买（突破回踩买入）,51.31,52.41,53.92,-0.1929,-0.3206,否
2026-05-21 09:56:21,二卖,否,警戒,600177,雅戈尔,7.50,安全,二卖,向上,无信号,客观缠论信号为二卖，60分钟笔方向向上（冲顶模式），因此实际交易动作是二卖（笔方向向上时优先卖点）,7.44,7.25,7.53,-0.0109,-0.0180,否
2026-05-21 09:56:21,观望,否,警戒,600887,伊利股份,27.20,安全,二卖,向下,无信号,客观缠论信号为二卖，60分钟笔方向向下，中枢震荡，观望,27.11,26.92,27.60,-0.0415,-0.0383,否
2026-05-21 09:56:21,观望,否,警戒,601138,工业富联,68.21,安全,二卖,向下,无信号,客观缠论信号为二卖，60分钟笔方向向下，中枢震荡，观望,62.70,62.77,71.76,-0.0729,-0.2487,否
2026-05-21 09:56:21,二卖,否,警戒,688041,海光信息,327.00,安全,二卖,向上,无信号,客观缠论信号为二卖，60分钟笔方向向上（冲顶模式），因此实际交易动作是二卖（笔方向向上时优先卖点）,246.00,320.01,355.50,3.2586,3.0122,否
2026-05-21 09:56:21,二卖,否,警戒,601225,陕西煤业,23.80,日线破位,二卖+二买,向上,无信号,客观缠论信号为二卖、二买，60分钟笔方向向上（冲顶模式），因此实际交易动作是二卖（笔方向向上时优先卖点）,24.90,24.22,24.64,-0.0889,-0.0325,否
2026-05-21 09:56:21,二卖,否,警戒,600660,福耀玻璃,54.83,日线破位,二卖,向上,无信号,客观缠论信号为二卖，60分钟笔方向向上（冲顶模式），因此实际交易动作是二卖（笔方向向上时优先卖点）,55.27,55.65,58.20,-0.1003,-0.1842,否
2026-05-21 09:56:21,观望,否,警戒,000429,粤高速A,13.22,安全,二卖,向下,无信号,客观缠论信号为二卖，60分钟笔方向向下，中枢震荡，观望,13.29,12.86,13.13,0.0438,0.0453,否
2026-05-21 09:56:21,二卖,否,警戒,002507,涪陵榨菜,12.00,日线破位,二卖,向上,无信号,客观缠论信号为二卖，60分钟笔方向向上（冲顶模式），因此实际交易动作是二卖（笔方向向上时优先卖点）,12.23,12.15,12.33,-0.0052,-0.0061,否
2026-05-21 09:56:21,观望,否,警戒,000338,潍柴动力,33.79,安全,二卖,向下,无信号,客观缠论信号为二卖，60分钟笔方向向下，中枢震荡，观望,25.92,31.76,33.43,0.0930,-0.0887,否
2026-05-21 09:56:21,二买,否,警戒,000538,云南白药,50.78,日线破位,二卖+二买,向下,顶背驰,客观缠论信号为二卖、二买，60分钟笔方向向下（寻底模式），因此实际交易动作是二买（笔方向向下时优先买点）,54.40,54.40,51.23,-0.0242,-0.0152,否
2026-05-21 09:56:21,二卖,否,警戒,000423,东阿阿胶,50.96,安全,二卖,向上,无信号,客观缠论信号为二卖，60分钟笔方向向上（冲顶模式），因此实际交易动作是二卖（笔方向向上时优先卖点）,50.16,49.78,54.45,-0.0501,-0.1131,否
2026-05-21 09:56:21,二卖,否,警戒,000651,格力电器,39.31,日线破位,二卖,向上,无信号,客观缠论信号为二卖，60分钟笔方向向上（冲顶模式），因此实际交易动作是二卖（笔方向向上时优先卖点）,40.00,39.51,40.57,-0.0528,-0.0520,否
2026-05-21 09:56:21,二卖,否,警戒,000895,双汇发展,26.16,安全,二卖,向上,无信号,客观缠论信号为二卖，60分钟笔方向向上（冲顶模式），因此实际交易动作是二卖（笔方向向上时优先卖点）,25.75,26.51,26.82,-0.0339,-0.0147,否
2026-05-21 09:56:21,一卖,否,警戒,002415,海康威视,32.94,安全,一卖,向上,无信号,客观缠论信号为一卖，60分钟笔方向向上（冲顶模式），因此实际交易动作是一卖（趋势顶背驰卖出）,31.96,30.84,33.25,-0.0814,-0.1055,否
2026-05-21 09:56:21,观望,否,警戒,000157,中联重科,7.39,安全,二卖,向下,无信号,客观缠论信号为二卖，60分钟笔方向向下，中枢震荡，观望,7.18,7.22,7.94,0.0154,-0.0079,否
2026-05-21 09:56:21,观望,否,警戒,002128,电投能源,29.85,安全,二卖,向下,顶背驰,客观缠论信号为二卖，60分钟笔方向向下，中枢震荡，观望,29.02,28.68,30.63,0.0037,-0.0612,否
2026-05-21 09:56:21,观望,否,警戒,002027,分众传媒,5.73,日线破位,二卖,向下,无信号,客观缠论信号为二卖，60分钟笔方向向下，中枢震荡，观望,6.16,6.22,6.36,-0.0129,-0.0260,否
2026-05-21 09:56:21,二买,否,警戒,hk03690,美团,86.05,安全,二买,向下,无信号,客观缠论信号为二买，60分钟笔方向向下（寻底模式），因此实际交易动作是二买（笔方向向下时优先买点）,78.70,82.40,84.55,0.4904,0.1497,否
2026-05-21 09:56:21,二买,否,警戒,hk03896,金山云,7.28,安全,二卖+二买,向下,无信号,客观缠论信号为二卖、二买，60分钟笔方向向下（寻底模式），因此实际交易动作是二买（笔方向向下时优先买点）,6.23,6.84,8.06,-0.0713,-0.0858,否
2026-05-21 09:56:21,二买,否,警戒,hk00700,腾讯,457.00,日线破位,二买,向下,无信号,客观缠论信号为二买，60分钟笔方向向下（寻底模式），因此实际交易动作是二买（笔方向向下时优先买点）,494.60,486.20,460.20,-0.5299,-0.6711,否
2026-05-21 09:56:21,二买,否,警戒,hk09988,阿里巴巴,129.90,安全,二卖+二买,向下,无信号,客观缠论信号为二卖、二买，60分钟笔方向向下（寻底模式），因此实际交易动作是二买（笔方向向下时优先买点）,129.60,128.60,134.50,-0.3981,-0.2186,否
2026-05-21 09:56:21,二卖,否,警戒,hk01024,快手,47.50,安全,二卖+一买,向上,无信号,客观缠论信号为二卖、一买，60分钟笔方向向上（冲顶模式），因此实际交易动作是二卖（笔方向向上时优先卖点）,44.22,43.00,49.40,-0.3147,-0.3186,否
2026-05-21 09:56:21,观望,否,警戒,hk06618,京东健康,40.56,安全,二卖,向下,无信号,客观缠论信号为二卖，60分钟笔方向向下，中枢震荡，观望,39.65,40.70,45.30,-0.1412,-0.2551,否
2026-05-21 09:56:21,二买,否,警戒,hk06862,海底捞,13.95,安全,二卖+二买,向下,顶背驰,客观缠论信号为二卖、二买，60分钟笔方向向下（寻底模式），因此实际交易动作是二买（笔方向向下时优先买点）,13.47,14.16,14.59,-0.0386,-0.0166,否
2026-05-21 09:56:21,二买,否,警戒,600415,小商品城,13.89,安全,一卖+二买,向下,无信号,客观缠论信号为一卖、二买，60分钟笔方向向下（寻底模式），因此实际交易动作是二买（笔方向向下时优先买点）,13.81,12.86,13.98,0.0041,0.0470,否
2026-05-21 09:56:21,观望,否,警戒,300285,国瓷材料,43.58,安全,二买,向上,无信号,客观缠论信号为二买，60分钟笔方向向上，中枢震荡，观望,32.60,35.16,41.99,0.2855,0.2294,否
2026-05-21 09:56:21,观望,否,警戒,600021,上海电力,18.43,安全,无信号,向上,无信号,客观缠论信号为无信号，60分钟笔方向向上，中枢震荡，观望,18.15,17.63,18.55,0.1056,0.2126,否
2026-05-21 09:56:21,观望,否,警戒,002517,恺英网络,17.24,安全,无信号,向下,无信号,客观缠论信号为无信号，60分钟笔方向向下，中枢震荡，观望,16.68,17.19,17.28,-0.0443,-0.0774,否
2026-05-21 09:56:21,观望,否,警戒,300474,景嘉微,66.69,安全,无信号,向下,无信号,客观缠论信号为无信号，60分钟笔方向向下，中枢震荡，观望,64.15,65.85,68.27,0.2811,0.2376,否
2026-05-21 09:56:21,观望,否,警戒,600909,华安证券,7.28,安全,二买,向上,无信号,客观缠论信号为二买，60分钟笔方向向上，中枢震荡，观望,6.59,6.45,6.36,0.1735,0.1292,否
2026-05-21 09:56:21,二买,否,警戒,603290,斯达半导,129.14,安全,二买+三买,向下,无信号,客观缠论信号为二买、三买，60分钟笔方向向下（寻底模式），因此实际交易动作是二买（笔方向向下时优先买点）,107.75,106.51,110.56,1.0755,0.9709,否
2026-05-21 09:56:21,观望,否,警戒,603296,华勤技术,110.91,安全,无信号,向下,无信号,客观缠论信号为无信号，60分钟笔方向向下，中枢震荡，观望,101.28,108.08,116.85,0.1488,-0.0107,否

2026-05-21 10:21:11,观望,是,警戒,600900,长江电力,26.91,安全,二卖,向下,无信号,客观缠论信号为二卖，60分钟笔方向向下，中枢震荡，观望,26.66,26.90,26.96,-0.0561,-0.0413,否
2026-05-21 10:21:11,二买,是,警戒,600938,中国海油,36.37,安全,三卖+二买,向下,无信号,客观缠论信号为三卖、二买，60分钟笔方向向下（寻底模式），因此实际交易动作是二买（笔方向向下时优先买点）,34.06,35.29,37.85,-0.0651,0.1357,否
2026-05-21 10:21:11,观望,是,警戒,688981,中芯国际,134.30,安全,二卖,向下,无信号,客观缠论信号为二卖，60分钟笔方向向下，中枢震荡，观望,129.16,124.60,125.00,3.7741,3.8568,否
2026-05-21 10:21:11,二买,是,警戒,000333,美的集团,82.50,安全,二买,向下,无信号,客观缠论信号为二买，60分钟笔方向向下（寻底模式），因此实际交易动作是二买（笔方向向下时优先买点）,79.18,79.63,80.98,0.2003,0.0682,否
2026-05-21 10:21:11,观望,是,警戒,000001,平安银行,10.77,安全,二卖,向下,无信号,客观缠论信号为二卖，60分钟笔方向向下，中枢震荡，观望,10.78,10.67,11.03,-0.0260,-0.0262,否
2026-05-21 10:21:11,观望,是,警戒,001965,招商公路,10.10,安全,二买,向上,无信号,客观缠论信号为二买，60分钟笔方向向上，中枢震荡，观望,9.68,9.78,10.05,0.0167,-0.0035,否
2026-05-21 10:21:11,观望,是,警戒,hk01810,小米集团,30.04,日线破位,二卖,向下,无信号,客观缠论信号为二卖，60分钟笔方向向下，中枢震荡，观望,32.78,30.26,30.74,-0.1412,-0.1503,否
2026-05-21 10:21:11,观望,是,警戒,513130,恒生科技ETF,0.61,安全,二卖,向下,无信号,客观缠论信号为二卖，60分钟笔方向向下，中枢震荡，观望,0.59,0.61,0.63,0.0016,0.0006,否
2026-05-21 10:21:11,二买,否,警戒,sh000001,上证指数,4194.43,安全,二卖+二买+三买,向下,无信号,客观缠论信号为二卖、二买、三买，60分钟笔方向向下（寻底模式），因此实际交易动作是二买（笔方向向下时优先买点）,4101.83,4079.77,4092.83,8.5607,5.4622,否
2026-05-21 10:21:11,二卖,否,警戒,510300,沪深300ETF,4.95,安全,二卖,向上,无信号,客观缠论信号为二卖，60分钟笔方向向上（冲顶模式），因此实际交易动作是二卖（笔方向向上时优先卖点）,4.68,4.86,4.99,0.0188,0.0094,否
2026-05-21 10:21:11,观望,否,警戒,588000,科创50ETF,1.97,安全,无信号,向下,顶背驰,客观缠论信号为无信号，60分钟笔方向向下，中枢震荡，观望,1.55,1.71,1.82,0.0298,0.0270,否
2026-05-21 10:21:11,观望,否,警戒,513100,纳指ETF,2.09,安全,无信号,向下,无信号,客观缠论信号为无信号，60分钟笔方向向下，中枢震荡，观望,1.91,2.07,2.11,0.0081,-0.0000,否
2026-05-21 10:21:11,观望,否,警戒,513520,日经ETF,2.09,安全,二卖,向下,无信号,客观缠论信号为二卖，60分钟笔方向向下，中枢震荡，观望,1.89,2.00,2.03,0.0083,-0.0014,否
2026-05-21 10:21:11,观望,否,警戒,512400,有色金属ETF,2.02,安全,二卖,向下,无信号,客观缠论信号为二卖，60分钟笔方向向下，中枢震荡，观望,2.11,1.96,1.98,0.0101,0.0018,否
2026-05-21 10:21:11,二买,否,警戒,512690,酒ETF,0.46,日线破位,二卖+二买,向下,无信号,客观缠论信号为二卖、二买，60分钟笔方向向下（寻底模式），因此实际交易动作是二买（笔方向向下时优先买点）,0.48,0.48,0.46,0.0011,0.0007,否
2026-05-21 10:21:11,二卖,否,警戒,159227,航空航天ETF,1.27,安全,二卖,向上,无信号,客观缠论信号为二卖，60分钟笔方向向上（冲顶模式），因此实际交易动作是二卖（笔方向向上时优先卖点）,1.20,1.23,1.29,-0.0013,-0.0028,否
2026-05-21 10:21:11,二卖,否,警戒,159992,创新药ETF,0.81,安全,二卖,向上,无信号,客观缠论信号为二卖，60分钟笔方向向上（冲顶模式），因此实际交易动作是二卖（笔方向向上时优先卖点）,0.79,0.77,0.83,0.0037,0.0011,否
2026-05-21 10:21:11,二卖,否,警戒,515050,通信ETF,1.15,安全,二卖,向上,无信号,客观缠论信号为二卖，60分钟笔方向向上（冲顶模式），因此实际交易动作是二卖（笔方向向上时优先卖点）,1.08,1.48,1.14,0.0049,0.0032,否
2026-05-21 10:21:11,观望,否,警戒,159915,创业板ETF,4.02,安全,无信号,向下,无信号,客观缠论信号为无信号，60分钟笔方向向下，中枢震荡，观望,3.24,3.61,3.97,0.0205,0.0106,否
2026-05-21 10:21:11,二买,否,警戒,588200,科创芯片ETF,3.82,安全,一卖+二买,向下,无信号,客观缠论信号为一卖、二买，60分钟笔方向向下（寻底模式），因此实际交易动作是二买（笔方向向下时优先买点）,2.65,3.20,3.34,0.0667,0.0632,否
2026-05-21 10:21:11,二卖,否,警戒,159755,电池ETF,1.19,安全,一卖+二卖,向上,无信号,客观缠论信号为一卖、二卖，60分钟笔方向向上（冲顶模式），因此实际交易动作是二卖（笔方向向上时优先卖点）,1.03,1.17,1.18,0.0074,0.0040,否
2026-05-21 10:21:11,二买,否,警戒,159899,软件ETF,0.86,安全,二卖+二买,向下,无信号,客观缠论信号为二卖、二买，60分钟笔方向向下（寻底模式），因此实际交易动作是二买（笔方向向下时优先买点）,0.83,0.83,0.85,0.0019,-0.0003,否
2026-05-21 10:21:11,二卖,否,警戒,513360,教育ETF,0.49,日线破位,二卖,向上,无信号,客观缠论信号为二卖，60分钟笔方向向上（冲顶模式），因此实际交易动作是二卖（笔方向向上时优先卖点）,0.49,0.49,0.50,-0.0002,-0.0004,否
2026-05-21 10:21:11,观望,否,警戒,515790,光伏ETF,1.14,安全,二买,向上,无信号,客观缠论信号为二买，60分钟笔方向向上，中枢震荡，观望,1.08,1.10,1.11,0.0064,0.0052,否
2026-05-21 10:21:11,二卖,否,警戒,603317,天味食品,16.18,安全,二卖+一买,向上,无信号,客观缠论信号为二卖、一买，60分钟笔方向向上（冲顶模式），因此实际交易动作是二卖（笔方向向上时优先卖点）,12.98,15.50,16.24,0.0698,0.0632,否
2026-05-21 10:21:11,观望,否,警戒,601668,中国建筑,4.85,日线破位,无信号,向下,无信号,客观缠论信号为无信号，60分钟笔方向向下，中枢震荡，观望,4.88,4.91,4.85,-0.0114,-0.0135,否
2026-05-21 10:21:11,二卖,否,警戒,601288,农业银行,6.47,日线破位,二卖,向上,无信号,客观缠论信号为二卖，60分钟笔方向向上（冲顶模式），因此实际交易动作是二卖（笔方向向上时优先卖点）,6.53,6.53,6.68,-0.0408,-0.0398,否
2026-05-21 10:21:11,二买,否,警戒,601728,中国电信,6.50,安全,二买,向下,无信号,客观缠论信号为二买，60分钟笔方向向下（寻底模式），因此实际交易动作是二买（笔方向向下时优先买点）,6.72,6.50,6.42,-0.0693,-0.0518,否
2026-05-21 10:21:11,三买,否,警戒,600276,恒瑞医药,52.42,安全,三买,向下,无信号,客观缠论信号为三买，60分钟笔方向向下（寻底模式），因此实际交易动作是三买（突破回踩买入）,51.31,52.41,53.92,-0.0190,-0.2305,否
2026-05-21 10:21:11,二卖,否,警戒,600177,雅戈尔,7.52,安全,二卖,向上,无信号,客观缠论信号为二卖，60分钟笔方向向上（冲顶模式），因此实际交易动作是二卖（笔方向向上时优先卖点）,7.44,7.25,7.53,0.0003,-0.0121,否
2026-05-21 10:21:11,观望,否,警戒,600887,伊利股份,27.10,安全,二卖,向下,无信号,客观缠论信号为二卖，60分钟笔方向向下，中枢震荡，观望,27.11,26.92,27.60,-0.0446,-0.0401,否
2026-05-21 10:21:11,观望,否,警戒,601138,工业富联,68.29,安全,二卖,向下,无信号,客观缠论信号为二卖，60分钟笔方向向下，中枢震荡，观望,62.70,62.77,71.76,0.0693,-0.1413,否
2026-05-21 10:21:11,二卖,否,警戒,688041,海光信息,327.50,安全,二卖,向上,顶背驰,客观缠论信号为二卖，60分钟笔方向向上（冲顶模式），因此实际交易动作是二卖（笔方向向上时优先卖点）,246.00,320.01,355.50,4.3940,3.4517,否
2026-05-21 10:21:11,二卖,否,警戒,601225,陕西煤业,23.74,日线破位,二卖+二买,向上,无信号,客观缠论信号为二卖、二买，60分钟笔方向向上（冲顶模式），因此实际交易动作是二卖（笔方向向上时优先卖点）,24.90,24.22,24.64,-0.1151,-0.0490,否
2026-05-21 10:21:11,二卖,否,警戒,600660,福耀玻璃,54.75,日线破位,二卖,向上,无信号,客观缠论信号为二卖，60分钟笔方向向上（冲顶模式），因此实际交易动作是二卖（笔方向向上时优先卖点）,55.27,55.65,58.20,-0.0738,-0.1621,否
2026-05-21 10:21:11,观望,否,警戒,000429,粤高速A,13.22,安全,二卖,向下,无信号,客观缠论信号为二卖，60分钟笔方向向下，中枢震荡，观望,13.29,12.86,13.13,0.0408,0.0444,否
2026-05-21 10:21:11,二卖,否,警戒,002507,涪陵榨菜,12.00,日线破位,二卖,向上,无信号,客观缠论信号为二卖，60分钟笔方向向上（冲顶模式），因此实际交易动作是二卖（笔方向向上时优先卖点）,12.23,12.15,12.33,0.0032,-0.0034,否
2026-05-21 10:21:11,观望,否,警戒,000338,潍柴动力,33.99,安全,二卖,向下,无信号,客观缠论信号为二卖，60分钟笔方向向下，中枢震荡，观望,25.92,31.76,33.43,0.1767,-0.0356,否
2026-05-21 10:21:11,二买,否,警戒,000538,云南白药,50.78,日线破位,二卖+二买,向下,顶背驰,客观缠论信号为二卖、二买，60分钟笔方向向下（寻底模式），因此实际交易动作是二买（笔方向向下时优先买点）,54.40,54.40,51.23,-0.0271,-0.0176,否
2026-05-21 10:21:11,二卖,否,警戒,000423,东阿阿胶,50.74,安全,二卖,向上,无信号,客观缠论信号为二卖，60分钟笔方向向上（冲顶模式），因此实际交易动作是二卖（笔方向向上时优先卖点）,50.16,49.78,54.45,-0.0458,-0.0997,否
2026-05-21 10:21:11,二卖,否,警戒,000651,格力电器,39.27,日线破位,二卖,向上,无信号,客观缠论信号为二卖，60分钟笔方向向上（冲顶模式），因此实际交易动作是二卖（笔方向向上时优先卖点）,40.00,39.51,40.57,-0.0681,-0.0552,否
2026-05-21 10:21:11,二卖,否,警戒,000895,双汇发展,26.15,安全,二卖,向上,无信号,客观缠论信号为二卖，60分钟笔方向向上（冲顶模式），因此实际交易动作是二卖（笔方向向上时优先卖点）,25.75,26.51,26.82,-0.0422,-0.0202,否
2026-05-21 10:21:11,一卖,否,警戒,002415,海康威视,32.98,安全,一卖,向上,无信号,客观缠论信号为一卖，60分钟笔方向向上（冲顶模式），因此实际交易动作是一卖（趋势顶背驰卖出）,31.96,30.84,33.25,-0.0540,-0.0952,否
2026-05-21 10:21:11,观望,否,警戒,000157,中联重科,7.45,安全,二卖,向下,无信号,客观缠论信号为二卖，60分钟笔方向向下，中枢震荡，观望,7.18,7.22,7.94,0.0280,-0.0007,否
2026-05-21 10:21:11,观望,否,警戒,002128,电投能源,29.82,安全,二卖,向下,顶背驰,客观缠论信号为二卖，60分钟笔方向向下，中枢震荡，观望,29.02,28.68,30.63,0.0106,-0.0469,否
2026-05-21 10:21:11,观望,否,警戒,002027,分众传媒,5.71,日线破位,二卖,向下,无信号,客观缠论信号为二卖，60分钟笔方向向下，中枢震荡，观望,6.16,6.22,6.36,-0.0097,-0.0227,否
2026-05-21 10:21:11,二买,否,警戒,hk03690,美团,85.45,安全,二买,向下,无信号,客观缠论信号为二买，60分钟笔方向向下（寻底模式），因此实际交易动作是二买（笔方向向下时优先买点）,78.70,82.40,84.55,0.5845,0.2366,否
2026-05-21 10:21:11,二买,否,警戒,hk03896,金山云,7.30,安全,二卖+二买,向下,无信号,客观缠论信号为二卖、二买，60分钟笔方向向下（寻底模式），因此实际交易动作是二买（笔方向向下时优先买点）,6.23,6.84,8.06,-0.0694,-0.0825,否
2026-05-21 10:21:11,二买,否,警戒,hk00700,腾讯,457.00,日线破位,二买,向下,无信号,客观缠论信号为二买，60分钟笔方向向下（寻底模式），因此实际交易动作是二买（笔方向向下时优先买点）,494.60,486.20,460.20,-0.5299,-0.6711,否
2026-05-21 10:21:11,二买,否,警戒,hk09988,阿里巴巴,129.90,安全,二卖+二买,向下,无信号,客观缠论信号为二卖、二买，60分钟笔方向向下（寻底模式），因此实际交易动作是二买（笔方向向下时优先买点）,129.60,128.60,134.50,-0.3981,-0.2186,否
2026-05-21 10:21:11,二卖,否,警戒,hk01024,快手,47.50,安全,二卖+一买,向上,无信号,客观缠论信号为二卖、一买，60分钟笔方向向上（冲顶模式），因此实际交易动作是二卖（笔方向向上时优先卖点）,44.22,43.00,49.40,-0.3147,-0.3186,否
2026-05-21 10:21:11,观望,否,警戒,hk06618,京东健康,40.56,安全,二卖,向下,无信号,客观缠论信号为二卖，60分钟笔方向向下，中枢震荡，观望,39.65,40.70,45.30,-0.1412,-0.2551,否
2026-05-21 10:21:11,二买,否,警戒,hk06862,海底捞,13.88,安全,二卖+二买,向下,顶背驰,客观缠论信号为二卖、二买，60分钟笔方向向下（寻底模式），因此实际交易动作是二买（笔方向向下时优先买点）,13.47,14.16,14.59,-0.0599,-0.0252,否
2026-05-21 10:21:11,二买,否,警戒,600415,小商品城,13.89,安全,一卖+二买,向下,无信号,客观缠论信号为一卖、二买，60分钟笔方向向下（寻底模式），因此实际交易动作是二买（笔方向向下时优先买点）,13.81,12.86,13.98,0.0041,0.0470,否
2026-05-21 10:21:11,观望,否,警戒,300285,国瓷材料,43.61,安全,二买,向上,无信号,客观缠论信号为二买，60分钟笔方向向上，中枢震荡，观望,32.60,35.16,41.99,0.3486,0.2532,否
2026-05-21 10:21:11,观望,否,警戒,600021,上海电力,18.65,安全,无信号,向上,无信号,客观缠论信号为无信号，60分钟笔方向向上，中枢震荡，观望,18.15,17.63,18.55,0.0982,0.1897,否
2026-05-21 10:21:11,观望,否,警戒,002517,恺英网络,17.24,安全,无信号,向下,无信号,客观缠论信号为无信号，60分钟笔方向向下，中枢震荡，观望,16.68,17.19,17.28,-0.0443,-0.0774,否
2026-05-21 10:21:11,观望,否,警戒,300474,景嘉微,66.69,安全,无信号,向下,无信号,客观缠论信号为无信号，60分钟笔方向向下，中枢震荡，观望,64.15,65.85,68.27,0.2811,0.2376,否
2026-05-21 10:21:11,观望,否,警戒,600909,华安证券,7.28,安全,二买,向上,无信号,客观缠论信号为二买，60分钟笔方向向上，中枢震荡，观望,6.59,6.45,6.36,0.1985,0.1431,否
2026-05-21 10:21:11,二买,否,警戒,603290,斯达半导,128.01,安全,二买+三买,向下,无信号,客观缠论信号为二买、三买，60分钟笔方向向下（寻底模式），因此实际交易动作是二买（笔方向向下时优先买点）,107.75,106.51,110.56,1.0736,0.9914,否
2026-05-21 10:21:11,观望,否,警戒,603296,华勤技术,111.00,安全,无信号,向下,无信号,客观缠论信号为无信号，60分钟笔方向向下，中枢震荡，观望,101.28,108.08,116.85,0.2125,0.0340,否

2026-05-21 10:45:55,观望,是,警戒,600900,长江电力,26.87,安全,二卖,向下,无信号,客观缠论信号为二卖，60分钟笔方向向下，中枢震荡，观望,26.66,26.90,26.96,-0.0590,-0.0448,否
2026-05-21 10:45:55,观望,是,警戒,600938,中国海油,36.41,安全,二买,向上,底背驰,客观缠论信号为二买，60分钟笔方向向上，中枢震荡，观望,34.06,35.29,37.35,-0.1199,0.0846,否
2026-05-21 10:45:55,观望,是,警戒,688981,中芯国际,135.72,安全,二卖,向下,无信号,客观缠论信号为二卖，60分钟笔方向向下，中枢震荡，观望,129.16,124.60,125.00,3.7358,3.8326,否
2026-05-21 10:45:55,二买,是,警戒,000333,美的集团,82.45,安全,二买,向下,顶背驰,客观缠论信号为二买，60分钟笔方向向下（寻底模式），因此实际交易动作是二买（笔方向向下时优先买点）,79.18,79.63,80.98,0.2454,0.1287,否
2026-05-21 10:45:55,观望,是,警戒,000001,平安银行,10.77,安全,二卖,向下,无信号,客观缠论信号为二卖，60分钟笔方向向下，中枢震荡，观望,10.78,10.67,11.03,-0.0246,-0.0258,否
2026-05-21 10:45:55,二买,是,警戒,001965,招商公路,10.10,安全,二买,向下,无信号,客观缠论信号为二买，60分钟笔方向向下（寻底模式），因此实际交易动作是二买（笔方向向下时优先买点）,9.68,9.78,10.05,0.0167,-0.0035,否
2026-05-21 10:45:55,观望,是,警戒,hk01810,小米集团,30.08,日线破位,二卖,向下,无信号,客观缠论信号为二卖，60分钟笔方向向下，中枢震荡，观望,32.78,30.26,30.74,-0.0129,-0.0352,否
2026-05-21 10:45:55,观望,是,警戒,513130,恒生科技ETF,0.61,安全,二卖,向下,无信号,客观缠论信号为二卖，60分钟笔方向向下，中枢震荡，观望,0.59,0.61,0.63,0.0014,0.0009,否
2026-05-21 10:45:55,二买,否,警戒,sh000001,上证指数,4180.38,安全,二卖+二买+三买,向下,无信号,客观缠论信号为二卖、二买、三买，60分钟笔方向向下（寻底模式），因此实际交易动作是二买（笔方向向下时优先买点）,4101.83,4079.77,4092.83,11.3175,8.2338,否
2026-05-21 10:45:55,二卖,否,警戒,510300,沪深300ETF,4.92,安全,二卖,向上,无信号,客观缠论信号为二卖，60分钟笔方向向上（冲顶模式），因此实际交易动作是二卖（笔方向向上时优先卖点）,4.68,4.86,4.95,0.0216,0.0138,否
2026-05-21 10:45:55,观望,否,警戒,588000,科创50ETF,1.97,安全,无信号,向下,顶背驰,客观缠论信号为无信号，60分钟笔方向向下，中枢震荡，观望,1.55,1.71,1.82,0.0316,0.0287,否
2026-05-21 10:45:55,观望,否,警戒,513100,纳指ETF,2.10,安全,无信号,向下,无信号,客观缠论信号为无信号，60分钟笔方向向下，中枢震荡，观望,1.91,2.07,2.11,0.0117,0.0039,否
2026-05-21 10:45:55,观望,否,警戒,513520,日经ETF,2.09,安全,二卖,向下,无信号,客观缠论信号为二卖，60分钟笔方向向下，中枢震荡，观望,1.89,2.00,2.06,0.0123,0.0033,否
2026-05-21 10:45:55,观望,否,警戒,512400,有色金属ETF,2.01,安全,二卖,向下,无信号,客观缠论信号为二卖，60分钟笔方向向下，中枢震荡，观望,2.11,1.96,1.98,0.0117,0.0053,否
2026-05-21 10:45:55,二买,否,警戒,512690,酒ETF,0.46,日线破位,二卖+二买,向下,无信号,客观缠论信号为二卖、二买，60分钟笔方向向下（寻底模式），因此实际交易动作是二买（笔方向向下时优先买点）,0.48,0.48,0.46,0.0011,0.0009,否
2026-05-21 10:45:55,二卖,否,警戒,159227,航空航天ETF,1.27,安全,二卖,向上,无信号,客观缠论信号为二卖，60分钟笔方向向上（冲顶模式），因此实际交易动作是二卖（笔方向向上时优先卖点）,1.20,1.23,1.29,-0.0003,-0.0020,否
2026-05-21 10:45:55,二卖,否,警戒,159992,创新药ETF,0.80,安全,二卖,向上,无信号,客观缠论信号为二卖，60分钟笔方向向上（冲顶模式），因此实际交易动作是二卖（笔方向向上时优先卖点）,0.79,0.77,0.83,0.0048,0.0023,否
2026-05-21 10:45:55,二买,否,警戒,515050,通信ETF,1.14,安全,二卖+二买,向下,顶背驰,客观缠论信号为二卖、二买，60分钟笔方向向下（寻底模式），因此实际交易动作是二买（笔方向向下时优先买点）,1.08,1.48,1.14,0.0050,0.0040,否
2026-05-21 10:45:55,观望,否,警戒,159915,创业板ETF,3.98,安全,无信号,向下,无信号,客观缠论信号为无信号，60分钟笔方向向下，中枢震荡，观望,3.24,3.61,3.97,0.0229,0.0152,否
2026-05-21 10:45:55,二买,否,警戒,588200,科创芯片ETF,3.79,安全,一卖+二买,向下,无信号,客观缠论信号为一卖、二买，60分钟笔方向向下（寻底模式），因此实际交易动作是二买（笔方向向下时优先买点）,2.65,3.20,3.34,0.0675,0.0652,否
2026-05-21 10:45:55,二卖,否,警戒,159755,电池ETF,1.18,安全,二卖,向上,无信号,客观缠论信号为二卖，60分钟笔方向向上（冲顶模式），因此实际交易动作是二卖（笔方向向上时优先卖点）,1.03,1.17,1.22,0.0077,0.0054,否
2026-05-21 10:45:55,二买,否,警戒,159899,软件ETF,0.86,安全,二卖+三卖+二买,向下,无信号,客观缠论信号为二卖、三卖、二买，60分钟笔方向向下（寻底模式），因此实际交易动作是二买（笔方向向下时优先买点）,0.83,0.83,0.89,0.0029,0.0008,否
2026-05-21 10:45:55,观望,否,警戒,513360,教育ETF,0.49,日线破位,二卖,向下,无信号,客观缠论信号为二卖，60分钟笔方向向下，中枢震荡，观望,0.49,0.49,0.49,-0.0002,-0.0003,否
2026-05-21 10:45:55,观望,否,警戒,515790,光伏ETF,1.13,安全,二买,向上,顶背驰,客观缠论信号为二买，60分钟笔方向向上，中枢震荡，观望,1.08,1.10,1.11,0.0059,0.0056,否
2026-05-21 10:45:55,二卖,否,警戒,603317,天味食品,16.08,安全,二卖+一买,向上,顶背驰,客观缠论信号为二卖、一买，60分钟笔方向向上（冲顶模式），因此实际交易动作是二卖（笔方向向上时优先卖点）,12.98,15.50,16.24,0.0583,0.0629,否
2026-05-21 10:45:55,观望,否,警戒,601668,中国建筑,4.84,日线破位,无信号,向下,无信号,客观缠论信号为无信号，60分钟笔方向向下，中枢震荡，观望,4.88,4.91,4.85,-0.0108,-0.0125,否
2026-05-21 10:45:55,二卖,否,警戒,601288,农业银行,6.46,日线破位,二卖,向上,无信号,客观缠论信号为二卖，60分钟笔方向向上（冲顶模式），因此实际交易动作是二卖（笔方向向上时优先卖点）,6.53,6.53,6.68,-0.0382,-0.0394,否
2026-05-21 10:45:55,二买,否,警戒,601728,中国电信,6.45,日线破位,二买,向下,无信号,客观缠论信号为二买，60分钟笔方向向下（寻底模式），因此实际交易动作是二买（笔方向向下时优先买点）,6.72,6.50,6.42,-0.0822,-0.0618,否
2026-05-21 10:45:55,观望,否,警戒,600276,恒瑞医药,52.15,安全,无信号,向下,无信号,客观缠论信号为无信号，60分钟笔方向向下，中枢震荡，观望,51.31,52.41,53.92,0.0943,-0.1225,否
2026-05-21 10:45:55,二买,否,警戒,600177,雅戈尔,7.54,安全,二卖+二买,向下,无信号,客观缠论信号为二卖、二买，60分钟笔方向向下（寻底模式），因此实际交易动作是二买（笔方向向下时优先买点）,7.44,7.25,7.58,0.0087,-0.0052,否
2026-05-21 10:45:55,观望,否,警戒,600887,伊利股份,27.10,安全,二卖,向下,无信号,客观缠论信号为二卖，60分钟笔方向向下，中枢震荡，观望,27.11,26.92,27.60,-0.0471,-0.0425,否
2026-05-21 10:45:55,观望,否,警戒,601138,工业富联,67.72,安全,二卖,向下,无信号,客观缠论信号为二卖，60分钟笔方向向下，中枢震荡，观望,62.70,62.77,71.76,0.0957,-0.0521,否
2026-05-21 10:45:55,二买,否,警戒,688041,海光信息,326.18,安全,二卖+二买,向下,无信号,客观缠论信号为二卖、二买，60分钟笔方向向下（寻底模式），因此实际交易动作是二买（笔方向向下时优先买点）,246.00,320.01,355.50,4.9291,3.9926,否
2026-05-21 10:45:55,二卖,否,警戒,601225,陕西煤业,23.90,日线破位,二卖+二买,向上,无信号,客观缠论信号为二卖、二买，60分钟笔方向向上（冲顶模式），因此实际交易动作是二卖（笔方向向上时优先卖点）,24.90,24.22,24.64,-0.1271,-0.0766,否
2026-05-21 10:45:55,观望,否,警戒,600660,福耀玻璃,54.75,日线破位,二卖,向下,无信号,客观缠论信号为二卖，60分钟笔方向向下，中枢震荡，观望,55.27,55.65,55.21,-0.0514,-0.1259,否
2026-05-21 10:45:55,观望,否,警戒,000429,粤高速A,13.22,安全,二卖,向下,无信号,客观缠论信号为二卖，60分钟笔方向向下，中枢震荡，观望,13.29,12.86,13.13,0.0372,0.0423,否
2026-05-21 10:45:55,二买,否,警戒,002507,涪陵榨菜,11.97,日线破位,二卖+二买,向下,无信号,客观缠论信号为二卖、二买，60分钟笔方向向下（寻底模式），因此实际交易动作是二买（笔方向向下时优先买点）,12.23,12.15,12.07,0.0046,-0.0005,否
2026-05-21 10:45:55,观望,否,警戒,000338,潍柴动力,33.60,安全,二卖,向下,无信号,客观缠论信号为二卖，60分钟笔方向向下，中枢震荡，观望,25.92,31.76,33.43,0.2438,0.0619,否
2026-05-21 10:45:55,二买,否,警戒,000538,云南白药,50.78,日线破位,二卖+二买,向下,顶背驰,客观缠论信号为二卖、二买，60分钟笔方向向下（寻底模式），因此实际交易动作是二买（笔方向向下时优先买点）,54.40,54.40,51.23,-0.0309,-0.0222,否
2026-05-21 10:45:55,二卖,否,警戒,000423,东阿阿胶,50.44,安全,二卖,向上,无信号,客观缠论信号为二卖，60分钟笔方向向上（冲顶模式），因此实际交易动作是二卖（笔方向向上时优先卖点）,50.16,49.78,54.45,-0.0748,-0.0880,否
2026-05-21 10:45:55,二卖,否,警戒,000651,格力电器,39.40,日线破位,二卖,向上,无信号,客观缠论信号为二卖，60分钟笔方向向上（冲顶模式），因此实际交易动作是二卖（笔方向向上时优先卖点）,40.00,39.51,40.57,-0.0732,-0.0619,否
2026-05-21 10:45:55,二卖,否,警戒,000895,双汇发展,26.08,安全,二卖,向上,无信号,客观缠论信号为二卖，60分钟笔方向向上（冲顶模式），因此实际交易动作是二卖（笔方向向上时优先卖点）,25.75,26.51,26.82,-0.0605,-0.0332,否
2026-05-21 10:45:55,观望,否,警戒,002415,海康威视,32.67,安全,无信号,向下,无信号,客观缠论信号为无信号，60分钟笔方向向下，中枢震荡，观望,31.96,30.84,33.25,-0.0408,-0.0746,否
2026-05-21 10:45:55,观望,否,警戒,000157,中联重科,7.50,安全,二卖,向下,无信号,客观缠论信号为二卖，60分钟笔方向向下，中枢震荡，观望,7.18,7.22,7.94,0.0511,0.0163,否
2026-05-21 10:45:55,观望,否,警戒,002128,电投能源,29.63,安全,二卖,向下,顶背驰,客观缠论信号为二卖，60分钟笔方向向下，中枢震荡，观望,29.02,28.68,30.63,0.0030,-0.0272,否
2026-05-21 10:45:55,观望,否,警戒,002027,分众传媒,5.71,日线破位,二卖,向下,无信号,客观缠论信号为二卖，60分钟笔方向向下，中枢震荡，观望,6.16,6.22,6.36,-0.0056,-0.0169,否
2026-05-21 10:45:55,二买,否,警戒,hk03690,美团,84.30,安全,二买,向下,无信号,客观缠论信号为二买，60分钟笔方向向下（寻底模式），因此实际交易动作是二买（笔方向向下时优先买点）,78.70,82.40,84.55,0.5772,0.3654,否
2026-05-21 10:45:55,二买,否,警戒,hk03896,金山云,7.18,安全,二卖+二买,向下,无信号,客观缠论信号为二卖、二买，60分钟笔方向向下（寻底模式），因此实际交易动作是二买（笔方向向下时优先买点）,6.23,6.84,8.06,-0.0753,-0.0789,否
2026-05-21 10:45:55,二买,否,警戒,hk00700,腾讯,449.00,日线破位,二买,向下,无信号,客观缠论信号为二买，60分钟笔方向向下（寻底模式），因此实际交易动作是二买（笔方向向下时优先买点）,494.60,486.20,460.20,-1.7581,-1.0884,否
2026-05-21 10:45:55,二买,否,警戒,hk09988,阿里巴巴,129.90,安全,二卖+二买,向下,无信号,客观缠论信号为二卖、二买，60分钟笔方向向下（寻底模式），因此实际交易动作是二买（笔方向向下时优先买点）,129.60,128.60,134.20,-0.3981,-0.2186,否
2026-05-21 10:45:55,二卖,否,警戒,hk01024,快手,47.50,安全,二卖,向上,无信号,客观缠论信号为二卖，60分钟笔方向向上（冲顶模式），因此实际交易动作是二卖（笔方向向上时优先卖点）,44.22,43.00,45.46,-0.3147,-0.3186,否
2026-05-21 10:45:55,观望,否,警戒,hk06618,京东健康,40.56,安全,二卖,向下,无信号,客观缠论信号为二卖，60分钟笔方向向下，中枢震荡，观望,39.65,40.70,45.30,-0.1412,-0.2551,否
2026-05-21 10:45:55,二买,否,警戒,hk06862,海底捞,13.88,安全,二卖+二买,向下,顶背驰,客观缠论信号为二卖、二买，60分钟笔方向向下（寻底模式），因此实际交易动作是二买（笔方向向下时优先买点）,13.47,14.16,14.59,-0.0599,-0.0252,否
2026-05-21 10:45:55,二买,否,警戒,600415,小商品城,13.89,安全,一卖+二买,向下,无信号,客观缠论信号为一卖、二买，60分钟笔方向向下（寻底模式），因此实际交易动作是二买（笔方向向下时优先买点）,13.81,12.86,13.98,0.0041,0.0470,否
2026-05-21 10:45:55,二买,否,警戒,300285,国瓷材料,43.28,安全,二买,向下,无信号,客观缠论信号为二买，60分钟笔方向向下（寻底模式），因此实际交易动作是二买（笔方向向下时优先买点）,32.60,35.16,41.99,0.4605,0.3300,否
2026-05-21 10:45:55,观望,否,警戒,600021,上海电力,18.65,安全,无信号,向上,无信号,客观缠论信号为无信号，60分钟笔方向向上，中枢震荡，观望,18.15,17.63,18.55,0.0982,0.1897,否
2026-05-21 10:45:55,观望,否,警戒,002517,恺英网络,17.16,安全,无信号,向下,无信号,客观缠论信号为无信号，60分钟笔方向向下，中枢震荡，观望,16.68,17.19,17.28,-0.0161,-0.0490,否
2026-05-21 10:45:55,二卖,否,警戒,300474,景嘉微,66.69,安全,二卖,向上,无信号,客观缠论信号为二卖，60分钟笔方向向上（冲顶模式），因此实际交易动作是二卖（笔方向向上时优先卖点）,64.15,65.85,68.27,0.2811,0.2376,否
2026-05-21 10:45:55,二买,否,警戒,600909,华安证券,7.28,安全,二买,向下,无信号,客观缠论信号为二买，60分钟笔方向向下（寻底模式），因此实际交易动作是二买（笔方向向下时优先买点）,6.59,6.45,6.36,0.1985,0.1431,否
2026-05-21 10:45:55,二买,否,警戒,603290,斯达半导,128.01,安全,二买+三买,向下,无信号,客观缠论信号为二买、三买，60分钟笔方向向下（寻底模式），因此实际交易动作是二买（笔方向向下时优先买点）,107.75,106.51,110.56,1.0736,0.9914,否
2026-05-21 10:45:55,观望,否,警戒,603296,华勤技术,109.60,安全,无信号,向下,顶背驰,客观缠论信号为无信号，60分钟笔方向向下，中枢震荡，观望,101.28,108.08,116.85,0.1691,0.0944,否

2026-05-21 11:06:11,观望,是,警戒,600900,长江电力,26.90,安全,二卖,向下,无信号,客观缠论信号为二卖，60分钟笔方向向下，中枢震荡，观望,26.66,26.90,26.96,-0.0569,-0.0494,否
2026-05-21 11:06:11,观望,是,警戒,600938,中国海油,36.45,安全,二买,向上,底背驰,客观缠论信号为二买，60分钟笔方向向上，中枢震荡，观望,34.06,35.29,37.35,-0.1922,-0.0108,否
2026-05-21 11:06:11,观望,是,警戒,688981,中芯国际,134.31,安全,二卖,向下,无信号,客观缠论信号为二卖，60分钟笔方向向下，中枢震荡，观望,129.16,124.60,125.00,3.4158,3.7146,否
2026-05-21 11:06:11,二买,是,警戒,000333,美的集团,82.04,安全,二买,向下,顶背驰,客观缠论信号为二买，60分钟笔方向向下（寻底模式），因此实际交易动作是二买（笔方向向下时优先买点）,79.18,79.63,80.98,0.2260,0.1482,否
2026-05-21 11:06:11,观望,是,警戒,000001,平安银行,10.76,安全,二卖,向下,无信号,客观缠论信号为二卖，60分钟笔方向向下，中枢震荡，观望,10.78,10.67,11.03,-0.0242,-0.0255,否
2026-05-21 11:06:11,二买,是,警戒,001965,招商公路,10.06,安全,二买,向下,顶背驰,客观缠论信号为二买，60分钟笔方向向下（寻底模式），因此实际交易动作是二买（笔方向向下时优先买点）,9.68,9.78,10.05,0.0341,0.0137,否
2026-05-21 11:06:11,观望,是,警戒,hk01810,小米集团,29.98,日线破位,二卖,向下,无信号,客观缠论信号为二卖，60分钟笔方向向下，中枢震荡，观望,32.78,30.26,30.74,-0.0287,-0.0339,否
2026-05-21 11:06:11,观望,是,警戒,513130,恒生科技ETF,0.61,安全,二卖,向下,无信号,客观缠论信号为二卖，60分钟笔方向向下，中枢震荡，观望,0.59,0.61,0.63,0.0012,0.0010,否
2026-05-21 11:06:11,二买,否,警戒,sh000001,上证指数,4180.38,安全,二卖+二买+三买,向下,无信号,客观缠论信号为二卖、二买、三买，60分钟笔方向向下（寻底模式），因此实际交易动作是二买（笔方向向下时优先买点）,4101.83,4079.77,4092.83,11.3175,8.2338,否
2026-05-21 11:06:11,二卖,否,警戒,510300,沪深300ETF,4.91,安全,二卖,向上,无信号,客观缠论信号为二卖，60分钟笔方向向上（冲顶模式），因此实际交易动作是二卖（笔方向向上时优先卖点）,4.68,4.86,4.95,0.0206,0.0151,否
2026-05-21 11:06:11,观望,否,警戒,588000,科创50ETF,1.96,安全,无信号,向下,顶背驰,客观缠论信号为无信号，60分钟笔方向向下，中枢震荡，观望,1.55,1.71,1.82,0.0301,0.0290,否
2026-05-21 11:06:11,观望,否,警戒,513100,纳指ETF,2.09,安全,无信号,向下,无信号,客观缠论信号为无信号，60分钟笔方向向下，中枢震荡，观望,1.91,2.07,2.11,0.0126,0.0057,否
2026-05-21 11:06:11,观望,否,警戒,513520,日经ETF,2.09,安全,二卖,向下,无信号,客观缠论信号为二卖，60分钟笔方向向下，中枢震荡，观望,1.89,2.00,2.06,0.0134,0.0053,否
2026-05-21 11:06:11,观望,否,警戒,512400,有色金属ETF,2.01,安全,二卖,向下,无信号,客观缠论信号为二卖，60分钟笔方向向下，中枢震荡，观望,2.11,1.96,1.98,0.0116,0.0065,否
2026-05-21 11:06:11,二买,否,警戒,512690,酒ETF,0.46,日线破位,二卖+二买,向下,无信号,客观缠论信号为二卖、二买，60分钟笔方向向下（寻底模式），因此实际交易动作是二买（笔方向向下时优先买点）,0.48,0.48,0.46,0.0011,0.0009,否
2026-05-21 11:06:11,二卖,否,警戒,159227,航空航天ETF,1.27,安全,二卖,向上,无信号,客观缠论信号为二卖，60分钟笔方向向上（冲顶模式），因此实际交易动作是二卖（笔方向向上时优先卖点）,1.20,1.23,1.29,0.0000,-0.0016,否
2026-05-21 11:06:11,二卖,否,警戒,159992,创新药ETF,0.80,安全,二卖,向上,无信号,客观缠论信号为二卖，60分钟笔方向向上（冲顶模式），因此实际交易动作是二卖（笔方向向上时优先卖点）,0.79,0.77,0.83,0.0049,0.0028,否
2026-05-21 11:06:11,二买,否,警戒,515050,通信ETF,1.14,安全,二卖+二买,向下,顶背驰,客观缠论信号为二卖、二买，60分钟笔方向向下（寻底模式），因此实际交易动作是二买（笔方向向下时优先买点）,1.08,1.48,1.14,0.0044,0.0040,否
2026-05-21 11:06:11,观望,否,警戒,159915,创业板ETF,3.98,安全,无信号,向下,无信号,客观缠论信号为无信号，60分钟笔方向向下，中枢震荡，观望,3.24,3.61,3.97,0.0218,0.0165,否
2026-05-21 11:06:11,二买,否,警戒,588200,科创芯片ETF,3.78,安全,一卖+二买,向下,无信号,客观缠论信号为一卖、二买，60分钟笔方向向下（寻底模式），因此实际交易动作是二买（笔方向向下时优先买点）,2.65,3.20,3.34,0.0630,0.0648,否
2026-05-21 11:06:11,二卖,否,警戒,159755,电池ETF,1.18,安全,二卖,向上,无信号,客观缠论信号为二卖，60分钟笔方向向上（冲顶模式），因此实际交易动作是二卖（笔方向向上时优先卖点）,1.03,1.17,1.22,0.0076,0.0058,否
2026-05-21 11:06:11,二买,否,警戒,159899,软件ETF,0.86,安全,二卖+三卖+二买,向下,无信号,客观缠论信号为二卖、三卖、二买，60分钟笔方向向下（寻底模式），因此实际交易动作是二买（笔方向向下时优先买点）,0.83,0.83,0.89,0.0030,0.0012,否
2026-05-21 11:06:11,观望,否,警戒,513360,教育ETF,0.49,日线破位,二卖,向下,无信号,客观缠论信号为二卖，60分钟笔方向向下，中枢震荡，观望,0.49,0.49,0.49,-0.0003,-0.0003,否
2026-05-21 11:06:11,观望,否,警戒,515790,光伏ETF,1.13,安全,二买,向上,顶背驰,客观缠论信号为二买，60分钟笔方向向上，中枢震荡，观望,1.08,1.10,1.11,0.0055,0.0055,否
2026-05-21 11:06:11,二卖,否,警戒,603317,天味食品,16.07,安全,二卖+一买,向上,顶背驰,客观缠论信号为二卖、一买，60分钟笔方向向上（冲顶模式），因此实际交易动作是二卖（笔方向向上时优先卖点）,12.98,15.50,16.24,0.0497,0.0603,否
2026-05-21 11:06:11,观望,否,警戒,601668,中国建筑,4.84,日线破位,无信号,向下,无信号,客观缠论信号为无信号，60分钟笔方向向下，中枢震荡，观望,4.88,4.91,4.85,-0.0107,-0.0121,否
2026-05-21 11:06:11,二卖,否,警戒,601288,农业银行,6.45,日线破位,二卖,向上,无信号,客观缠论信号为二卖，60分钟笔方向向上（冲顶模式），因此实际交易动作是二卖（笔方向向上时优先卖点）,6.53,6.53,6.68,-0.0374,-0.0390,否
2026-05-21 11:06:11,二买,否,警戒,601728,中国电信,6.45,日线破位,二买,向下,底背驰,客观缠论信号为二买，60分钟笔方向向下（寻底模式），因此实际交易动作是二买（笔方向向下时优先买点）,6.72,6.50,6.42,-0.0856,-0.0666,否
2026-05-21 11:06:11,观望,否,警戒,600276,恒瑞医药,51.97,安全,无信号,向下,无信号,客观缠论信号为无信号，60分钟笔方向向下，中枢震荡，观望,51.31,52.41,53.92,0.1229,-0.0734,否
2026-05-21 11:06:11,二买,否,警戒,600177,雅戈尔,7.52,安全,二卖+二买,向下,无信号,客观缠论信号为二卖、二买，60分钟笔方向向下（寻底模式），因此实际交易动作是二买（笔方向向下时优先买点）,7.44,7.25,7.58,0.0099,-0.0022,否
2026-05-21 11:06:11,观望,否,警戒,600887,伊利股份,27.00,安全,二卖,向下,无信号,客观缠论信号为二卖，60分钟笔方向向下，中枢震荡，观望,27.11,26.92,27.60,-0.0552,-0.0450,否
2026-05-21 11:06:11,观望,否,警戒,601138,工业富联,67.55,安全,二卖,向下,无信号,客观缠论信号为二卖，60分钟笔方向向下，中枢震荡，观望,62.70,62.77,71.76,0.0622,-0.0293,否
2026-05-21 11:06:11,二买,否,警戒,688041,海光信息,323.80,安全,二卖+二买,向下,无信号,客观缠论信号为二卖、二买，60分钟笔方向向下（寻底模式），因此实际交易动作是二买（笔方向向下时优先买点）,246.00,320.01,355.50,4.6387,4.1218,否
2026-05-21 11:06:11,二卖,否,警戒,601225,陕西煤业,23.79,日线破位,二卖+二买,向上,无信号,客观缠论信号为二卖、二买，60分钟笔方向向上（冲顶模式），因此实际交易动作是二卖（笔方向向上时优先卖点）,24.90,24.22,24.64,-0.1369,-0.0887,否
2026-05-21 11:06:11,观望,否,警戒,600660,福耀玻璃,54.72,日线破位,二卖,向下,无信号,客观缠论信号为二卖，60分钟笔方向向下，中枢震荡，观望,55.27,55.65,55.21,-0.0356,-0.1078,否
2026-05-21 11:06:11,观望,否,警戒,000429,粤高速A,13.25,安全,二卖,向下,无信号,客观缠论信号为二卖，60分钟笔方向向下，中枢震荡，观望,13.29,12.86,13.13,0.0367,0.0412,否
2026-05-21 11:06:11,二买,否,警戒,002507,涪陵榨菜,11.98,日线破位,二卖+二买,向下,无信号,客观缠论信号为二卖、二买，60分钟笔方向向下（寻底模式），因此实际交易动作是二买（笔方向向下时优先买点）,12.23,12.15,12.07,0.0054,0.0007,否
2026-05-21 11:06:11,观望,否,警戒,000338,潍柴动力,33.58,安全,二卖,向下,无信号,客观缠论信号为二卖，60分钟笔方向向下，中枢震荡，观望,25.92,31.76,33.43,0.2548,0.1005,否
2026-05-21 11:06:11,二买,否,警戒,000538,云南白药,50.66,日线破位,二卖+二买,向下,顶背驰,客观缠论信号为二卖、二买，60分钟笔方向向下（寻底模式），因此实际交易动作是二买（笔方向向下时优先买点）,54.40,54.40,51.23,-0.0409,-0.0260,否
2026-05-21 11:06:11,二卖,否,警戒,000423,东阿阿胶,50.29,安全,二卖,向上,无信号,客观缠论信号为二卖，60分钟笔方向向上（冲顶模式），因此实际交易动作是二卖（笔方向向上时优先卖点）,50.16,49.78,54.45,-0.0991,-0.0902,否
2026-05-21 11:06:11,二卖,否,警戒,000651,格力电器,39.31,日线破位,二卖,向上,无信号,客观缠论信号为二卖，60分钟笔方向向上（冲顶模式），因此实际交易动作是二卖（笔方向向上时优先卖点）,40.00,39.51,40.57,-0.0784,-0.0652,否
2026-05-21 11:06:11,二卖,否,警戒,000895,双汇发展,26.04,安全,二卖,向上,无信号,客观缠论信号为二卖，60分钟笔方向向上（冲顶模式），因此实际交易动作是二卖（笔方向向上时优先卖点）,25.75,26.51,26.82,-0.0701,-0.0406,否
2026-05-21 11:06:11,观望,否,警戒,002415,海康威视,32.64,安全,无信号,向下,无信号,客观缠论信号为无信号，60分钟笔方向向下，中枢震荡，观望,31.96,30.84,33.25,-0.0479,-0.0692,否
2026-05-21 11:06:11,观望,否,警戒,000157,中联重科,7.50,安全,二卖,向下,无信号,客观缠论信号为二卖，60分钟笔方向向下，中枢震荡，观望,7.18,7.22,7.94,0.0511,0.0163,否
2026-05-21 11:06:11,观望,否,警戒,002128,电投能源,29.66,安全,二卖,向下,顶背驰,客观缠论信号为二卖，60分钟笔方向向下，中枢震荡，观望,29.02,28.68,30.63,-0.0030,-0.0224,否
2026-05-21 11:06:11,观望,否,警戒,002027,分众传媒,5.69,日线破位,二卖,向下,无信号,客观缠论信号为二卖，60分钟笔方向向下，中枢震荡，观望,6.16,6.22,6.36,-0.0053,-0.0146,否
2026-05-21 11:06:11,二买,否,警戒,hk03690,美团,84.30,安全,二买,向下,无信号,客观缠论信号为二买，60分钟笔方向向下（寻底模式），因此实际交易动作是二买（笔方向向下时优先买点）,78.70,82.40,84.55,0.5405,0.4004,否
2026-05-21 11:06:11,二买,否,警戒,hk03896,金山云,7.20,安全,二卖+二买,向下,无信号,客观缠论信号为二卖、二买，60分钟笔方向向下（寻底模式），因此实际交易动作是二买（笔方向向下时优先买点）,6.23,6.84,8.06,-0.0781,-0.0787,否
2026-05-21 11:06:11,二买,否,警戒,hk00700,腾讯,449.00,日线破位,二买,向下,无信号,客观缠论信号为二买，60分钟笔方向向下（寻底模式），因此实际交易动作是二买（笔方向向下时优先买点）,494.60,486.20,460.20,-1.7581,-1.0884,否
2026-05-21 11:06:11,二买,否,警戒,hk09988,阿里巴巴,129.90,安全,二卖+二买,向下,无信号,客观缠论信号为二卖、二买，60分钟笔方向向下（寻底模式），因此实际交易动作是二买（笔方向向下时优先买点）,129.60,128.60,134.20,-0.3981,-0.2186,否
2026-05-21 11:06:11,二卖,否,警戒,hk01024,快手,47.50,安全,二卖,向上,无信号,客观缠论信号为二卖，60分钟笔方向向上（冲顶模式），因此实际交易动作是二卖（笔方向向上时优先卖点）,44.22,43.00,45.46,-0.3147,-0.3186,否
2026-05-21 11:06:11,观望,否,警戒,hk06618,京东健康,40.56,安全,二卖,向下,无信号,客观缠论信号为二卖，60分钟笔方向向下，中枢震荡，观望,39.65,40.70,45.30,-0.1412,-0.2551,否
2026-05-21 11:06:11,二买,否,警戒,hk06862,海底捞,13.72,安全,二卖+二买,向下,顶背驰,客观缠论信号为二卖、二买，60分钟笔方向向下（寻底模式），因此实际交易动作是二买（笔方向向下时优先买点）,13.47,14.16,14.59,-0.1184,-0.0627,否
2026-05-21 11:06:11,二买,否,警戒,600415,小商品城,13.89,安全,一卖+二买,向下,无信号,客观缠论信号为一卖、二买，60分钟笔方向向下（寻底模式），因此实际交易动作是二买（笔方向向下时优先买点）,13.81,12.86,13.98,0.0041,0.0470,否
2026-05-21 11:06:11,二买,否,警戒,300285,国瓷材料,42.86,安全,二买,向下,无信号,客观缠论信号为二买，60分钟笔方向向下（寻底模式），因此实际交易动作是二买（笔方向向下时优先买点）,32.60,35.16,41.99,0.4113,0.3463,否
2026-05-21 11:06:11,观望,否,警戒,600021,上海电力,18.65,安全,无信号,向上,无信号,客观缠论信号为无信号，60分钟笔方向向上，中枢震荡，观望,18.15,17.63,18.55,0.0982,0.1897,否
2026-05-21 11:06:11,观望,否,警戒,002517,恺英网络,17.16,安全,无信号,向下,无信号,客观缠论信号为无信号，60分钟笔方向向下，中枢震荡，观望,16.68,17.19,17.28,-0.0161,-0.0490,否
2026-05-21 11:06:11,二卖,否,警戒,300474,景嘉微,65.94,安全,二卖,向上,顶背驰,客观缠论信号为二卖，60分钟笔方向向上（冲顶模式），因此实际交易动作是二卖（笔方向向上时优先卖点）,64.15,65.85,68.27,0.3846,0.3258,否
2026-05-21 11:06:11,二买,否,警戒,600909,华安证券,7.28,安全,二买,向下,无信号,客观缠论信号为二买，60分钟笔方向向下（寻底模式），因此实际交易动作是二买（笔方向向下时优先买点）,6.59,6.45,6.36,0.2331,0.1838,否
2026-05-21 11:06:11,二买,否,警戒,603290,斯达半导,128.01,安全,二买+三买,向下,无信号,客观缠论信号为二买、三买，60分钟笔方向向下（寻底模式），因此实际交易动作是二买（笔方向向下时优先买点）,107.75,106.51,110.56,1.0736,0.9914,否
2026-05-21 11:06:11,观望,否,警戒,603296,华勤技术,109.60,安全,无信号,向下,顶背驰,客观缠论信号为无信号，60分钟笔方向向下，中枢震荡，观望,101.28,108.08,116.85,0.1691,0.0944,否

2026-05-21 11:21:13,观望,是,警戒,600900,长江电力,26.92,安全,二卖,向下,无信号,客观缠论信号为二卖，60分钟笔方向向下，中枢震荡，观望,26.66,26.90,26.96,-0.0537,-0.0503,否
2026-05-21 11:21:13,观望,是,警戒,600938,中国海油,36.58,安全,二买,向上,底背驰,客观缠论信号为二买，60分钟笔方向向上，中枢震荡，观望,34.06,35.29,37.35,-0.2006,-0.0488,否
2026-05-21 11:21:13,观望,是,警戒,688981,中芯国际,133.74,安全,二卖,向下,无信号,客观缠论信号为二卖，60分钟笔方向向下，中枢震荡，观望,129.16,124.60,125.00,3.1745,3.6066,否
2026-05-21 11:21:13,二买,是,警戒,000333,美的集团,82.00,安全,二买,向下,顶背驰,客观缠论信号为二买，60分钟笔方向向下（寻底模式），因此实际交易动作是二买（笔方向向下时优先买点）,79.18,79.63,80.98,0.2051,0.1596,否
2026-05-21 11:21:13,观望,是,警戒,000001,平安银行,10.77,安全,二卖,向下,无信号,客观缠论信号为二卖，60分钟笔方向向下，中枢震荡，观望,10.78,10.67,11.03,-0.0227,-0.0249,否
2026-05-21 11:21:13,二买,是,警戒,001965,招商公路,10.13,安全,二买,向下,顶背驰,客观缠论信号为二买，60分钟笔方向向下（寻底模式），因此实际交易动作是二买（笔方向向下时优先买点）,9.68,9.78,10.05,0.0399,0.0190,否
2026-05-21 11:21:13,观望,是,警戒,hk01810,小米集团,29.98,日线破位,二卖,向下,无信号,客观缠论信号为二卖，60分钟笔方向向下，中枢震荡，观望,32.78,30.26,30.74,-0.0287,-0.0339,否
2026-05-21 11:21:13,观望,是,警戒,513130,恒生科技ETF,0.61,安全,二卖,向下,无信号,客观缠论信号为二卖，60分钟笔方向向下，中枢震荡，观望,0.59,0.61,0.63,0.0008,0.0010,否
2026-05-21 11:21:13,二买,否,警戒,sh000001,上证指数,4180.38,安全,二卖+二买+三买,向下,无信号,客观缠论信号为二卖、二买、三买，60分钟笔方向向下（寻底模式），因此实际交易动作是二买（笔方向向下时优先买点）,4101.83,4079.77,4092.83,11.3175,8.2338,否
2026-05-21 11:21:13,二卖,否,警戒,510300,沪深300ETF,4.91,安全,二卖,向上,无信号,客观缠论信号为二卖，60分钟笔方向向上（冲顶模式），因此实际交易动作是二卖（笔方向向上时优先卖点）,4.68,4.86,4.95,0.0193,0.0160,否
2026-05-21 11:21:13,观望,否,警戒,588000,科创50ETF,1.94,安全,无信号,向下,顶背驰,客观缠论信号为无信号，60分钟笔方向向下，中枢震荡，观望,1.55,1.71,1.82,0.0271,0.0286,否
2026-05-21 11:21:13,观望,否,警戒,513100,纳指ETF,2.10,安全,无信号,向下,无信号,客观缠论信号为无信号，60分钟笔方向向下，中枢震荡，观望,1.91,2.07,2.11,0.0134,0.0072,否
2026-05-21 11:21:13,观望,否,警戒,513520,日经ETF,2.09,安全,二卖,向下,无信号,客观缠论信号为二卖，60分钟笔方向向下，中枢震荡，观望,1.89,2.00,2.06,0.0140,0.0070,否
2026-05-21 11:21:13,观望,否,警戒,512400,有色金属ETF,2.01,安全,二卖,向下,无信号,客观缠论信号为二卖，60分钟笔方向向下，中枢震荡，观望,2.11,1.96,1.98,0.0114,0.0075,否
2026-05-21 11:21:13,二买,否,警戒,512690,酒ETF,0.46,日线破位,二卖+二买,向下,无信号,客观缠论信号为二卖、二买，60分钟笔方向向下（寻底模式），因此实际交易动作是二买（笔方向向下时优先买点）,0.48,0.48,0.46,0.0010,0.0009,否
2026-05-21 11:21:13,二卖,否,警戒,159227,航空航天ETF,1.27,安全,二卖,向上,无信号,客观缠论信号为二卖，60分钟笔方向向上（冲顶模式），因此实际交易动作是二卖（笔方向向上时优先卖点）,1.20,1.23,1.29,-0.0000,-0.0012,否
2026-05-21 11:21:13,二卖,否,警戒,159992,创新药ETF,0.80,安全,二卖,向上,无信号,客观缠论信号为二卖，60分钟笔方向向上（冲顶模式），因此实际交易动作是二卖（笔方向向上时优先卖点）,0.79,0.77,0.83,0.0049,0.0033,否
2026-05-21 11:21:13,二买,否,警戒,515050,通信ETF,1.14,安全,二卖+二买,向下,无信号,客观缠论信号为二卖、二买，60分钟笔方向向下（寻底模式），因此实际交易动作是二买（笔方向向下时优先买点）,1.08,1.48,1.14,0.0039,0.0040,否
2026-05-21 11:21:13,观望,否,警戒,159915,创业板ETF,3.97,安全,无信号,向下,无信号,客观缠论信号为无信号，60分钟笔方向向下，中枢震荡，观望,3.24,3.61,3.97,0.0203,0.0173,否
2026-05-21 11:21:13,二买,否,警戒,588200,科创芯片ETF,3.74,安全,一卖+二买,向下,无信号,客观缠论信号为一卖、二买，60分钟笔方向向下（寻底模式），因此实际交易动作是二买（笔方向向下时优先买点）,2.65,3.20,3.34,0.0559,0.0630,否
2026-05-21 11:21:13,二卖,否,警戒,159755,电池ETF,1.18,安全,二卖,向上,无信号,客观缠论信号为二卖，60分钟笔方向向上（冲顶模式），因此实际交易动作是二卖（笔方向向上时优先卖点）,1.03,1.17,1.22,0.0074,0.0061,否
2026-05-21 11:21:13,二买,否,警戒,159899,软件ETF,0.85,安全,二卖+三卖+二买,向下,无信号,客观缠论信号为二卖、三卖、二买，60分钟笔方向向下（寻底模式），因此实际交易动作是二买（笔方向向下时优先买点）,0.83,0.83,0.89,0.0027,0.0015,否
2026-05-21 11:21:13,观望,否,警戒,513360,教育ETF,0.49,日线破位,二卖,向下,无信号,客观缠论信号为二卖，60分钟笔方向向下，中枢震荡，观望,0.49,0.49,0.49,-0.0003,-0.0003,否
2026-05-21 11:21:13,观望,否,警戒,515790,光伏ETF,1.13,安全,二买,向上,无信号,客观缠论信号为二买，60分钟笔方向向上，中枢震荡，观望,1.08,1.10,1.11,0.0050,0.0054,否
2026-05-21 11:21:13,二卖,否,警戒,603317,天味食品,16.06,安全,二卖+一买,向上,顶背驰,客观缠论信号为二卖、一买，60分钟笔方向向上（冲顶模式），因此实际交易动作是二卖（笔方向向上时优先卖点）,12.98,15.50,16.24,0.0416,0.0565,否
2026-05-21 11:21:13,观望,否,警戒,601668,中国建筑,4.85,日线破位,无信号,向下,无信号,客观缠论信号为无信号，60分钟笔方向向下，中枢震荡，观望,4.88,4.91,4.85,-0.0097,-0.0117,否
2026-05-21 11:21:13,二卖,否,警戒,601288,农业银行,6.50,日线破位,二卖,向上,无信号,客观缠论信号为二卖，60分钟笔方向向上（冲顶模式），因此实际交易动作是二卖（笔方向向上时优先卖点）,6.53,6.53,6.68,-0.0324,-0.0377,否
2026-05-21 11:21:13,二买,否,警戒,601728,中国电信,6.44,日线破位,二买,向下,底背驰,客观缠论信号为二买，60分钟笔方向向下（寻底模式），因此实际交易动作是二买（笔方向向下时优先买点）,6.72,6.50,6.42,-0.0882,-0.0709,否
2026-05-21 11:21:13,观望,否,警戒,600276,恒瑞医药,51.94,安全,无信号,向下,无信号,客观缠论信号为无信号，60分钟笔方向向下，中枢震荡，观望,51.31,52.41,53.92,0.1415,-0.0305,否
2026-05-21 11:21:13,二买,否,警戒,600177,雅戈尔,7.50,安全,二卖+二买,向下,无信号,客观缠论信号为二卖、二买，60分钟笔方向向下（寻底模式），因此实际交易动作是二买（笔方向向下时优先买点）,7.44,7.25,7.58,0.0091,0.0001,否
2026-05-21 11:21:13,观望,否,警戒,600887,伊利股份,27.03,安全,二卖,向下,无信号,客观缠论信号为二卖，60分钟笔方向向下，中枢震荡，观望,27.11,26.92,27.60,-0.0585,-0.0477,否
2026-05-21 11:21:13,观望,否,警戒,601138,工业富联,67.72,安全,二卖,向下,无信号,客观缠论信号为二卖，60分钟笔方向向下，中枢震荡，观望,62.70,62.77,71.76,0.0488,-0.0137,否
2026-05-21 11:21:13,二买,否,警戒,688041,海光信息,320.00,安全,二卖+二买,向下,无信号,客观缠论信号为二卖、二买，60分钟笔方向向下（寻底模式），因此实际交易动作是二买（笔方向向下时优先买点）,246.00,320.01,355.50,4.0552,4.1085,否
2026-05-21 11:21:13,二卖,否,警戒,601225,陕西煤业,23.90,日线破位,二卖+二买,向上,无信号,客观缠论信号为二卖、二买，60分钟笔方向向上（冲顶模式），因此实际交易动作是二卖（笔方向向上时优先卖点）,24.90,24.22,24.64,-0.1342,-0.0978,否
2026-05-21 11:21:13,观望,否,警戒,600660,福耀玻璃,54.77,日线破位,二卖,向下,无信号,客观缠论信号为二卖，60分钟笔方向向下，中枢震荡，观望,55.27,55.65,55.21,-0.0189,-0.0900,否
2026-05-21 11:21:13,观望,否,警戒,000429,粤高速A,13.27,安全,二卖,向下,无信号,客观缠论信号为二卖，60分钟笔方向向下，中枢震荡，观望,13.29,12.86,13.13,0.0375,0.0405,否
2026-05-21 11:21:13,二买,否,警戒,002507,涪陵榨菜,11.96,日线破位,二卖+二买,向下,无信号,客观缠论信号为二卖、二买，60分钟笔方向向下（寻底模式），因此实际交易动作是二买（笔方向向下时优先买点）,12.23,12.15,12.07,0.0044,0.0014,否
2026-05-21 11:21:13,观望,否,警戒,000338,潍柴动力,33.65,安全,二卖,向下,无信号,客观缠论信号为二卖，60分钟笔方向向下，中枢震荡，观望,25.92,31.76,33.43,0.2661,0.1336,否
2026-05-21 11:21:13,二买,否,警戒,000538,云南白药,50.68,日线破位,二卖+二买,向下,顶背驰,客观缠论信号为二卖、二买，60分钟笔方向向下（寻底模式），因此实际交易动作是二买（笔方向向下时优先买点）,54.40,54.40,51.23,-0.0467,-0.0301,否
2026-05-21 11:21:13,二卖,否,警戒,000423,东阿阿胶,50.24,安全,二卖,向上,无信号,客观缠论信号为二卖，60分钟笔方向向上（冲顶模式），因此实际交易动作是二卖（笔方向向上时优先卖点）,50.16,49.78,54.45,-0.1210,-0.0964,否
2026-05-21 11:21:13,二卖,否,警戒,000651,格力电器,39.30,日线破位,二卖,向上,无信号,客观缠论信号为二卖，60分钟笔方向向上（冲顶模式），因此实际交易动作是二卖（笔方向向上时优先卖点）,40.00,39.51,40.57,-0.0824,-0.0687,否
2026-05-21 11:21:13,二卖,否,警戒,000895,双汇发展,26.04,安全,二卖,向上,无信号,客观缠论信号为二卖，60分钟笔方向向上（冲顶模式），因此实际交易动作是二卖（笔方向向上时优先卖点）,25.75,26.51,26.82,-0.0768,-0.0478,否
2026-05-21 11:21:13,观望,否,警戒,002415,海康威视,32.55,安全,无信号,向下,无信号,客观缠论信号为无信号，60分钟笔方向向下，中枢震荡，观望,31.96,30.84,33.25,-0.0600,-0.0674,否
2026-05-21 11:21:13,观望,否,警戒,000157,中联重科,7.44,安全,二卖,向下,无信号,客观缠论信号为二卖，60分钟笔方向向下，中枢震荡，观望,7.18,7.22,7.94,0.0571,0.0308,否
2026-05-21 11:21:13,观望,否,警戒,002128,电投能源,29.85,安全,二卖,向下,无信号,客观缠论信号为二卖，60分钟笔方向向下，中枢震荡，观望,29.02,28.68,30.63,0.0075,-0.0164,否
2026-05-21 11:21:13,观望,否,警戒,002027,分众传媒,5.69,日线破位,二卖,向下,无信号,客观缠论信号为二卖，60分钟笔方向向下，中枢震荡，观望,6.16,6.22,6.36,-0.0053,-0.0146,否
2026-05-21 11:21:13,二买,否,警戒,hk03690,美团,84.30,安全,三卖+二买,向下,无信号,客观缠论信号为三卖、二买，60分钟笔方向向下（寻底模式），因此实际交易动作是二买（笔方向向下时优先买点）,78.70,82.40,85.10,0.5405,0.4004,否
2026-05-21 11:21:13,二买,否,警戒,hk03896,金山云,7.20,安全,二卖+二买,向下,无信号,客观缠论信号为二卖、二买，60分钟笔方向向下（寻底模式），因此实际交易动作是二买（笔方向向下时优先买点）,6.23,6.84,8.06,-0.0781,-0.0787,否
2026-05-21 11:21:13,二买,否,警戒,hk00700,腾讯,448.00,日线破位,二买,向下,无信号,客观缠论信号为二买，60分钟笔方向向下（寻底模式），因此实际交易动作是二买（笔方向向下时优先买点）,494.60,486.20,460.20,-2.2472,-1.4719,否
2026-05-21 11:21:13,二买,否,警戒,hk09988,阿里巴巴,128.50,日线破位,二卖+二买,向下,无信号,客观缠论信号为二卖、二买，60分钟笔方向向下（寻底模式），因此实际交易动作是二买（笔方向向下时优先买点）,129.60,128.60,134.20,-1.0552,-0.7217,否
2026-05-21 11:21:13,二卖,否,警戒,hk01024,快手,46.18,安全,二卖,向上,无信号,客观缠论信号为二卖，60分钟笔方向向上（冲顶模式），因此实际交易动作是二卖（笔方向向上时优先卖点）,44.22,43.00,45.46,-0.4639,-0.3641,否
2026-05-21 11:21:13,观望,否,警戒,hk06618,京东健康,40.32,安全,二卖,向下,无信号,客观缠论信号为二卖，60分钟笔方向向下，中枢震荡，观望,39.65,40.70,45.30,-0.1383,-0.1754,否
2026-05-21 11:21:13,二买,否,警戒,hk06862,海底捞,13.72,安全,二卖+二买,向下,顶背驰,客观缠论信号为二卖、二买，60分钟笔方向向下（寻底模式），因此实际交易动作是二买（笔方向向下时优先买点）,13.47,14.16,14.59,-0.1184,-0.0627,否
2026-05-21 11:21:13,二买,否,警戒,600415,小商品城,13.84,安全,一卖+二买,向下,无信号,客观缠论信号为一卖、二买，60分钟笔方向向下（寻底模式），因此实际交易动作是二买（笔方向向下时优先买点）,13.81,12.86,13.98,-0.0667,-0.0189,否
2026-05-21 11:21:13,二买,否,警戒,300285,国瓷材料,43.05,安全,二买,向下,无信号,客观缠论信号为二买，60分钟笔方向向下（寻底模式），因此实际交易动作是二买（笔方向向下时优先买点）,32.60,35.16,41.99,0.3832,0.3536,否
2026-05-21 11:21:13,观望,否,警戒,600021,上海电力,18.65,安全,无信号,向上,无信号,客观缠论信号为无信号，60分钟笔方向向上，中枢震荡，观望,18.15,17.63,18.55,0.0982,0.1897,否
2026-05-21 11:21:13,观望,否,警戒,002517,恺英网络,17.16,安全,无信号,向下,无信号,客观缠论信号为无信号，60分钟笔方向向下，中枢震荡，观望,16.68,17.19,17.28,-0.0161,-0.0490,否
2026-05-21 11:21:13,二卖,否,警戒,300474,景嘉微,65.94,安全,二卖,向上,顶背驰,客观缠论信号为二卖，60分钟笔方向向上（冲顶模式），因此实际交易动作是二卖（笔方向向上时优先卖点）,64.15,65.85,68.27,0.3846,0.3258,否
2026-05-21 11:21:13,二买,否,警戒,600909,华安证券,7.28,安全,二买,向下,无信号,客观缠论信号为二买，60分钟笔方向向下（寻底模式），因此实际交易动作是二买（笔方向向下时优先买点）,6.59,6.45,6.36,0.2353,0.1941,否
2026-05-21 11:21:13,二买,否,警戒,603290,斯达半导,128.01,安全,二买+三买,向下,无信号,客观缠论信号为二买、三买，60分钟笔方向向下（寻底模式），因此实际交易动作是二买（笔方向向下时优先买点）,107.75,106.51,110.56,1.0736,0.9914,否
2026-05-21 11:21:13,观望,否,警戒,603296,华勤技术,109.60,安全,无信号,向下,顶背驰,客观缠论信号为无信号，60分钟笔方向向下，中枢震荡，观望,101.28,108.08,116.85,0.1691,0.0944,否

2026-05-21 11:46:01,观望,是,警戒,600900,长江电力,26.88,安全,二卖,向下,无信号,客观缠论信号为二卖，60分钟笔方向向下，中枢震荡，观望,26.66,26.90,26.96,-0.0537,-0.0509,否
2026-05-21 11:46:01,观望,是,警戒,600938,中国海油,36.59,安全,无信号,向下,底背驰,客观缠论信号为无信号，60分钟笔方向向下，中枢震荡，观望,34.06,35.29,37.35,-0.2040,-0.0798,否
2026-05-21 11:46:01,观望,是,警戒,688981,中芯国际,133.01,安全,无信号,向上,无信号,客观缠论信号为无信号，60分钟笔方向向上，中枢震荡，观望,129.16,124.60,125.00,2.8909,3.4635,否
2026-05-21 11:46:01,二卖,是,警戒,000333,美的集团,82.00,安全,二卖+二买,向上,顶背驰,客观缠论信号为二卖、二买，60分钟笔方向向上（冲顶模式），因此实际交易动作是二卖（笔方向向上时优先卖点）,79.18,79.63,83.15,0.2051,0.1596,否
2026-05-21 11:46:01,观望,是,警戒,000001,平安银行,10.76,安全,二卖,向下,无信号,客观缠论信号为二卖，60分钟笔方向向下，中枢震荡，观望,10.78,10.67,11.03,-0.0222,-0.0244,否
2026-05-21 11:46:01,二买,是,警戒,001965,招商公路,10.13,安全,二买,向下,无信号,客观缠论信号为二买，60分钟笔方向向下（寻底模式），因此实际交易动作是二买（笔方向向下时优先买点）,9.68,9.78,10.05,0.0441,0.0240,否
2026-05-21 11:46:01,二卖,是,警戒,hk01810,小米集团,29.92,日线破位,二卖,向上,无信号,客观缠论信号为二卖，60分钟笔方向向上（冲顶模式），因此实际交易动作是二卖（笔方向向上时优先卖点）,32.78,30.26,30.60,-0.0582,-0.0406,否
2026-05-21 11:46:01,二卖,是,警戒,513130,恒生科技ETF,0.61,安全,二卖,向上,无信号,客观缠论信号为二卖，60分钟笔方向向上（冲顶模式），因此实际交易动作是二卖（笔方向向上时优先卖点）,0.59,0.61,0.63,0.0008,0.0010,否
2026-05-21 11:46:01,二买,否,警戒,sh000001,上证指数,4180.38,安全,二卖+二买+三买,向下,无信号,客观缠论信号为二卖、二买、三买，60分钟笔方向向下（寻底模式），因此实际交易动作是二买（笔方向向下时优先买点）,4101.83,4079.77,4092.83,11.3175,8.2338,否
2026-05-21 11:46:01,二卖,否,警戒,510300,沪深300ETF,4.89,安全,二卖,向上,无信号,客观缠论信号为二卖，60分钟笔方向向上（冲顶模式），因此实际交易动作是二卖（笔方向向上时优先卖点）,4.68,4.86,4.95,0.0171,0.0162,否
2026-05-21 11:46:01,观望,否,警戒,588000,科创50ETF,1.94,安全,无信号,向下,顶背驰,客观缠论信号为无信号，60分钟笔方向向下，中枢震荡，观望,1.55,1.71,1.82,0.0271,0.0286,否
2026-05-21 11:46:01,观望,否,警戒,513100,纳指ETF,2.10,安全,无信号,向下,无信号,客观缠论信号为无信号，60分钟笔方向向下，中枢震荡，观望,1.91,2.07,2.11,0.0134,0.0072,否
2026-05-21 11:46:01,观望,否,警戒,513520,日经ETF,2.09,安全,二卖,向下,无信号,客观缠论信号为二卖，60分钟笔方向向下，中枢震荡，观望,1.89,2.00,2.06,0.0140,0.0070,否
2026-05-21 11:46:01,观望,否,警戒,512400,有色金属ETF,2.00,安全,无信号,向上,无信号,客观缠论信号为无信号，60分钟笔方向向上，中枢震荡，观望,2.11,1.96,1.98,0.0106,0.0081,否
2026-05-21 11:46:01,二买,否,警戒,512690,酒ETF,0.46,日线破位,二卖+二买,向下,无信号,客观缠论信号为二卖、二买，60分钟笔方向向下（寻底模式），因此实际交易动作是二买（笔方向向下时优先买点）,0.48,0.48,0.46,0.0009,0.0009,否
2026-05-21 11:46:01,二买,否,警戒,159227,航空航天ETF,1.26,安全,二卖+二买,向下,无信号,客观缠论信号为二卖、二买，60分钟笔方向向下（寻底模式），因此实际交易动作是二买（笔方向向下时优先买点）,1.20,1.23,1.27,-0.0005,-0.0011,否
2026-05-21 11:46:01,二卖,否,警戒,159992,创新药ETF,0.80,安全,二卖,向上,无信号,客观缠论信号为二卖，60分钟笔方向向上（冲顶模式），因此实际交易动作是二卖（笔方向向上时优先卖点）,0.79,0.77,0.83,0.0046,0.0035,否
2026-05-21 11:46:01,二买,否,警戒,515050,通信ETF,1.14,安全,二卖+二买,向下,无信号,客观缠论信号为二卖、二买，60分钟笔方向向下（寻底模式），因此实际交易动作是二买（笔方向向下时优先买点）,1.08,1.48,1.14,0.0039,0.0040,否
2026-05-21 11:46:01,二卖,否,警戒,159915,创业板ETF,3.97,安全,二卖,向上,无信号,客观缠论信号为二卖，60分钟笔方向向上（冲顶模式），因此实际交易动作是二卖（笔方向向上时优先卖点）,3.24,3.61,3.97,0.0203,0.0173,否
2026-05-21 11:46:01,二买,否,警戒,588200,科创芯片ETF,3.74,安全,二买,向下,无信号,客观缠论信号为二买，60分钟笔方向向下（寻底模式），因此实际交易动作是二买（笔方向向下时优先买点）,2.65,3.20,3.34,0.0559,0.0630,否
2026-05-21 11:46:01,二卖,否,警戒,159755,电池ETF,1.18,安全,一卖+二卖,向上,无信号,客观缠论信号为一卖、二卖，60分钟笔方向向上（冲顶模式），因此实际交易动作是二卖（笔方向向上时优先卖点）,1.03,1.17,1.18,0.0066,0.0062,否
2026-05-21 11:46:01,二买,否,警戒,159899,软件ETF,0.85,安全,二卖+二买,向下,无信号,客观缠论信号为二卖、二买，60分钟笔方向向下（寻底模式），因此实际交易动作是二买（笔方向向下时优先买点）,0.83,0.83,0.85,0.0027,0.0015,否
2026-05-21 11:46:01,二卖,否,警戒,513360,教育ETF,0.49,日线破位,二卖,向上,无信号,客观缠论信号为二卖，60分钟笔方向向上（冲顶模式），因此实际交易动作是二卖（笔方向向上时优先卖点）,0.49,0.49,0.49,-0.0003,-0.0003,否
2026-05-21 11:46:01,观望,否,警戒,515790,光伏ETF,1.13,安全,二买,向上,无信号,客观缠论信号为二买，60分钟笔方向向上，中枢震荡，观望,1.08,1.10,1.11,0.0050,0.0054,否
2026-05-21 11:46:01,二卖,否,警戒,603317,天味食品,16.06,安全,二卖,向上,顶背驰,客观缠论信号为二卖，60分钟笔方向向上（冲顶模式），因此实际交易动作是二卖（笔方向向上时优先卖点）,12.98,15.50,16.24,0.0416,0.0565,否
2026-05-21 11:46:01,观望,否,警戒,601668,中国建筑,4.85,日线破位,无信号,向下,无信号,客观缠论信号为无信号，60分钟笔方向向下，中枢震荡，观望,4.88,4.91,4.85,-0.0097,-0.0117,否
2026-05-21 11:46:01,观望,否,警戒,601288,农业银行,6.50,日线破位,二卖,向下,无信号,客观缠论信号为二卖，60分钟笔方向向下，中枢震荡，观望,6.53,6.53,6.68,-0.0324,-0.0377,否
2026-05-21 11:46:01,二买,否,警戒,601728,中国电信,6.44,日线破位,二买,向下,底背驰,客观缠论信号为二买，60分钟笔方向向下（寻底模式），因此实际交易动作是二买（笔方向向下时优先买点）,6.72,6.50,6.42,-0.0882,-0.0709,否
2026-05-21 11:46:01,观望,否,警戒,600276,恒瑞医药,51.94,安全,无信号,向下,无信号,客观缠论信号为无信号，60分钟笔方向向下，中枢震荡，观望,51.31,52.41,53.92,0.1415,-0.0305,否
2026-05-21 11:46:01,二买,否,警戒,600177,雅戈尔,7.50,安全,二卖+二买,向下,无信号,客观缠论信号为二卖、二买，60分钟笔方向向下（寻底模式），因此实际交易动作是二买（笔方向向下时优先买点）,7.44,7.25,7.58,0.0091,0.0001,否
2026-05-21 11:46:01,观望,否,警戒,600887,伊利股份,27.03,安全,二卖,向下,无信号,客观缠论信号为二卖，60分钟笔方向向下，中枢震荡，观望,27.11,26.92,27.60,-0.0585,-0.0477,否
2026-05-21 11:46:01,二卖,否,警戒,601138,工业富联,67.72,安全,二卖,向上,无信号,客观缠论信号为二卖，60分钟笔方向向上（冲顶模式），因此实际交易动作是二卖（笔方向向上时优先卖点）,62.70,62.77,69.50,0.0488,-0.0137,否
2026-05-21 11:46:01,二买,否,警戒,688041,海光信息,320.00,安全,二卖+二买,向下,无信号,客观缠论信号为二卖、二买，60分钟笔方向向下（寻底模式），因此实际交易动作是二买（笔方向向下时优先买点）,246.00,320.01,355.50,4.0552,4.1085,否
2026-05-21 11:46:01,二卖,否,警戒,601225,陕西煤业,23.78,日线破位,二卖+二买,向上,无信号,客观缠论信号为二卖、二买，60分钟笔方向向上（冲顶模式），因此实际交易动作是二卖（笔方向向上时优先卖点）,24.90,24.22,24.64,-0.1402,-0.1063,否
2026-05-21 11:46:01,观望,否,警戒,600660,福耀玻璃,54.57,日线破位,二卖,向下,无信号,客观缠论信号为二卖，60分钟笔方向向下，中枢震荡，观望,55.27,55.65,55.21,-0.0215,-0.0763,否
2026-05-21 11:46:01,观望,否,警戒,000429,粤高速A,13.35,安全,二卖,向下,无信号,客观缠论信号为二卖，60分钟笔方向向下，中枢震荡，观望,13.29,12.86,13.13,0.0441,0.0412,否
2026-05-21 11:46:01,二买,否,警戒,002507,涪陵榨菜,11.95,日线破位,二卖+二买,向下,无信号,客观缠论信号为二卖、二买，60分钟笔方向向下（寻底模式），因此实际交易动作是二买（笔方向向下时优先买点）,12.23,12.15,12.07,0.0028,0.0017,否
2026-05-21 11:46:01,观望,否,警戒,000338,潍柴动力,33.40,安全,二卖,向下,无信号,客观缠论信号为二卖，60分钟笔方向向下，中枢震荡，观望,25.92,31.76,33.43,0.2519,0.1573,否
2026-05-21 11:46:01,二买,否,警戒,000538,云南白药,50.68,日线破位,二卖+二买,向下,顶背驰,客观缠论信号为二卖、二买，60分钟笔方向向下（寻底模式），因此实际交易动作是二买（笔方向向下时优先买点）,54.40,54.40,51.23,-0.0467,-0.0301,否
2026-05-21 11:46:01,二卖,否,警戒,000423,东阿阿胶,50.34,安全,二卖,向上,无信号,客观缠论信号为二卖，60分钟笔方向向上（冲顶模式），因此实际交易动作是二卖（笔方向向上时优先卖点）,50.16,49.78,54.45,-0.1288,-0.1029,否
2026-05-21 11:46:01,二卖,否,警戒,000651,格力电器,39.27,日线破位,二卖,向上,无信号,客观缠论信号为二卖，60分钟笔方向向上（冲顶模式），因此实际交易动作是二卖（笔方向向上时优先卖点）,40.00,39.51,40.57,-0.0870,-0.0723,否
2026-05-21 11:46:01,二卖,否,警戒,000895,双汇发展,26.03,安全,二卖,向上,无信号,客观缠论信号为二卖，60分钟笔方向向上（冲顶模式），因此实际交易动作是二卖（笔方向向上时优先卖点）,25.75,26.51,26.82,-0.0820,-0.0547,否
2026-05-21 11:46:01,观望,否,警戒,002415,海康威视,32.55,安全,无信号,向下,无信号,客观缠论信号为无信号，60分钟笔方向向下，中枢震荡，观望,31.96,30.84,33.25,-0.0600,-0.0674,否
2026-05-21 11:46:01,观望,否,警戒,000157,中联重科,7.40,安全,二卖,向下,无信号,客观缠论信号为二卖，60分钟笔方向向下，中枢震荡，观望,7.18,7.22,7.94,0.0540,0.0355,否
2026-05-21 11:46:01,二卖,否,警戒,002128,电投能源,29.85,安全,二卖,向上,无信号,客观缠论信号为二卖，60分钟笔方向向上（冲顶模式），因此实际交易动作是二卖（笔方向向上时优先卖点）,29.02,28.68,30.59,0.0075,-0.0164,否
2026-05-21 11:46:01,二卖,否,警戒,002027,分众传媒,5.67,日线破位,二卖+三卖,向上,无信号,客观缠论信号为二卖、三卖，60分钟笔方向向上（冲顶模式），因此实际交易动作是二卖（笔方向向上时优先卖点）,6.16,6.22,6.36,-0.0069,-0.0117,否
2026-05-21 11:46:01,二买,否,警戒,hk03690,美团,84.30,安全,三卖+二买,向下,无信号,客观缠论信号为三卖、二买，60分钟笔方向向下（寻底模式），因此实际交易动作是二买（笔方向向下时优先买点）,78.70,82.40,85.10,0.5405,0.4004,否
2026-05-21 11:46:01,二买,否,警戒,hk03896,金山云,7.20,安全,二卖+二买,向下,无信号,客观缠论信号为二卖、二买，60分钟笔方向向下（寻底模式），因此实际交易动作是二买（笔方向向下时优先买点）,6.23,6.84,8.06,-0.0781,-0.0787,否
2026-05-21 11:46:01,二卖,否,警戒,hk00700,腾讯,448.00,日线破位,二卖+二买,向上,无信号,客观缠论信号为二卖、二买，60分钟笔方向向上（冲顶模式），因此实际交易动作是二卖（笔方向向上时优先卖点）,494.60,486.20,460.00,-2.2472,-1.4719,否
2026-05-21 11:46:01,二买,否,警戒,hk09988,阿里巴巴,128.50,日线破位,二卖+二买,向下,无信号,客观缠论信号为二卖、二买，60分钟笔方向向下（寻底模式），因此实际交易动作是二买（笔方向向下时优先买点）,129.60,128.60,134.20,-1.0552,-0.7217,否
2026-05-21 11:46:01,二卖,否,警戒,hk01024,快手,46.18,安全,二卖,向上,无信号,客观缠论信号为二卖，60分钟笔方向向上（冲顶模式），因此实际交易动作是二卖（笔方向向上时优先卖点）,44.22,43.00,45.46,-0.4639,-0.3641,否
2026-05-21 11:46:01,观望,否,警戒,hk06618,京东健康,40.32,安全,二卖,向下,无信号,客观缠论信号为二卖，60分钟笔方向向下，中枢震荡，观望,39.65,40.70,45.30,-0.1383,-0.1754,否
2026-05-21 11:46:01,二买,否,警戒,hk06862,海底捞,13.72,安全,二卖+二买,向下,顶背驰,客观缠论信号为二卖、二买，60分钟笔方向向下（寻底模式），因此实际交易动作是二买（笔方向向下时优先买点）,13.47,14.16,14.59,-0.1184,-0.0627,否
2026-05-21 11:46:01,二买,否,警戒,600415,小商品城,13.79,安全,一卖+二买,向下,无信号,客观缠论信号为一卖、二买，60分钟笔方向向下（寻底模式），因此实际交易动作是二买（笔方向向下时优先买点）,13.81,12.86,13.98,-0.0743,-0.0300,否
2026-05-21 11:46:01,观望,否,警戒,300285,国瓷材料,43.05,安全,二买,向上,无信号,客观缠论信号为二买，60分钟笔方向向上，中枢震荡，观望,32.60,35.16,44.00,0.3832,0.3536,否
2026-05-21 11:46:01,观望,否,警戒,600021,上海电力,18.65,安全,无信号,向上,无信号,客观缠论信号为无信号，60分钟笔方向向上，中枢震荡，观望,18.15,17.63,18.55,0.0982,0.1897,否
2026-05-21 11:46:01,二卖,否,警戒,002517,恺英网络,17.05,安全,二卖,向上,无信号,客观缠论信号为二卖，60分钟笔方向向上（冲顶模式），因此实际交易动作是二卖（笔方向向上时优先卖点）,16.68,17.19,17.28,-0.0238,-0.0343,否
2026-05-21 11:46:01,二买,否,警戒,300474,景嘉微,65.94,安全,二卖+二买,向下,顶背驰,客观缠论信号为二卖、二买，60分钟笔方向向下（寻底模式），因此实际交易动作是二买（笔方向向下时优先买点）,64.15,65.85,66.10,0.3846,0.3258,否
2026-05-21 11:46:01,二买,否,警戒,600909,华安证券,7.28,安全,二买,向下,无信号,客观缠论信号为二买，60分钟笔方向向下（寻底模式），因此实际交易动作是二买（笔方向向下时优先买点）,6.59,6.45,6.36,0.2353,0.1941,否
2026-05-21 11:46:01,二买,否,警戒,603290,斯达半导,127.00,安全,二买+三买,向下,顶背驰,客观缠论信号为二买、三买，60分钟笔方向向下（寻底模式），因此实际交易动作是二买（笔方向向下时优先买点）,107.75,106.51,110.56,0.9104,1.0358,否
2026-05-21 11:46:01,二卖,否,警戒,603296,华勤技术,108.17,安全,二卖+一买,向上,顶背驰,客观缠论信号为二卖、一买，60分钟笔方向向上（冲顶模式），因此实际交易动作是二卖（笔方向向上时优先卖点）,101.28,108.08,112.65,-0.1816,0.0102,否

2026-05-21 13:21:12,观望,是,警戒,600900,长江电力,26.88,安全,二卖,向下,无信号,客观缠论信号为二卖，60分钟笔方向向下，中枢震荡，观望,26.66,26.90,26.96,-0.0532,-0.0514,否
2026-05-21 13:21:12,观望,是,警戒,600938,中国海油,36.58,安全,无信号,向下,底背驰,客观缠论信号为无信号，60分钟笔方向向下，中枢震荡，观望,34.06,35.29,37.35,-0.2052,-0.1049,否
2026-05-21 13:21:12,观望,是,警戒,688981,中芯国际,132.94,安全,无信号,向上,无信号,客观缠论信号为无信号，60分钟笔方向向上，中枢震荡，观望,129.16,124.60,125.00,2.6303,3.2968,否
2026-05-21 13:21:12,二卖,是,警戒,000333,美的集团,82.01,安全,二卖+二买,向上,顶背驰,客观缠论信号为二卖、二买，60分钟笔方向向上（冲顶模式），因此实际交易动作是二卖（笔方向向上时优先卖点）,79.18,79.63,83.15,0.1617,0.1625,否
2026-05-21 13:21:12,观望,是,警戒,000001,平安银行,10.77,安全,二卖,向下,无信号,客观缠论信号为二卖，60分钟笔方向向下，中枢震荡，观望,10.78,10.67,11.03,-0.0207,-0.0236,否
2026-05-21 13:21:12,二买,是,警戒,001965,招商公路,10.10,安全,二买,向下,无信号,客观缠论信号为二买，60分钟笔方向向下（寻底模式），因此实际交易动作是二买（笔方向向下时优先买点）,9.68,9.78,10.05,0.0444,0.0281,否
2026-05-21 13:21:12,二卖,是,警戒,hk01810,小米集团,29.92,日线破位,二卖,向上,无信号,客观缠论信号为二卖，60分钟笔方向向上（冲顶模式），因此实际交易动作是二卖（笔方向向上时优先卖点）,32.78,30.26,30.60,-0.0582,-0.0406,否
2026-05-21 13:21:12,二卖,是,警戒,513130,恒生科技ETF,0.61,安全,二卖,向上,无信号,客观缠论信号为二卖，60分钟笔方向向上（冲顶模式），因此实际交易动作是二卖（笔方向向上时优先卖点）,0.59,0.61,0.63,0.0003,0.0008,否
2026-05-21 13:21:12,二买,否,警戒,sh000001,上证指数,4180.38,安全,二卖+二买+三买,向下,无信号,客观缠论信号为二卖、二买、三买，60分钟笔方向向下（寻底模式），因此实际交易动作是二买（笔方向向下时优先买点）,4101.83,4079.77,4092.83,11.3175,8.2338,否
2026-05-21 13:21:12,二卖,否,警戒,510300,沪深300ETF,4.89,安全,二卖,向上,无信号,客观缠论信号为二卖，60分钟笔方向向上（冲顶模式），因此实际交易动作是二卖（笔方向向上时优先卖点）,4.68,4.86,4.95,0.0149,0.0159,否
2026-05-21 13:21:12,观望,否,警戒,588000,科创50ETF,1.93,安全,无信号,向下,顶背驰,客观缠论信号为无信号，60分钟笔方向向下，中枢震荡，观望,1.55,1.71,1.82,0.0207,0.0262,否
2026-05-21 13:21:12,观望,否,警戒,513100,纳指ETF,2.10,安全,无信号,向下,无信号,客观缠论信号为无信号，60分钟笔方向向下，中枢震荡，观望,1.91,2.07,2.11,0.0144,0.0097,否
2026-05-21 13:21:12,观望,否,警戒,513520,日经ETF,2.09,安全,二卖,向下,无信号,客观缠论信号为二卖，60分钟笔方向向下，中枢震荡，观望,1.89,2.00,2.06,0.0150,0.0098,否
2026-05-21 13:21:12,观望,否,警戒,512400,有色金属ETF,2.00,安全,无信号,向上,无信号,客观缠论信号为无信号，60分钟笔方向向上，中枢震荡，观望,2.11,1.96,1.98,0.0094,0.0084,否
2026-05-21 13:21:12,二买,否,警戒,512690,酒ETF,0.46,日线破位,二卖+二买,向下,无信号,客观缠论信号为二卖、二买，60分钟笔方向向下（寻底模式），因此实际交易动作是二买（笔方向向下时优先买点）,0.48,0.48,0.46,0.0009,0.0009,否
2026-05-21 13:21:12,二买,否,警戒,159227,航空航天ETF,1.26,安全,二卖+二买,向下,无信号,客观缠论信号为二卖、二买，60分钟笔方向向下（寻底模式），因此实际交易动作是二买（笔方向向下时优先买点）,1.20,1.23,1.27,-0.0011,-0.0011,否
2026-05-21 13:21:12,二卖,否,警戒,159992,创新药ETF,0.80,安全,二卖,向上,无信号,客观缠论信号为二卖，60分钟笔方向向上（冲顶模式），因此实际交易动作是二卖（笔方向向上时优先卖点）,0.79,0.77,0.83,0.0049,0.0038,否
2026-05-21 13:21:12,二买,否,警戒,515050,通信ETF,1.13,安全,二卖+二买,向下,无信号,客观缠论信号为二卖、二买，60分钟笔方向向下（寻底模式），因此实际交易动作是二买（笔方向向下时优先买点）,1.08,1.48,1.14,0.0020,0.0035,否
2026-05-21 13:21:12,二卖,否,警戒,159915,创业板ETF,3.96,安全,二卖,向上,无信号,客观缠论信号为二卖，60分钟笔方向向上（冲顶模式），因此实际交易动作是二卖（笔方向向上时优先卖点）,3.24,3.61,3.97,0.0154,0.0169,否
2026-05-21 13:21:12,二买,否,警戒,588200,科创芯片ETF,3.72,安全,二买,向下,无信号,客观缠论信号为二买，60分钟笔方向向下（寻底模式），因此实际交易动作是二买（笔方向向下时优先买点）,2.65,3.20,3.34,0.0412,0.0562,否
2026-05-21 13:21:12,二卖,否,警戒,159755,电池ETF,1.18,安全,一卖+二卖,向上,无信号,客观缠论信号为一卖、二卖，60分钟笔方向向上（冲顶模式），因此实际交易动作是二卖（笔方向向上时优先卖点）,1.03,1.17,1.18,0.0059,0.0062,否
2026-05-21 13:21:12,二买,否,警戒,159899,软件ETF,0.85,安全,二卖+二买,向下,无信号,客观缠论信号为二卖、二买，60分钟笔方向向下（寻底模式），因此实际交易动作是二买（笔方向向下时优先买点）,0.83,0.83,0.85,0.0015,0.0016,否
2026-05-21 13:21:12,二卖,否,警戒,513360,教育ETF,0.49,日线破位,二卖,向上,无信号,客观缠论信号为二卖，60分钟笔方向向上（冲顶模式），因此实际交易动作是二卖（笔方向向上时优先卖点）,0.49,0.49,0.49,-0.0004,-0.0003,否
2026-05-21 13:21:12,观望,否,警戒,515790,光伏ETF,1.12,安全,二买,向上,无信号,客观缠论信号为二买，60分钟笔方向向上，中枢震荡，观望,1.08,1.10,1.11,0.0038,0.0050,否
2026-05-21 13:21:12,二卖,否,警戒,603317,天味食品,16.05,安全,二卖,向上,顶背驰,客观缠论信号为二卖，60分钟笔方向向上（冲顶模式），因此实际交易动作是二卖（笔方向向上时优先卖点）,12.98,15.50,16.24,0.0246,0.0459,否
2026-05-21 13:21:12,观望,否,警戒,601668,中国建筑,4.83,日线破位,无信号,向下,无信号,客观缠论信号为无信号，60分钟笔方向向下，中枢震荡，观望,4.88,4.91,4.85,-0.0103,-0.0111,否
2026-05-21 13:21:12,观望,否,警戒,601288,农业银行,6.50,日线破位,二卖,向下,无信号,客观缠论信号为二卖，60分钟笔方向向下，中枢震荡，观望,6.53,6.53,6.68,-0.0244,-0.0335,否
2026-05-21 13:21:12,二买,否,警戒,601728,中国电信,6.42,日线破位,二买,向下,底背驰,客观缠论信号为二买，60分钟笔方向向下（寻底模式），因此实际交易动作是二买（笔方向向下时优先买点）,6.72,6.50,6.42,-0.0911,-0.0780,否
2026-05-21 13:21:12,观望,否,警戒,600276,恒瑞医药,52.05,安全,无信号,向下,无信号,客观缠论信号为无信号，60分钟笔方向向下，中枢震荡，观望,51.31,52.41,53.92,0.1581,0.0341,否
2026-05-21 13:21:12,二买,否,警戒,600177,雅戈尔,7.48,安全,二卖+二买,向下,无信号,客观缠论信号为二卖、二买，60分钟笔方向向下（寻底模式），因此实际交易动作是二买（笔方向向下时优先买点）,7.44,7.25,7.58,0.0055,0.0024,否
2026-05-21 13:21:12,观望,否,警戒,600887,伊利股份,26.97,安全,二卖,向下,无信号,客观缠论信号为二卖，60分钟笔方向向下，中枢震荡，观望,27.11,26.92,27.60,-0.0679,-0.0542,否
2026-05-21 13:21:12,二卖,否,警戒,601138,工业富联,67.13,安全,二卖,向上,无信号,客观缠论信号为二卖，60分钟笔方向向上（冲顶模式），因此实际交易动作是二卖（笔方向向上时优先卖点）,62.70,62.77,69.50,-0.0443,-0.0169,否
2026-05-21 13:21:12,二买,否,警戒,688041,海光信息,318.39,安全,二卖+二买,向下,无信号,客观缠论信号为二卖、二买，60分钟笔方向向下（寻底模式），因此实际交易动作是二买（笔方向向下时优先买点）,246.00,320.01,355.50,2.8813,3.7518,否
2026-05-21 13:21:12,二卖,否,警戒,601225,陕西煤业,23.70,日线破位,二卖+二买,向上,无信号,客观缠论信号为二卖、二买，60分钟笔方向向上（冲顶模式），因此实际交易动作是二卖（笔方向向上时优先卖点）,24.90,24.22,24.64,-0.1496,-0.1149,否
2026-05-21 13:21:12,观望,否,警戒,600660,福耀玻璃,54.47,日线破位,二卖,向下,无信号,客观缠论信号为二卖，60分钟笔方向向下，中枢震荡，观望,55.27,55.65,55.21,-0.0313,-0.0673,否
2026-05-21 13:21:12,观望,否,警戒,000429,粤高速A,13.31,安全,二卖,向下,无信号,客观缠论信号为二卖，60分钟笔方向向下，中枢震荡，观望,13.29,12.86,13.13,0.0455,0.0421,否
2026-05-21 13:21:12,二买,否,警戒,002507,涪陵榨菜,11.95,日线破位,二卖+二买,向下,无信号,客观缠论信号为二卖、二买，60分钟笔方向向下（寻底模式），因此实际交易动作是二买（笔方向向下时优先买点）,12.23,12.15,12.07,0.0015,0.0017,否
2026-05-21 13:21:12,观望,否,警戒,000338,潍柴动力,33.25,安全,二卖,向下,无信号,客观缠论信号为二卖，60分钟笔方向向下，中枢震荡，观望,25.92,31.76,33.43,0.2260,0.1710,否
2026-05-21 13:21:12,二买,否,警戒,000538,云南白药,50.65,日线破位,二卖+二买,向下,顶背驰,客观缠论信号为二卖、二买，60分钟笔方向向下（寻底模式），因此实际交易动作是二买（笔方向向下时优先买点）,54.40,54.40,51.23,-0.0582,-0.0395,否
2026-05-21 13:21:12,二卖,否,警戒,000423,东阿阿胶,50.27,安全,二卖,向上,无信号,客观缠论信号为二卖，60分钟笔方向向上（冲顶模式），因此实际交易动作是二卖（笔方向向上时优先卖点）,50.16,49.78,54.45,-0.1390,-0.1101,否
2026-05-21 13:21:12,二卖,否,警戒,000651,格力电器,39.27,日线破位,二卖,向上,无信号,客观缠论信号为二卖，60分钟笔方向向上（冲顶模式），因此实际交易动作是二卖（笔方向向上时优先卖点）,40.00,39.51,40.57,-0.0897,-0.0758,否
2026-05-21 13:21:12,二卖,否,警戒,000895,双汇发展,26.00,安全,二卖,向上,无信号,客观缠论信号为二卖，60分钟笔方向向上（冲顶模式），因此实际交易动作是二卖（笔方向向上时优先卖点）,25.75,26.51,26.82,-0.0875,-0.0612,否
2026-05-21 13:21:12,观望,否,警戒,002415,海康威视,32.33,安全,无信号,向下,无信号,客观缠论信号为无信号，60分钟笔方向向下，中枢震荡，观望,31.96,30.84,33.25,-0.1024,-0.0767,否
2026-05-21 13:21:12,观望,否,警戒,000157,中联重科,7.39,安全,二卖,向下,无信号,客观缠论信号为二卖，60分钟笔方向向下，中枢震荡，观望,7.18,7.22,7.94,0.0502,0.0384,否
2026-05-21 13:21:12,二卖,否,警戒,002128,电投能源,29.70,安全,二卖,向上,无信号,客观缠论信号为二卖，60分钟笔方向向上（冲顶模式），因此实际交易动作是二卖（笔方向向上时优先卖点）,29.02,28.68,30.59,0.0044,-0.0083,否
2026-05-21 13:21:12,二卖,否,警戒,002027,分众传媒,5.68,日线破位,二卖+三卖,向上,无信号,客观缠论信号为二卖、三卖，60分钟笔方向向上（冲顶模式），因此实际交易动作是二卖（笔方向向上时优先卖点）,6.16,6.22,6.36,-0.0070,-0.0107,否
2026-05-21 13:21:12,二买,否,警戒,hk03690,美团,84.30,安全,三卖+二买,向下,无信号,客观缠论信号为三卖、二买，60分钟笔方向向下（寻底模式），因此实际交易动作是二买（笔方向向下时优先买点）,78.70,82.40,85.10,0.5405,0.4004,否
2026-05-21 13:21:12,二买,否,警戒,hk03896,金山云,7.20,安全,二卖+二买,向下,无信号,客观缠论信号为二卖、二买，60分钟笔方向向下（寻底模式），因此实际交易动作是二买（笔方向向下时优先买点）,6.23,6.84,8.06,-0.0781,-0.0787,否
2026-05-21 13:21:12,二卖,否,警戒,hk00700,腾讯,448.00,日线破位,二卖+二买,向上,无信号,客观缠论信号为二卖、二买，60分钟笔方向向上（冲顶模式），因此实际交易动作是二卖（笔方向向上时优先卖点）,494.60,486.20,460.00,-2.2472,-1.4719,否
2026-05-21 13:21:12,二买,否,警戒,hk09988,阿里巴巴,128.50,日线破位,二卖+二买,向下,无信号,客观缠论信号为二卖、二买，60分钟笔方向向下（寻底模式），因此实际交易动作是二买（笔方向向下时优先买点）,129.60,128.60,134.20,-1.0552,-0.7217,否
2026-05-21 13:21:12,二卖,否,警戒,hk01024,快手,46.18,安全,二卖,向上,无信号,客观缠论信号为二卖，60分钟笔方向向上（冲顶模式），因此实际交易动作是二卖（笔方向向上时优先卖点）,44.22,43.00,45.46,-0.4639,-0.3641,否
2026-05-21 13:21:12,观望,否,警戒,hk06618,京东健康,40.32,安全,二卖,向下,无信号,客观缠论信号为二卖，60分钟笔方向向下，中枢震荡，观望,39.65,40.70,45.30,-0.1383,-0.1754,否
2026-05-21 13:21:12,二买,否,警戒,hk06862,海底捞,13.72,安全,二卖+二买,向下,顶背驰,客观缠论信号为二卖、二买，60分钟笔方向向下（寻底模式），因此实际交易动作是二买（笔方向向下时优先买点）,13.47,14.16,14.59,-0.1184,-0.0627,否
2026-05-21 13:21:12,二买,否,警戒,600415,小商品城,13.79,安全,一卖+二买,向下,无信号,客观缠论信号为一卖、二买，60分钟笔方向向下（寻底模式），因此实际交易动作是二买（笔方向向下时优先买点）,13.81,12.86,13.98,-0.0743,-0.0300,否
2026-05-21 13:21:12,观望,否,警戒,300285,国瓷材料,43.05,安全,二买,向上,无信号,客观缠论信号为二买，60分钟笔方向向上，中枢震荡，观望,32.60,35.16,44.00,0.3832,0.3536,否
2026-05-21 13:21:12,观望,否,警戒,600021,上海电力,18.65,安全,无信号,向上,无信号,客观缠论信号为无信号，60分钟笔方向向上，中枢震荡，观望,18.15,17.63,18.55,0.0982,0.1897,否
2026-05-21 13:21:12,二卖,否,警戒,002517,恺英网络,17.03,安全,二卖,向上,无信号,客观缠论信号为二卖，60分钟笔方向向上（冲顶模式），因此实际交易动作是二卖（笔方向向上时优先卖点）,16.68,17.19,17.28,-0.0308,-0.0336,否
2026-05-21 13:21:12,二买,否,警戒,300474,景嘉微,65.19,安全,二卖+二买,向下,顶背驰,客观缠论信号为二卖、二买，60分钟笔方向向下（寻底模式），因此实际交易动作是二买（笔方向向下时优先买点）,64.15,65.85,66.10,0.1857,0.2863,否
2026-05-21 13:21:12,二买,否,警戒,600909,华安证券,7.28,安全,二买,向下,无信号,客观缠论信号为二买，60分钟笔方向向下（寻底模式），因此实际交易动作是二买（笔方向向下时优先买点）,6.59,6.45,6.36,0.2265,0.2061,否
2026-05-21 13:21:12,二买,否,警戒,603290,斯达半导,127.00,安全,二买+三买,向下,顶背驰,客观缠论信号为二买、三买，60分钟笔方向向下（寻底模式），因此实际交易动作是二买（笔方向向下时优先买点）,107.75,106.51,110.56,0.9104,1.0358,否
2026-05-21 13:21:12,二卖,否,警戒,603296,华勤技术,109.74,安全,二卖+一买,向上,无信号,客观缠论信号为二卖、一买，60分钟笔方向向上（冲顶模式），因此实际交易动作是二卖（笔方向向上时优先卖点）,101.28,108.08,112.65,-0.1518,-0.0222,否

2026-05-21 13:36:11,观望,是,警戒,600900,长江电力,26.83,安全,二卖,向下,无信号,客观缠论信号为二卖，60分钟笔方向向下，中枢震荡，观望,26.66,26.90,26.96,-0.0561,-0.0523,否
2026-05-21 13:36:11,观望,是,警戒,600938,中国海油,36.65,安全,无信号,向下,无信号,客观缠论信号为无信号，60分钟笔方向向下，中枢震荡，观望,34.06,35.29,37.35,-0.1982,-0.1236,否
2026-05-21 13:36:11,观望,是,警戒,688981,中芯国际,132.58,安全,无信号,向上,无信号,客观缠论信号为无信号，60分钟笔方向向上，中枢震荡，观望,129.16,124.60,125.00,2.3674,3.1109,否
2026-05-21 13:36:11,二卖,是,警戒,000333,美的集团,82.28,安全,二卖+二买,向上,顶背驰,客观缠论信号为二卖、二买，60分钟笔方向向上（冲顶模式），因此实际交易动作是二卖（笔方向向上时优先卖点）,79.18,79.63,83.15,0.1709,0.1642,否
2026-05-21 13:36:11,观望,是,警戒,000001,平安银行,10.77,安全,二卖,向下,无信号,客观缠论信号为二卖，60分钟笔方向向下，中枢震荡，观望,10.78,10.67,11.03,-0.0192,-0.0228,否
2026-05-21 13:36:11,二买,是,警戒,001965,招商公路,10.11,安全,二买,向下,无信号,客观缠论信号为二买，60分钟笔方向向下（寻底模式），因此实际交易动作是二买（笔方向向下时优先买点）,9.68,9.78,10.05,0.0450,0.0314,否
2026-05-21 13:36:11,二卖,是,警戒,hk01810,小米集团,30.02,日线破位,二卖,向上,无信号,客观缠论信号为二卖，60分钟笔方向向上（冲顶模式），因此实际交易动作是二卖（笔方向向上时优先卖点）,32.78,30.26,30.60,-0.0630,-0.0552,否
2026-05-21 13:36:11,二卖,是,警戒,513130,恒生科技ETF,0.61,安全,二卖,向上,无信号,客观缠论信号为二卖，60分钟笔方向向上（冲顶模式），因此实际交易动作是二卖（笔方向向上时优先卖点）,0.59,0.61,0.63,0.0001,0.0006,否
2026-05-21 13:36:11,二买,否,警戒,sh000001,上证指数,4180.38,安全,二卖+二买+三买,向下,无信号,客观缠论信号为二卖、二买、三买，60分钟笔方向向下（寻底模式），因此实际交易动作是二买（笔方向向下时优先买点）,4101.83,4079.77,4092.83,11.3175,8.2338,否
2026-05-21 13:36:11,二卖,否,警戒,510300,沪深300ETF,4.90,安全,二卖,向上,无信号,客观缠论信号为二卖，60分钟笔方向向上（冲顶模式），因此实际交易动作是二卖（笔方向向上时优先卖点）,4.68,4.86,4.95,0.0138,0.0155,否
2026-05-21 13:36:11,观望,否,警戒,588000,科创50ETF,1.94,安全,无信号,向下,无信号,客观缠论信号为无信号，60分钟笔方向向下，中枢震荡，观望,1.55,1.71,1.82,0.0189,0.0247,否
2026-05-21 13:36:11,观望,否,警戒,513100,纳指ETF,2.10,安全,无信号,向下,无信号,客观缠论信号为无信号，60分钟笔方向向下，中枢震荡，观望,1.91,2.07,2.11,0.0147,0.0107,否
2026-05-21 13:36:11,观望,否,警戒,513520,日经ETF,2.09,安全,二卖,向下,无信号,客观缠论信号为二卖，60分钟笔方向向下，中枢震荡，观望,1.89,2.00,2.06,0.0153,0.0109,否
2026-05-21 13:36:11,观望,否,警戒,512400,有色金属ETF,2.00,安全,无信号,向上,无信号,客观缠论信号为无信号，60分钟笔方向向上，中枢震荡，观望,2.11,1.96,1.98,0.0084,0.0084,否
2026-05-21 13:36:11,二买,否,警戒,512690,酒ETF,0.46,日线破位,二卖+二买,向下,无信号,客观缠论信号为二卖、二买，60分钟笔方向向下（寻底模式），因此实际交易动作是二买（笔方向向下时优先买点）,0.48,0.48,0.46,0.0009,0.0009,否
2026-05-21 13:36:11,二买,否,警戒,159227,航空航天ETF,1.26,安全,二卖+二买,向下,无信号,客观缠论信号为二卖、二买，60分钟笔方向向下（寻底模式），因此实际交易动作是二买（笔方向向下时优先买点）,1.20,1.23,1.27,-0.0015,-0.0012,否
2026-05-21 13:36:11,二卖,否,警戒,159992,创新药ETF,0.80,安全,二卖,向上,无信号,客观缠论信号为二卖，60分钟笔方向向上（冲顶模式），因此实际交易动作是二卖（笔方向向上时优先卖点）,0.79,0.77,0.83,0.0049,0.0040,否
2026-05-21 13:36:11,二买,否,警戒,515050,通信ETF,1.13,安全,二卖+二买,向下,无信号,客观缠论信号为二卖、二买，60分钟笔方向向下（寻底模式），因此实际交易动作是二买（笔方向向下时优先买点）,1.08,1.48,1.14,0.0016,0.0031,否
2026-05-21 13:36:11,二卖,否,警戒,159915,创业板ETF,3.97,安全,二卖,向上,无信号,客观缠论信号为二卖，60分钟笔方向向上（冲顶模式），因此实际交易动作是二卖（笔方向向上时优先卖点）,3.24,3.61,3.97,0.0150,0.0166,否
2026-05-21 13:36:11,二买,否,警戒,588200,科创芯片ETF,3.74,安全,二买,向下,无信号,客观缠论信号为二买，60分钟笔方向向下（寻底模式），因此实际交易动作是二买（笔方向向下时优先买点）,2.65,3.20,3.34,0.0368,0.0523,否
2026-05-21 13:36:11,二卖,否,警戒,159755,电池ETF,1.18,安全,一卖+二卖,向上,无信号,客观缠论信号为一卖、二卖，60分钟笔方向向上（冲顶模式），因此实际交易动作是二卖（笔方向向上时优先卖点）,1.03,1.17,1.18,0.0058,0.0061,否
2026-05-21 13:36:11,二买,否,警戒,159899,软件ETF,0.85,安全,二卖+二买,向下,无信号,客观缠论信号为二卖、二买，60分钟笔方向向下（寻底模式），因此实际交易动作是二买（笔方向向下时优先买点）,0.83,0.83,0.85,0.0011,0.0015,否
2026-05-21 13:36:11,二卖,否,警戒,513360,教育ETF,0.49,日线破位,二卖,向上,无信号,客观缠论信号为二卖，60分钟笔方向向上（冲顶模式），因此实际交易动作是二卖（笔方向向上时优先卖点）,0.49,0.49,0.49,-0.0004,-0.0003,否
2026-05-21 13:36:11,观望,否,警戒,515790,光伏ETF,1.12,安全,二买,向上,无信号,客观缠论信号为二买，60分钟笔方向向上，中枢震荡，观望,1.08,1.10,1.11,0.0034,0.0046,否
2026-05-21 13:36:11,二卖,否,警戒,603317,天味食品,16.03,安全,二卖,向上,顶背驰,客观缠论信号为二卖，60分钟笔方向向上（冲顶模式），因此实际交易动作是二卖（笔方向向上时优先卖点）,12.98,15.50,16.24,0.0184,0.0404,否
2026-05-21 13:36:11,观望,否,警戒,601668,中国建筑,4.83,日线破位,无信号,向下,无信号,客观缠论信号为无信号，60分钟笔方向向下，中枢震荡，观望,4.88,4.91,4.85,-0.0107,-0.0110,否
2026-05-21 13:36:11,观望,否,警戒,601288,农业银行,6.50,日线破位,二卖,向下,无信号,客观缠论信号为二卖，60分钟笔方向向下，中枢震荡，观望,6.53,6.53,6.68,-0.0213,-0.0310,否
2026-05-21 13:36:11,二买,否,警戒,601728,中国电信,6.42,日线破位,二买,向下,底背驰,客观缠论信号为二买，60分钟笔方向向下（寻底模式），因此实际交易动作是二买（笔方向向下时优先买点）,6.72,6.50,6.42,-0.0910,-0.0806,否
2026-05-21 13:36:11,观望,否,警戒,600276,恒瑞医药,51.97,安全,无信号,向下,无信号,客观缠论信号为无信号，60分钟笔方向向下，中枢震荡，观望,51.31,52.41,53.92,0.1666,0.0606,否
2026-05-21 13:36:11,二买,否,警戒,600177,雅戈尔,7.49,安全,二卖+二买,向下,无信号,客观缠论信号为二卖、二买，60分钟笔方向向下（寻底模式），因此实际交易动作是二买（笔方向向下时优先买点）,7.44,7.25,7.58,0.0046,0.0028,否
2026-05-21 13:36:11,观望,否,警戒,600887,伊利股份,26.94,安全,二卖,向下,无信号,客观缠论信号为二卖，60分钟笔方向向下，中枢震荡，观望,27.11,26.92,27.60,-0.0735,-0.0580,否
2026-05-21 13:36:11,二卖,否,警戒,601138,工业富联,67.88,安全,二卖,向上,无信号,客观缠论信号为二卖，60分钟笔方向向上（冲顶模式），因此实际交易动作是二卖（笔方向向上时优先卖点）,62.70,62.77,69.50,-0.0220,-0.0179,否
2026-05-21 13:36:11,二买,否,警戒,688041,海光信息,320.43,安全,二卖+二买,向下,无信号,客观缠论信号为二卖、二买，60分钟笔方向向下（寻底模式），因此实际交易动作是二买（笔方向向下时优先买点）,246.00,320.01,355.50,2.5947,3.5204,否
2026-05-21 13:36:11,二卖,否,警戒,601225,陕西煤业,23.69,日线破位,二卖+二买,向上,无信号,客观缠论信号为二卖、二买，60分钟笔方向向上（冲顶模式），因此实际交易动作是二卖（笔方向向上时优先卖点）,24.90,24.22,24.64,-0.1561,-0.1232,否
2026-05-21 13:36:11,观望,否,警戒,600660,福耀玻璃,54.55,日线破位,二卖,向下,无信号,客观缠论信号为二卖，60分钟笔方向向下，中枢震荡，观望,55.27,55.65,55.21,-0.0322,-0.0603,否
2026-05-21 13:36:11,观望,否,警戒,000429,粤高速A,13.32,安全,二卖,向下,顶背驰,客观缠论信号为二卖，60分钟笔方向向下，中枢震荡，观望,13.29,12.86,13.13,0.0469,0.0430,否
2026-05-21 13:36:11,二买,否,警戒,002507,涪陵榨菜,11.96,日线破位,二卖+二买,向下,无信号,客观缠论信号为二卖、二买，60分钟笔方向向下（寻底模式），因此实际交易动作是二买（笔方向向下时优先买点）,12.23,12.15,12.07,0.0013,0.0016,否
2026-05-21 13:36:11,观望,否,警戒,000338,潍柴动力,33.21,安全,二卖,向下,无信号,客观缠论信号为二卖，60分钟笔方向向下，中枢震荡，观望,25.92,31.76,33.43,0.2000,0.1768,否
2026-05-21 13:36:11,二买,否,警戒,000538,云南白药,50.60,日线破位,二卖+二买,向下,顶背驰,客观缠论信号为二卖、二买，60分钟笔方向向下（寻底模式），因此实际交易动作是二买（笔方向向下时优先买点）,54.40,54.40,51.23,-0.0648,-0.0446,否
2026-05-21 13:36:11,二卖,否,警戒,000423,东阿阿胶,50.20,安全,二卖,向上,无信号,客观缠论信号为二卖，60分钟笔方向向上（冲顶模式），因此实际交易动作是二卖（笔方向向上时优先卖点）,50.16,49.78,54.45,-0.1510,-0.1183,否
2026-05-21 13:36:11,二卖,否,警戒,000651,格力电器,39.18,日线破位,二卖,向上,无信号,客观缠论信号为二卖，60分钟笔方向向上（冲顶模式），因此实际交易动作是二卖（笔方向向上时优先卖点）,40.00,39.51,40.57,-0.0979,-0.0802,否
2026-05-21 13:36:11,二卖,否,警戒,000895,双汇发展,25.99,安全,二卖,向上,无信号,客观缠论信号为二卖，60分钟笔方向向上（冲顶模式），因此实际交易动作是二卖（笔方向向上时优先卖点）,25.75,26.51,26.82,-0.0916,-0.0673,否
2026-05-21 13:36:11,观望,否,警戒,002415,海康威视,32.47,安全,无信号,向下,无信号,客观缠论信号为无信号，60分钟笔方向向下，中枢震荡，观望,31.96,30.84,33.25,-0.1064,-0.0826,否
2026-05-21 13:36:11,观望,否,警戒,000157,中联重科,7.40,安全,二卖,向下,无信号,客观缠论信号为二卖，60分钟笔方向向下，中枢震荡，观望,7.18,7.22,7.94,0.0474,0.0402,否
2026-05-21 13:36:11,二卖,否,警戒,002128,电投能源,29.82,安全,二卖,向上,无信号,客观缠论信号为二卖，60分钟笔方向向上（冲顶模式），因此实际交易动作是二卖（笔方向向上时优先卖点）,29.02,28.68,30.59,0.0107,-0.0045,否
2026-05-21 13:36:11,二卖,否,警戒,002027,分众传媒,5.68,日线破位,二卖+三卖,向上,无信号,客观缠论信号为二卖、三卖，60分钟笔方向向上（冲顶模式），因此实际交易动作是二卖（笔方向向上时优先卖点）,6.16,6.22,6.36,-0.0069,-0.0099,否
2026-05-21 13:36:11,二买,否,警戒,hk03690,美团,84.30,安全,三卖+二买,向下,无信号,客观缠论信号为三卖、二买，60分钟笔方向向下（寻底模式），因此实际交易动作是二买（笔方向向下时优先买点）,78.70,82.40,85.10,0.5405,0.4004,否
2026-05-21 13:36:11,二买,否,警戒,hk03896,金山云,7.20,安全,二卖+二买,向下,无信号,客观缠论信号为二卖、二买，60分钟笔方向向下（寻底模式），因此实际交易动作是二买（笔方向向下时优先买点）,6.23,6.84,8.06,-0.0781,-0.0787,否
2026-05-21 13:36:11,二卖,否,警戒,hk00700,腾讯,448.00,日线破位,二卖+二买,向上,无信号,客观缠论信号为二卖、二买，60分钟笔方向向上（冲顶模式），因此实际交易动作是二卖（笔方向向上时优先卖点）,494.60,486.20,460.00,-2.2472,-1.4719,否
2026-05-21 13:36:11,二买,否,警戒,hk09988,阿里巴巴,128.50,日线破位,二卖+二买,向下,无信号,客观缠论信号为二卖、二买，60分钟笔方向向下（寻底模式），因此实际交易动作是二买（笔方向向下时优先买点）,129.60,128.60,134.20,-1.0552,-0.7217,否
2026-05-21 13:36:11,二卖,否,警戒,hk01024,快手,46.18,安全,二卖,向上,无信号,客观缠论信号为二卖，60分钟笔方向向上（冲顶模式），因此实际交易动作是二卖（笔方向向上时优先卖点）,44.22,43.00,45.46,-0.4639,-0.3641,否
2026-05-21 13:36:11,观望,否,警戒,hk06618,京东健康,40.32,安全,二卖,向下,无信号,客观缠论信号为二卖，60分钟笔方向向下，中枢震荡，观望,39.65,40.70,45.30,-0.1383,-0.1754,否
2026-05-21 13:36:11,二买,否,警戒,hk06862,海底捞,13.72,安全,二卖+二买,向下,顶背驰,客观缠论信号为二卖、二买，60分钟笔方向向下（寻底模式），因此实际交易动作是二买（笔方向向下时优先买点）,13.47,14.16,14.59,-0.1184,-0.0627,否
2026-05-21 13:36:11,二买,否,警戒,600415,小商品城,13.79,安全,一卖+二买,向下,无信号,客观缠论信号为一卖、二买，60分钟笔方向向下（寻底模式），因此实际交易动作是二买（笔方向向下时优先买点）,13.81,12.86,13.98,-0.0743,-0.0300,否
2026-05-21 13:36:11,观望,否,警戒,300285,国瓷材料,43.05,安全,二买,向上,无信号,客观缠论信号为二买，60分钟笔方向向上，中枢震荡，观望,32.60,35.16,44.00,0.3832,0.3536,否
2026-05-21 13:36:11,观望,否,警戒,600021,上海电力,18.65,安全,无信号,向上,无信号,客观缠论信号为无信号，60分钟笔方向向上，中枢震荡，观望,18.15,17.63,18.55,0.0982,0.1897,否
2026-05-21 13:36:11,二卖,否,警戒,002517,恺英网络,17.03,安全,二卖,向上,无信号,客观缠论信号为二卖，60分钟笔方向向上（冲顶模式），因此实际交易动作是二卖（笔方向向上时优先卖点）,16.68,17.19,17.28,-0.0308,-0.0336,否
2026-05-21 13:36:11,二买,否,警戒,300474,景嘉微,65.19,安全,二卖+二买,向下,顶背驰,客观缠论信号为二卖、二买，60分钟笔方向向下（寻底模式），因此实际交易动作是二买（笔方向向下时优先买点）,64.15,65.85,66.10,0.1857,0.2863,否
2026-05-21 13:36:11,二买,否,警戒,600909,华安证券,7.28,安全,二买,向下,无信号,客观缠论信号为二买，60分钟笔方向向下（寻底模式），因此实际交易动作是二买（笔方向向下时优先买点）,6.59,6.45,6.36,0.2265,0.2061,否
2026-05-21 13:36:11,二买,否,警戒,603290,斯达半导,127.52,安全,二买+三买,向下,无信号,客观缠论信号为二买、三买，60分钟笔方向向下（寻底模式），因此实际交易动作是二买（笔方向向下时优先买点）,107.75,106.51,110.56,0.7519,0.9447,否
2026-05-21 13:36:11,二卖,否,警戒,603296,华勤技术,109.70,安全,二卖+一买,向上,无信号,客观缠论信号为二卖、一买，60分钟笔方向向上（冲顶模式），因此实际交易动作是二卖（笔方向向上时优先卖点）,101.28,108.08,112.65,-0.1300,-0.0438,否

2026-05-21 13:51:12,观望,是,警戒,600900,长江电力,26.83,安全,二卖,向下,无信号,客观缠论信号为二卖，60分钟笔方向向下，中枢震荡，观望,26.66,26.90,26.96,-0.0577,-0.0534,否
2026-05-21 13:51:12,观望,是,警戒,600938,中国海油,36.55,安全,无信号,向下,无信号,客观缠论信号为无信号，60分钟笔方向向下，中枢震荡，观望,34.06,35.29,37.35,-0.1984,-0.1385,否
2026-05-21 13:51:12,观望,是,警戒,688981,中芯国际,132.54,安全,无信号,向上,无信号,客观缠论信号为无信号，60分钟笔方向向上，中枢震荡，观望,129.16,124.60,125.00,2.1312,2.9150,否
2026-05-21 13:51:12,二卖,是,警戒,000333,美的集团,82.12,安全,二卖+二买,向上,无信号,客观缠论信号为二卖、二买，60分钟笔方向向上（冲顶模式），因此实际交易动作是二卖（笔方向向上时优先卖点）,79.18,79.63,83.15,0.1634,0.1640,否
2026-05-21 13:51:12,观望,是,警戒,000001,平安银行,10.77,安全,二卖,向下,无信号,客观缠论信号为二卖，60分钟笔方向向下，中枢震荡，观望,10.78,10.67,11.03,-0.0179,-0.0218,否
2026-05-21 13:51:12,二买,是,警戒,001965,招商公路,10.10,安全,二买,向下,无信号,客观缠论信号为二买，60分钟笔方向向下（寻底模式），因此实际交易动作是二买（笔方向向下时优先买点）,9.68,9.78,10.05,0.0441,0.0340,否
2026-05-21 13:51:12,二卖,是,警戒,hk01810,小米集团,30.02,日线破位,二卖,向上,无信号,客观缠论信号为二卖，60分钟笔方向向上（冲顶模式），因此实际交易动作是二卖（笔方向向上时优先卖点）,32.78,30.26,30.60,-0.0630,-0.0552,否
2026-05-21 13:51:12,二卖,是,警戒,513130,恒生科技ETF,0.61,安全,二卖,向上,无信号,客观缠论信号为二卖，60分钟笔方向向上（冲顶模式），因此实际交易动作是二卖（笔方向向上时优先卖点）,0.59,0.61,0.63,-0.0003,0.0005,否
2026-05-21 13:51:12,二买,否,警戒,sh000001,上证指数,4180.38,安全,二卖+二买+三买,向下,无信号,客观缠论信号为二卖、二买、三买，60分钟笔方向向下（寻底模式），因此实际交易动作是二买（笔方向向下时优先买点）,4101.83,4079.77,4092.83,11.3175,8.2338,否
2026-05-21 13:51:12,二卖,否,警戒,510300,沪深300ETF,4.89,安全,二卖,向上,无信号,客观缠论信号为二卖，60分钟笔方向向上（冲顶模式），因此实际交易动作是二卖（笔方向向上时优先卖点）,4.68,4.86,4.95,0.0121,0.0148,否
2026-05-21 13:51:12,观望,否,警戒,588000,科创50ETF,1.94,安全,无信号,向下,无信号,客观缠论信号为无信号，60分钟笔方向向下，中枢震荡，观望,1.55,1.71,1.82,0.0172,0.0232,否
2026-05-21 13:51:12,观望,否,警戒,513100,纳指ETF,2.10,安全,无信号,向下,无信号,客观缠论信号为无信号，60分钟笔方向向下，中枢震荡，观望,1.91,2.07,2.11,0.0148,0.0115,否
2026-05-21 13:51:12,观望,否,警戒,513520,日经ETF,2.09,安全,二卖,向下,无信号,客观缠论信号为二卖，60分钟笔方向向下，中枢震荡，观望,1.89,2.00,2.06,0.0150,0.0117,否
2026-05-21 13:51:12,观望,否,警戒,512400,有色金属ETF,1.99,安全,无信号,向上,无信号,客观缠论信号为无信号，60分钟笔方向向上，中枢震荡，观望,2.11,1.96,1.98,0.0070,0.0081,否
2026-05-21 13:51:12,二买,否,警戒,512690,酒ETF,0.46,日线破位,二卖+二买,向下,顶背驰,客观缠论信号为二卖、二买，60分钟笔方向向下（寻底模式），因此实际交易动作是二买（笔方向向下时优先买点）,0.48,0.48,0.46,0.0007,0.0009,否
2026-05-21 13:51:12,二买,否,警戒,159227,航空航天ETF,1.26,安全,二卖+二买,向下,无信号,客观缠论信号为二卖、二买，60分钟笔方向向下（寻底模式），因此实际交易动作是二买（笔方向向下时优先买点）,1.20,1.23,1.27,-0.0018,-0.0013,否
2026-05-21 13:51:12,二卖,否,警戒,159992,创新药ETF,0.80,安全,二卖,向上,无信号,客观缠论信号为二卖，60分钟笔方向向上（冲顶模式），因此实际交易动作是二卖（笔方向向上时优先卖点）,0.79,0.77,0.83,0.0048,0.0042,否
2026-05-21 13:51:12,二买,否,警戒,515050,通信ETF,1.13,安全,二卖+二买,向下,无信号,客观缠论信号为二卖、二买，60分钟笔方向向下（寻底模式），因此实际交易动作是二买（笔方向向下时优先买点）,1.08,1.48,1.14,0.0009,0.0026,否
2026-05-21 13:51:12,二卖,否,警戒,159915,创业板ETF,3.96,安全,二卖,向上,无信号,客观缠论信号为二卖，60分钟笔方向向上（冲顶模式），因此实际交易动作是二卖（笔方向向上时优先卖点）,3.24,3.61,3.97,0.0132,0.0159,否
2026-05-21 13:51:12,二买,否,警戒,588200,科创芯片ETF,3.73,安全,二买,向下,无信号,客观缠论信号为二买，60分钟笔方向向下（寻底模式），因此实际交易动作是二买（笔方向向下时优先买点）,2.65,3.20,3.34,0.0327,0.0484,否
2026-05-21 13:51:12,二卖,否,警戒,159755,电池ETF,1.18,安全,一卖+二卖,向上,无信号,客观缠论信号为一卖、二卖，60分钟笔方向向上（冲顶模式），因此实际交易动作是二卖（笔方向向上时优先卖点）,1.03,1.17,1.18,0.0055,0.0060,否
2026-05-21 13:51:12,二买,否,警戒,159899,软件ETF,0.85,安全,二卖+二买,向下,无信号,客观缠论信号为二卖、二买，60分钟笔方向向下（寻底模式），因此实际交易动作是二买（笔方向向下时优先买点）,0.83,0.83,0.85,0.0006,0.0013,否
2026-05-21 13:51:12,二卖,否,警戒,513360,教育ETF,0.49,日线破位,二卖,向上,无信号,客观缠论信号为二卖，60分钟笔方向向上（冲顶模式），因此实际交易动作是二卖（笔方向向上时优先卖点）,0.49,0.49,0.49,-0.0005,-0.0004,否
2026-05-21 13:51:12,观望,否,警戒,515790,光伏ETF,1.13,安全,二买,向上,无信号,客观缠论信号为二买，60分钟笔方向向上，中枢震荡，观望,1.08,1.10,1.11,0.0030,0.0043,否
2026-05-21 13:51:12,二卖,否,警戒,603317,天味食品,16.01,安全,二卖,向上,顶背驰,客观缠论信号为二卖，60分钟笔方向向上（冲顶模式），因此实际交易动作是二卖（笔方向向上时优先卖点）,12.98,15.50,16.24,0.0118,0.0347,否
2026-05-21 13:51:12,观望,否,警戒,601668,中国建筑,4.83,日线破位,无信号,向下,无信号,客观缠论信号为无信号，60分钟笔方向向下，中枢震荡，观望,4.88,4.91,4.85,-0.0109,-0.0110,否
2026-05-21 13:51:12,观望,否,警戒,601288,农业银行,6.50,日线破位,二卖,向下,无信号,客观缠论信号为二卖，60分钟笔方向向下，中枢震荡，观望,6.53,6.53,6.68,-0.0185,-0.0285,否
2026-05-21 13:51:12,二买,否,警戒,601728,中国电信,6.40,日线破位,二买,向下,底背驰,客观缠论信号为二买，60分钟笔方向向下（寻底模式），因此实际交易动作是二买（笔方向向下时优先买点）,6.72,6.50,6.42,-0.0914,-0.0828,否
2026-05-21 13:51:12,观望,否,警戒,600276,恒瑞医药,51.98,安全,无信号,向下,无信号,客观缠论信号为无信号，60分钟笔方向向下，中枢震荡，观望,51.31,52.41,53.92,0.1721,0.0829,否
2026-05-21 13:51:12,二买,否,警戒,600177,雅戈尔,7.52,安全,二卖+二买,向下,无信号,客观缠论信号为二卖、二买，60分钟笔方向向下（寻底模式），因此实际交易动作是二买（笔方向向下时优先买点）,7.44,7.25,7.58,0.0063,0.0035,否
2026-05-21 13:51:12,观望,否,警戒,600887,伊利股份,26.91,日线破位,二卖,向下,无信号,客观缠论信号为二卖，60分钟笔方向向下，中枢震荡，观望,27.11,26.92,27.60,-0.0794,-0.0623,否
2026-05-21 13:51:12,二卖,否,警戒,601138,工业富联,67.83,安全,二卖,向上,无信号,客观缠论信号为二卖，60分钟笔方向向上（冲顶模式），因此实际交易动作是二卖（笔方向向上时优先卖点）,62.70,62.77,69.50,-0.0082,-0.0160,否
2026-05-21 13:51:12,二买,否,警戒,688041,海光信息,319.96,安全,二卖+二买,向下,无信号,客观缠论信号为二卖、二买，60分钟笔方向向下（寻底模式），因此实际交易动作是二买（笔方向向下时优先买点）,246.00,320.01,355.50,2.3030,3.2769,否
2026-05-21 13:51:12,二卖,否,警戒,601225,陕西煤业,23.65,日线破位,二卖+二买,向上,底背驰,客观缠论信号为二卖、二买，60分钟笔方向向上（冲顶模式），因此实际交易动作是二卖（笔方向向上时优先卖点）,24.90,24.22,24.64,-0.1626,-0.1311,否
2026-05-21 13:51:12,观望,否,警戒,600660,福耀玻璃,54.78,日线破位,二卖,向下,无信号,客观缠论信号为二卖，60分钟笔方向向下，中枢震荡，观望,55.27,55.65,55.21,-0.0142,-0.0511,否
2026-05-21 13:51:12,观望,否,警戒,000429,粤高速A,13.32,安全,二卖,向下,顶背驰,客观缠论信号为二卖，60分钟笔方向向下，中枢震荡，观望,13.29,12.86,13.13,0.0475,0.0439,否
2026-05-21 13:51:12,二买,否,警戒,002507,涪陵榨菜,11.96,日线破位,二卖+二买,向下,无信号,客观缠论信号为二卖、二买，60分钟笔方向向下（寻底模式），因此实际交易动作是二买（笔方向向下时优先买点）,12.23,12.15,12.07,0.0011,0.0015,否
2026-05-21 13:51:12,观望,否,警戒,000338,潍柴动力,33.07,安全,二卖,向下,无信号,客观缠论信号为二卖，60分钟笔方向向下，中枢震荡，观望,25.92,31.76,33.43,0.1661,0.1747,否
2026-05-21 13:51:12,二买,否,警戒,000538,云南白药,50.55,日线破位,二卖+二买,向下,顶背驰,客观缠论信号为二卖、二买，60分钟笔方向向下（寻底模式），因此实际交易动作是二买（笔方向向下时优先买点）,54.40,54.40,51.23,-0.0733,-0.0503,否
2026-05-21 13:51:12,二卖,否,警戒,000423,东阿阿胶,50.30,安全,二卖,向上,无信号,客观缠论信号为二卖，60分钟笔方向向上（冲顶模式），因此实际交易动作是二卖（笔方向向上时优先卖点）,50.16,49.78,54.45,-0.1507,-0.1247,否
2026-05-21 13:51:12,二卖,否,警戒,000651,格力电器,39.21,日线破位,二卖,向上,无信号,客观缠论信号为二卖，60分钟笔方向向上（冲顶模式），因此实际交易动作是二卖（笔方向向上时优先卖点）,40.00,39.51,40.57,-0.1008,-0.0843,否
2026-05-21 13:51:12,二卖,否,警戒,000895,双汇发展,26.06,安全,二卖,向上,无信号,客观缠论信号为二卖，60分钟笔方向向上（冲顶模式），因此实际交易动作是二卖（笔方向向上时优先卖点）,25.75,26.51,26.82,-0.0882,-0.0715,否
2026-05-21 13:51:12,观望,否,警戒,002415,海康威视,32.44,安全,无信号,向下,无信号,客观缠论信号为无信号，60分钟笔方向向下，中枢震荡，观望,31.96,30.84,33.25,-0.1106,-0.0882,否
2026-05-21 13:51:12,观望,否,警戒,000157,中联重科,7.38,安全,二卖,向下,无信号,客观缠论信号为二卖，60分钟笔方向向下，中枢震荡，观望,7.18,7.22,7.94,0.0431,0.0408,否
2026-05-21 13:51:12,二卖,否,警戒,002128,电投能源,29.75,安全,二卖,向上,无信号,客观缠论信号为二卖，60分钟笔方向向上（冲顶模式），因此实际交易动作是二卖（笔方向向上时优先卖点）,29.02,28.68,30.59,0.0099,-0.0016,否
2026-05-21 13:51:12,二卖,否,警戒,002027,分众传媒,5.66,日线破位,二卖+三卖,向上,无信号,客观缠论信号为二卖、三卖，60分钟笔方向向上（冲顶模式），因此实际交易动作是二卖（笔方向向上时优先卖点）,6.16,6.22,6.36,-0.0084,-0.0096,否
2026-05-21 13:51:12,二买,否,警戒,hk03690,美团,83.15,安全,三卖+二买,向下,无信号,客观缠论信号为三卖、二买，60分钟笔方向向下（寻底模式），因此实际交易动作是二买（笔方向向下时优先买点）,78.70,82.40,85.10,0.1345,0.3049,否
2026-05-21 13:51:12,二买,否,警戒,hk03896,金山云,7.08,安全,二卖+二买,向下,无信号,客观缠论信号为二卖、二买，60分钟笔方向向下（寻底模式），因此实际交易动作是二买（笔方向向下时优先买点）,6.23,6.84,8.06,-0.0940,-0.0887,否
2026-05-21 13:51:12,二卖,否,警戒,hk00700,腾讯,448.00,日线破位,二卖+二买,向上,无信号,客观缠论信号为二卖、二买，60分钟笔方向向上（冲顶模式），因此实际交易动作是二卖（笔方向向上时优先卖点）,494.60,486.20,460.00,-2.2472,-1.4719,否
2026-05-21 13:51:12,二买,否,警戒,hk09988,阿里巴巴,128.50,日线破位,二卖+二买,向下,无信号,客观缠论信号为二卖、二买，60分钟笔方向向下（寻底模式），因此实际交易动作是二买（笔方向向下时优先买点）,129.60,128.60,134.20,-1.0552,-0.7217,否
2026-05-21 13:51:12,二卖,否,警戒,hk01024,快手,46.18,安全,二卖,向上,无信号,客观缠论信号为二卖，60分钟笔方向向上（冲顶模式），因此实际交易动作是二卖（笔方向向上时优先卖点）,44.22,43.00,45.46,-0.4639,-0.3641,否
2026-05-21 13:51:12,观望,否,警戒,hk06618,京东健康,40.32,安全,二卖,向下,无信号,客观缠论信号为二卖，60分钟笔方向向下，中枢震荡，观望,39.65,40.70,45.30,-0.1383,-0.1754,否
2026-05-21 13:51:12,二买,否,警戒,hk06862,海底捞,13.63,安全,二卖+二买,向下,无信号,客观缠论信号为二卖、二买，60分钟笔方向向下（寻底模式），因此实际交易动作是二买（笔方向向下时优先买点）,13.47,14.16,14.59,-0.1520,-0.1294,否
2026-05-21 13:51:12,二买,否,警戒,600415,小商品城,13.77,安全,一卖+二买,向下,无信号,客观缠论信号为一卖、二买，60分钟笔方向向下（寻底模式），因此实际交易动作是二买（笔方向向下时优先买点）,13.81,12.86,13.98,-0.0868,-0.0564,否
2026-05-21 13:51:12,观望,否,警戒,300285,国瓷材料,43.08,安全,二买,向上,无信号,客观缠论信号为二买，60分钟笔方向向上，中枢震荡，观望,32.60,35.16,44.00,0.3020,0.3348,否
2026-05-21 13:51:12,观望,否,警戒,600021,上海电力,18.30,安全,无信号,向上,底背驰,客观缠论信号为无信号，60分钟笔方向向上，中枢震荡，观望,18.15,17.63,18.55,-0.0172,0.0416,否
2026-05-21 13:51:12,二卖,否,警戒,002517,恺英网络,17.03,安全,二卖,向上,无信号,客观缠论信号为二卖，60分钟笔方向向上（冲顶模式），因此实际交易动作是二卖（笔方向向上时优先卖点）,16.68,17.19,17.28,-0.0308,-0.0336,否
2026-05-21 13:51:12,二买,否,警戒,300474,景嘉微,65.27,安全,二卖+二买,向下,无信号,客观缠论信号为二卖、二买，60分钟笔方向向下（寻底模式），因此实际交易动作是二买（笔方向向下时优先买点）,64.15,65.85,66.10,0.1035,0.2268,否
2026-05-21 13:51:12,二买,否,警戒,600909,华安证券,7.28,安全,二买,向下,无信号,客观缠论信号为二买，60分钟笔方向向下（寻底模式），因此实际交易动作是二买（笔方向向下时优先买点）,6.59,6.45,6.36,0.2265,0.2061,否
2026-05-21 13:51:12,二买,否,警戒,603290,斯达半导,127.52,安全,二买+三买,向下,无信号,客观缠论信号为二买、三买，60分钟笔方向向下（寻底模式），因此实际交易动作是二买（笔方向向下时优先买点）,107.75,106.51,110.56,0.7519,0.9447,否
2026-05-21 13:51:12,二卖,否,警戒,603296,华勤技术,109.70,安全,二卖+一买,向上,无信号,客观缠论信号为二卖、一买，60分钟笔方向向上（冲顶模式），因此实际交易动作是二卖（笔方向向上时优先卖点）,101.28,108.08,112.65,-0.1300,-0.0438,否

2026-05-21 14:16:18,观望,是,警戒,600900,长江电力,26.82,安全,二卖,向下,无信号,客观缠论信号为二卖，60分钟笔方向向下，中枢震荡，观望,26.66,26.90,26.96,-0.0592,-0.0546,否
2026-05-21 14:16:18,观望,是,警戒,600938,中国海油,36.52,安全,无信号,向下,无信号,客观缠论信号为无信号，60分钟笔方向向下，中枢震荡，观望,34.06,35.29,37.35,-0.1988,-0.1506,否
2026-05-21 14:16:18,观望,是,警戒,688981,中芯国际,132.54,安全,无信号,向上,无信号,客观缠论信号为无信号，60分钟笔方向向上，中枢震荡，观望,129.16,124.60,125.00,2.1312,2.9150,否
2026-05-21 14:16:18,二卖,是,警戒,000333,美的集团,81.93,安全,二卖+二买,向上,无信号,客观缠论信号为二卖、二买，60分钟笔方向向上（冲顶模式），因此实际交易动作是二卖（笔方向向上时优先卖点）,79.18,79.63,83.15,0.1400,0.1594,否
2026-05-21 14:16:18,观望,是,警戒,000001,平安银行,10.76,安全,二卖,向下,无信号,客观缠论信号为二卖，60分钟笔方向向下，中枢震荡，观望,10.78,10.67,11.03,-0.0169,-0.0201,否
2026-05-21 14:16:18,二买,是,警戒,001965,招商公路,10.11,安全,二买,向下,无信号,客观缠论信号为二买，60分钟笔方向向下（寻底模式），因此实际交易动作是二买（笔方向向下时优先买点）,9.68,9.78,10.05,0.0423,0.0371,否
2026-05-21 14:16:18,二卖,是,警戒,hk01810,小米集团,29.88,日线破位,二卖,向上,无信号,客观缠论信号为二卖，60分钟笔方向向上（冲顶模式），因此实际交易动作是二卖（笔方向向上时优先卖点）,32.78,30.26,30.60,-0.0735,-0.0607,否
2026-05-21 14:16:18,二卖,是,警戒,513130,恒生科技ETF,0.60,安全,二卖,向上,无信号,客观缠论信号为二卖，60分钟笔方向向上（冲顶模式），因此实际交易动作是二卖（笔方向向上时优先卖点）,0.59,0.61,0.63,-0.0010,-0.0000,否
2026-05-21 14:16:18,二买,否,警戒,sh000001,上证指数,4129.59,安全,二卖+二买+三买,向下,无信号,客观缠论信号为二卖、二买、三买，60分钟笔方向向下（寻底模式），因此实际交易动作是二买（笔方向向下时优先买点）,4101.83,4079.77,4092.83,-0.9650,4.6695,否
2026-05-21 14:16:18,二卖,否,警戒,510300,沪深300ETF,4.87,安全,二卖,向上,无信号,客观缠论信号为二卖，60分钟笔方向向上（冲顶模式），因此实际交易动作是二卖（笔方向向上时优先卖点）,4.68,4.86,4.95,0.0063,0.0123,否
2026-05-21 14:16:18,观望,否,警戒,588000,科创50ETF,1.90,安全,无信号,向上,无信号,客观缠论信号为无信号，60分钟笔方向向上，中枢震荡，观望,1.55,1.71,1.84,0.0108,0.0193,否
2026-05-21 14:16:18,观望,否,警戒,513100,纳指ETF,2.10,安全,无信号,向下,无信号,客观缠论信号为无信号，60分钟笔方向向下，中枢震荡，观望,1.91,2.07,2.11,0.0146,0.0127,否
2026-05-21 14:16:18,一卖,否,警戒,513520,日经ETF,2.08,安全,一卖,向上,无信号,客观缠论信号为一卖，60分钟笔方向向上（冲顶模式），因此实际交易动作是一卖（趋势顶背驰卖出）,1.89,2.00,2.06,0.0132,0.0124,否
2026-05-21 14:16:18,观望,否,警戒,512400,有色金属ETF,1.97,安全,无信号,向上,无信号,客观缠论信号为无信号，60分钟笔方向向上，中枢震荡，观望,2.11,1.96,1.98,0.0027,0.0065,否
2026-05-21 14:16:18,二买,否,警戒,512690,酒ETF,0.46,日线破位,二卖+二买,向下,顶背驰,客观缠论信号为二卖、二买，60分钟笔方向向下（寻底模式），因此实际交易动作是二买（笔方向向下时优先买点）,0.48,0.48,0.46,0.0004,0.0007,否
2026-05-21 14:16:18,二买,否,警戒,159227,航空航天ETF,1.25,安全,二卖+二买,向下,无信号,客观缠论信号为二卖、二买，60分钟笔方向向下（寻底模式），因此实际交易动作是二买（笔方向向下时优先买点）,1.20,1.23,1.27,-0.0036,-0.0020,否
2026-05-21 14:16:18,二卖,否,警戒,159992,创新药ETF,0.80,安全,二卖,向上,无信号,客观缠论信号为二卖，60分钟笔方向向上（冲顶模式），因此实际交易动作是二卖（笔方向向上时优先卖点）,0.79,0.77,0.83,0.0042,0.0043,否
2026-05-21 14:16:18,观望,否,警戒,515050,通信ETF,1.11,安全,二买,向上,无信号,客观缠论信号为二买，60分钟笔方向向上，中枢震荡，观望,1.08,1.48,1.15,-0.0019,0.0012,否
2026-05-21 14:16:18,二卖,否,警戒,159915,创业板ETF,3.91,安全,二卖,向上,无信号,客观缠论信号为二卖，60分钟笔方向向上（冲顶模式），因此实际交易动作是二卖（笔方向向上时优先卖点）,3.24,3.61,3.97,0.0048,0.0126,否
2026-05-21 14:16:18,观望,否,警戒,588200,科创芯片ETF,3.67,安全,二买,向上,无信号,客观缠论信号为二买，60分钟笔方向向上，中枢震荡，观望,2.65,3.20,3.55,0.0184,0.0388,否
2026-05-21 14:16:18,二卖,否,警戒,159755,电池ETF,1.17,安全,一卖+二卖,向上,无信号,客观缠论信号为一卖、二卖，60分钟笔方向向上（冲顶模式），因此实际交易动作是二卖（笔方向向上时优先卖点）,1.03,1.17,1.18,0.0033,0.0052,否
2026-05-21 14:16:18,二买,否,警戒,159899,软件ETF,0.84,安全,二卖+二买,向下,无信号,客观缠论信号为二卖、二买，60分钟笔方向向下（寻底模式），因此实际交易动作是二买（笔方向向下时优先买点）,0.83,0.83,0.85,-0.0011,0.0006,否
2026-05-21 14:16:18,二卖,否,警戒,513360,教育ETF,0.49,日线破位,二卖,向上,无信号,客观缠论信号为二卖，60分钟笔方向向上（冲顶模式），因此实际交易动作是二卖（笔方向向上时优先卖点）,0.49,0.49,0.49,-0.0005,-0.0004,否
2026-05-21 14:16:18,观望,否,警戒,515790,光伏ETF,1.11,安全,二买,向上,无信号,客观缠论信号为二买，60分钟笔方向向上，中枢震荡，观望,1.08,1.10,1.11,0.0005,0.0032,否
2026-05-21 14:16:18,二卖,否,警戒,603317,天味食品,15.91,安全,二卖,向上,顶背驰,客观缠论信号为二卖，60分钟笔方向向上（冲顶模式），因此实际交易动作是二卖（笔方向向上时优先卖点）,12.98,15.50,16.24,-0.0100,0.0203,否
2026-05-21 14:16:18,观望,否,警戒,601668,中国建筑,4.82,日线破位,无信号,向下,无信号,客观缠论信号为无信号，60分钟笔方向向下，中枢震荡，观望,4.88,4.91,4.85,-0.0115,-0.0111,否
2026-05-21 14:16:18,观望,否,警戒,601288,农业银行,6.54,安全,二卖,向下,无信号,客观缠论信号为二卖，60分钟笔方向向下，中枢震荡，观望,6.53,6.53,6.68,-0.0104,-0.0228,否
2026-05-21 14:16:18,二买,否,警戒,601728,中国电信,6.37,日线破位,二买,向下,底背驰,客观缠论信号为二买，60分钟笔方向向下（寻底模式），因此实际交易动作是二买（笔方向向下时优先买点）,6.72,6.50,6.42,-0.0916,-0.0858,否
2026-05-21 14:16:18,观望,否,警戒,600276,恒瑞医药,51.91,安全,无信号,向下,无信号,客观缠论信号为无信号，60分钟笔方向向下，中枢震荡，观望,51.31,52.41,53.92,0.1643,0.1129,否
2026-05-21 14:16:18,二买,否,警戒,600177,雅戈尔,7.50,安全,二卖+二买,向下,无信号,客观缠论信号为二卖、二买，60分钟笔方向向下（寻底模式），因此实际交易动作是二买（笔方向向下时优先买点）,7.44,7.25,7.58,0.0049,0.0040,否
2026-05-21 14:16:18,观望,否,警戒,600887,伊利股份,26.95,安全,二卖,向下,无信号,客观缠论信号为二卖，60分钟笔方向向下，中枢震荡，观望,27.11,26.92,27.60,-0.0752,-0.0668,否
2026-05-21 14:16:18,二卖,否,警戒,601138,工业富联,67.05,安全,二卖,向上,无信号,客观缠论信号为二卖，60分钟笔方向向上（冲顶模式），因此实际交易动作是二卖（笔方向向上时优先卖点）,62.70,62.77,69.50,-0.0825,-0.0328,否
2026-05-21 14:16:18,二买,否,警戒,688041,海光信息,314.90,安全,二卖+二买,向下,无信号,客观缠论信号为二卖、二买，60分钟笔方向向下（寻底模式），因此实际交易动作是二买（笔方向向下时优先买点）,246.00,320.01,355.50,1.3010,2.6601,否
2026-05-21 14:16:18,二卖,否,警戒,601225,陕西煤业,23.56,日线破位,二卖+二买,向上,底背驰,客观缠论信号为二卖、二买，60分钟笔方向向上（冲顶模式），因此实际交易动作是二卖（笔方向向上时优先卖点）,24.90,24.22,24.64,-0.1780,-0.1469,否
2026-05-21 14:16:18,观望,否,警戒,600660,福耀玻璃,54.68,日线破位,二卖,向下,无信号,客观缠论信号为二卖，60分钟笔方向向下，中枢震荡，观望,55.27,55.65,55.21,0.0014,-0.0328,否
2026-05-21 14:16:18,观望,否,警戒,000429,粤高速A,13.28,安全,二卖,向下,顶背驰,客观缠论信号为二卖，60分钟笔方向向下，中枢震荡，观望,13.29,12.86,13.13,0.0418,0.0437,否
2026-05-21 14:16:18,二卖,否,警戒,002507,涪陵榨菜,11.92,日线破位,二卖+二买,向上,无信号,客观缠论信号为二卖、二买，60分钟笔方向向上（冲顶模式），因此实际交易动作是二卖（笔方向向上时优先卖点）,12.23,12.15,12.03,-0.0037,0.0001,否
2026-05-21 14:16:18,观望,否,警戒,000338,潍柴动力,32.82,安全,无信号,向上,无信号,客观缠论信号为无信号，60分钟笔方向向上，中枢震荡，观望,25.92,31.76,33.43,0.0871,0.1498,否
2026-05-21 14:16:18,二买,否,警戒,000538,云南白药,50.44,日线破位,二卖+二买,向下,顶背驰,客观缠论信号为二卖、二买，60分钟笔方向向下（寻底模式），因此实际交易动作是二买（笔方向向下时优先买点）,54.40,54.40,51.23,-0.0927,-0.0636,否
2026-05-21 14:16:18,二卖,否,警戒,000423,东阿阿胶,50.14,安全,二卖,向上,无信号,客观缠论信号为二卖，60分钟笔方向向上（冲顶模式），因此实际交易动作是二卖（笔方向向上时优先卖点）,50.16,49.78,54.45,-0.1682,-0.1393,否
2026-05-21 14:16:18,二卖,否,警戒,000651,格力电器,39.14,日线破位,二卖,向上,无信号,客观缠论信号为二卖，60分钟笔方向向上（冲顶模式），因此实际交易动作是二卖（笔方向向上时优先卖点）,40.00,39.51,40.57,-0.1085,-0.0922,否
2026-05-21 14:16:18,二卖,否,警戒,000895,双汇发展,26.07,安全,二卖,向上,无信号,客观缠论信号为二卖，60分钟笔方向向上（冲顶模式），因此实际交易动作是二卖（笔方向向上时优先卖点）,25.75,26.51,26.82,-0.0756,-0.0735,否
2026-05-21 14:16:18,观望,否,警戒,002415,海康威视,32.10,安全,无信号,向下,无信号,客观缠论信号为无信号，60分钟笔方向向下，中枢震荡，观望,31.96,30.84,33.25,-0.1544,-0.1083,否
2026-05-21 14:16:18,二卖,否,警戒,000157,中联重科,7.35,安全,二卖+三卖,向上,无信号,客观缠论信号为二卖、三卖，60分钟笔方向向上（冲顶模式），因此实际交易动作是二卖（笔方向向上时优先卖点）,7.18,7.22,7.94,0.0315,0.0383,否
2026-05-21 14:16:18,二卖,否,警戒,002128,电投能源,29.47,安全,二卖,向上,无信号,客观缠论信号为二卖，60分钟笔方向向上（冲顶模式），因此实际交易动作是二卖（笔方向向上时优先卖点）,29.02,28.68,30.59,-0.0261,-0.0073,否
2026-05-21 14:16:18,二卖,否,警戒,002027,分众传媒,5.62,日线破位,二卖+三卖,向上,无信号,客观缠论信号为二卖、三卖，60分钟笔方向向上（冲顶模式），因此实际交易动作是二卖（笔方向向上时优先卖点）,6.16,6.22,6.36,-0.0145,-0.0108,否
2026-05-21 14:16:18,观望,否,警戒,hk03690,美团,83.15,安全,二买,向上,无信号,客观缠论信号为二买，60分钟笔方向向上，中枢震荡，观望,78.70,82.40,84.00,0.1345,0.3049,否
2026-05-21 14:16:18,二买,否,警戒,hk03896,金山云,7.10,安全,二卖+二买,向下,无信号,客观缠论信号为二卖、二买，60分钟笔方向向下（寻底模式），因此实际交易动作是二买（笔方向向下时优先买点）,6.23,6.84,8.06,-0.0926,-0.0894,否
2026-05-21 14:16:18,二卖,否,警戒,hk00700,腾讯,448.00,日线破位,二卖+二买,向上,无信号,客观缠论信号为二卖、二买，60分钟笔方向向上（冲顶模式），因此实际交易动作是二卖（笔方向向上时优先卖点）,494.60,486.20,460.00,-2.2472,-1.4719,否
2026-05-21 14:16:18,二买,否,警戒,hk09988,阿里巴巴,128.50,日线破位,二卖+二买,向下,无信号,客观缠论信号为二卖、二买，60分钟笔方向向下（寻底模式），因此实际交易动作是二买（笔方向向下时优先买点）,129.60,128.60,127.20,-1.0552,-0.7217,否
2026-05-21 14:16:18,二卖,否,警戒,hk01024,快手,46.18,安全,二卖,向上,无信号,客观缠论信号为二卖，60分钟笔方向向上（冲顶模式），因此实际交易动作是二卖（笔方向向上时优先卖点）,44.22,43.00,45.46,-0.4639,-0.3641,否
2026-05-21 14:16:18,二卖,否,警戒,hk06618,京东健康,40.32,安全,二卖,向上,无信号,客观缠论信号为二卖，60分钟笔方向向上（冲顶模式），因此实际交易动作是二卖（笔方向向上时优先卖点）,39.65,40.70,45.30,-0.1383,-0.1754,否
2026-05-21 14:16:18,二买,否,警戒,hk06862,海底捞,13.62,安全,二卖+二买,向下,无信号,客观缠论信号为二卖、二买，60分钟笔方向向下（寻底模式），因此实际交易动作是二买（笔方向向下时优先买点）,13.47,14.16,14.59,-0.1538,-0.1343,否
2026-05-21 14:16:18,二买,否,警戒,600415,小商品城,13.67,安全,一卖+二买,向下,无信号,客观缠论信号为一卖、二买，60分钟笔方向向下（寻底模式），因此实际交易动作是二买（笔方向向下时优先买点）,13.81,12.86,13.98,-0.0971,-0.0699,否
2026-05-21 14:16:18,观望,否,警戒,300285,国瓷材料,42.59,安全,二买,向上,无信号,客观缠论信号为二买，60分钟笔方向向上，中枢震荡，观望,32.60,35.16,44.00,0.2009,0.2950,否
2026-05-21 14:16:18,观望,否,警戒,600021,上海电力,18.17,安全,无信号,向上,底背驰,客观缠论信号为无信号，60分钟笔方向向上，中枢震荡，观望,18.15,17.63,18.55,-0.0562,0.0091,否
2026-05-21 14:16:18,二卖,否,警戒,002517,恺英网络,16.87,安全,二卖,向上,无信号,客观缠论信号为二卖，60分钟笔方向向上（冲顶模式），因此实际交易动作是二卖（笔方向向上时优先卖点）,16.68,17.19,17.28,-0.0642,-0.0437,否
2026-05-21 14:16:18,二买,否,警戒,300474,景嘉微,64.18,安全,二卖+二买,向下,无信号,客观缠论信号为二卖、二买，60分钟笔方向向下（寻底模式），因此实际交易动作是二买（笔方向向下时优先买点）,64.15,65.85,66.10,-0.0775,0.1336,否
2026-05-21 14:16:18,二买,否,警戒,600909,华安证券,7.21,安全,二买,向下,顶背驰,客观缠论信号为二买，60分钟笔方向向下（寻底模式），因此实际交易动作是二买（笔方向向下时优先买点）,6.59,6.45,6.36,0.1945,0.2070,否
2026-05-21 14:16:18,二买,否,警戒,603290,斯达半导,125.61,安全,二买+三买,向下,无信号,客观缠论信号为二买、三买，60分钟笔方向向下（寻底模式），因此实际交易动作是二买（笔方向向下时优先买点）,107.75,106.51,110.56,0.3740,0.7373,否
2026-05-21 14:16:18,二卖,否,警戒,603296,华勤技术,107.08,安全,二卖+一买,向上,无信号,客观缠论信号为二卖、一买，60分钟笔方向向上（冲顶模式），因此实际交易动作是二卖（笔方向向上时优先卖点）,101.28,108.08,112.65,-0.4294,-0.1736,否

2026-05-21 14:36:12,观望,是,警戒,600900,长江电力,26.74,安全,二卖,向下,无信号,客观缠论信号为二卖，60分钟笔方向向下，中枢震荡，观望,26.66,26.90,26.96,-0.0663,-0.0579,否
2026-05-21 14:36:12,观望,是,警戒,600938,中国海油,36.36,安全,无信号,向下,无信号,客观缠论信号为无信号，60分钟笔方向向下，中枢震荡，观望,34.06,35.29,37.35,-0.2112,-0.1712,否
2026-05-21 14:36:12,观望,是,警戒,688981,中芯国际,130.01,安全,无信号,向上,无信号,客观缠论信号为无信号，60分钟笔方向向上，中枢震荡，观望,129.16,124.60,125.00,1.2801,2.2483,否
2026-05-21 14:36:12,二卖,是,警戒,000333,美的集团,81.82,安全,二卖+二买,向上,无信号,客观缠论信号为二卖、二买，60分钟笔方向向上（冲顶模式），因此实际交易动作是二卖（笔方向向上时优先卖点）,79.18,79.63,83.15,0.1098,0.1495,否
2026-05-21 14:36:12,观望,是,警戒,000001,平安银行,10.72,安全,二卖,向下,无信号,客观缠论信号为二卖，60分钟笔方向向下，中枢震荡，观望,10.78,10.67,11.03,-0.0195,-0.0200,否
2026-05-21 14:36:12,二买,是,警戒,001965,招商公路,10.10,安全,二买,向下,无信号,客观缠论信号为二买，60分钟笔方向向下（寻底模式），因此实际交易动作是二买（笔方向向下时优先买点）,9.68,9.78,10.05,0.0405,0.0378,否
2026-05-21 14:36:12,二卖,是,警戒,hk01810,小米集团,29.88,日线破位,二卖,向上,无信号,客观缠论信号为二卖，60分钟笔方向向上（冲顶模式），因此实际交易动作是二卖（笔方向向上时优先卖点）,32.78,30.26,30.60,-0.0735,-0.0607,否
2026-05-21 14:36:12,二卖,是,警戒,513130,恒生科技ETF,0.60,安全,二卖,向上,无信号,客观缠论信号为二卖，60分钟笔方向向上（冲顶模式），因此实际交易动作是二卖（笔方向向上时优先卖点）,0.59,0.61,0.63,-0.0014,-0.0003,否
2026-05-21 14:36:12,二买,否,警戒,sh000001,上证指数,4129.59,安全,二卖+二买+三买,向下,无信号,客观缠论信号为二卖、二买、三买，60分钟笔方向向下（寻底模式），因此实际交易动作是二买（笔方向向下时优先买点）,4101.83,4079.77,4092.83,-0.9650,4.6695,否
2026-05-21 14:36:12,二卖,否,警戒,510300,沪深300ETF,4.84,安全,二卖,向上,无信号,客观缠论信号为二卖，60分钟笔方向向上（冲顶模式），因此实际交易动作是二卖（笔方向向上时优先卖点）,4.68,4.86,4.95,0.0015,0.0101,否
2026-05-21 14:36:12,观望,否,警戒,588000,科创50ETF,1.89,安全,无信号,向上,无信号,客观缠论信号为无信号，60分钟笔方向向上，中枢震荡，观望,1.55,1.71,1.84,0.0063,0.0167,否
2026-05-21 14:36:12,观望,否,警戒,513100,纳指ETF,2.10,安全,无信号,向下,无信号,客观缠论信号为无信号，60分钟笔方向向下，中枢震荡，观望,1.91,2.07,2.11,0.0144,0.0130,否
2026-05-21 14:36:12,一卖,否,警戒,513520,日经ETF,2.08,安全,一卖,向上,无信号,客观缠论信号为一卖，60分钟笔方向向上（冲顶模式），因此实际交易动作是一卖（趋势顶背驰卖出）,1.89,2.00,2.06,0.0123,0.0124,否
2026-05-21 14:36:12,观望,否,警戒,512400,有色金属ETF,1.96,日线破位,无信号,向上,无信号,客观缠论信号为无信号，60分钟笔方向向上，中枢震荡，观望,2.11,1.96,1.98,-0.0003,0.0051,否
2026-05-21 14:36:12,二买,否,警戒,512690,酒ETF,0.46,日线破位,二卖+二买,向下,顶背驰,客观缠论信号为二卖、二买，60分钟笔方向向下（寻底模式），因此实际交易动作是二买（笔方向向下时优先买点）,0.48,0.48,0.46,0.0002,0.0006,否
2026-05-21 14:36:12,二买,否,警戒,159227,航空航天ETF,1.24,安全,二卖+二买,向下,无信号,客观缠论信号为二卖、二买，60分钟笔方向向下（寻底模式），因此实际交易动作是二买（笔方向向下时优先买点）,1.20,1.23,1.27,-0.0052,-0.0026,否
2026-05-21 14:36:12,二卖,否,警戒,159992,创新药ETF,0.79,安全,二卖,向上,无信号,客观缠论信号为二卖，60分钟笔方向向上（冲顶模式），因此实际交易动作是二卖（笔方向向上时优先卖点）,0.79,0.77,0.83,0.0035,0.0041,否
2026-05-21 14:36:12,观望,否,警戒,515050,通信ETF,1.10,安全,二买,向上,无信号,客观缠论信号为二买，60分钟笔方向向上，中枢震荡，观望,1.08,1.48,1.15,-0.0040,0.0002,否
2026-05-21 14:36:12,二卖,否,警戒,159915,创业板ETF,3.88,安全,二卖,向上,无信号,客观缠论信号为二卖，60分钟笔方向向上（冲顶模式），因此实际交易动作是二卖（笔方向向上时优先卖点）,3.24,3.61,3.97,-0.0012,0.0098,否
2026-05-21 14:36:12,观望,否,警戒,588200,科创芯片ETF,3.63,安全,二买,向上,无信号,客观缠论信号为二买，60分钟笔方向向上，中枢震荡，观望,2.65,3.20,3.55,0.0090,0.0329,否
2026-05-21 14:36:12,二卖,否,警戒,159755,电池ETF,1.16,安全,一卖+二卖,向上,无信号,客观缠论信号为一卖、二卖，60分钟笔方向向上（冲顶模式），因此实际交易动作是二卖（笔方向向上时优先卖点）,1.03,1.17,1.18,0.0015,0.0045,否
2026-05-21 14:36:12,二买,否,警戒,159899,软件ETF,0.83,安全,二卖+二买,向下,无信号,客观缠论信号为二卖、二买，60分钟笔方向向下（寻底模式），因此实际交易动作是二买（笔方向向下时优先买点）,0.83,0.83,0.85,-0.0025,-0.0000,否
2026-05-21 14:36:12,二卖,否,警戒,513360,教育ETF,0.49,日线破位,二卖,向上,无信号,客观缠论信号为二卖，60分钟笔方向向上（冲顶模式），因此实际交易动作是二卖（笔方向向上时优先卖点）,0.49,0.49,0.49,-0.0005,-0.0004,否
2026-05-21 14:36:12,观望,否,警戒,515790,光伏ETF,1.10,安全,二买,向上,无信号,客观缠论信号为二买，60分钟笔方向向上，中枢震荡，观望,1.08,1.10,1.11,-0.0012,0.0023,否
2026-05-21 14:36:12,二卖,否,警戒,603317,天味食品,15.83,安全,二卖,向上,顶背驰,客观缠论信号为二卖，60分钟笔方向向上（冲顶模式），因此实际交易动作是二卖（笔方向向上时优先卖点）,12.98,15.50,16.24,-0.0249,0.0113,否
2026-05-21 14:36:12,观望,否,警戒,601668,中国建筑,4.81,日线破位,无信号,向下,无信号,客观缠论信号为无信号，60分钟笔方向向下，中枢震荡，观望,4.88,4.91,4.85,-0.0128,-0.0114,否
2026-05-21 14:36:12,观望,否,警戒,601288,农业银行,6.53,安全,二卖,向下,无信号,客观缠论信号为二卖，60分钟笔方向向下，中枢震荡，观望,6.53,6.53,6.68,-0.0071,-0.0197,否
2026-05-21 14:36:12,二买,否,警戒,601728,中国电信,6.34,日线破位,二买,向下,底背驰,客观缠论信号为二买，60分钟笔方向向下（寻底模式），因此实际交易动作是二买（笔方向向下时优先买点）,6.72,6.50,6.42,-0.0936,-0.0873,否
2026-05-21 14:36:12,观望,否,警戒,600276,恒瑞医药,51.62,安全,无信号,向下,无信号,客观缠论信号为无信号，60分钟笔方向向下，中枢震荡，观望,51.31,52.41,53.92,0.1358,0.1175,否
2026-05-21 14:36:12,二买,否,警戒,600177,雅戈尔,7.47,安全,二卖+二买,向下,无信号,客观缠论信号为二卖、二买，60分钟笔方向向下（寻底模式），因此实际交易动作是二买（笔方向向下时优先买点）,7.44,7.25,7.58,0.0023,0.0037,否
2026-05-21 14:36:12,观望,否,警戒,600887,伊利股份,26.86,日线破位,二卖,向下,无信号,客观缠论信号为二卖，60分钟笔方向向下，中枢震荡，观望,27.11,26.92,27.60,-0.0821,-0.0699,否
2026-05-21 14:36:12,二卖,否,警戒,601138,工业富联,66.33,安全,二卖,向上,无信号,客观缠论信号为二卖，60分钟笔方向向上（冲顶模式），因此实际交易动作是二卖（笔方向向上时优先卖点）,62.70,62.77,69.50,-0.1739,-0.0610,否
2026-05-21 14:36:12,二买,否,警戒,688041,海光信息,311.80,安全,二卖+二买,向下,无信号,客观缠论信号为二卖、二买，60分钟笔方向向下（寻底模式），因此实际交易动作是二买（笔方向向下时优先买点）,246.00,320.01,355.50,0.5759,2.2433,否
2026-05-21 14:36:12,二卖,否,警戒,601225,陕西煤业,23.48,日线破位,二卖+二买,向上,底背驰,客观缠论信号为二卖、二买，60分钟笔方向向上（冲顶模式），因此实际交易动作是二卖（笔方向向上时优先卖点）,24.90,24.22,24.64,-0.1875,-0.1550,否
2026-05-21 14:36:12,观望,否,警戒,600660,福耀玻璃,54.56,日线破位,二卖,向下,无信号,客观缠论信号为二卖，60分钟笔方向向下，中枢震荡，观望,55.27,55.65,55.21,-0.0053,-0.0273,否
2026-05-21 14:36:12,观望,否,警戒,000429,粤高速A,13.27,安全,二卖,向下,顶背驰,客观缠论信号为二卖，60分钟笔方向向下，中枢震荡，观望,13.29,12.86,13.13,0.0379,0.0425,否
2026-05-21 14:36:12,二卖,否,警戒,002507,涪陵榨菜,11.88,日线破位,二卖+二买,向上,无信号,客观缠论信号为二卖、二买，60分钟笔方向向上（冲顶模式），因此实际交易动作是二卖（笔方向向上时优先卖点）,12.23,12.15,12.03,-0.0092,-0.0018,否
2026-05-21 14:36:12,观望,否,警戒,000338,潍柴动力,32.55,安全,无信号,向上,无信号,客观缠论信号为无信号，60分钟笔方向向上，中枢震荡，观望,25.92,31.76,33.43,0.0318,0.1262,否
2026-05-21 14:36:12,二买,否,警戒,000538,云南白药,50.30,日线破位,二卖+二买,向下,顶背驰,客观缠论信号为二卖、二买，60分钟笔方向向下（寻底模式），因此实际交易动作是二买（笔方向向下时优先买点）,54.40,54.40,51.23,-0.1122,-0.0734,否
2026-05-21 14:36:12,二卖,否,警戒,000423,东阿阿胶,49.93,安全,二卖,向上,无信号,客观缠论信号为二卖，60分钟笔方向向上（冲顶模式），因此实际交易动作是二卖（笔方向向上时优先卖点）,50.16,49.78,54.45,-0.1882,-0.1491,否
2026-05-21 14:36:12,二卖,否,警戒,000651,格力电器,39.01,日线破位,二卖,向上,无信号,客观缠论信号为二卖，60分钟笔方向向上（冲顶模式），因此实际交易动作是二卖（笔方向向上时优先卖点）,40.00,39.51,40.57,-0.1215,-0.0981,否
2026-05-21 14:36:12,二卖,否,警戒,000895,双汇发展,25.99,安全,二卖,向上,无信号,客观缠论信号为二卖，60分钟笔方向向上（冲顶模式），因此实际交易动作是二卖（笔方向向上时优先卖点）,25.75,26.51,26.82,-0.0785,-0.0745,否
2026-05-21 14:36:12,观望,否,警戒,002415,海康威视,31.88,安全,无信号,向下,无信号,客观缠论信号为无信号，60分钟笔方向向下，中枢震荡，观望,31.96,30.84,33.25,-0.1884,-0.1243,否
2026-05-21 14:36:12,二卖,否,警戒,000157,中联重科,7.31,安全,二卖+三卖,向上,无信号,客观缠论信号为二卖、三卖，60分钟笔方向向上（冲顶模式），因此实际交易动作是二卖（笔方向向上时优先卖点）,7.18,7.22,7.94,0.0238,0.0354,否
2026-05-21 14:36:12,二卖,否,警戒,002128,电投能源,29.31,安全,二卖,向上,无信号,客观缠论信号为二卖，60分钟笔方向向上（冲顶模式），因此实际交易动作是二卖（笔方向向上时优先卖点）,29.02,28.68,30.59,-0.0538,-0.0166,否
2026-05-21 14:36:12,二卖,否,警戒,002027,分众传媒,5.61,日线破位,二卖+三卖,向上,无信号,客观缠论信号为二卖、三卖，60分钟笔方向向上（冲顶模式），因此实际交易动作是二卖（笔方向向上时优先卖点）,6.16,6.22,6.36,-0.0179,-0.0123,否
2026-05-21 14:36:12,观望,否,警戒,hk03690,美团,83.15,安全,二买,向上,无信号,客观缠论信号为二买，60分钟笔方向向上，中枢震荡，观望,78.70,82.40,84.00,0.1345,0.3049,否
2026-05-21 14:36:12,二买,否,警戒,hk03896,金山云,7.10,安全,二卖+二买,向下,无信号,客观缠论信号为二卖、二买，60分钟笔方向向下（寻底模式），因此实际交易动作是二买（笔方向向下时优先买点）,6.23,6.84,8.06,-0.0926,-0.0894,否
2026-05-21 14:36:12,二卖,否,警戒,hk00700,腾讯,448.00,日线破位,二卖+二买,向上,无信号,客观缠论信号为二卖、二买，60分钟笔方向向上（冲顶模式），因此实际交易动作是二卖（笔方向向上时优先卖点）,494.60,486.20,460.00,-2.2472,-1.4719,否
2026-05-21 14:36:12,二买,否,警戒,hk09988,阿里巴巴,128.50,日线破位,二卖+二买,向下,无信号,客观缠论信号为二卖、二买，60分钟笔方向向下（寻底模式），因此实际交易动作是二买（笔方向向下时优先买点）,129.60,128.60,127.20,-1.0552,-0.7217,否
2026-05-21 14:36:12,二卖,否,警戒,hk01024,快手,46.18,安全,二卖,向上,无信号,客观缠论信号为二卖，60分钟笔方向向上（冲顶模式），因此实际交易动作是二卖（笔方向向上时优先卖点）,44.22,43.00,45.46,-0.4639,-0.3641,否
2026-05-21 14:36:12,二卖,否,警戒,hk06618,京东健康,40.32,安全,二卖,向上,无信号,客观缠论信号为二卖，60分钟笔方向向上（冲顶模式），因此实际交易动作是二卖（笔方向向上时优先卖点）,39.65,40.70,45.30,-0.1383,-0.1754,否
2026-05-21 14:36:12,二买,否,警戒,hk06862,海底捞,13.62,安全,二卖+二买,向下,无信号,客观缠论信号为二卖、二买，60分钟笔方向向下（寻底模式），因此实际交易动作是二买（笔方向向下时优先买点）,13.47,14.16,14.59,-0.1538,-0.1343,否
2026-05-21 14:36:12,二买,否,警戒,600415,小商品城,13.58,安全,一卖+二买,向下,无信号,客观缠论信号为一卖、二买，60分钟笔方向向下（寻底模式），因此实际交易动作是二买（笔方向向下时优先买点）,13.81,12.86,13.98,-0.1091,-0.0777,否
2026-05-21 14:36:12,观望,否,警戒,300285,国瓷材料,41.97,安全,二买,向上,无信号,客观缠论信号为二买，60分钟笔方向向上，中枢震荡，观望,32.60,35.16,44.00,0.1078,0.2576,否
2026-05-21 14:36:12,观望,否,警戒,600021,上海电力,18.03,安全,无信号,向上,底背驰,客观缠论信号为无信号，60分钟笔方向向上，中枢震荡，观望,18.15,17.63,18.55,-0.0804,-0.0088,否
2026-05-21 14:36:12,二卖,否,警戒,002517,恺英网络,16.87,安全,二卖,向上,无信号,客观缠论信号为二卖，60分钟笔方向向上（冲顶模式），因此实际交易动作是二卖（笔方向向上时优先卖点）,16.68,17.19,17.28,-0.0642,-0.0437,否
2026-05-21 14:36:12,二买,否,警戒,300474,景嘉微,64.18,安全,二卖+二买,向下,无信号,客观缠论信号为二卖、二买，60分钟笔方向向下（寻底模式），因此实际交易动作是二买（笔方向向下时优先买点）,64.15,65.85,66.10,-0.0775,0.1336,否
2026-05-21 14:36:12,二买,否,警戒,600909,华安证券,7.21,安全,二买,向下,顶背驰,客观缠论信号为二买，60分钟笔方向向下（寻底模式），因此实际交易动作是二买（笔方向向下时优先买点）,6.59,6.45,6.36,0.1945,0.2070,否
2026-05-21 14:36:12,二买,否,警戒,603290,斯达半导,123.83,安全,二买+三买,向下,无信号,客观缠论信号为二买、三买，60分钟笔方向向下（寻底模式），因此实际交易动作是二买（笔方向向下时优先买点）,107.75,106.51,110.56,0.0798,0.6058,否
2026-05-21 14:36:12,二卖,否,警戒,603296,华勤技术,107.08,安全,二卖+一买,向上,无信号,客观缠论信号为二卖、一买，60分钟笔方向向上（冲顶模式），因此实际交易动作是二卖（笔方向向上时优先卖点）,101.28,108.08,112.65,-0.4294,-0.1736,否

2026-05-21 14:51:12,观望,是,警戒,600900,长江电力,26.71,安全,二卖,向下,无信号,客观缠论信号为二卖，60分钟笔方向向下，中枢震荡，观望,26.66,26.90,26.96,-0.0725,-0.0608,否
2026-05-21 14:51:12,观望,是,警戒,600938,中国海油,36.31,安全,无信号,向下,无信号,客观缠论信号为无信号，60分钟笔方向向下，中枢震荡，观望,34.06,35.29,37.35,-0.2185,-0.1807,否
2026-05-21 14:51:12,观望,是,警戒,688981,中芯国际,128.99,安全,无信号,向上,无信号,客观缠论信号为无信号，60分钟笔方向向上，中枢震荡，观望,129.16,124.60,125.00,0.9174,1.9821,否
2026-05-21 14:51:12,二卖,是,警戒,000333,美的集团,81.74,安全,二卖+二买,向上,无信号,客观缠论信号为二卖、二买，60分钟笔方向向上（冲顶模式），因此实际交易动作是二卖（笔方向向上时优先卖点）,79.18,79.63,83.15,0.0786,0.1353,否
2026-05-21 14:51:12,观望,是,警戒,000001,平安银行,10.71,安全,二卖,向下,无信号,客观缠论信号为二卖，60分钟笔方向向下，中枢震荡，观望,10.78,10.67,11.03,-0.0221,-0.0204,否
2026-05-21 14:51:12,二买,是,警戒,001965,招商公路,10.08,安全,二买,向下,无信号,客观缠论信号为二买，60分钟笔方向向下（寻底模式），因此实际交易动作是二买（笔方向向下时优先买点）,9.68,9.78,10.05,0.0371,0.0376,否
2026-05-21 14:51:12,二卖,是,警戒,hk01810,小米集团,29.64,日线破位,二卖,向上,无信号,客观缠论信号为二卖，60分钟笔方向向上（冲顶模式），因此实际交易动作是二卖（笔方向向上时优先卖点）,32.78,30.26,30.60,-0.1094,-0.0778,否
2026-05-21 14:51:12,二卖,是,警戒,513130,恒生科技ETF,0.60,安全,二卖,向上,无信号,客观缠论信号为二卖，60分钟笔方向向上（冲顶模式），因此实际交易动作是二卖（笔方向向上时优先卖点）,0.59,0.61,0.63,-0.0020,-0.0006,否
2026-05-21 14:51:12,二买,否,警戒,sh000001,上证指数,4129.59,安全,二卖+二买+三买,向下,无信号,客观缠论信号为二卖、二买、三买，60分钟笔方向向下（寻底模式），因此实际交易动作是二买（笔方向向下时优先买点）,4101.83,4079.77,4092.83,-0.9650,4.6695,否
2026-05-21 14:51:12,二卖,否,警戒,510300,沪深300ETF,4.82,安全,二卖,向上,无信号,客观缠论信号为二卖，60分钟笔方向向上（冲顶模式），因此实际交易动作是二卖（笔方向向上时优先卖点）,4.68,4.86,4.95,-0.0034,0.0074,否
2026-05-21 14:51:12,观望,否,警戒,588000,科创50ETF,1.88,安全,无信号,向上,无信号,客观缠论信号为无信号，60分钟笔方向向上，中枢震荡，观望,1.55,1.71,1.84,0.0019,0.0138,否
2026-05-21 14:51:12,观望,否,警戒,513100,纳指ETF,2.10,安全,无信号,向下,无信号,客观缠论信号为无信号，60分钟笔方向向下，中枢震荡，观望,1.91,2.07,2.11,0.0142,0.0132,否
2026-05-21 14:51:12,一卖,否,警戒,513520,日经ETF,2.07,安全,一卖,向上,无信号,客观缠论信号为一卖，60分钟笔方向向上（冲顶模式），因此实际交易动作是一卖（趋势顶背驰卖出）,1.89,2.00,2.06,0.0109,0.0121,否
2026-05-21 14:51:12,观望,否,警戒,512400,有色金属ETF,1.96,日线破位,无信号,向上,无信号,客观缠论信号为无信号，60分钟笔方向向上，中枢震荡，观望,2.11,1.96,1.98,-0.0030,0.0035,否
2026-05-21 14:51:12,二买,否,警戒,512690,酒ETF,0.45,日线破位,二卖+二买,向下,顶背驰,客观缠论信号为二卖、二买，60分钟笔方向向下（寻底模式），因此实际交易动作是二买（笔方向向下时优先买点）,0.48,0.48,0.46,-0.0001,0.0005,否
2026-05-21 14:51:12,二买,否,警戒,159227,航空航天ETF,1.23,安全,二卖+二买,向下,无信号,客观缠论信号为二卖、二买，60分钟笔方向向下（寻底模式），因此实际交易动作是二买（笔方向向下时优先买点）,1.20,1.23,1.27,-0.0070,-0.0035,否
2026-05-21 14:51:12,二卖,否,警戒,159992,创新药ETF,0.79,安全,二卖,向上,无信号,客观缠论信号为二卖，60分钟笔方向向上（冲顶模式），因此实际交易动作是二卖（笔方向向上时优先卖点）,0.79,0.77,0.83,0.0028,0.0039,否
2026-05-21 14:51:12,观望,否,警戒,515050,通信ETF,1.10,安全,二买,向上,无信号,客观缠论信号为二买，60分钟笔方向向上，中枢震荡，观望,1.08,1.48,1.15,-0.0059,-0.0010,否
2026-05-21 14:51:12,二卖,否,警戒,159915,创业板ETF,3.86,安全,二卖,向上,无信号,客观缠论信号为二卖，60分钟笔方向向上（冲顶模式），因此实际交易动作是二卖（笔方向向上时优先卖点）,3.24,3.61,3.97,-0.0074,0.0064,否
2026-05-21 14:51:12,观望,否,警戒,588200,科创芯片ETF,3.60,安全,二买,向上,无信号,客观缠论信号为二买，60分钟笔方向向上，中枢震荡，观望,2.65,3.20,3.55,-0.0007,0.0262,否
2026-05-21 14:51:12,二卖,否,警戒,159755,电池ETF,1.15,安全,一卖+二卖,向上,无信号,客观缠论信号为一卖、二卖，60分钟笔方向向上（冲顶模式），因此实际交易动作是二卖（笔方向向上时优先卖点）,1.03,1.17,1.18,-0.0000,0.0036,否
2026-05-21 14:51:12,二买,否,警戒,159899,软件ETF,0.83,日线破位,二卖+二买,向下,无信号,客观缠论信号为二卖、二买，60分钟笔方向向下（寻底模式），因此实际交易动作是二买（笔方向向下时优先买点）,0.83,0.83,0.85,-0.0037,-0.0008,否
2026-05-21 14:51:12,二卖,否,警戒,513360,教育ETF,0.48,日线破位,二卖,向上,无信号,客观缠论信号为二卖，60分钟笔方向向上（冲顶模式），因此实际交易动作是二卖（笔方向向上时优先卖点）,0.49,0.49,0.49,-0.0007,-0.0005,否
2026-05-21 14:51:12,观望,否,警戒,515790,光伏ETF,1.10,安全,二买,向上,无信号,客观缠论信号为二买，60分钟笔方向向上，中枢震荡，观望,1.08,1.10,1.11,-0.0030,0.0012,否
2026-05-21 14:51:12,二卖,否,警戒,603317,天味食品,15.75,安全,二卖,向上,顶背驰,客观缠论信号为二卖，60分钟笔方向向上（冲顶模式），因此实际交易动作是二卖（笔方向向上时优先卖点）,12.98,15.50,16.24,-0.0426,0.0005,否
2026-05-21 14:51:12,观望,否,警戒,601668,中国建筑,4.82,日线破位,无信号,向下,无信号,客观缠论信号为无信号，60分钟笔方向向下，中枢震荡，观望,4.88,4.91,4.85,-0.0128,-0.0117,否
2026-05-21 14:51:12,观望,否,警戒,601288,农业银行,6.53,安全,二卖,向下,无信号,客观缠论信号为二卖，60分钟笔方向向下，中枢震荡，观望,6.53,6.53,6.68,-0.0045,-0.0166,否
2026-05-21 14:51:12,二买,否,警戒,601728,中国电信,6.34,日线破位,二买,向下,底背驰,客观缠论信号为二买，60分钟笔方向向下（寻底模式），因此实际交易动作是二买（笔方向向下时优先买点）,6.72,6.50,6.42,-0.0941,-0.0887,否
2026-05-21 14:51:12,观望,否,警戒,600276,恒瑞医药,51.47,安全,无信号,向下,无信号,客观缠论信号为无信号，60分钟笔方向向下，中枢震荡，观望,51.31,52.41,53.92,0.1000,0.1140,否
2026-05-21 14:51:12,二买,否,警戒,600177,雅戈尔,7.46,安全,二卖+二买,向下,无信号,客观缠论信号为二卖、二买，60分钟笔方向向下（寻底模式），因此实际交易动作是二买（笔方向向下时优先买点）,7.44,7.25,7.58,-0.0005,0.0028,否
2026-05-21 14:51:12,观望,否,警戒,600887,伊利股份,26.79,日线破位,二卖,向下,无信号,客观缠论信号为二卖，60分钟笔方向向下，中枢震荡，观望,27.11,26.92,27.60,-0.0922,-0.0744,否
2026-05-21 14:51:12,二卖,否,警戒,601138,工业富联,65.85,安全,二卖,向上,无信号,客观缠论信号为二卖，60分钟笔方向向上（冲顶模式），因此实际交易动作是二卖（笔方向向上时优先卖点）,62.70,62.77,69.50,-0.2817,-0.1052,否
2026-05-21 14:51:12,二买,否,警戒,688041,海光信息,309.80,安全,二卖+二买,向下,无信号,客观缠论信号为二卖、二买，60分钟笔方向向下（寻底模式），因此实际交易动作是二买（笔方向向下时优先买点）,246.00,320.01,355.50,-0.1583,1.7630,否
2026-05-21 14:51:12,二卖,否,警戒,601225,陕西煤业,23.52,日线破位,二卖+二买,向上,底背驰,客观缠论信号为二卖、二买，60分钟笔方向向上（冲顶模式），因此实际交易动作是二卖（笔方向向上时优先卖点）,24.90,24.22,24.64,-0.1896,-0.1619,否
2026-05-21 14:51:12,观望,否,警戒,600660,福耀玻璃,54.41,日线破位,二卖,向下,无信号,客观缠论信号为二卖，60分钟笔方向向下，中枢震荡，观望,55.27,55.65,55.21,-0.0224,-0.0263,否
2026-05-21 14:51:12,观望,否,警戒,000429,粤高速A,13.24,安全,二卖,向下,顶背驰,客观缠论信号为二卖，60分钟笔方向向下，中枢震荡，观望,13.29,12.86,13.13,0.0321,0.0404,否
2026-05-21 14:51:12,二卖,否,警戒,002507,涪陵榨菜,11.86,日线破位,二卖+二买,向上,无信号,客观缠论信号为二卖、二买，60分钟笔方向向上（冲顶模式），因此实际交易动作是二卖（笔方向向上时优先卖点）,12.23,12.15,12.03,-0.0149,-0.0044,否
2026-05-21 14:51:12,观望,否,警戒,000338,潍柴动力,32.42,安全,无信号,向上,无信号,客观缠论信号为无信号，60分钟笔方向向上，中枢震荡，观望,25.92,31.76,33.43,-0.0222,0.0965,否
2026-05-21 14:51:12,二买,否,警戒,000538,云南白药,50.21,日线破位,二卖+二买,向下,顶背驰,客观缠论信号为二卖、二买，60分钟笔方向向下（寻底模式），因此实际交易动作是二买（笔方向向下时优先买点）,54.40,54.40,51.23,-0.1334,-0.0854,否
2026-05-21 14:51:12,二卖,否,警戒,000423,东阿阿胶,49.67,日线破位,二卖,向上,无信号,客观缠论信号为二卖，60分钟笔方向向上（冲顶模式），因此实际交易动作是二卖（笔方向向上时优先卖点）,50.16,49.78,54.45,-0.2225,-0.1638,否
2026-05-21 14:51:12,二卖,否,警戒,000651,格力电器,39.03,日线破位,二卖,向上,无信号,客观缠论信号为二卖，60分钟笔方向向上（冲顶模式），因此实际交易动作是二卖（笔方向向上时优先卖点）,40.00,39.51,40.57,-0.1287,-0.1042,否
2026-05-21 14:51:12,二卖,否,警戒,000895,双汇发展,25.93,安全,二卖,向上,无信号,客观缠论信号为二卖，60分钟笔方向向上（冲顶模式），因此实际交易动作是二卖（笔方向向上时优先卖点）,25.75,26.51,26.82,-0.0846,-0.0765,否
2026-05-21 14:51:12,观望,否,警戒,002415,海康威视,31.76,安全,无信号,向下,无信号,客观缠论信号为无信号，60分钟笔方向向下，中枢震荡，观望,31.96,30.84,33.25,-0.2225,-0.1440,否
2026-05-21 14:51:12,二卖,否,警戒,000157,中联重科,7.29,安全,二卖+三卖,向上,无信号,客观缠论信号为二卖、三卖，60分钟笔方向向上（冲顶模式），因此实际交易动作是二卖（笔方向向上时优先卖点）,7.18,7.22,7.94,0.0159,0.0315,否
2026-05-21 14:51:12,二卖,否,警戒,002128,电投能源,29.28,安全,二卖,向上,无信号,客观缠论信号为二卖，60分钟笔方向向上（冲顶模式），因此实际交易动作是二卖（笔方向向上时优先卖点）,29.02,28.68,30.59,-0.0772,-0.0287,否
2026-05-21 14:51:12,二卖,否,警戒,002027,分众传媒,5.59,日线破位,二卖+三卖,向上,无信号,客观缠论信号为二卖、三卖，60分钟笔方向向上（冲顶模式），因此实际交易动作是二卖（笔方向向上时优先卖点）,6.16,6.22,6.36,-0.0220,-0.0142,否
2026-05-21 14:51:12,观望,否,警戒,hk03690,美团,82.70,安全,二买,向上,无信号,客观缠论信号为二买，60分钟笔方向向上，中枢震荡，观望,78.70,82.40,84.00,-0.0969,0.1099,否
2026-05-21 14:51:12,二买,否,警戒,hk03896,金山云,6.98,安全,二卖+二买,向下,无信号,客观缠论信号为二卖、二买，60分钟笔方向向下（寻底模式），因此实际交易动作是二买（笔方向向下时优先买点）,6.23,6.84,8.06,-0.1022,-0.0940,否
2026-05-21 14:51:12,二卖,否,警戒,hk00700,腾讯,440.20,日线破位,二卖+二买,向上,无信号,客观缠论信号为二卖、二买，60分钟笔方向向上（冲顶模式），因此实际交易动作是二卖（笔方向向上时优先卖点）,494.60,486.20,460.00,-3.9361,-3.2036,否
2026-05-21 14:51:12,二买,否,警戒,hk09988,阿里巴巴,126.50,日线破位,二卖+二买,向下,无信号,客观缠论信号为二卖、二买，60分钟笔方向向下（寻底模式），因此实际交易动作是二买（笔方向向下时优先买点）,129.60,128.60,127.20,-1.3859,-1.2545,否
2026-05-21 14:51:12,二卖,否,警戒,hk01024,快手,45.04,安全,二卖,向上,无信号,客观缠论信号为二卖，60分钟笔方向向上（冲顶模式），因此实际交易动作是二卖（笔方向向上时优先卖点）,44.22,43.00,45.46,-0.6408,-0.5648,否
2026-05-21 14:51:12,二卖,否,警戒,hk06618,京东健康,39.94,安全,二卖,向上,无信号,客观缠论信号为二卖，60分钟笔方向向上（冲顶模式），因此实际交易动作是二卖（笔方向向上时优先卖点）,39.65,40.70,45.30,-0.1404,-0.1264,否
2026-05-21 14:51:12,二买,否,警戒,hk06862,海底捞,13.56,安全,二卖+二买,向下,无信号,客观缠论信号为二卖、二买，60分钟笔方向向下（寻底模式），因此实际交易动作是二买（笔方向向下时优先买点）,13.47,14.16,14.59,-0.1567,-0.1446,否
2026-05-21 14:51:12,二买,否,警戒,600415,小商品城,13.56,安全,一卖+二买,向下,无信号,客观缠论信号为一卖、二买，60分钟笔方向向下（寻底模式），因此实际交易动作是二买（笔方向向下时优先买点）,13.81,12.86,13.98,-0.1188,-0.0859,否
2026-05-21 14:51:12,观望,否,警戒,300285,国瓷材料,41.73,安全,二买,向上,无信号,客观缠论信号为二买，60分钟笔方向向上，中枢震荡，观望,32.60,35.16,44.00,0.0145,0.2090,否
2026-05-21 14:51:12,观望,否,警戒,600021,上海电力,18.00,安全,无信号,向上,底背驰,客观缠论信号为无信号，60分钟笔方向向上，中枢震荡，观望,18.15,17.63,18.55,-0.1007,-0.0272,否
2026-05-21 14:51:12,二卖,否,警戒,002517,恺英网络,16.63,日线破位,二卖,向上,无信号,客观缠论信号为二卖，60分钟笔方向向上（冲顶模式），因此实际交易动作是二卖（笔方向向上时优先卖点）,16.68,17.19,17.28,-0.1069,-0.0629,否
2026-05-21 14:51:12,二买,否,警戒,300474,景嘉微,62.85,日线破位,二卖+二买,向下,无信号,客观缠论信号为二卖、二买，60分钟笔方向向下（寻底模式），因此实际交易动作是二买（笔方向向下时优先买点）,64.15,65.85,66.10,-0.3703,-0.0234,否
2026-05-21 14:51:12,二买,否,警戒,600909,华安证券,7.14,安全,二买,向下,顶背驰,客观缠论信号为二买，60分钟笔方向向下（寻底模式），因此实际交易动作是二买（笔方向向下时优先买点）,6.59,6.45,6.36,0.1608,0.1930,否
2026-05-21 14:51:12,二买,否,警戒,603290,斯达半导,122.98,安全,二买+三买,向下,无信号,客观缠论信号为二买、三买，60分钟笔方向向下（寻底模式），因此实际交易动作是二买（笔方向向下时优先买点）,107.75,106.51,110.56,-0.2193,0.4408,否
2026-05-21 14:51:12,二卖,否,警戒,603296,华勤技术,105.30,安全,二卖+一买,向上,无信号,客观缠论信号为二卖、一买，60分钟笔方向向上（冲顶模式），因此实际交易动作是二卖（笔方向向上时优先卖点）,101.28,108.08,112.65,-0.8380,-0.3797,否

2026-05-21 15:16:05,观望,是,极度危险,600900,长江电力,26.66,安全,二卖,向下,无信号,客观缠论信号为二卖，60分钟笔方向向下，中枢震荡，观望,26.66,26.90,26.78,-0.0806,-0.0648,否
2026-05-21 15:16:05,二卖,是,极度危险,600938,中国海油,36.31,安全,二卖,向上,无信号,客观缠论信号为二卖，60分钟笔方向向上（冲顶模式），因此实际交易动作是二卖（笔方向向上时优先卖点）,34.06,35.29,36.28,-0.2185,-0.1807,否
2026-05-21 15:16:05,观望,是,极度危险,688981,中芯国际,128.99,安全,无信号,向上,无信号,客观缠论信号为无信号，60分钟笔方向向上，中枢震荡，观望,129.16,124.60,125.00,0.9174,1.9821,否
2026-05-21 15:16:05,二卖,是,极度危险,000333,美的集团,81.50,安全,二卖+二买,向上,无信号,客观缠论信号为二卖、二买，60分钟笔方向向上（冲顶模式），因此实际交易动作是二卖（笔方向向上时优先卖点）,79.18,79.63,83.15,0.0341,0.1151,否
2026-05-21 15:16:05,二卖,是,极度危险,000001,平安银行,10.71,安全,二卖,向上,无信号,客观缠论信号为二卖，60分钟笔方向向上（冲顶模式），因此实际交易动作是二卖（笔方向向上时优先卖点）,10.78,10.67,11.03,-0.0221,-0.0204,否
2026-05-21 15:16:05,观望,是,极度危险,001965,招商公路,10.12,安全,二买,向上,无信号,客观缠论信号为二买，60分钟笔方向向上，中枢震荡，观望,9.68,9.78,10.06,0.0371,0.0375,否
2026-05-21 15:16:05,二卖,是,极度危险,hk01810,小米集团,29.58,日线破位,二卖,向上,无信号,客观缠论信号为二卖，60分钟笔方向向上（冲顶模式），因此实际交易动作是二卖（笔方向向上时优先卖点）,32.78,30.26,30.60,-0.1269,-0.0876,否
2026-05-21 15:16:05,二卖,是,极度危险,513130,恒生科技ETF,0.60,安全,一卖+二卖,向上,无信号,客观缠论信号为一卖、二卖，60分钟笔方向向上（冲顶模式），因此实际交易动作是二卖（笔方向向上时优先卖点）,0.59,0.61,0.63,-0.0020,-0.0006,否
2026-05-21 15:16:05,二买,否,极度危险,sh000001,上证指数,4077.28,日线破位,二卖+二买+三买,向下,无信号,客观缠论信号为二卖、二买、三买，60分钟笔方向向下（寻底模式），因此实际交易动作是二买（笔方向向下时优先买点）,4101.83,4079.77,4092.83,-14.0576,-2.6527,否
2026-05-21 15:16:05,二卖,否,极度危险,510300,沪深300ETF,4.82,安全,二卖,向上,无信号,客观缠论信号为二卖，60分钟笔方向向上（冲顶模式），因此实际交易动作是二卖（笔方向向上时优先卖点）,4.68,4.86,4.79,-0.0034,0.0074,否
2026-05-21 15:16:05,观望,否,极度危险,588000,科创50ETF,1.86,安全,无信号,向上,无信号,客观缠论信号为无信号，60分钟笔方向向上，中枢震荡，观望,1.55,1.71,1.84,-0.0027,0.0105,否
2026-05-21 15:16:05,观望,否,极度危险,513100,纳指ETF,2.10,安全,无信号,向下,无信号,客观缠论信号为无信号，60分钟笔方向向下，中枢震荡，观望,1.91,2.07,2.11,0.0142,0.0132,否
2026-05-21 15:16:05,一卖,否,极度危险,513520,日经ETF,2.07,安全,一卖,向上,无信号,客观缠论信号为一卖，60分钟笔方向向上（冲顶模式），因此实际交易动作是一卖（趋势顶背驰卖出）,1.89,2.00,2.06,0.0096,0.0116,否
2026-05-21 15:16:05,观望,否,极度危险,512400,有色金属ETF,1.95,日线破位,无信号,向上,无信号,客观缠论信号为无信号，60分钟笔方向向上，中枢震荡，观望,2.11,1.96,1.98,-0.0056,0.0017,否
2026-05-21 15:16:05,观望,否,极度危险,512690,酒ETF,0.45,日线破位,二买,向上,顶背驰,客观缠论信号为二买，60分钟笔方向向上，中枢震荡，观望,0.48,0.48,0.46,-0.0003,0.0003,否
2026-05-21 15:16:05,二买,否,极度危险,159227,航空航天ETF,1.23,安全,二卖+二买,向下,无信号,客观缠论信号为二卖、二买，60分钟笔方向向下（寻底模式），因此实际交易动作是二买（笔方向向下时优先买点）,1.20,1.23,1.27,-0.0085,-0.0045,否
2026-05-21 15:16:05,二卖,否,极度危险,159992,创新药ETF,0.79,安全,二卖,向上,无信号,客观缠论信号为二卖，60分钟笔方向向上（冲顶模式），因此实际交易动作是二卖（笔方向向上时优先卖点）,0.79,0.77,0.83,0.0028,0.0039,否
2026-05-21 15:16:05,观望,否,极度危险,515050,通信ETF,1.10,安全,二买,向上,无信号,客观缠论信号为二买，60分钟笔方向向上，中枢震荡，观望,1.08,1.48,1.15,-0.0059,-0.0010,否
2026-05-21 15:16:05,二卖,否,极度危险,159915,创业板ETF,3.86,安全,二卖,向上,无信号,客观缠论信号为二卖，60分钟笔方向向上（冲顶模式），因此实际交易动作是二卖（笔方向向上时优先卖点）,3.24,3.61,3.97,-0.0074,0.0064,否
2026-05-21 15:16:05,观望,否,极度危险,588200,科创芯片ETF,3.57,安全,二买,向上,无信号,客观缠论信号为二买，60分钟笔方向向上，中枢震荡，观望,2.65,3.20,3.55,-0.0108,0.0188,否
2026-05-21 15:16:05,二卖,否,极度危险,159755,电池ETF,1.15,安全,一卖+二卖,向上,无信号,客观缠论信号为一卖、二卖，60分钟笔方向向上（冲顶模式），因此实际交易动作是二卖（笔方向向上时优先卖点）,1.03,1.17,1.18,-0.0015,0.0025,否
2026-05-21 15:16:05,二买,否,极度危险,159899,软件ETF,0.83,日线破位,二卖+二买,向下,无信号,客观缠论信号为二卖、二买，60分钟笔方向向下（寻底模式），因此实际交易动作是二买（笔方向向下时优先买点）,0.83,0.83,0.83,-0.0037,-0.0008,否
2026-05-21 15:16:05,二卖,否,极度危险,513360,教育ETF,0.48,日线破位,二卖,向上,无信号,客观缠论信号为二卖，60分钟笔方向向上（冲顶模式），因此实际交易动作是二卖（笔方向向上时优先卖点）,0.49,0.49,0.49,-0.0007,-0.0005,否
2026-05-21 15:16:05,观望,否,极度危险,515790,光伏ETF,1.10,安全,二买,向上,无信号,客观缠论信号为二买，60分钟笔方向向上，中枢震荡，观望,1.08,1.10,1.11,-0.0030,0.0012,否
2026-05-21 15:16:05,二卖,否,极度危险,603317,天味食品,15.75,安全,二卖,向上,顶背驰,客观缠论信号为二卖，60分钟笔方向向上（冲顶模式），因此实际交易动作是二卖（笔方向向上时优先卖点）,12.98,15.50,16.24,-0.0426,0.0005,否
2026-05-21 15:16:05,观望,否,极度危险,601668,中国建筑,4.82,日线破位,无信号,向下,无信号,客观缠论信号为无信号，60分钟笔方向向下，中枢震荡，观望,4.88,4.91,4.85,-0.0128,-0.0117,否
2026-05-21 15:16:05,观望,否,极度危险,601288,农业银行,6.51,日线破位,二卖,向下,无信号,客观缠论信号为二卖，60分钟笔方向向下，中枢震荡，观望,6.53,6.53,6.68,-0.0039,-0.0141,否
2026-05-21 15:16:05,二买,否,极度危险,601728,中国电信,6.34,日线破位,二买,向下,底背驰,客观缠论信号为二买，60分钟笔方向向下（寻底模式），因此实际交易动作是二买（笔方向向下时优先买点）,6.72,6.50,6.42,-0.0941,-0.0887,否
2026-05-21 15:16:05,二卖,否,极度危险,600276,恒瑞医药,51.47,安全,二卖,向上,无信号,客观缠论信号为二卖，60分钟笔方向向上（冲顶模式），因此实际交易动作是二卖（笔方向向上时优先卖点）,51.31,52.41,53.92,0.1000,0.1140,否
2026-05-21 15:16:05,二卖,否,极度危险,600177,雅戈尔,7.46,安全,二卖+二买,向上,无信号,客观缠论信号为二卖、二买，60分钟笔方向向上（冲顶模式），因此实际交易动作是二卖（笔方向向上时优先卖点）,7.44,7.25,7.56,-0.0028,0.0017,否
2026-05-21 15:16:05,观望,否,极度危险,600887,伊利股份,26.79,日线破位,二卖,向下,无信号,客观缠论信号为二卖，60分钟笔方向向下，中枢震荡，观望,27.11,26.92,26.48,-0.0922,-0.0744,否
2026-05-21 15:16:05,二卖,否,极度危险,601138,工业富联,65.85,安全,二卖,向上,无信号,客观缠论信号为二卖，60分钟笔方向向上（冲顶模式），因此实际交易动作是二卖（笔方向向上时优先卖点）,62.70,62.77,65.90,-0.2817,-0.1052,否
2026-05-21 15:16:05,二买,否,极度危险,688041,海光信息,307.00,安全,二卖+二买,向下,无信号,客观缠论信号为二卖、二买，60分钟笔方向向下（寻底模式），因此实际交易动作是二买（笔方向向下时优先买点）,246.00,320.01,355.50,-0.9551,1.2193,否
2026-05-21 15:16:05,二卖,否,极度危险,601225,陕西煤业,23.52,日线破位,二卖+二买,向上,底背驰,客观缠论信号为二卖、二买，60分钟笔方向向上（冲顶模式），因此实际交易动作是二卖（笔方向向上时优先卖点）,24.90,24.22,24.64,-0.1896,-0.1619,否
2026-05-21 15:16:05,二卖,否,极度危险,600660,福耀玻璃,54.41,日线破位,二卖,向上,无信号,客观缠论信号为二卖，60分钟笔方向向上（冲顶模式），因此实际交易动作是二卖（笔方向向上时优先卖点）,55.27,55.65,55.21,-0.0224,-0.0263,否
2026-05-21 15:16:05,观望,否,极度危险,000429,粤高速A,13.24,安全,无信号,向上,顶背驰,客观缠论信号为无信号，60分钟笔方向向上，中枢震荡，观望,13.29,12.86,13.13,0.0272,0.0378,否
2026-05-21 15:16:05,二卖,否,极度危险,002507,涪陵榨菜,11.86,日线破位,二卖+二买,向上,无信号,客观缠论信号为二卖、二买，60分钟笔方向向上（冲顶模式），因此实际交易动作是二卖（笔方向向上时优先卖点）,12.23,12.15,12.03,-0.0149,-0.0044,否
2026-05-21 15:16:05,观望,否,极度危险,000338,潍柴动力,32.28,安全,无信号,向上,无信号,客观缠论信号为无信号，60分钟笔方向向上，中枢震荡，观望,25.92,31.76,33.43,-0.0755,0.0621,否
2026-05-21 15:16:05,二买,否,极度危险,000538,云南白药,50.13,日线破位,二卖+二买,向下,顶背驰,客观缠论信号为二卖、二买，60分钟笔方向向下（寻底模式），因此实际交易动作是二买（笔方向向下时优先买点）,54.40,54.40,51.23,-0.1549,-0.0993,否
2026-05-21 15:16:05,二卖,否,极度危险,000423,东阿阿胶,49.67,日线破位,二卖,向上,无信号,客观缠论信号为二卖，60分钟笔方向向上（冲顶模式），因此实际交易动作是二卖（笔方向向上时优先卖点）,50.16,49.78,54.45,-0.2225,-0.1638,否
2026-05-21 15:16:05,二卖,否,极度危险,000651,格力电器,39.03,日线破位,二卖,向上,无信号,客观缠论信号为二卖，60分钟笔方向向上（冲顶模式），因此实际交易动作是二卖（笔方向向上时优先卖点）,40.00,39.51,40.19,-0.1287,-0.1042,否
2026-05-21 15:16:05,二卖,否,极度危险,000895,双汇发展,25.93,安全,二卖,向上,无信号,客观缠论信号为二卖，60分钟笔方向向上（冲顶模式），因此实际交易动作是二卖（笔方向向上时优先卖点）,25.75,26.51,26.82,-0.0846,-0.0765,否
2026-05-21 15:16:05,观望,否,极度危险,002415,海康威视,31.76,安全,无信号,向下,无信号,客观缠论信号为无信号，60分钟笔方向向下，中枢震荡，观望,31.96,30.84,33.25,-0.2225,-0.1440,否
2026-05-21 15:16:05,二卖,否,极度危险,000157,中联重科,7.29,安全,二卖+三卖,向上,无信号,客观缠论信号为二卖、三卖，60分钟笔方向向上（冲顶模式），因此实际交易动作是二卖（笔方向向上时优先卖点）,7.18,7.22,7.94,0.0159,0.0315,否
2026-05-21 15:16:05,二卖,否,极度危险,002128,电投能源,29.28,安全,二卖,向上,无信号,客观缠论信号为二卖，60分钟笔方向向上（冲顶模式），因此实际交易动作是二卖（笔方向向上时优先卖点）,29.02,28.68,30.59,-0.0772,-0.0287,否
2026-05-21 15:16:05,二卖,否,极度危险,002027,分众传媒,5.59,日线破位,二卖+三卖,向上,无信号,客观缠论信号为二卖、三卖，60分钟笔方向向上（冲顶模式），因此实际交易动作是二卖（笔方向向上时优先卖点）,6.16,6.22,6.36,-0.0220,-0.0142,否
2026-05-21 15:16:05,观望,否,极度危险,hk03690,美团,82.65,安全,二买,向上,无信号,客观缠论信号为二买，60分钟笔方向向上，中枢震荡，观望,78.70,82.40,84.00,-0.1513,0.0577,否
2026-05-21 15:16:05,二买,否,极度危险,hk03896,金山云,6.95,安全,二卖+二买,向下,无信号,客观缠论信号为二卖、二买，60分钟笔方向向下（寻底模式），因此实际交易动作是二买（笔方向向下时优先买点）,6.23,6.84,8.06,-0.1066,-0.0965,否
2026-05-21 15:16:05,二卖,否,极度危险,hk00700,腾讯,440.20,日线破位,二卖+二买,向上,无信号,客观缠论信号为二卖、二买，60分钟笔方向向上（冲顶模式），因此实际交易动作是二卖（笔方向向上时优先卖点）,494.60,486.20,460.00,-3.9813,-3.3591,否
2026-05-21 15:16:05,二买,否,极度危险,hk09988,阿里巴巴,126.20,日线破位,二卖+二买,向下,无信号,客观缠论信号为二卖、二买，60分钟笔方向向下（寻底模式），因此实际交易动作是二买（笔方向向下时优先买点）,129.60,128.60,127.20,-1.4006,-1.2837,否
2026-05-21 15:16:05,二卖,否,极度危险,hk01024,快手,44.96,安全,二卖,向上,无信号,客观缠论信号为二卖，60分钟笔方向向上（冲顶模式），因此实际交易动作是二卖（笔方向向上时优先卖点）,44.22,43.00,45.46,-0.6544,-0.5827,否
2026-05-21 15:16:05,二卖,否,极度危险,hk06618,京东健康,39.96,安全,二卖,向上,无信号,客观缠论信号为二卖，60分钟笔方向向上（冲顶模式），因此实际交易动作是二卖（笔方向向上时优先卖点）,39.65,40.70,45.30,-0.1494,-0.1310,否
2026-05-21 15:16:05,二买,否,极度危险,hk06862,海底捞,13.58,安全,二卖+二买,向下,无信号,客观缠论信号为二卖、二买，60分钟笔方向向下（寻底模式），因此实际交易动作是二买（笔方向向下时优先买点）,13.47,14.16,14.59,-0.1536,-0.1464,否
2026-05-21 15:16:05,二买,否,极度危险,600415,小商品城,13.56,安全,一卖+二买,向下,无信号,客观缠论信号为一卖、二买，60分钟笔方向向下（寻底模式），因此实际交易动作是二买（笔方向向下时优先买点）,13.81,12.86,13.98,-0.1188,-0.0859,否
2026-05-21 15:16:05,观望,否,极度危险,300285,国瓷材料,41.73,安全,二买,向上,无信号,客观缠论信号为二买，60分钟笔方向向上，中枢震荡，观望,32.60,35.16,44.00,0.0145,0.2090,否
2026-05-21 15:16:05,观望,否,极度危险,600021,上海电力,18.00,安全,无信号,向上,底背驰,客观缠论信号为无信号，60分钟笔方向向上，中枢震荡，观望,18.15,17.63,18.33,-0.1007,-0.0272,否
2026-05-21 15:16:05,二卖,否,极度危险,002517,恺英网络,16.63,日线破位,二卖,向上,无信号,客观缠论信号为二卖，60分钟笔方向向上（冲顶模式），因此实际交易动作是二卖（笔方向向上时优先卖点）,16.68,17.19,17.28,-0.1069,-0.0629,否
2026-05-21 15:16:05,二买,否,极度危险,300474,景嘉微,62.85,日线破位,二卖+二买,向下,无信号,客观缠论信号为二卖、二买，60分钟笔方向向下（寻底模式），因此实际交易动作是二买（笔方向向下时优先买点）,64.15,65.85,64.28,-0.3703,-0.0234,否
2026-05-21 15:16:05,二买,否,极度危险,600909,华安证券,7.14,安全,二买,向下,顶背驰,客观缠论信号为二买，60分钟笔方向向下（寻底模式），因此实际交易动作是二买（笔方向向下时优先买点）,6.59,6.45,6.36,0.1608,0.1930,否
2026-05-21 15:16:05,二卖,否,极度危险,603290,斯达半导,122.98,安全,二卖+二买,向上,无信号,客观缠论信号为二卖、二买，60分钟笔方向向上（冲顶模式），因此实际交易动作是二卖（笔方向向上时优先卖点）,107.75,106.51,126.10,-0.2193,0.4408,否
2026-05-21 15:16:05,二卖,否,极度危险,603296,华勤技术,105.04,安全,二卖,向上,无信号,客观缠论信号为二卖，60分钟笔方向向上（冲顶模式），因此实际交易动作是二卖（笔方向向上时优先卖点）,101.28,108.08,105.90,-1.0112,-0.5060,否

2026-05-21 16:19:10,观望,是,警戒,600900,长江电力,26.66,安全,二卖,向下,无信号,客观缠论信号为二卖，60分钟笔方向向下，中枢震荡，观望,26.66,26.60,26.78,-0.0806,-0.0648,否
2026-05-21 16:19:10,二卖,是,警戒,600938,中国海油,36.31,安全,二卖,向上,无信号,客观缠论信号为二卖，60分钟笔方向向上（冲顶模式），因此实际交易动作是二卖（笔方向向上时优先卖点）,34.06,35.29,36.28,-0.2185,-0.1807,否
2026-05-21 16:19:10,观望,是,警戒,688981,中芯国际,128.99,安全,无信号,向上,无信号,客观缠论信号为无信号，60分钟笔方向向上，中枢震荡，观望,124.60,120.05,125.00,0.9174,1.9821,否
2026-05-21 16:19:10,二卖,是,警戒,000333,美的集团,81.50,安全,二卖+二买,向上,无信号,客观缠论信号为二卖、二买，60分钟笔方向向上（冲顶模式），因此实际交易动作是二卖（笔方向向上时优先卖点）,79.18,80.08,83.15,0.0341,0.1151,否
2026-05-21 16:19:10,二卖,是,警戒,000001,平安银行,10.71,安全,二卖,向上,无信号,客观缠论信号为二卖，60分钟笔方向向上（冲顶模式），因此实际交易动作是二卖（笔方向向上时优先卖点）,10.78,10.67,11.03,-0.0221,-0.0204,否
2026-05-21 16:19:10,观望,是,警戒,001965,招商公路,10.12,安全,二买,向上,无信号,客观缠论信号为二买，60分钟笔方向向上，中枢震荡，观望,9.68,10.10,10.06,0.0371,0.0375,否
2026-05-21 16:19:10,二卖,是,警戒,hk01810,小米集团,29.50,日线破位,二卖,向上,无信号,客观缠论信号为二卖，60分钟笔方向向上（冲顶模式），因此实际交易动作是二卖（笔方向向上时优先卖点）,32.78,30.26,30.60,-0.1515,-0.1209,否
2026-05-21 16:19:10,二卖,是,警戒,513130,恒生科技ETF,0.60,安全,一卖+二卖,向上,无信号,客观缠论信号为一卖、二卖，60分钟笔方向向上（冲顶模式），因此实际交易动作是二卖（笔方向向上时优先卖点）,0.59,0.61,0.63,-0.0020,-0.0006,否
2026-05-21 16:19:10,观望,否,警戒,sh000001,上证指数,4077.28,安全,二买,向上,无信号,客观缠论信号为二买，60分钟笔方向向上，中枢震荡，观望,4079.77,4061.82,4170.29,-14.0576,-2.6527,否
2026-05-21 16:19:10,二卖,否,警戒,510300,沪深300ETF,4.81,安全,二卖,向上,无信号,客观缠论信号为二卖，60分钟笔方向向上（冲顶模式），因此实际交易动作是二卖（笔方向向上时优先卖点）,4.68,4.75,4.79,-0.0083,0.0043,否
2026-05-21 16:19:10,观望,否,警戒,588000,科创50ETF,1.86,安全,无信号,向上,无信号,客观缠论信号为无信号，60分钟笔方向向上，中枢震荡，观望,1.55,1.71,1.84,-0.0027,0.0105,否
2026-05-21 16:19:10,观望,否,警戒,513100,纳指ETF,2.10,安全,无信号,向下,无信号,客观缠论信号为无信号，60分钟笔方向向下，中枢震荡，观望,1.91,2.07,2.11,0.0142,0.0132,否
2026-05-21 16:19:10,一卖,否,警戒,513520,日经ETF,2.07,安全,一卖,向上,无信号,客观缠论信号为一卖，60分钟笔方向向上（冲顶模式），因此实际交易动作是一卖（趋势顶背驰卖出）,2.00,2.13,2.06,0.0096,0.0116,否
2026-05-21 16:19:10,观望,否,警戒,512400,有色金属ETF,1.95,安全,无信号,向上,无信号,客观缠论信号为无信号，60分钟笔方向向上，中枢震荡，观望,1.68,1.96,1.98,-0.0056,0.0017,否
2026-05-21 16:19:10,观望,否,警戒,512690,酒ETF,0.45,日线破位,二买,向上,顶背驰,客观缠论信号为二买，60分钟笔方向向上，中枢震荡，观望,0.48,0.48,0.46,-0.0003,0.0003,否
2026-05-21 16:19:10,二买,否,警戒,159227,航空航天ETF,1.23,安全,二卖+二买,向下,无信号,客观缠论信号为二卖、二买，60分钟笔方向向下（寻底模式），因此实际交易动作是二买（笔方向向下时优先买点）,1.20,1.23,1.27,-0.0085,-0.0045,否
2026-05-21 16:19:10,二卖,否,警戒,159992,创新药ETF,0.79,安全,二卖,向上,无信号,客观缠论信号为二卖，60分钟笔方向向上（冲顶模式），因此实际交易动作是二卖（笔方向向上时优先卖点）,0.79,0.77,0.83,0.0028,0.0039,否
2026-05-21 16:19:10,观望,否,警戒,515050,通信ETF,1.10,安全,二买,向上,无信号,客观缠论信号为二买，60分钟笔方向向上，中枢震荡，观望,1.08,1.48,1.15,-0.0059,-0.0010,否
2026-05-21 16:19:10,二卖,否,警戒,159915,创业板ETF,3.85,安全,二卖,向上,无信号,客观缠论信号为二卖，60分钟笔方向向上（冲顶模式），因此实际交易动作是二卖（笔方向向上时优先卖点）,3.24,3.61,3.97,-0.0134,0.0024,否
2026-05-21 16:19:10,观望,否,警戒,588200,科创芯片ETF,3.57,安全,二买,向上,无信号,客观缠论信号为二买，60分钟笔方向向上，中枢震荡，观望,2.65,3.20,3.55,-0.0108,0.0188,否
2026-05-21 16:19:10,二卖,否,警戒,159755,电池ETF,1.15,安全,一卖+二卖,向上,无信号,客观缠论信号为一卖、二卖，60分钟笔方向向上（冲顶模式），因此实际交易动作是二卖（笔方向向上时优先卖点）,1.03,1.04,1.18,-0.0015,0.0025,否
2026-05-21 16:19:10,二买,否,警戒,159899,软件ETF,0.82,安全,二卖+二买,向下,无信号,客观缠论信号为二卖、二买，60分钟笔方向向下（寻底模式），因此实际交易动作是二买（笔方向向下时优先买点）,0.81,0.83,0.83,-0.0048,-0.0016,否
2026-05-21 16:19:10,二卖,否,警戒,513360,教育ETF,0.48,日线破位,二卖,向上,无信号,客观缠论信号为二卖，60分钟笔方向向上（冲顶模式），因此实际交易动作是二卖（笔方向向上时优先卖点）,0.49,0.49,0.49,-0.0007,-0.0005,否
2026-05-21 16:19:10,观望,否,警戒,515790,光伏ETF,1.10,安全,二买,向上,无信号,客观缠论信号为二买，60分钟笔方向向上，中枢震荡，观望,1.03,1.08,1.11,-0.0030,0.0012,否
2026-05-21 16:19:10,二卖,否,警戒,603317,天味食品,15.75,安全,二卖,向上,顶背驰,客观缠论信号为二卖，60分钟笔方向向上（冲顶模式），因此实际交易动作是二卖（笔方向向上时优先卖点）,12.98,15.50,16.24,-0.0426,0.0005,否
2026-05-21 16:19:10,观望,否,警戒,601668,中国建筑,4.82,日线破位,无信号,向下,无信号,客观缠论信号为无信号，60分钟笔方向向下，中枢震荡，观望,4.88,4.91,4.85,-0.0128,-0.0117,否
2026-05-21 16:19:10,观望,否,警戒,601288,农业银行,6.51,日线破位,二卖,向下,无信号,客观缠论信号为二卖，60分钟笔方向向下，中枢震荡，观望,6.53,6.53,6.68,-0.0039,-0.0141,否
2026-05-21 16:19:10,二买,否,警戒,601728,中国电信,6.34,安全,二买,向下,底背驰,客观缠论信号为二买，60分钟笔方向向下（寻底模式），因此实际交易动作是二买（笔方向向下时优先买点）,6.50,5.90,6.42,-0.0941,-0.0887,否
2026-05-21 16:19:10,二卖,否,警戒,600276,恒瑞医药,51.45,安全,二卖,向上,无信号,客观缠论信号为二卖，60分钟笔方向向上（冲顶模式），因此实际交易动作是二卖（笔方向向上时优先卖点）,51.31,52.41,53.92,0.0692,0.1050,否
2026-05-21 16:19:10,二卖,否,警戒,600177,雅戈尔,7.46,安全,二卖+二买,向上,无信号,客观缠论信号为二卖、二买，60分钟笔方向向上（冲顶模式），因此实际交易动作是二卖（笔方向向上时优先卖点）,7.31,7.40,7.56,-0.0028,0.0017,否
2026-05-21 16:19:10,观望,否,警戒,600887,伊利股份,26.76,安全,二卖,向下,无信号,客观缠论信号为二卖，60分钟笔方向向下，中枢震荡，观望,25.80,26.23,26.48,-0.1015,-0.0798,否
2026-05-21 16:19:10,二卖,否,警戒,601138,工业富联,65.50,安全,二卖,向上,无信号,客观缠论信号为二卖，60分钟笔方向向上（冲顶模式），因此实际交易动作是二卖（笔方向向上时优先卖点）,63.20,64.95,65.90,-0.3910,-0.1623,否
2026-05-21 16:19:10,二买,否,警戒,688041,海光信息,307.00,安全,二卖+二买,向下,无信号,客观缠论信号为二卖、二买，60分钟笔方向向下（寻底模式），因此实际交易动作是二买（笔方向向下时优先买点）,246.00,320.01,355.50,-0.9551,1.2193,否
2026-05-21 16:19:10,二卖,否,警戒,601225,陕西煤业,23.42,安全,二卖+二买,向上,底背驰,客观缠论信号为二卖、二买，60分钟笔方向向上（冲顶模式），因此实际交易动作是二卖（笔方向向上时优先卖点）,22.32,22.30,24.64,-0.1971,-0.1690,否
2026-05-21 16:19:10,二卖,否,警戒,600660,福耀玻璃,54.41,日线破位,二卖,向上,无信号,客观缠论信号为二卖，60分钟笔方向向上（冲顶模式），因此实际交易动作是二卖（笔方向向上时优先卖点）,55.27,55.65,55.21,-0.0224,-0.0263,否
2026-05-21 16:19:10,观望,否,警戒,000429,粤高速A,13.24,安全,无信号,向上,顶背驰,客观缠论信号为无信号，60分钟笔方向向上，中枢震荡，观望,13.29,12.86,13.13,0.0272,0.0378,否
2026-05-21 16:19:10,二卖,否,警戒,002507,涪陵榨菜,11.84,日线破位,二卖+二买,向上,无信号,客观缠论信号为二卖、二买，60分钟笔方向向上（冲顶模式），因此实际交易动作是二卖（笔方向向上时优先卖点）,12.23,12.15,12.03,-0.0209,-0.0077,否
2026-05-21 16:19:10,观望,否,警戒,000338,潍柴动力,32.28,安全,无信号,向上,无信号,客观缠论信号为无信号，60分钟笔方向向上，中枢震荡，观望,25.92,31.76,33.43,-0.0755,0.0621,否
2026-05-21 16:19:10,二买,否,警戒,000538,云南白药,50.13,日线破位,二卖+二买,向下,顶背驰,客观缠论信号为二卖、二买，60分钟笔方向向下（寻底模式），因此实际交易动作是二买（笔方向向下时优先买点）,54.40,54.40,51.23,-0.1549,-0.0993,否
2026-05-21 16:19:10,二卖,否,警戒,000423,东阿阿胶,49.67,安全,二卖,向上,无信号,客观缠论信号为二卖，60分钟笔方向向上（冲顶模式），因此实际交易动作是二卖（笔方向向上时优先卖点）,48.06,49.78,54.45,-0.2225,-0.1638,否
2026-05-21 16:19:10,二卖,否,警戒,000651,格力电器,39.03,安全,二卖,向上,无信号,客观缠论信号为二卖，60分钟笔方向向上（冲顶模式），因此实际交易动作是二卖（笔方向向上时优先卖点）,38.26,36.83,40.19,-0.1287,-0.1042,否
2026-05-21 16:19:10,二卖,否,警戒,000895,双汇发展,25.88,安全,二卖,向上,无信号,客观缠论信号为二卖，60分钟笔方向向上（冲顶模式），因此实际交易动作是二卖（笔方向向上时优先卖点）,24.96,25.52,26.82,-0.0925,-0.0797,否
2026-05-21 16:19:10,观望,否,警戒,002415,海康威视,31.76,安全,无信号,向下,无信号,客观缠论信号为无信号，60分钟笔方向向下，中枢震荡，观望,30.84,29.95,33.25,-0.2225,-0.1440,否
2026-05-21 16:19:10,二卖,否,警戒,000157,中联重科,7.29,安全,二卖+三卖,向上,无信号,客观缠论信号为二卖、三卖，60分钟笔方向向上（冲顶模式），因此实际交易动作是二卖（笔方向向上时优先卖点）,7.18,7.22,7.94,0.0159,0.0315,否
2026-05-21 16:19:10,二卖,否,警戒,002128,电投能源,29.28,安全,二卖,向上,无信号,客观缠论信号为二卖，60分钟笔方向向上（冲顶模式），因此实际交易动作是二卖（笔方向向上时优先卖点）,28.68,28.61,30.59,-0.0772,-0.0287,否
2026-05-21 16:19:10,二卖,否,警戒,002027,分众传媒,5.58,日线破位,二卖+三卖,向上,无信号,客观缠论信号为二卖、三卖，60分钟笔方向向上（冲顶模式），因此实际交易动作是二卖（笔方向向上时优先卖点）,6.16,6.22,6.36,-0.0257,-0.0165,否
2026-05-21 16:19:10,一卖,否,警戒,hk03690,美团,81.50,安全,一卖+二买,向上,无信号,客观缠论信号为一卖、二买，60分钟笔方向向上（冲顶模式），因此实际交易动作是一卖（趋势顶背驰卖出）,78.70,82.40,83.75,-0.3941,-0.1597,否
2026-05-21 16:19:10,二买,否,警戒,hk03896,金山云,6.88,安全,二卖+二买,向下,无信号,客观缠论信号为二卖、二买，60分钟笔方向向下（寻底模式），因此实际交易动作是二买（笔方向向下时优先买点）,6.23,6.84,8.06,-0.1170,-0.1073,否
2026-05-21 16:19:10,二卖,否,警戒,hk00700,腾讯,438.00,日线破位,二卖+二买,向上,无信号,客观缠论信号为二卖、二买，60分钟笔方向向上（冲顶模式），因此实际交易动作是二卖（笔方向向上时优先卖点）,494.60,486.20,460.00,-3.9963,-3.7390,否
2026-05-21 16:19:10,二买,否,警戒,hk09988,阿里巴巴,125.70,日线破位,二卖+二买,向下,无信号,客观缠论信号为二卖、二买，60分钟笔方向向下（寻底模式），因此实际交易动作是二买（笔方向向下时优先买点）,129.60,128.60,127.20,-1.4011,-1.3639,否
2026-05-21 16:19:10,二卖,否,警戒,hk01024,快手,45.20,安全,二卖,向上,无信号,客观缠论信号为二卖，60分钟笔方向向上（冲顶模式），因此实际交易动作是二卖（笔方向向上时优先卖点）,44.22,43.00,45.46,-0.6114,-0.6181,否
2026-05-21 16:19:10,二买,否,警戒,hk06618,京东健康,40.34,安全,二卖+二买,向下,无信号,客观缠论信号为二卖、二买，60分钟笔方向向下（寻底模式），因此实际交易动作是二买（笔方向向下时优先买点）,39.65,40.70,40.58,-0.1230,-0.1380,否
2026-05-21 16:19:10,二买,否,警戒,hk06862,海底捞,13.40,日线破位,二卖+二买,向下,无信号,客观缠论信号为二卖、二买，60分钟笔方向向下（寻底模式），因此实际交易动作是二买（笔方向向下时优先买点）,13.47,14.16,14.59,-0.1554,-0.1495,否
2026-05-21 16:19:10,二买,否,警戒,600415,小商品城,13.56,安全,一卖+二买,向下,无信号,客观缠论信号为一卖、二买，60分钟笔方向向下（寻底模式），因此实际交易动作是二买（笔方向向下时优先买点）,12.86,12.74,13.98,-0.1188,-0.0859,否
2026-05-21 16:19:10,观望,否,警戒,300285,国瓷材料,41.73,安全,二买,向上,无信号,客观缠论信号为二买，60分钟笔方向向上，中枢震荡，观望,32.60,35.16,44.00,0.0145,0.2090,否
2026-05-21 16:19:10,观望,否,警戒,600021,上海电力,18.00,安全,无信号,向上,底背驰,客观缠论信号为无信号，60分钟笔方向向上，中枢震荡，观望,17.63,16.73,18.33,-0.1007,-0.0272,否
2026-05-21 16:19:10,二卖,否,警戒,002517,恺英网络,16.63,日线破位,二卖,向上,无信号,客观缠论信号为二卖，60分钟笔方向向上（冲顶模式），因此实际交易动作是二卖（笔方向向上时优先卖点）,16.68,17.19,17.28,-0.1069,-0.0629,否
2026-05-21 16:19:10,二买,否,警戒,300474,景嘉微,62.85,安全,二卖+二买,向下,无信号,客观缠论信号为二卖、二买，60分钟笔方向向下（寻底模式），因此实际交易动作是二买（笔方向向下时优先买点）,64.15,60.70,64.28,-0.3703,-0.0234,否
2026-05-21 16:19:10,观望,否,警戒,600909,华安证券,7.14,安全,二买,向上,顶背驰,客观缠论信号为二买，60分钟笔方向向上，中枢震荡，观望,6.59,6.95,6.85,0.1608,0.1930,否
2026-05-21 16:19:10,二卖,否,警戒,603290,斯达半导,122.98,安全,二卖+二买,向上,无信号,客观缠论信号为二卖、二买，60分钟笔方向向上（冲顶模式），因此实际交易动作是二卖（笔方向向上时优先卖点）,107.75,106.51,126.10,-0.2193,0.4408,否
2026-05-21 16:19:10,二卖,否,警戒,603296,华勤技术,105.04,安全,二卖,向上,无信号,客观缠论信号为二卖，60分钟笔方向向上（冲顶模式），因此实际交易动作是二卖（笔方向向上时优先卖点）,101.28,104.39,105.90,-1.0112,-0.5060,否

2026-05-22 17:31:32,观望,是,警戒,688981,中芯国际,131.33,安全,无信号,向上,无信号,客观缠论信号为无信号，60分钟笔方向向上，中枢震荡，观望,129.16,124.60,125.00,0.3038,0.0786,否
2026-05-22 17:31:32,观望,是,警戒,600900,长江电力,26.56,安全,二卖,向下,无信号,客观缠论信号为二卖，60分钟笔方向向下，中枢震荡，观望,26.44,25.93,26.78,-0.0725,-0.0791,否
2026-05-22 17:31:32,二卖,是,警戒,600938,中国海油,35.83,安全,二卖,向上,无信号,客观缠论信号为二卖，60分钟笔方向向上（冲顶模式），因此实际交易动作是二卖（笔方向向上时优先卖点）,34.06,35.29,36.28,-0.2169,-0.2723,否
2026-05-22 17:31:32,二卖,是,警戒,000333,美的集团,80.28,安全,二卖+二买,向上,无信号,客观缠论信号为二卖、二买，60分钟笔方向向上（冲顶模式），因此实际交易动作是二卖（笔方向向上时优先卖点）,79.18,80.08,83.15,-0.4082,-0.3593,否
2026-05-22 17:31:32,二卖,是,警戒,000001,平安银行,10.68,安全,二卖,向上,无信号,客观缠论信号为二卖，60分钟笔方向向上（冲顶模式），因此实际交易动作是二卖（笔方向向上时优先卖点）,10.78,10.67,11.03,-0.0206,-0.0221,否
2026-05-22 17:31:32,观望,是,警戒,001965,招商公路,10.01,安全,二买,向上,无信号,客观缠论信号为二买，60分钟笔方向向上，中枢震荡，观望,9.89,9.81,10.06,-0.0174,-0.0056,否
2026-05-22 17:31:32,二卖,是,警戒,513130,恒生科技ETF,0.60,安全,一卖+二卖,向上,无信号,客观缠论信号为一卖、二卖，60分钟笔方向向上（冲顶模式），因此实际交易动作是二卖（笔方向向上时优先卖点）,0.59,0.61,0.63,-0.0020,-0.0006,否
2026-05-22 17:31:32,二卖,是,警戒,hk01810,小米集团,30.00,日线破位,二卖,向上,无信号,客观缠论信号为二卖，60分钟笔方向向上（冲顶模式），因此实际交易动作是二卖（笔方向向上时优先卖点）,32.78,30.26,30.60,0.0147,0.0187,否
2026-05-22 17:31:32,二卖,否,警戒,510300,沪深300ETF,4.81,安全,二卖,向上,无信号,客观缠论信号为二卖，60分钟笔方向向上（冲顶模式），因此实际交易动作是二卖（笔方向向上时优先卖点）,4.68,4.75,4.79,-0.0083,0.0043,否
2026-05-22 17:31:32,观望,否,警戒,588000,科创50ETF,1.86,安全,无信号,向上,无信号,客观缠论信号为无信号，60分钟笔方向向上，中枢震荡，观望,1.55,1.71,1.84,-0.0027,0.0105,否
2026-05-22 17:31:32,二卖,否,警戒,159915,创业板ETF,3.85,安全,二卖,向上,无信号,客观缠论信号为二卖，60分钟笔方向向上（冲顶模式），因此实际交易动作是二卖（笔方向向上时优先卖点）,3.24,3.61,3.97,-0.0134,0.0024,否
2026-05-22 17:31:32,观望,否,警戒,513100,纳指ETF,2.15,安全,无信号,向下,无信号,客观缠论信号为无信号，60分钟笔方向向下，中枢震荡，观望,1.91,2.07,2.11,0.0155,0.0167,否
2026-05-22 17:31:32,一卖,否,警戒,513520,日经ETF,2.13,安全,一卖,向上,无信号,客观缠论信号为一卖，60分钟笔方向向上（冲顶模式），因此实际交易动作是一卖（趋势顶背驰卖出）,2.00,2.13,2.06,0.0152,0.0168,否
2026-05-22 17:31:32,观望,否,警戒,512400,有色金属ETF,2.02,安全,无信号,向上,无信号,客观缠论信号为无信号，60分钟笔方向向上，中枢震荡，观望,2.11,1.96,1.98,0.0092,0.0048,否
2026-05-22 17:31:32,观望,否,警戒,512690,酒ETF,0.45,日线破位,二买,向上,无信号,客观缠论信号为二买，60分钟笔方向向上，中枢震荡，观望,0.48,0.48,0.46,-0.0026,-0.0027,否
2026-05-22 17:31:32,二买,否,警戒,159227,航空航天ETF,1.24,安全,二卖+二买,向下,无信号,客观缠论信号为二卖、二买，60分钟笔方向向下（寻底模式），因此实际交易动作是二买（笔方向向下时优先买点）,1.20,1.23,1.27,-0.0059,-0.0079,否
2026-05-22 17:31:32,二卖,否,警戒,159992,创新药ETF,0.79,安全,二卖,向上,无信号,客观缠论信号为二卖，60分钟笔方向向上（冲顶模式），因此实际交易动作是二卖（笔方向向上时优先卖点）,0.78,0.77,0.83,0.0028,0.0039,否
2026-05-22 17:31:32,观望,否,警戒,515050,通信ETF,1.16,安全,二买,向上,无信号,客观缠论信号为二买，60分钟笔方向向上，中枢震荡，观望,1.08,1.48,1.15,0.0065,0.0029,否
2026-05-22 17:31:32,观望,否,警戒,588200,科创芯片ETF,3.57,安全,二买,向上,无信号,客观缠论信号为二买，60分钟笔方向向上，中枢震荡，观望,2.65,3.20,3.55,-0.0108,0.0188,否
2026-05-22 17:31:32,二卖,否,警戒,159755,电池ETF,1.15,安全,一卖+二卖,向上,无信号,客观缠论信号为一卖、二卖，60分钟笔方向向上（冲顶模式），因此实际交易动作是二卖（笔方向向上时优先卖点）,1.03,1.04,1.18,-0.0015,0.0025,否
2026-05-22 17:31:32,二买,否,警戒,159899,软件ETF,0.82,安全,二卖+二买,向下,无信号,客观缠论信号为二卖、二买，60分钟笔方向向下（寻底模式），因此实际交易动作是二买（笔方向向下时优先买点）,0.81,0.83,0.83,-0.0048,-0.0016,否
2026-05-22 17:31:32,二卖,否,警戒,513360,教育ETF,0.48,日线破位,二卖,向上,无信号,客观缠论信号为二卖，60分钟笔方向向上（冲顶模式），因此实际交易动作是二卖（笔方向向上时优先卖点）,0.49,0.49,0.49,-0.0007,-0.0005,否
2026-05-22 17:31:32,观望,否,警戒,515790,光伏ETF,1.10,安全,二买,向上,无信号,客观缠论信号为二买，60分钟笔方向向上，中枢震荡，观望,1.03,1.08,1.11,-0.0030,0.0012,否
2026-05-22 17:31:32,二卖,否,警戒,603317,天味食品,15.40,安全,二卖,向上,无信号,客观缠论信号为二卖，60分钟笔方向向上（冲顶模式），因此实际交易动作是二卖（笔方向向上时优先卖点）,15.25,15.50,16.24,-0.1312,-0.1355,否
2026-05-22 17:31:32,观望,否,警戒,601668,中国建筑,4.78,日线破位,无信号,向下,无信号,客观缠论信号为无信号，60分钟笔方向向下，中枢震荡，观望,4.88,4.91,4.85,-0.0137,-0.0152,否
2026-05-22 17:31:32,观望,否,警戒,601288,农业银行,6.46,日线破位,二卖,向下,无信号,客观缠论信号为二卖，60分钟笔方向向下，中枢震荡，观望,6.53,6.53,6.68,-0.0097,-0.0081,否
2026-05-22 17:31:32,二买,否,警戒,601728,中国电信,6.15,安全,二买,向下,底背驰,客观缠论信号为二买，60分钟笔方向向下（寻底模式），因此实际交易动作是二买（笔方向向下时优先买点）,6.24,5.90,6.42,-0.0895,-0.0994,否
2026-05-22 17:31:32,二卖,否,警戒,600276,恒瑞医药,50.47,日线破位,二卖,向上,无信号,客观缠论信号为二卖，60分钟笔方向向上（冲顶模式），因此实际交易动作是二卖（笔方向向上时优先卖点）,51.31,52.41,53.92,-0.2634,-0.2448,否
2026-05-22 17:31:32,二卖,否,警戒,600177,雅戈尔,7.37,安全,二卖+二买,向上,无信号,客观缠论信号为二卖、二买，60分钟笔方向向上（冲顶模式），因此实际交易动作是二卖（笔方向向上时优先卖点）,7.31,7.25,7.56,-0.0234,-0.0219,否
2026-05-22 17:31:32,观望,否,警戒,600887,伊利股份,26.20,安全,二卖,向下,无信号,客观缠论信号为二卖，60分钟笔方向向下，中枢震荡，观望,25.80,26.23,26.48,-0.1914,-0.1911,否
2026-05-22 17:31:32,二卖,否,警戒,601138,工业富联,67.16,安全,二卖,向上,无信号,客观缠论信号为二卖，60分钟笔方向向上（冲顶模式），因此实际交易动作是二卖（笔方向向上时优先卖点）,62.77,64.95,65.90,0.0223,-0.0813,否
2026-05-22 17:31:32,二买,否,警戒,688041,海光信息,312.40,安全,二卖+二买,向下,无信号,客观缠论信号为二卖、二买，60分钟笔方向向下（寻底模式），因此实际交易动作是二买（笔方向向下时优先买点）,271.06,320.01,355.50,-0.8386,-1.6725,否
2026-05-22 17:31:32,二卖,否,警戒,601225,陕西煤业,23.42,安全,二卖+二买,向上,底背驰,客观缠论信号为二卖、二买，60分钟笔方向向上（冲顶模式），因此实际交易动作是二卖（笔方向向上时优先卖点）,22.32,22.30,24.64,-0.1971,-0.1690,否
2026-05-22 17:31:32,二卖,否,警戒,600660,福耀玻璃,55.27,安全,一卖+二卖,向上,无信号,客观缠论信号为一卖、二卖，60分钟笔方向向上（冲顶模式），因此实际交易动作是二卖（笔方向向上时优先卖点）,55.27,55.65,55.21,0.1750,0.1024,否
2026-05-22 17:31:32,观望,否,警戒,000429,粤高速A,13.29,安全,无信号,向上,顶背驰,客观缠论信号为无信号，60分钟笔方向向上，中枢震荡，观望,13.55,12.70,13.13,0.0135,0.0217,否
2026-05-22 17:31:32,二卖,否,警戒,002507,涪陵榨菜,11.84,日线破位,二卖+二买,向上,无信号,客观缠论信号为二卖、二买，60分钟笔方向向上（冲顶模式），因此实际交易动作是二卖（笔方向向上时优先卖点）,12.23,12.15,12.03,-0.0209,-0.0077,否
2026-05-22 17:31:32,观望,否,警戒,000338,潍柴动力,34.01,安全,无信号,向上,无信号,客观缠论信号为无信号，60分钟笔方向向上，中枢震荡，观望,25.92,31.76,33.43,0.2403,0.1805,否
2026-05-22 17:31:32,二买,否,警戒,000538,云南白药,49.80,日线破位,二卖+二买,向下,无信号,客观缠论信号为二卖、二买，60分钟笔方向向下（寻底模式），因此实际交易动作是二买（笔方向向下时优先买点）,54.40,54.40,51.23,-0.1889,-0.2086,否
2026-05-22 17:31:32,二卖,否,警戒,000423,东阿阿胶,49.52,安全,二卖,向上,无信号,客观缠论信号为二卖，60分钟笔方向向上（冲顶模式），因此实际交易动作是二卖（笔方向向上时优先卖点）,48.06,49.78,54.45,-0.2010,-0.2649,否
2026-05-22 17:31:32,二卖,否,警戒,000651,格力电器,38.74,安全,二卖,向上,无信号,客观缠论信号为二卖，60分钟笔方向向上（冲顶模式），因此实际交易动作是二卖（笔方向向上时优先卖点）,38.26,36.83,40.19,-0.1307,-0.1586,否
2026-05-22 17:31:32,二卖,否,警戒,000895,双汇发展,25.73,安全,二卖,向上,无信号,客观缠论信号为二卖，60分钟笔方向向上（冲顶模式），因此实际交易动作是二卖（笔方向向上时优先卖点）,24.96,25.52,26.82,-0.0986,-0.1162,否
2026-05-22 17:31:32,观望,否,警戒,002415,海康威视,31.83,安全,无信号,向下,无信号,客观缠论信号为无信号，60分钟笔方向向下，中枢震荡，观望,30.84,29.95,33.25,-0.1483,-0.2086,否
2026-05-22 17:31:32,二卖,否,警戒,000157,中联重科,7.30,安全,二卖+三卖,向上,无信号,客观缠论信号为二卖、三卖，60分钟笔方向向上（冲顶模式），因此实际交易动作是二卖（笔方向向上时优先卖点）,7.18,7.22,7.94,0.0009,-0.0075,否
2026-05-22 17:31:32,二卖,否,警戒,002128,电投能源,29.61,安全,二卖,向上,无信号,客观缠论信号为二卖，60分钟笔方向向上（冲顶模式），因此实际交易动作是二卖（笔方向向上时优先卖点）,29.02,28.68,30.59,0.0392,-0.0004,否
2026-05-22 17:31:32,二卖,否,警戒,002027,分众传媒,5.51,日线破位,二卖+三卖,向上,无信号,客观缠论信号为二卖、三卖，60分钟笔方向向上（冲顶模式），因此实际交易动作是二卖（笔方向向上时优先卖点）,6.16,6.22,6.36,-0.0347,-0.0412,否
2026-05-22 17:31:32,一卖,否,警戒,hk03690,美团,81.50,安全,一卖+二买,向上,无信号,客观缠论信号为一卖、二买，60分钟笔方向向上（冲顶模式），因此实际交易动作是一卖（趋势顶背驰卖出）,75.85,78.70,83.75,-0.3941,-0.1597,否
2026-05-22 17:31:32,二买,否,警戒,hk03896,金山云,6.88,安全,二卖+二买,向下,无信号,客观缠论信号为二卖、二买，60分钟笔方向向下（寻底模式），因此实际交易动作是二买（笔方向向下时优先买点）,6.70,6.84,8.06,-0.1170,-0.1073,否
2026-05-22 17:31:32,二卖,否,警戒,hk00700,腾讯,438.00,日线破位,二卖+二买,向上,无信号,客观缠论信号为二卖、二买，60分钟笔方向向上（冲顶模式），因此实际交易动作是二卖（笔方向向上时优先卖点）,494.60,486.20,460.00,-3.9963,-3.7390,否
2026-05-22 17:31:32,二买,否,警戒,hk09988,阿里巴巴,125.70,安全,二卖+二买,向下,无信号,客观缠论信号为二卖、二买，60分钟笔方向向下（寻底模式），因此实际交易动作是二买（笔方向向下时优先买点）,115.60,122.50,127.20,-1.4011,-1.3639,否
2026-05-22 17:31:32,二卖,否,警戒,hk01024,快手,45.20,安全,二卖,向上,无信号,客观缠论信号为二卖，60分钟笔方向向上（冲顶模式），因此实际交易动作是二卖（笔方向向上时优先卖点）,44.22,43.00,45.46,-0.6114,-0.6181,否
2026-05-22 17:31:32,二买,否,警戒,hk06618,京东健康,40.34,安全,二卖+二买,向下,无信号,客观缠论信号为二卖、二买，60分钟笔方向向下（寻底模式），因此实际交易动作是二买（笔方向向下时优先买点）,39.65,40.70,40.58,-0.1230,-0.1380,否
2026-05-22 17:31:32,二买,否,警戒,hk06862,海底捞,13.40,安全,二卖+二买,向下,无信号,客观缠论信号为二卖、二买，60分钟笔方向向下（寻底模式），因此实际交易动作是二买（笔方向向下时优先买点）,13.24,13.49,14.59,-0.1554,-0.1495,否
2026-05-22 17:31:32,二买,否,警戒,600415,小商品城,13.56,安全,一卖+二买,向下,无信号,客观缠论信号为一卖、二买，60分钟笔方向向下（寻底模式），因此实际交易动作是二买（笔方向向下时优先买点）,12.86,12.74,13.98,-0.1188,-0.0859,否
2026-05-22 17:31:32,观望,否,警戒,300285,国瓷材料,41.53,安全,二买,向上,无信号,客观缠论信号为二买，60分钟笔方向向上，中枢震荡，观望,32.60,35.16,44.00,-0.0747,0.1522,否
2026-05-22 17:31:32,观望,否,警戒,600021,上海电力,18.00,安全,无信号,向上,底背驰,客观缠论信号为无信号，60分钟笔方向向上，中枢震荡，观望,17.63,16.73,18.33,-0.1007,-0.0272,否
2026-05-22 17:31:32,二卖,否,警戒,002517,恺英网络,16.51,日线破位,二卖,向上,无信号,客观缠论信号为二卖，60分钟笔方向向上（冲顶模式），因此实际交易动作是二卖（笔方向向上时优先卖点）,16.68,17.19,17.28,-0.1327,-0.0768,否
2026-05-22 17:31:32,二买,否,警戒,300474,景嘉微,62.85,安全,二卖+二买,向下,无信号,客观缠论信号为二卖、二买，60分钟笔方向向下（寻底模式），因此实际交易动作是二买（笔方向向下时优先买点）,64.15,60.70,64.28,-0.3703,-0.0234,否
2026-05-22 17:31:32,观望,否,警戒,600909,华安证券,7.14,安全,二买,向上,顶背驰,客观缠论信号为二买，60分钟笔方向向上，中枢震荡，观望,6.59,6.95,6.85,0.1608,0.1930,否
2026-05-22 17:31:32,二卖,否,警戒,603290,斯达半导,122.98,安全,二卖+二买,向上,无信号,客观缠论信号为二卖、二买，60分钟笔方向向上（冲顶模式），因此实际交易动作是二卖（笔方向向上时优先卖点）,107.75,106.51,126.10,-0.2193,0.4408,否
2026-05-22 17:31:32,二卖,否,警戒,603296,华勤技术,105.04,安全,二卖,向上,无信号,客观缠论信号为二卖，60分钟笔方向向上（冲顶模式），因此实际交易动作是二卖（笔方向向上时优先卖点）,101.28,104.39,105.90,-1.0112,-0.5060,否

2026-05-23 15:48:04,二买,是,警戒,688981,中芯国际,131.33,安全,二买,向下,无信号,客观缠论信号为二买，60分钟笔方向向下（寻底模式），因此实际交易动作是二买（笔方向向下时优先买点）,129.16,124.60,124.70,0.3038,0.0786,否
2026-05-23 15:48:04,二卖,是,警戒,000001,平安银行,10.68,安全,二卖,向上,无信号,客观缠论信号为二卖，60分钟笔方向向上（冲顶模式），因此实际交易动作是二卖（笔方向向上时优先卖点）,10.78,10.67,10.79,-0.0206,-0.0221,否
2026-05-23 15:48:04,二买,是,警戒,001965,招商公路,10.01,安全,二买,向下,无信号,客观缠论信号为二买，60分钟笔方向向下（寻底模式），因此实际交易动作是二买（笔方向向下时优先买点）,9.89,9.81,10.06,-0.0174,-0.0056,否
2026-05-23 15:48:04,观望,是,警戒,513130,恒生科技ETF,0.61,安全,二卖,向下,无信号,客观缠论信号为二卖，60分钟笔方向向下，中枢震荡，观望,0.59,0.61,0.61,0.0006,-0.0000,否
2026-05-23 15:48:04,二买,否,警戒,510300,沪深300ETF,4.86,安全,二卖+二买,向下,无信号,客观缠论信号为二卖、二买，60分钟笔方向向下（寻底模式），因此实际交易动作是二买（笔方向向下时优先买点）,4.75,4.86,4.95,-0.0019,-0.0064,否
2026-05-23 15:48:04,二买,否,警戒,588000,科创50ETF,1.89,安全,二买,向下,无信号,客观缠论信号为二买，60分钟笔方向向下（寻底模式），因此实际交易动作是二买（笔方向向下时优先买点）,1.55,1.76,1.84,-0.0049,-0.0084,否
2026-05-23 15:48:04,二买,否,警戒,159915,创业板ETF,3.95,安全,二卖+二买,向下,无信号,客观缠论信号为二卖、二买，60分钟笔方向向下（寻底模式），因此实际交易动作是二买（笔方向向下时优先买点）,3.27,3.82,3.97,0.0045,-0.0014,否
2026-05-23 15:48:04,二卖,否,警戒,513100,纳指ETF,2.15,安全,二卖+三卖,向上,无信号,客观缠论信号为二卖、三卖，60分钟笔方向向上（冲顶模式），因此实际交易动作是二卖（笔方向向上时优先卖点）,1.91,2.07,2.12,0.0155,0.0167,否
2026-05-23 15:48:04,三卖,否,警戒,513520,日经ETF,2.13,安全,三卖+二买,向上,无信号,客观缠论信号为三卖、二买，60分钟笔方向向上（冲顶模式），因此实际交易动作是三卖（跌破反抽卖出）,2.00,2.13,2.15,0.0152,0.0168,否
2026-05-23 15:48:04,二买,否,警戒,512400,有色金属ETF,2.02,安全,二买,向下,无信号,客观缠论信号为二买，60分钟笔方向向下（寻底模式），因此实际交易动作是二买（笔方向向下时优先买点）,2.11,1.96,2.02,0.0092,0.0048,否
2026-05-23 15:48:04,观望,否,警戒,512690,酒ETF,0.45,日线破位,二买,向上,无信号,客观缠论信号为二买，60分钟笔方向向上，中枢震荡，观望,0.48,0.48,0.46,-0.0026,-0.0027,否
2026-05-23 15:48:04,观望,否,警戒,159227,航空航天ETF,1.24,安全,无信号,向下,无信号,客观缠论信号为无信号，60分钟笔方向向下，中枢震荡，观望,1.20,1.23,1.27,-0.0059,-0.0079,否
2026-05-23 15:48:04,二卖,否,警戒,159992,创新药ETF,0.78,安全,二卖,向上,无信号,客观缠论信号为二卖，60分钟笔方向向上（冲顶模式），因此实际交易动作是二卖（笔方向向上时优先卖点）,0.78,0.77,0.83,-0.0031,-0.0030,否
2026-05-23 15:48:04,观望,否,警戒,515050,通信ETF,1.16,安全,无信号,向下,无信号,客观缠论信号为无信号，60分钟笔方向向下，中枢震荡，观望,1.08,1.48,1.15,0.0065,0.0029,否
2026-05-23 15:48:04,二买,否,警戒,588200,科创芯片ETF,3.64,安全,二买,向下,无信号,客观缠论信号为二买，60分钟笔方向向下（寻底模式），因此实际交易动作是二买（笔方向向下时优先买点）,2.65,3.34,3.55,-0.0098,-0.0186,否
2026-05-23 15:48:04,二买,否,警戒,159755,电池ETF,1.17,安全,一卖+二卖+二买,向下,无信号,客观缠论信号为一卖、二卖、二买，60分钟笔方向向下（寻底模式），因此实际交易动作是二买（笔方向向下时优先买点）,1.03,1.17,1.18,0.0002,-0.0010,否
2026-05-23 15:48:04,观望,否,警戒,159899,软件ETF,0.82,安全,二卖,向下,无信号,客观缠论信号为二卖，60分钟笔方向向下，中枢震荡，观望,0.81,0.83,0.83,-0.0050,-0.0063,否
2026-05-23 15:48:04,观望,否,警戒,513360,教育ETF,0.48,日线破位,二卖,向下,无信号,客观缠论信号为二卖，60分钟笔方向向下，中枢震荡，观望,0.49,0.49,0.49,-0.0013,-0.0014,否
2026-05-23 15:48:04,观望,否,警戒,515790,光伏ETF,1.11,安全,无信号,向下,无信号,客观缠论信号为无信号，60分钟笔方向向下，中枢震荡，观望,1.08,1.10,1.11,-0.0014,-0.0030,否
2026-05-23 15:48:04,二卖,否,警戒,603317,天味食品,15.40,安全,二卖,向上,无信号,客观缠论信号为二卖，60分钟笔方向向上（冲顶模式），因此实际交易动作是二卖（笔方向向上时优先卖点）,15.25,15.50,16.24,-0.1312,-0.1355,否
2026-05-23 15:48:04,观望,否,警戒,601668,中国建筑,4.78,日线破位,无信号,向下,无信号,客观缠论信号为无信号，60分钟笔方向向下，中枢震荡，观望,4.88,4.91,4.85,-0.0137,-0.0152,否
2026-05-23 15:48:04,二卖,否,警戒,601288,农业银行,6.46,日线破位,二卖,向上,无信号,客观缠论信号为二卖，60分钟笔方向向上（冲顶模式），因此实际交易动作是二卖（笔方向向上时优先卖点）,6.53,6.53,6.68,-0.0097,-0.0081,否
2026-05-23 15:48:04,观望,否,警戒,601728,中国电信,6.15,安全,无信号,向下,底背驰,客观缠论信号为无信号，60分钟笔方向向下，中枢震荡，观望,6.24,5.90,6.42,-0.0895,-0.0994,否
2026-05-23 15:48:04,二卖,否,警戒,600276,恒瑞医药,50.47,日线破位,二卖,向上,无信号,客观缠论信号为二卖，60分钟笔方向向上（冲顶模式），因此实际交易动作是二卖（笔方向向上时优先卖点）,51.31,52.41,53.92,-0.2634,-0.2448,否
2026-05-23 15:48:04,二卖,否,警戒,600177,雅戈尔,7.37,安全,一卖+二卖+二买,向上,无信号,客观缠论信号为一卖、二卖、二买，60分钟笔方向向上（冲顶模式），因此实际交易动作是二卖（笔方向向上时优先卖点）,7.31,7.25,7.53,-0.0234,-0.0219,否
2026-05-23 15:48:04,观望,否,警戒,600887,伊利股份,26.20,安全,二卖,向下,无信号,客观缠论信号为二卖，60分钟笔方向向下，中枢震荡，观望,25.80,26.23,26.48,-0.1914,-0.1911,否
2026-05-23 15:48:04,观望,否,警戒,601138,工业富联,67.16,安全,二卖,向下,无信号,客观缠论信号为二卖，60分钟笔方向向下，中枢震荡，观望,62.77,64.95,69.50,0.0223,-0.0813,否
2026-05-23 15:48:04,二买,否,警戒,688041,海光信息,312.40,安全,二卖+二买,向下,无信号,客观缠论信号为二卖、二买，60分钟笔方向向下（寻底模式），因此实际交易动作是二买（笔方向向下时优先买点）,271.06,320.01,310.50,-0.8386,-1.6725,否
2026-05-23 15:48:04,观望,否,警戒,601225,陕西煤业,23.32,安全,二卖,向下,无信号,客观缠论信号为二卖，60分钟笔方向向下，中枢震荡，观望,22.32,22.30,24.64,-0.1164,-0.1581,否
2026-05-23 15:48:04,二卖,否,警戒,600900,长江电力,26.56,安全,二卖,向上,无信号,客观缠论信号为二卖，60分钟笔方向向上（冲顶模式），因此实际交易动作是二卖（笔方向向上时优先卖点）,26.44,25.93,26.80,-0.0725,-0.0791,否
2026-05-23 15:48:04,观望,否,警戒,600660,福耀玻璃,55.27,安全,二卖,向下,无信号,客观缠论信号为二卖，60分钟笔方向向下，中枢震荡，观望,55.27,55.65,55.21,0.1750,0.1024,否
2026-05-23 15:48:04,观望,否,警戒,600938,中国海油,35.83,安全,二卖,向下,无信号,客观缠论信号为二卖，60分钟笔方向向下，中枢震荡，观望,34.06,35.29,36.28,-0.2169,-0.2723,否
2026-05-23 15:48:04,二卖,否,警戒,000333,美的集团,80.28,安全,二卖+二买,向上,无信号,客观缠论信号为二卖、二买，60分钟笔方向向上（冲顶模式），因此实际交易动作是二卖（笔方向向上时优先卖点）,78.91,80.08,80.95,-0.4082,-0.3593,否
2026-05-23 15:48:04,二买,否,警戒,000429,粤高速A,13.29,安全,二买,向下,顶背驰,客观缠论信号为二买，60分钟笔方向向下（寻底模式），因此实际交易动作是二买（笔方向向下时优先买点）,13.55,12.70,13.13,0.0135,0.0217,否
2026-05-23 15:48:04,二卖,否,警戒,002507,涪陵榨菜,11.81,日线破位,二卖+二买,向上,无信号,客观缠论信号为二卖、二买，60分钟笔方向向上（冲顶模式），因此实际交易动作是二卖（笔方向向上时优先卖点）,12.23,12.15,12.03,-0.0280,-0.0293,否
2026-05-23 15:48:04,二买,否,警戒,000338,潍柴动力,34.01,安全,二买,向下,无信号,客观缠论信号为二买，60分钟笔方向向下（寻底模式），因此实际交易动作是二买（笔方向向下时优先买点）,25.92,31.76,33.43,0.2403,0.1805,否
2026-05-23 15:48:04,二卖,否,警戒,000538,云南白药,49.80,日线破位,二卖+一买,向上,无信号,客观缠论信号为二卖、一买，60分钟笔方向向上（冲顶模式），因此实际交易动作是二卖（笔方向向上时优先卖点）,54.40,54.40,51.02,-0.1889,-0.2086,否
2026-05-23 15:48:04,观望,否,警戒,000423,东阿阿胶,49.52,安全,二卖,向下,无信号,客观缠论信号为二卖，60分钟笔方向向下，中枢震荡，观望,48.06,49.78,50.92,-0.2010,-0.2649,否
2026-05-23 15:48:04,观望,否,警戒,000651,格力电器,38.74,安全,二卖,向下,无信号,客观缠论信号为二卖，60分钟笔方向向下，中枢震荡，观望,38.26,36.83,39.70,-0.1307,-0.1586,否
2026-05-23 15:48:04,二卖,否,警戒,000895,双汇发展,25.73,安全,二卖,向上,无信号,客观缠论信号为二卖，60分钟笔方向向上（冲顶模式），因此实际交易动作是二卖（笔方向向上时优先卖点）,24.96,25.52,26.82,-0.0986,-0.1162,否
2026-05-23 15:48:04,观望,否,警戒,002415,海康威视,31.83,安全,一卖,向下,无信号,客观缠论信号为一卖，60分钟笔方向向下，中枢震荡，观望,30.84,29.95,33.15,-0.1483,-0.2086,否
2026-05-23 15:48:04,观望,否,警戒,000157,中联重科,7.30,安全,二卖,向下,无信号,客观缠论信号为二卖，60分钟笔方向向下，中枢震荡，观望,7.18,7.22,7.56,0.0009,-0.0075,否
2026-05-23 15:48:04,二买,否,警戒,002128,电投能源,29.61,安全,二卖+二买,向下,无信号,客观缠论信号为二卖、二买，60分钟笔方向向下（寻底模式），因此实际交易动作是二买（笔方向向下时优先买点）,29.02,28.68,30.59,0.0392,-0.0004,否
2026-05-23 15:48:04,观望,否,警戒,002027,分众传媒,5.51,日线破位,二卖,向下,无信号,客观缠论信号为二卖，60分钟笔方向向下，中枢震荡，观望,6.16,6.22,5.77,-0.0347,-0.0412,否
2026-05-23 15:48:04,观望,否,警戒,600415,小商品城,13.35,安全,无信号,向下,无信号,客观缠论信号为无信号，60分钟笔方向向下，中枢震荡，观望,12.86,12.74,13.98,-0.1250,-0.1405,否
2026-05-23 15:48:04,观望,否,警戒,300285,国瓷材料,48.40,安全,无信号,向下,无信号,客观缠论信号为无信号，60分钟笔方向向下，中枢震荡，观望,32.60,35.16,44.00,1.3513,1.2471,否
2026-05-23 15:48:04,二买,否,警戒,600021,上海电力,17.60,安全,二买,向下,无信号,客观缠论信号为二买，60分钟笔方向向下（寻底模式），因此实际交易动作是二买（笔方向向下时优先买点）,17.63,16.73,17.98,-0.1743,-0.2041,否
2026-05-23 15:48:04,观望,否,警戒,002517,恺英网络,16.46,日线破位,二卖,向下,无信号,客观缠论信号为二卖，60分钟笔方向向下，中枢震荡，观望,17.65,17.19,17.38,-0.1253,-0.1541,否
2026-05-23 15:48:04,观望,否,警戒,300474,景嘉微,63.31,安全,二卖,向下,无信号,客观缠论信号为二卖，60分钟笔方向向下，中枢震荡，观望,64.15,60.70,66.10,-0.3472,-0.4635,否
2026-05-23 15:48:04,二买,否,警戒,600909,华安证券,7.32,安全,二买,向下,无信号,客观缠论信号为二买，60分钟笔方向向下（寻底模式），因此实际交易动作是二买（笔方向向下时优先买点）,6.59,6.95,6.85,0.0809,0.0799,否
2026-05-23 15:48:04,二买,否,警戒,603290,斯达半导,131.75,安全,二卖+二买,向下,无信号,客观缠论信号为二卖、二买，60分钟笔方向向下（寻底模式），因此实际交易动作是二买（笔方向向下时优先买点）,107.75,106.51,126.10,1.3643,1.1445,否
2026-05-23 15:48:04,二买,否,警戒,603296,华勤技术,108.94,安全,二卖+二买,向下,无信号,客观缠论信号为二卖、二买，60分钟笔方向向下（寻底模式），因此实际交易动作是二买（笔方向向下时优先买点）,101.28,104.39,112.65,0.1099,-0.1036,否

2026-05-23 16:21:41,二买,是,警戒,688981,中芯国际,131.33,安全,二买,向下,无信号,客观缠论信号为二买，60分钟笔方向向下（寻底模式），因此实际交易动作是二买（笔方向向下时优先买点）,129.16,124.60,124.70,0.3038,0.0786,否
2026-05-23 16:21:41,二卖,是,警戒,000001,平安银行,10.68,安全,二卖,向上,无信号,客观缠论信号为二卖，60分钟笔方向向上（冲顶模式），因此实际交易动作是二卖（笔方向向上时优先卖点）,10.78,10.67,10.79,-0.0206,-0.0221,否
2026-05-23 16:21:41,二买,是,警戒,001965,招商公路,10.01,安全,二买,向下,无信号,客观缠论信号为二买，60分钟笔方向向下（寻底模式），因此实际交易动作是二买（笔方向向下时优先买点）,9.89,9.81,10.06,-0.0174,-0.0056,否
2026-05-23 16:21:41,观望,是,警戒,513130,恒生科技ETF,0.61,安全,二卖,向下,无信号,客观缠论信号为二卖，60分钟笔方向向下，中枢震荡，观望,0.59,0.61,0.61,0.0006,-0.0000,否
2026-05-23 16:21:41,二买,否,警戒,510300,沪深300ETF,4.86,安全,二卖+二买,向下,无信号,客观缠论信号为二卖、二买，60分钟笔方向向下（寻底模式），因此实际交易动作是二买（笔方向向下时优先买点）,4.75,4.86,4.95,-0.0019,-0.0064,否
2026-05-23 16:21:41,二买,否,警戒,588000,科创50ETF,1.89,安全,二买,向下,无信号,客观缠论信号为二买，60分钟笔方向向下（寻底模式），因此实际交易动作是二买（笔方向向下时优先买点）,1.55,1.76,1.84,-0.0049,-0.0084,否
2026-05-23 16:21:41,二买,否,警戒,159915,创业板ETF,3.95,安全,二卖+二买,向下,无信号,客观缠论信号为二卖、二买，60分钟笔方向向下（寻底模式），因此实际交易动作是二买（笔方向向下时优先买点）,3.27,3.82,3.97,0.0045,-0.0014,否
2026-05-23 16:21:41,二卖,否,警戒,513100,纳指ETF,2.15,安全,二卖+三卖,向上,无信号,客观缠论信号为二卖、三卖，60分钟笔方向向上（冲顶模式），因此实际交易动作是二卖（笔方向向上时优先卖点）,1.91,2.07,2.12,0.0155,0.0167,否
2026-05-23 16:21:41,三卖,否,警戒,513520,日经ETF,2.13,安全,三卖+二买,向上,无信号,客观缠论信号为三卖、二买，60分钟笔方向向上（冲顶模式），因此实际交易动作是三卖（跌破反抽卖出）,2.00,2.13,2.15,0.0152,0.0168,否
2026-05-23 16:21:41,二买,否,警戒,512400,有色金属ETF,2.02,安全,二买,向下,无信号,客观缠论信号为二买，60分钟笔方向向下（寻底模式），因此实际交易动作是二买（笔方向向下时优先买点）,2.11,1.96,2.02,0.0092,0.0048,否
2026-05-23 16:21:41,观望,否,警戒,512690,酒ETF,0.45,日线破位,二买,向上,无信号,客观缠论信号为二买，60分钟笔方向向上，中枢震荡，观望,0.48,0.48,0.46,-0.0026,-0.0027,否
2026-05-23 16:21:41,观望,否,警戒,159227,航空航天ETF,1.24,安全,无信号,向下,无信号,客观缠论信号为无信号，60分钟笔方向向下，中枢震荡，观望,1.20,1.23,1.27,-0.0059,-0.0079,否
2026-05-23 16:21:41,二卖,否,警戒,159992,创新药ETF,0.78,安全,二卖,向上,无信号,客观缠论信号为二卖，60分钟笔方向向上（冲顶模式），因此实际交易动作是二卖（笔方向向上时优先卖点）,0.78,0.77,0.83,-0.0031,-0.0030,否
2026-05-23 16:21:41,观望,否,警戒,515050,通信ETF,1.16,安全,无信号,向下,无信号,客观缠论信号为无信号，60分钟笔方向向下，中枢震荡，观望,1.08,1.48,1.15,0.0065,0.0029,否
2026-05-23 16:21:41,二买,否,警戒,588200,科创芯片ETF,3.64,安全,二买,向下,无信号,客观缠论信号为二买，60分钟笔方向向下（寻底模式），因此实际交易动作是二买（笔方向向下时优先买点）,2.65,3.34,3.55,-0.0098,-0.0186,否
2026-05-23 16:21:41,二买,否,警戒,159755,电池ETF,1.17,安全,一卖+二卖+二买,向下,无信号,客观缠论信号为一卖、二卖、二买，60分钟笔方向向下（寻底模式），因此实际交易动作是二买（笔方向向下时优先买点）,1.03,1.17,1.18,0.0002,-0.0010,否
2026-05-23 16:21:41,观望,否,警戒,159899,软件ETF,0.82,安全,二卖,向下,无信号,客观缠论信号为二卖，60分钟笔方向向下，中枢震荡，观望,0.81,0.83,0.83,-0.0050,-0.0063,否
2026-05-23 16:21:41,观望,否,警戒,513360,教育ETF,0.48,日线破位,二卖,向下,无信号,客观缠论信号为二卖，60分钟笔方向向下，中枢震荡，观望,0.49,0.49,0.49,-0.0013,-0.0014,否
2026-05-23 16:21:41,观望,否,警戒,515790,光伏ETF,1.11,安全,无信号,向下,无信号,客观缠论信号为无信号，60分钟笔方向向下，中枢震荡，观望,1.08,1.10,1.11,-0.0014,-0.0030,否
2026-05-23 16:21:41,二卖,否,警戒,603317,天味食品,15.40,安全,二卖,向上,无信号,客观缠论信号为二卖，60分钟笔方向向上（冲顶模式），因此实际交易动作是二卖（笔方向向上时优先卖点）,15.25,15.50,16.24,-0.1312,-0.1355,否
2026-05-23 16:21:41,观望,否,警戒,601668,中国建筑,4.78,日线破位,无信号,向下,无信号,客观缠论信号为无信号，60分钟笔方向向下，中枢震荡，观望,4.88,4.91,4.85,-0.0137,-0.0152,否
2026-05-23 16:21:41,二卖,否,警戒,601288,农业银行,6.46,日线破位,二卖,向上,无信号,客观缠论信号为二卖，60分钟笔方向向上（冲顶模式），因此实际交易动作是二卖（笔方向向上时优先卖点）,6.53,6.53,6.68,-0.0097,-0.0081,否
2026-05-23 16:21:41,观望,否,警戒,601728,中国电信,6.15,安全,无信号,向下,底背驰,客观缠论信号为无信号，60分钟笔方向向下，中枢震荡，观望,6.24,5.90,6.42,-0.0895,-0.0994,否
2026-05-23 16:21:41,二卖,否,警戒,600276,恒瑞医药,50.47,日线破位,二卖,向上,无信号,客观缠论信号为二卖，60分钟笔方向向上（冲顶模式），因此实际交易动作是二卖（笔方向向上时优先卖点）,51.31,52.41,53.92,-0.2634,-0.2448,否
2026-05-23 16:21:41,二卖,否,警戒,600177,雅戈尔,7.37,安全,一卖+二卖+二买,向上,无信号,客观缠论信号为一卖、二卖、二买，60分钟笔方向向上（冲顶模式），因此实际交易动作是二卖（笔方向向上时优先卖点）,7.31,7.25,7.53,-0.0234,-0.0219,否
2026-05-23 16:21:41,观望,否,警戒,600887,伊利股份,26.20,安全,二卖,向下,无信号,客观缠论信号为二卖，60分钟笔方向向下，中枢震荡，观望,25.80,26.23,26.48,-0.1914,-0.1911,否
2026-05-23 16:21:41,观望,否,警戒,601138,工业富联,67.16,安全,二卖,向下,无信号,客观缠论信号为二卖，60分钟笔方向向下，中枢震荡，观望,62.77,64.95,69.50,0.0223,-0.0813,否
2026-05-23 16:21:41,二买,否,警戒,688041,海光信息,312.40,安全,二卖+二买,向下,无信号,客观缠论信号为二卖、二买，60分钟笔方向向下（寻底模式），因此实际交易动作是二买（笔方向向下时优先买点）,271.06,320.01,310.50,-0.8386,-1.6725,否
2026-05-23 16:21:41,观望,否,警戒,601225,陕西煤业,23.32,安全,二卖,向下,无信号,客观缠论信号为二卖，60分钟笔方向向下，中枢震荡，观望,22.32,22.30,24.64,-0.1164,-0.1581,否
2026-05-23 16:21:41,二卖,否,警戒,600900,长江电力,26.56,安全,二卖,向上,无信号,客观缠论信号为二卖，60分钟笔方向向上（冲顶模式），因此实际交易动作是二卖（笔方向向上时优先卖点）,26.44,25.93,26.80,-0.0725,-0.0791,否
2026-05-23 16:21:41,观望,否,警戒,600660,福耀玻璃,55.27,安全,二卖,向下,无信号,客观缠论信号为二卖，60分钟笔方向向下，中枢震荡，观望,55.27,55.65,55.21,0.1750,0.1024,否
2026-05-23 16:21:41,观望,否,警戒,600938,中国海油,35.83,安全,二卖,向下,无信号,客观缠论信号为二卖，60分钟笔方向向下，中枢震荡，观望,34.06,35.29,36.28,-0.2169,-0.2723,否
2026-05-23 16:21:41,二卖,否,警戒,000333,美的集团,80.28,安全,二卖+二买,向上,无信号,客观缠论信号为二卖、二买，60分钟笔方向向上（冲顶模式），因此实际交易动作是二卖（笔方向向上时优先卖点）,78.91,80.08,80.95,-0.4082,-0.3593,否
2026-05-23 16:21:41,二买,否,警戒,000429,粤高速A,13.29,安全,二买,向下,顶背驰,客观缠论信号为二买，60分钟笔方向向下（寻底模式），因此实际交易动作是二买（笔方向向下时优先买点）,13.55,12.70,13.13,0.0135,0.0217,否
2026-05-23 16:21:41,二卖,否,警戒,002507,涪陵榨菜,11.81,日线破位,二卖+二买,向上,无信号,客观缠论信号为二卖、二买，60分钟笔方向向上（冲顶模式），因此实际交易动作是二卖（笔方向向上时优先卖点）,12.23,12.15,12.03,-0.0280,-0.0293,否
2026-05-23 16:21:41,二买,否,警戒,000338,潍柴动力,34.01,安全,二买,向下,无信号,客观缠论信号为二买，60分钟笔方向向下（寻底模式），因此实际交易动作是二买（笔方向向下时优先买点）,25.92,31.76,33.43,0.2403,0.1805,否
2026-05-23 16:21:41,二卖,否,警戒,000538,云南白药,49.80,日线破位,二卖+一买,向上,无信号,客观缠论信号为二卖、一买，60分钟笔方向向上（冲顶模式），因此实际交易动作是二卖（笔方向向上时优先卖点）,54.40,54.40,51.02,-0.1889,-0.2086,否
2026-05-23 16:21:41,观望,否,警戒,000423,东阿阿胶,49.52,安全,二卖,向下,无信号,客观缠论信号为二卖，60分钟笔方向向下，中枢震荡，观望,48.06,49.78,50.92,-0.2010,-0.2649,否
2026-05-23 16:21:41,观望,否,警戒,000651,格力电器,38.74,安全,二卖,向下,无信号,客观缠论信号为二卖，60分钟笔方向向下，中枢震荡，观望,38.26,36.83,39.70,-0.1307,-0.1586,否
2026-05-23 16:21:41,二卖,否,警戒,000895,双汇发展,25.73,安全,二卖,向上,无信号,客观缠论信号为二卖，60分钟笔方向向上（冲顶模式），因此实际交易动作是二卖（笔方向向上时优先卖点）,24.96,25.52,26.82,-0.0986,-0.1162,否
2026-05-23 16:21:41,观望,否,警戒,002415,海康威视,31.83,安全,一卖,向下,无信号,客观缠论信号为一卖，60分钟笔方向向下，中枢震荡，观望,30.84,29.95,33.15,-0.1483,-0.2086,否
2026-05-23 16:21:41,观望,否,警戒,000157,中联重科,7.30,安全,二卖,向下,无信号,客观缠论信号为二卖，60分钟笔方向向下，中枢震荡，观望,7.18,7.22,7.56,0.0009,-0.0075,否
2026-05-23 16:21:41,二买,否,警戒,002128,电投能源,29.61,安全,二卖+二买,向下,无信号,客观缠论信号为二卖、二买，60分钟笔方向向下（寻底模式），因此实际交易动作是二买（笔方向向下时优先买点）,29.02,28.68,30.59,0.0392,-0.0004,否
2026-05-23 16:21:41,观望,否,警戒,002027,分众传媒,5.51,日线破位,二卖,向下,无信号,客观缠论信号为二卖，60分钟笔方向向下，中枢震荡，观望,6.16,6.22,5.77,-0.0347,-0.0412,否
2026-05-23 16:21:41,观望,否,警戒,600415,小商品城,13.35,安全,无信号,向下,无信号,客观缠论信号为无信号，60分钟笔方向向下，中枢震荡，观望,12.86,12.74,13.98,-0.1250,-0.1405,否
2026-05-23 16:21:41,观望,否,警戒,300285,国瓷材料,48.40,安全,无信号,向下,无信号,客观缠论信号为无信号，60分钟笔方向向下，中枢震荡，观望,32.60,35.16,44.00,1.3513,1.2471,否
2026-05-23 16:21:41,二买,否,警戒,600021,上海电力,17.60,安全,二买,向下,无信号,客观缠论信号为二买，60分钟笔方向向下（寻底模式），因此实际交易动作是二买（笔方向向下时优先买点）,17.63,16.73,17.98,-0.1743,-0.2041,否
2026-05-23 16:21:41,观望,否,警戒,002517,恺英网络,16.46,日线破位,二卖,向下,无信号,客观缠论信号为二卖，60分钟笔方向向下，中枢震荡，观望,17.65,17.19,17.38,-0.1253,-0.1541,否
2026-05-23 16:21:41,观望,否,警戒,300474,景嘉微,63.31,安全,二卖,向下,无信号,客观缠论信号为二卖，60分钟笔方向向下，中枢震荡，观望,64.15,60.70,66.10,-0.3472,-0.4635,否
2026-05-23 16:21:41,二买,否,警戒,600909,华安证券,7.32,安全,二买,向下,无信号,客观缠论信号为二买，60分钟笔方向向下（寻底模式），因此实际交易动作是二买（笔方向向下时优先买点）,6.59,6.95,6.85,0.0809,0.0799,否
2026-05-23 16:21:41,二买,否,警戒,603290,斯达半导,131.75,安全,二卖+二买,向下,无信号,客观缠论信号为二卖、二买，60分钟笔方向向下（寻底模式），因此实际交易动作是二买（笔方向向下时优先买点）,107.75,106.51,126.10,1.3643,1.1445,否
2026-05-23 16:21:41,二买,否,警戒,603296,华勤技术,108.94,安全,二卖+二买,向下,无信号,客观缠论信号为二卖、二买，60分钟笔方向向下（寻底模式），因此实际交易动作是二买（笔方向向下时优先买点）,101.28,104.39,112.65,0.1099,-0.1036,否
