时间,实际交易动作,60m交易,是否持仓,大盘状态,代码,名称,现价,日线风控,客观缠论信号,60m笔方向,15分信号,区间价格对齐,决策理由,日线A中枢ZD,日线C中枢ZD,锁定ZG,15m_DIF,15m_DEA,底分型成立
2026-05-11 14:51:53,观望,观望,是,安全,603317,天味食品,15.86,安全,无信号,向下,无信号,-,4条件未全部满足（无买卖信号；15分无背驰；区间价格对齐-），继续观望,12.56,12.98,17.28,-0.1495,-0.2039,否
2026-05-11 14:51:53,观望,观望,是,安全,600660,福耀玻璃,59.38,安全,无信号,向上,无信号,-,4条件未全部满足（无买卖信号；15分无背驰；区间价格对齐-），继续观望,60.10,56.86,59.60,-0.0743,-0.0291,否
2026-05-11 14:51:53,观望,观望,是,安全,600938,中国海油,36.30,安全,无信号,向下,无信号,-,4条件未全部满足（无买卖信号；15分无背驰；区间价格对齐-），继续观望,34.06,35.29,37.85,-0.0952,-0.1310,否
2026-05-11 14:51:53,观望,买入,是,安全,600895,张江高科,38.40,安全,二买,向下,无信号,-,4条件未全部满足（15分无背驰；区间价格对齐-），继续观望,36.90,36.21,36.20,0.1907,0.2118,否
2026-05-11 14:51:53,观望,买入,是,安全,000429,粤高速A,12.87,安全,二买,向下,无信号,-,4条件未全部满足（15分无背驰；区间价格对齐-），继续观望,12.70,12.58,12.89,0.0729,0.0512,否
2026-05-11 14:51:53,观望,卖出,是,安全,002415,海康威视,35.34,安全,二卖+二买,向上,无信号,-,4条件未全部满足（买点但笔方向向上；15分无背驰；区间价格对齐-），继续观望,31.96,33.30,36.35,-0.0856,0.0102,否
2026-05-11 14:51:53,观望,观望,是,安全,hk01810,小米集团,31.76,安全,二买,向上,无信号,-,4条件未全部满足（买点但笔方向向上；15分无背驰；区间价格对齐-），继续观望,32.78,30.26,32.22,0.0802,0.0821,否
2026-05-11 14:51:53,观望,买入,是,安全,513130,恒生科技ETF,0.64,安全,二买,向下,无信号,-,4条件未全部满足（15分无背驰；区间价格对齐-），继续观望,0.61,0.61,0.63,0.0010,0.0008,否
2026-05-11 14:51:53,观望,买入,是,安全,515790,光伏ETF,1.12,安全,二买,向下,无信号,-,4条件未全部满足（15分无背驰；区间价格对齐-），继续观望,1.03,1.08,1.08,0.0064,0.0073,否
2026-05-11 14:51:53,观望,观望,是,安全,513360,教育ETF,0.50,安全,二买,向上,无信号,-,4条件未全部满足（买点但笔方向向上；15分无背驰；区间价格对齐-），继续观望,0.49,0.50,0.50,-0.0007,-0.0007,否
2026-05-11 14:51:53,观望,观望,否,安全,sh000001,上证指数,4227.06,安全,二买,向上,无信号,-,4条件未全部满足（买点但笔方向向上；15分无背驰；区间价格对齐-），继续观望,4101.83,4079.77,4180.21,12.5844,11.4363,否
2026-05-11 14:51:53,观望,观望,否,安全,510300,沪深300ETF,4.96,安全,二卖,向下,无信号,-,4条件未全部满足（卖点但笔方向向下；15分无背驰；区间价格对齐-），继续观望,4.68,4.75,4.91,0.0189,0.0166,否
2026-05-11 14:51:53,观望,观望,否,安全,588000,科创50ETF,1.80,安全,二卖,向下,无信号,-,4条件未全部满足（卖点但笔方向向下；15分无背驰；区间价格对齐-），继续观望,1.55,1.55,1.77,0.0174,0.0166,否
2026-05-11 14:51:53,观望,卖出,否,安全,512400,有色金属ETF,2.20,安全,二卖+二买,向上,无信号,-,4条件未全部满足（买点但笔方向向上；15分无背驰；区间价格对齐-），继续观望,2.10,2.17,2.23,0.0018,0.0032,否
2026-05-11 14:51:53,观望,观望,否,安全,512690,酒ETF,0.48,日线破位,二卖,向下,无信号,-,4条件未全部满足（卖点但笔方向向下；15分无背驰；区间价格对齐-），继续观望,0.48,0.48,0.48,-0.0004,-0.0005,否
2026-05-11 14:51:53,观望,观望,否,安全,159227,航空航天ETF,1.39,日线破位,二买,向上,顶背驰,是,4条件未全部满足（买点但笔方向向上；15分顶背驰非底背驰），继续观望,1.43,1.41,1.37,0.0093,0.0114,否
2026-05-11 14:51:53,观望,观望,否,安全,159992,创新药ETF,0.84,安全,二卖,向下,无信号,-,4条件未全部满足（卖点但笔方向向下；15分无背驰；区间价格对齐-），继续观望,0.81,0.83,0.84,0.0040,0.0014,否
2026-05-11 14:51:53,观望,观望,否,安全,515050,通信ETF,3.29,安全,二买,向上,无信号,-,4条件未全部满足（买点但笔方向向上；15分无背驰；区间价格对齐-），继续观望,2.30,2.33,3.09,0.0392,0.0388,否
2026-05-11 14:51:53,观望,观望,否,安全,159915,创业板ETF,3.93,安全,二买,向上,无信号,-,4条件未全部满足（买点但笔方向向上；15分无背驰；区间价格对齐-），继续观望,3.25,3.27,3.82,0.0316,0.0278,否
2026-05-11 14:51:53,观望,观望,否,安全,588200,科创芯片ETF,3.42,安全,一卖+二卖,向下,无信号,-,4条件未全部满足（卖点但笔方向向下；15分无背驰；区间价格对齐-），继续观望,2.41,2.65,3.34,0.0410,0.0397,否
2026-05-11 14:51:53,观望,观望,否,安全,159755,电池ETF,1.23,安全,一卖+二卖,向下,无信号,-,4条件未全部满足（卖点但笔方向向下；15分无背驰；区间价格对齐-），继续观望,1.03,1.17,1.26,-0.0028,-0.0037,否
2026-05-11 14:51:53,观望,观望,否,安全,159899,软件ETF,0.89,安全,二买,向上,无信号,-,4条件未全部满足（买点但笔方向向上；15分无背驰；区间价格对齐-），继续观望,0.87,0.89,0.87,0.0022,0.0026,否
2026-05-11 14:51:53,观望,买入,否,安全,601668,中国建筑,4.99,安全,二买,向下,无信号,-,4条件未全部满足（15分无背驰；区间价格对齐-），继续观望,4.88,4.91,4.99,0.0208,0.0176,否
2026-05-11 14:51:53,观望,卖出,否,安全,601288,农业银行,6.81,安全,二卖+一买,向上,无信号,-,4条件未全部满足（买点但笔方向向上；15分无背驰；区间价格对齐-），继续观望,6.73,6.85,6.95,-0.0188,-0.0219,否
2026-05-11 14:51:53,观望,买入,否,安全,601728,中国电信,6.14,安全,二买,向下,顶背驰,否,4条件未全部满足（15分顶背驰非底背驰；区间价格对齐否），继续观望,5.75,5.76,6.00,0.0346,0.0300,否
2026-05-11 14:51:53,观望,观望,否,安全,600276,恒瑞医药,53.38,安全,二卖,向下,无信号,-,4条件未全部满足（卖点但笔方向向下；15分无背驰；区间价格对齐-），继续观望,52.67,52.41,53.92,0.1029,0.0050,否
2026-05-11 14:51:53,观望,卖出,否,安全,600177,雅戈尔,7.82,安全,二卖+二买,向上,无信号,-,4条件未全部满足（买点但笔方向向上；15分无背驰；区间价格对齐-），继续观望,7.66,7.25,7.82,0.0143,0.0066,否
2026-05-11 14:51:53,观望,观望,否,安全,600887,伊利股份,28.05,安全,二卖+二买,向下,无信号,-,4条件未全部满足（卖点但笔方向向下；15分无背驰；区间价格对齐-），继续观望,27.22,27.36,27.83,0.1398,0.1221,否
2026-05-11 14:51:53,观望,观望,否,安全,601138,工业富联,65.47,安全,二卖+二买,向下,无信号,-,4条件未全部满足（卖点但笔方向向下；15分无背驰；区间价格对齐-），继续观望,58.00,61.86,66.91,0.5465,0.4251,否
2026-05-11 14:51:53,观望,卖出,否,安全,688041,海光信息,347.51,安全,二卖+二买,向上,无信号,-,4条件未全部满足（买点但笔方向向上；15分无背驰；区间价格对齐-），继续观望,246.00,271.06,343.17,4.6749,3.6321,否
2026-05-11 14:51:53,观望,卖出,否,安全,688981,中芯国际,122.37,安全,二卖,向上,无信号,-,4条件未全部满足（15分无背驰；区间价格对齐-），继续观望,100.13,115.74,124.57,0.0683,0.0739,否
2026-05-11 14:51:53,观望,卖出,否,安全,601225,陕西煤业,23.81,安全,二卖,向上,无信号,-,4条件未全部满足（15分无背驰；区间价格对齐-），继续观望,22.32,22.30,26.00,-0.0847,-0.0987,否
2026-05-11 14:51:53,观望,观望,否,安全,601998,中信银行,8.26,安全,二卖+二买,向下,无信号,-,4条件未全部满足（卖点但笔方向向下；15分无背驰；区间价格对齐-），继续观望,7.98,8.16,8.31,-0.0020,-0.0097,否
2026-05-11 14:51:53,观望,观望,否,安全,600900,长江电力,26.98,安全,二卖,向下,无信号,-,4条件未全部满足（卖点但笔方向向下；15分无背驰；区间价格对齐-），继续观望,26.66,26.60,27.01,-0.0124,-0.0071,否
2026-05-11 14:51:53,观望,卖出,否,安全,002507,涪陵榨菜,12.38,安全,二卖,向上,无信号,-,4条件未全部满足（15分无背驰；区间价格对齐-），继续观望,12.32,12.28,12.41,-0.0247,-0.0211,否
2026-05-11 14:51:53,观望,卖出,否,安全,000338,潍柴动力,33.60,安全,二卖+二买,向上,无信号,-,4条件未全部满足（买点但笔方向向上；15分无背驰；区间价格对齐-），继续观望,25.92,23.75,33.85,-0.0335,-0.0765,否
2026-05-11 14:51:53,观望,卖出,否,安全,000538,云南白药,52.61,日线破位,二卖,向上,无信号,-,4条件未全部满足（15分无背驰；区间价格对齐-），继续观望,55.40,54.40,52.75,0.0038,-0.0069,否
2026-05-11 14:51:53,观望,观望,否,安全,000858,五粮液,91.75,日线破位,二卖,向下,无信号,-,4条件未全部满足（卖点但笔方向向下；15分无背驰；区间价格对齐-），继续观望,101.59,101.08,98.40,-0.1917,-0.2455,否
2026-05-11 14:51:53,观望,卖出,否,安全,000423,东阿阿胶,53.89,安全,二卖+二买,向上,顶背驰,否,4条件未全部满足（买点但笔方向向上；15分顶背驰非底背驰；区间价格对齐否），继续观望,53.51,52.11,54.45,0.0624,0.0665,否
2026-05-11 14:51:53,观望,观望,否,安全,000333,美的集团,80.65,安全,二卖+二买,向下,无信号,-,4条件未全部满足（卖点但笔方向向下；15分无背驰；区间价格对齐-），继续观望,79.17,78.91,80.89,0.0469,0.1072,否
2026-05-11 14:51:53,观望,观望,否,安全,000001,平安银行,11.27,安全,无信号,向下,无信号,-,4条件未全部满足（无买卖信号；15分无背驰；区间价格对齐-），继续观望,11.30,11.03,11.39,-0.0156,-0.0228,否
2026-05-11 14:51:53,观望,观望,否,安全,000651,格力电器,40.42,安全,二卖+二买,向下,无信号,-,4条件未全部满足（卖点但笔方向向下；15分无背驰；区间价格对齐-），继续观望,40.00,40.10,40.19,0.1281,0.1356,否
2026-05-11 14:51:53,观望,观望,否,安全,000895,双汇发展,27.09,安全,二卖,向下,无信号,-,4条件未全部满足（卖点但笔方向向下；15分无背驰；区间价格对齐-），继续观望,26.66,26.51,27.87,0.0328,-0.0249,否
2026-05-11 14:51:53,观望,观望,否,安全,hk03690,美团,84.55,安全,一卖+二卖,向下,无信号,-,4条件未全部满足（卖点但笔方向向下；15分无背驰；区间价格对齐-），继续观望,83.75,82.15,84.55,0.0856,-0.0426,否
2026-05-11 14:51:53,观望,观望,否,安全,hk03896,金山云,8.45,安全,二卖+二买,向下,无信号,-,4条件未全部满足（卖点但笔方向向下；15分无背驰；区间价格对齐-），继续观望,7.86,7.80,8.39,0.0396,0.0628,否
2026-05-11 14:51:53,观望,卖出,否,安全,hk00700,腾讯,464.80,日线破位,二卖+二买,向上,无信号,-,4条件未全部满足（买点但笔方向向上；15分无背驰；区间价格对齐-），继续观望,494.60,486.20,473.40,-0.7820,-0.5616,否
2026-05-11 14:51:53,观望,观望,否,安全,hk09988,阿里巴巴,133.80,安全,二买,向上,无信号,-,4条件未全部满足（买点但笔方向向上；15分无背驰；区间价格对齐-），继续观望,142.40,126.70,134.20,-1.2556,-1.1352,否
2026-05-11 14:51:53,观望,买入,否,安全,hk01024,快手,51.75,安全,二买,向下,无信号,-,4条件未全部满足（15分无背驰；区间价格对齐-），继续观望,48.90,51.00,48.80,0.5096,0.5934,否
2026-05-11 14:51:53,观望,卖出,否,安全,hk06618,京东健康,46.18,安全,二卖+二买,向上,顶背驰,否,4条件未全部满足（买点但笔方向向上；15分顶背驰非底背驰；区间价格对齐否），继续观望,46.16,46.10,46.58,0.2150,0.1184,否
2026-05-11 14:51:53,观望,买入,否,安全,hk06862,海底捞,15.16,安全,二买,向下,无信号,-,4条件未全部满足（15分无背驰；区间价格对齐-），继续观望,14.22,14.16,15.21,0.1000,0.0837,否
2026-05-11 15:12:43,观望,观望,是,安全,603317,天味食品,15.84,安全,无信号,向下,无信号,-,4条件未全部满足（无买卖信号；15分无背驰；区间价格对齐-），继续观望,12.56,12.98,17.28,-0.1321,-0.1896,否
2026-05-11 15:12:43,观望,观望,是,安全,600660,福耀玻璃,59.40,安全,无信号,向上,无信号,-,4条件未全部满足（无买卖信号；15分无背驰；区间价格对齐-），继续观望,60.10,56.86,59.60,-0.0790,-0.0391,否
2026-05-11 15:12:43,观望,观望,是,安全,600938,中国海油,36.25,安全,一卖,向下,无信号,-,4条件未全部满足（卖点但笔方向向下；15分无背驰；区间价格对齐-），继续观望,34.06,35.29,37.85,-0.0956,-0.1239,否
2026-05-11 15:12:43,观望,买入,是,安全,600895,张江高科,38.45,安全,二买,向下,无信号,-,4条件未全部满足（15分无背驰；区间价格对齐-），继续观望,36.90,36.21,38.72,0.1774,0.2050,否
2026-05-11 15:12:43,观望,买入,是,安全,000429,粤高速A,12.90,安全,二买,向下,无信号,-,4条件未全部满足（15分无背驰；区间价格对齐-），继续观望,12.70,12.58,12.91,0.0772,0.0564,否
2026-05-11 15:12:43,观望,买入,是,安全,hk01810,小米集团,31.76,安全,二买,向下,无信号,-,4条件未全部满足（15分无背驰；区间价格对齐-），继续观望,32.78,30.26,32.44,0.0802,0.0821,否
2026-05-11 15:12:43,观望,买入,是,安全,513130,恒生科技ETF,0.64,安全,二买,向下,无信号,-,4条件未全部满足（15分无背驰；区间价格对齐-），继续观望,0.61,0.61,0.64,0.0011,0.0008,否
2026-05-11 15:12:43,观望,观望,是,安全,515790,光伏ETF,1.12,安全,二买,向上,无信号,-,4条件未全部满足（买点但笔方向向上；15分无背驰；区间价格对齐-），继续观望,1.03,1.08,1.15,0.0062,0.0071,否
2026-05-11 15:12:43,观望,观望,否,安全,sh000001,上证指数,4225.02,安全,二买,向上,顶背驰,否,4条件未全部满足（买点但笔方向向上；15分顶背驰非底背驰；区间价格对齐否），继续观望,4101.83,4079.77,4180.21,12.5126,11.9918,否
2026-05-11 15:12:43,观望,观望,否,安全,510300,沪深300ETF,4.96,安全,二卖,向下,无信号,-,4条件未全部满足（卖点但笔方向向下；15分无背驰；区间价格对齐-），继续观望,4.68,4.75,4.91,0.0187,0.0171,否
2026-05-11 15:12:43,观望,观望,否,安全,588000,科创50ETF,1.81,安全,二卖,向下,无信号,-,4条件未全部满足（卖点但笔方向向下；15分无背驰；区间价格对齐-），继续观望,1.55,1.55,1.77,0.0172,0.0167,否
2026-05-11 15:12:43,观望,卖出,否,安全,512400,有色金属ETF,2.21,安全,二卖+二买,向上,无信号,-,4条件未全部满足（买点但笔方向向上；15分无背驰；区间价格对齐-），继续观望,2.10,2.17,2.23,0.0022,0.0030,否
2026-05-11 15:12:43,观望,观望,否,安全,512690,酒ETF,0.48,日线破位,二卖,向下,无信号,-,4条件未全部满足（卖点但笔方向向下；15分无背驰；区间价格对齐-），继续观望,0.48,0.48,0.48,-0.0003,-0.0005,否
2026-05-11 15:12:43,观望,观望,否,安全,159227,航空航天ETF,1.39,日线破位,二买,向上,顶背驰,是,4条件未全部满足（买点但笔方向向上；15分顶背驰非底背驰），继续观望,1.43,1.41,1.37,0.0089,0.0109,否
2026-05-11 15:12:43,观望,观望,否,安全,159992,创新药ETF,0.85,安全,二卖,向下,无信号,-,4条件未全部满足（卖点但笔方向向下；15分无背驰；区间价格对齐-），继续观望,0.81,0.83,0.85,0.0044,0.0020,否
2026-05-11 15:12:43,观望,观望,否,安全,515050,通信ETF,3.30,安全,二买,向上,无信号,-,4条件未全部满足（买点但笔方向向上；15分无背驰；区间价格对齐-），继续观望,2.30,2.33,3.09,0.0384,0.0387,否
2026-05-11 15:12:43,观望,观望,否,安全,159915,创业板ETF,3.95,安全,二买,向上,无信号,-,4条件未全部满足（买点但笔方向向上；15分无背驰；区间价格对齐-），继续观望,3.25,3.27,3.82,0.0318,0.0286,否
2026-05-11 15:12:43,观望,观望,否,安全,588200,科创芯片ETF,3.43,安全,一卖+二卖,向下,无信号,-,4条件未全部满足（卖点但笔方向向下；15分无背驰；区间价格对齐-），继续观望,2.41,2.65,3.34,0.0399,0.0397,否
2026-05-11 15:12:43,观望,观望,否,安全,159755,电池ETF,1.23,安全,二卖,向下,无信号,-,4条件未全部满足（卖点但笔方向向下；15分无背驰；区间价格对齐-），继续观望,1.03,1.17,1.26,-0.0022,-0.0034,否
2026-05-11 15:12:43,观望,观望,否,安全,159899,软件ETF,0.89,安全,二买,向上,无信号,-,4条件未全部满足（买点但笔方向向上；15分无背驰；区间价格对齐-），继续观望,0.87,0.89,0.89,0.0021,0.0025,否
2026-05-11 15:12:43,观望,观望,否,安全,513360,教育ETF,0.50,安全,二买,向上,无信号,-,4条件未全部满足（买点但笔方向向上；15分无背驰；区间价格对齐-），继续观望,0.49,0.50,0.50,-0.0007,-0.0007,否
2026-05-11 15:12:43,观望,买入,否,安全,601668,中国建筑,5.00,安全,二买,向下,无信号,-,4条件未全部满足（15分无背驰；区间价格对齐-），继续观望,4.88,4.91,5.00,0.0212,0.0183,否
2026-05-11 15:12:43,观望,观望,否,安全,601288,农业银行,6.81,安全,二卖,向下,无信号,-,4条件未全部满足（卖点但笔方向向下；15分无背驰；区间价格对齐-），继续观望,6.73,6.85,6.95,-0.0169,-0.0209,否
2026-05-11 15:12:43,观望,买入,否,安全,601728,中国电信,6.14,安全,二买,向下,顶背驰,否,4条件未全部满足（15分顶背驰非底背驰；区间价格对齐否），继续观望,5.75,5.76,6.14,0.0344,0.0309,否
2026-05-11 15:12:43,观望,观望,否,安全,600276,恒瑞医药,53.52,安全,二卖,向下,无信号,-,4条件未全部满足（卖点但笔方向向下；15分无背驰；区间价格对齐-），继续观望,52.67,52.41,53.92,0.1159,0.0272,否
2026-05-11 15:12:43,观望,卖出,否,安全,600177,雅戈尔,7.79,安全,二卖+二买,向上,无信号,-,4条件未全部满足（买点但笔方向向上；15分无背驰；区间价格对齐-），继续观望,7.66,7.25,7.82,0.0108,0.0075,否
2026-05-11 15:12:43,观望,观望,否,安全,600887,伊利股份,28.06,安全,二卖+二买,向下,无信号,-,4条件未全部满足（卖点但笔方向向下；15分无背驰；区间价格对齐-），继续观望,27.22,27.36,27.83,0.1341,0.1245,否
2026-05-11 15:12:43,观望,观望,否,安全,601138,工业富联,65.85,安全,二卖+二买,向下,无信号,-,4条件未全部满足（卖点但笔方向向下；15分无背驰；区间价格对齐-），继续观望,58.00,61.86,66.91,0.5653,0.4531,否
2026-05-11 15:12:43,观望,卖出,否,安全,688041,海光信息,349.18,安全,二卖+二买,向上,无信号,-,4条件未全部满足（买点但笔方向向上；15分无背驰；区间价格对齐-），继续观望,246.00,271.06,343.17,4.7617,3.8580,否
2026-05-11 15:12:43,观望,卖出,否,安全,688981,中芯国际,122.52,安全,二卖,向上,无信号,-,4条件未全部满足（15分无背驰；区间价格对齐-），继续观望,100.13,115.74,124.57,0.0628,0.0717,否
2026-05-11 15:12:43,观望,观望,否,安全,601225,陕西煤业,23.83,安全,二卖,向下,无信号,-,4条件未全部满足（卖点但笔方向向下；15分无背驰；区间价格对齐-），继续观望,22.32,22.30,24.57,-0.0813,-0.0952,否
2026-05-11 15:12:43,观望,观望,否,安全,601998,中信银行,8.26,安全,二卖+二买,向下,无信号,-,4条件未全部满足（卖点但笔方向向下；15分无背驰；区间价格对齐-），继续观望,7.98,8.16,8.31,-0.0007,-0.0079,否
2026-05-11 15:12:43,观望,观望,否,安全,600900,长江电力,27.01,安全,二卖,向下,无信号,-,4条件未全部满足（卖点但笔方向向下；15分无背驰；区间价格对齐-），继续观望,26.66,26.60,27.01,-0.0116,-0.0080,否
2026-05-11 15:12:43,观望,卖出,否,安全,002507,涪陵榨菜,12.40,安全,二卖,向上,无信号,-,4条件未全部满足（15分无背驰；区间价格对齐-），继续观望,12.32,12.28,12.41,-0.0233,-0.0216,否
2026-05-11 15:12:43,观望,卖出,否,安全,000338,潍柴动力,33.53,安全,二卖+二买,向上,无信号,-,4条件未全部满足（买点但笔方向向上；15分无背驰；区间价格对齐-），继续观望,25.92,23.75,33.85,-0.0240,-0.0660,否
2026-05-11 15:12:43,观望,卖出,否,安全,000538,云南白药,52.62,日线破位,二卖,向上,无信号,-,4条件未全部满足（15分无背驰；区间价格对齐-），继续观望,55.40,54.40,52.75,0.0028,-0.0050,否
2026-05-11 15:12:43,观望,观望,否,安全,000858,五粮液,91.81,日线破位,二卖,向下,无信号,-,4条件未全部满足（卖点但笔方向向下；15分无背驰；区间价格对齐-），继续观望,101.59,101.08,98.40,-0.1729,-0.2310,否
2026-05-11 15:12:43,观望,观望,否,安全,000423,东阿阿胶,53.88,安全,二卖+二买,向下,顶背驰,否,4条件未全部满足（卖点但笔方向向下；15分顶背驰非底背驰；区间价格对齐否），继续观望,53.51,52.11,54.45,0.0561,0.0644,否
2026-05-11 15:12:43,观望,观望,否,安全,000333,美的集团,80.67,安全,二买,向上,无信号,-,4条件未全部满足（买点但笔方向向上；15分无背驰；区间价格对齐-），继续观望,79.17,78.91,80.89,0.0279,0.0913,否
2026-05-11 15:12:43,观望,观望,否,安全,000001,平安银行,11.28,安全,无信号,向下,无信号,-,4条件未全部满足（无买卖信号；15分无背驰；区间价格对齐-），继续观望,11.30,11.03,11.39,-0.0131,-0.0209,否
2026-05-11 15:12:43,观望,观望,否,安全,000651,格力电器,40.46,安全,二卖+二买,向下,无信号,-,4条件未全部满足（卖点但笔方向向下；15分无背驰；区间价格对齐-），继续观望,40.00,40.10,40.19,0.1195,0.1323,否
2026-05-11 15:12:43,观望,观望,否,安全,000895,双汇发展,27.15,安全,二卖,向下,无信号,-,4条件未全部满足（卖点但笔方向向下；15分无背驰；区间价格对齐-），继续观望,26.66,26.51,27.72,0.0375,-0.0124,否
2026-05-11 15:12:43,观望,卖出,否,安全,002415,海康威视,35.36,安全,二卖+二买,向上,无信号,-,4条件未全部满足（买点但笔方向向上；15分无背驰；区间价格对齐-），继续观望,31.96,33.30,36.35,-0.1048,-0.0128,否
2026-05-11 15:12:43,观望,观望,否,安全,hk03690,美团,84.55,安全,一卖+二卖,向下,无信号,-,4条件未全部满足（卖点但笔方向向下；15分无背驰；区间价格对齐-），继续观望,83.75,82.15,84.55,0.0856,-0.0426,否
2026-05-11 15:12:43,观望,观望,否,安全,hk03896,金山云,8.45,安全,二卖+二买,向下,无信号,-,4条件未全部满足（卖点但笔方向向下；15分无背驰；区间价格对齐-），继续观望,7.86,7.80,8.39,0.0396,0.0628,否
2026-05-11 15:12:43,观望,卖出,否,安全,hk00700,腾讯,464.80,日线破位,二卖+二买,向上,无信号,-,4条件未全部满足（买点但笔方向向上；15分无背驰；区间价格对齐-），继续观望,494.60,486.20,473.40,-0.7820,-0.5616,否
2026-05-11 15:12:43,观望,观望,否,安全,hk09988,阿里巴巴,133.80,安全,二买,向上,无信号,-,4条件未全部满足（买点但笔方向向上；15分无背驰；区间价格对齐-），继续观望,142.40,126.70,134.20,-1.2556,-1.1352,否
2026-05-11 15:12:43,观望,买入,否,安全,hk01024,快手,51.75,安全,二买,向下,无信号,-,4条件未全部满足（15分无背驰；区间价格对齐-），继续观望,48.90,51.00,48.80,0.5096,0.5934,否
2026-05-11 15:12:43,观望,卖出,否,安全,hk06618,京东健康,46.18,安全,二卖+二买,向上,顶背驰,否,4条件未全部满足（买点但笔方向向上；15分顶背驰非底背驰；区间价格对齐否），继续观望,46.16,46.10,46.58,0.2150,0.1184,否
2026-05-11 15:12:43,观望,买入,否,安全,hk06862,海底捞,15.16,安全,二买,向下,无信号,-,4条件未全部满足（15分无背驰；区间价格对齐-），继续观望,14.22,14.16,15.21,0.1000,0.0837,否
2026-05-12 11:41:55,观望,观望,是,安全,603317,天味食品,16.08,安全,无信号,向下,无信号,-,4条件未全部满足（无买卖信号；15分无背驰；区间价格对齐-），继续观望,12.56,12.98,17.28,0.0148,-0.0429,否
2026-05-12 11:41:55,观望,买入,是,安全,600660,福耀玻璃,59.31,安全,二买,向下,无信号,-,4条件未全部满足（15分无背驰；区间价格对齐-），继续观望,56.89,56.86,60.80,-0.0849,-0.0786,否
2026-05-12 11:41:55,观望,观望,是,安全,600938,中国海油,36.34,安全,无信号,向下,无信号,-,4条件未全部满足（无买卖信号；15分无背驰；区间价格对齐-），继续观望,34.06,35.29,37.85,-0.0781,-0.0906,否
2026-05-12 11:41:55,观望,观望,是,安全,600895,张江高科,37.52,安全,二买,向上,无信号,-,4条件未全部满足（买点但笔方向向上；15分无背驰；区间价格对齐-），继续观望,33.37,36.90,38.17,-0.1094,-0.0068,否
2026-05-12 11:41:55,观望,买入,是,安全,000429,粤高速A,12.96,安全,二买,向下,无信号,-,4条件未全部满足（15分无背驰；区间价格对齐-），继续观望,12.71,12.58,13.12,0.0862,0.0836,否
2026-05-12 11:41:55,观望,观望,是,安全,hk01810,小米集团,31.50,安全,二买,向上,无信号,-,4条件未全部满足（买点但笔方向向上；15分无背驰；区间价格对齐-），继续观望,32.78,30.26,31.92,0.0196,0.0530,否
2026-05-12 11:41:55,观望,观望,是,安全,513130,恒生科技ETF,0.64,安全,二买,向上,无信号,-,4条件未全部满足（买点但笔方向向上；15分无背驰；区间价格对齐-），继续观望,0.61,0.61,0.64,0.0008,0.0010,否
2026-05-12 11:41:55,观望,买入,是,安全,515790,光伏ETF,1.12,安全,二买,向下,无信号,-,4条件未全部满足（15分无背驰；区间价格对齐-），继续观望,1.08,1.10,1.15,0.0048,0.0053,否
2026-05-12 11:41:55,观望,观望,否,安全,sh000001,上证指数,4208.01,安全,二买,向上,无信号,-,4条件未全部满足（买点但笔方向向上；15分无背驰；区间价格对齐-），继续观望,4101.83,4079.77,4180.21,7.5292,9.8573,否
2026-05-12 11:41:55,观望,观望,否,安全,510300,沪深300ETF,4.95,安全,无信号,向上,无信号,-,4条件未全部满足（无买卖信号；15分无背驰；区间价格对齐-），继续观望,4.68,4.75,4.91,0.0138,0.0164,否
2026-05-12 11:41:55,观望,买入,否,安全,588000,科创50ETF,1.80,安全,二买,向下,无信号,-,4条件未全部满足（15分无背驰；区间价格对齐-），继续观望,1.55,1.55,1.77,0.0136,0.0145,否
2026-05-12 11:41:55,观望,观望,否,安全,512400,有色金属ETF,2.19,安全,二买,向上,底背驰,否,4条件未全部满足（买点但笔方向向上；区间价格对齐否），继续观望,2.10,2.17,2.23,0.0004,0.0016,否
2026-05-12 11:41:55,观望,卖出,否,安全,512690,酒ETF,0.47,日线破位,二卖,向上,无信号,-,4条件未全部满足（15分无背驰；区间价格对齐-），继续观望,0.48,0.48,0.48,-0.0017,-0.0012,否
2026-05-12 11:41:55,观望,观望,否,安全,159227,航空航天ETF,1.35,日线破位,二买,向上,无信号,-,4条件未全部满足（买点但笔方向向上；15分无背驰；区间价格对齐-），继续观望,1.43,1.41,1.37,-0.0025,0.0021,否
2026-05-12 11:41:55,观望,观望,否,安全,159992,创新药ETF,0.83,安全,无信号,向上,无信号,-,4条件未全部满足（无买卖信号；15分无背驰；区间价格对齐-），继续观望,0.81,0.83,0.84,0.0016,0.0024,否
2026-05-12 11:41:55,观望,观望,否,安全,515050,通信ETF,3.30,安全,二买,向上,无信号,-,4条件未全部满足（买点但笔方向向上；15分无背驰；区间价格对齐-），继续观望,2.30,2.33,3.01,0.0338,0.0387,否
2026-05-12 11:41:55,观望,观望,否,安全,159915,创业板ETF,3.92,安全,二买,向上,顶背驰,否,4条件未全部满足（买点但笔方向向上；15分顶背驰非底背驰；区间价格对齐否），继续观望,3.25,3.27,3.82,0.0239,0.0278,否
2026-05-12 11:41:55,观望,观望,否,安全,588200,科创芯片ETF,3.44,安全,一卖+二卖,向下,无信号,-,4条件未全部满足（卖点但笔方向向下；15分无背驰；区间价格对齐-），继续观望,2.41,2.65,3.34,0.0381,0.0387,否
2026-05-12 11:41:55,观望,观望,否,安全,159755,电池ETF,1.20,安全,一卖+二卖,向下,无信号,-,4条件未全部满足（卖点但笔方向向下；15分无背驰；区间价格对齐-），继续观望,1.03,1.17,1.22,-0.0077,-0.0061,否
2026-05-12 11:41:55,观望,观望,否,安全,159899,软件ETF,0.87,日线破位,二买,向上,无信号,-,4条件未全部满足（买点但笔方向向上；15分无背驰；区间价格对齐-），继续观望,0.87,0.89,0.87,-0.0024,-0.0008,否
2026-05-12 11:41:55,观望,观望,否,安全,513360,教育ETF,0.50,安全,二买,向上,无信号,-,4条件未全部满足（买点但笔方向向上；15分无背驰；区间价格对齐-），继续观望,0.49,0.50,0.50,-0.0006,-0.0006,否
2026-05-12 11:41:55,观望,买入,否,安全,601668,中国建筑,5.01,安全,二买,向下,无信号,-,4条件未全部满足（15分无背驰；区间价格对齐-），继续观望,5.00,4.91,5.03,0.0205,0.0222,否
2026-05-12 11:41:55,观望,卖出,否,安全,601288,农业银行,6.82,安全,二卖,向上,无信号,-,4条件未全部满足（15分无背驰；区间价格对齐-），继续观望,6.53,6.53,6.85,-0.0084,-0.0121,否
2026-05-12 11:41:55,观望,买入,否,安全,601728,中国电信,6.16,安全,二买,向下,顶背驰,否,4条件未全部满足（15分顶背驰非底背驰；区间价格对齐否），继续观望,6.24,5.91,6.14,0.0321,0.0344,否
2026-05-12 11:41:55,卖出,卖出,否,安全,600276,恒瑞医药,53.39,安全,一卖,向上,顶背驰,是,宏观遇阻，微观多头力竭，时空完美共振！,52.67,52.41,53.92,0.1374,0.1373,否
2026-05-12 11:41:55,观望,卖出,否,安全,600177,雅戈尔,7.77,安全,二卖+二买,向上,无信号,-,4条件未全部满足（买点但笔方向向上；15分无背驰；区间价格对齐-），继续观望,7.66,7.50,7.88,-0.0028,0.0037,否
2026-05-12 11:41:55,观望,观望,否,安全,600887,伊利股份,28.13,安全,二买,向上,顶背驰,否,4条件未全部满足（买点但笔方向向上；15分顶背驰非底背驰；区间价格对齐否），继续观望,27.75,27.36,27.83,0.1009,0.1181,否
2026-05-12 11:41:55,观望,观望,否,安全,601138,工业富联,63.61,安全,二买,向上,无信号,-,4条件未全部满足（买点但笔方向向上；15分无背驰；区间价格对齐-），继续观望,62.70,63.20,64.59,-0.0409,0.1738,否
2026-05-12 11:41:55,观望,卖出,否,安全,688041,海光信息,346.61,安全,二卖+二买,向上,顶背驰,否,4条件未全部满足（买点但笔方向向上；15分顶背驰非底背驰；区间价格对齐否），继续观望,246.00,271.06,343.17,4.0082,4.0132,否
2026-05-12 11:41:55,观望,观望,否,安全,688981,中芯国际,120.20,安全,二买,向上,无信号,-,4条件未全部满足（买点但笔方向向上；15分无背驰；区间价格对齐-），继续观望,124.60,115.74,124.57,-0.1806,0.0232,否
2026-05-12 11:41:55,观望,卖出,否,安全,601225,陕西煤业,23.92,安全,二卖,向上,无信号,-,4条件未全部满足（15分无背驰；区间价格对齐-），继续观望,22.32,22.30,24.11,-0.0489,-0.0649,否
2026-05-12 11:41:55,观望,观望,否,安全,600900,长江电力,27.13,安全,二卖,向下,无信号,-,4条件未全部满足（卖点但笔方向向下；15分无背驰；区间价格对齐-），继续观望,26.66,26.60,27.10,0.0170,0.0093,否
2026-05-12 11:41:55,观望,观望,否,安全,300274,阳光电源,141.16,安全,二买,向上,无信号,-,4条件未全部满足（买点但笔方向向上；15分无背驰；区间价格对齐-），继续观望,136.10,142.08,142.38,-0.0669,0.3034,否
2026-05-12 11:41:55,观望,卖出,否,安全,002507,涪陵榨菜,12.32,安全,二卖,向上,无信号,-,4条件未全部满足（15分无背驰；区间价格对齐-），继续观望,12.32,12.28,12.33,-0.0343,-0.0307,否
2026-05-12 11:41:55,观望,卖出,否,安全,000338,潍柴动力,32.80,安全,二卖+二买,向上,无信号,-,4条件未全部满足（买点但笔方向向上；15分无背驰；区间价格对齐-），继续观望,25.92,23.75,33.85,-0.1871,-0.1664,否
2026-05-12 11:41:55,卖出,卖出,否,安全,000538,云南白药,52.52,日线破位,二卖,向上,顶背驰,是,宏观遇阻，微观多头力竭，时空完美共振！,55.40,54.40,52.89,-0.0167,-0.0066,否
2026-05-12 11:41:55,观望,卖出,否,安全,000858,五粮液,90.72,日线破位,二卖,向上,无信号,-,4条件未全部满足（15分无背驰；区间价格对齐-），继续观望,101.59,101.08,91.95,-0.4039,-0.3403,否
2026-05-12 11:41:55,卖出,卖出,否,安全,000423,东阿阿胶,53.11,安全,二卖+二买,向上,顶背驰,是,宏观遇阻，微观多头力竭，时空完美共振！,53.51,52.11,54.10,-0.1367,-0.0442,否
2026-05-12 11:41:55,观望,观望,否,安全,000333,美的集团,80.30,安全,二买,向上,无信号,-,4条件未全部满足（买点但笔方向向上；15分无背驰；区间价格对齐-），继续观望,79.17,78.91,80.89,-0.1078,-0.0321,否
2026-05-12 11:41:55,观望,卖出,否,安全,000001,平安银行,11.27,安全,二卖,向上,无信号,-,4条件未全部满足（15分无背驰；区间价格对齐-），继续观望,11.30,11.03,11.36,-0.0085,-0.0120,否
2026-05-12 11:41:55,观望,观望,否,安全,000651,格力电器,40.34,安全,二买,向上,无信号,-,4条件未全部满足（买点但笔方向向上；15分无背驰；区间价格对齐-），继续观望,40.28,40.10,40.19,0.0519,0.0971,否
2026-05-12 11:41:55,观望,卖出,否,安全,000895,双汇发展,26.99,安全,二卖,向上,无信号,-,4条件未全部满足（15分无背驰；区间价格对齐-），继续观望,26.77,26.51,27.43,-0.0115,0.0010,否
2026-05-12 11:41:55,观望,卖出,否,安全,002415,海康威视,34.85,安全,二卖+二买,向上,无信号,-,4条件未全部满足（买点但笔方向向上；15分无背驰；区间价格对齐-），继续观望,31.96,33.30,36.35,-0.2529,-0.1930,否
2026-05-12 11:41:55,观望,观望,否,安全,hk03690,美团,84.75,安全,一卖+二卖,向下,无信号,-,4条件未全部满足（卖点但笔方向向下；15分无背驰；区间价格对齐-），继续观望,83.75,82.15,84.55,0.3213,0.3133,否
2026-05-12 11:41:55,观望,观望,否,安全,hk03896,金山云,8.12,安全,二卖+二买,向下,无信号,-,4条件未全部满足（卖点但笔方向向下；15分无背驰；区间价格对齐-），继续观望,7.86,7.80,8.39,-0.0765,-0.0379,否
2026-05-12 11:41:55,观望,观望,否,安全,hk00700,腾讯,463.20,日线破位,二卖,向下,无信号,-,4条件未全部满足（卖点但笔方向向下；15分无背驰；区间价格对齐-），继续观望,494.60,486.20,474.40,-1.0673,-1.1360,否
2026-05-12 11:41:55,观望,观望,否,安全,hk09988,阿里巴巴,134.40,安全,二买,向上,无信号,-,4条件未全部满足（买点但笔方向向上；15分无背驰；区间价格对齐-），继续观望,129.60,126.70,134.20,-0.2667,-0.4662,否
2026-05-12 11:41:55,观望,观望,否,安全,hk01024,快手,53.60,安全,二卖+二买,向下,无信号,-,4条件未全部满足（卖点但笔方向向下；15分无背驰；区间价格对齐-），继续观望,48.90,51.00,52.65,0.7572,0.6981,否
2026-05-12 11:41:55,观望,卖出,否,安全,hk06618,京东健康,45.40,日线破位,二卖+二买,向上,无信号,-,4条件未全部满足（买点但笔方向向上；15分无背驰；区间价格对齐-），继续观望,46.16,46.10,45.88,0.0691,0.1578,否
2026-05-12 11:41:55,观望,买入,否,安全,hk06862,海底捞,15.02,日线破位,二买,向下,无信号,-,4条件未全部满足（15分无背驰；区间价格对齐-），继续观望,15.27,15.31,15.21,0.0551,0.1035,否
2026-05-12 11:44:23,观望,观望,是,安全,603317,天味食品,16.08,安全,无信号,向下,无信号,-,4条件未全部满足（无买卖信号；15分无背驰；区间价格对齐-），继续观望,12.56,12.98,17.28,0.0148,-0.0429,否
2026-05-12 11:44:23,观望,买入,是,安全,600660,福耀玻璃,59.31,安全,二买,向下,无信号,-,4条件未全部满足（15分无背驰；区间价格对齐-），继续观望,56.89,56.86,60.80,-0.0849,-0.0786,否
2026-05-12 11:44:23,观望,观望,是,安全,600938,中国海油,36.34,安全,无信号,向下,无信号,-,4条件未全部满足（无买卖信号；15分无背驰；区间价格对齐-），继续观望,34.06,35.29,37.85,-0.0781,-0.0906,否
2026-05-12 11:44:23,观望,观望,是,安全,600895,张江高科,37.52,安全,二买,向上,无信号,-,4条件未全部满足（买点但笔方向向上；15分无背驰；区间价格对齐-），继续观望,33.37,36.90,38.17,-0.1094,-0.0068,否
2026-05-12 11:44:23,观望,买入,是,安全,000429,粤高速A,12.96,安全,二买,向下,无信号,-,4条件未全部满足（15分无背驰；区间价格对齐-），继续观望,12.71,12.58,13.12,0.0862,0.0836,否
2026-05-12 11:44:23,观望,观望,是,安全,hk01810,小米集团,31.50,安全,二买,向上,无信号,-,4条件未全部满足（买点但笔方向向上；15分无背驰；区间价格对齐-），继续观望,32.78,30.26,31.92,0.0196,0.0530,否
2026-05-12 11:44:23,观望,观望,是,安全,513130,恒生科技ETF,0.64,安全,二买,向上,无信号,-,4条件未全部满足（买点但笔方向向上；15分无背驰；区间价格对齐-），继续观望,0.61,0.61,0.64,0.0008,0.0010,否
2026-05-12 11:44:23,观望,买入,是,安全,515790,光伏ETF,1.12,安全,二买,向下,无信号,-,4条件未全部满足（15分无背驰；区间价格对齐-），继续观望,1.08,1.10,1.15,0.0048,0.0053,否
2026-05-12 11:44:23,观望,观望,否,安全,sh000001,上证指数,4208.01,安全,二买,向上,无信号,-,4条件未全部满足（买点但笔方向向上；15分无背驰；区间价格对齐-），继续观望,4101.83,4079.77,4180.21,7.5292,9.8573,否
2026-05-12 11:44:23,观望,观望,否,安全,510300,沪深300ETF,4.95,安全,无信号,向上,无信号,-,4条件未全部满足（无买卖信号；15分无背驰；区间价格对齐-），继续观望,4.68,4.75,4.91,0.0138,0.0164,否
2026-05-12 11:44:23,观望,买入,否,安全,588000,科创50ETF,1.80,安全,二买,向下,无信号,-,4条件未全部满足（15分无背驰；区间价格对齐-），继续观望,1.55,1.55,1.77,0.0136,0.0145,否
2026-05-12 11:44:23,观望,观望,否,安全,512400,有色金属ETF,2.19,安全,二买,向上,底背驰,否,4条件未全部满足（买点但笔方向向上；区间价格对齐否），继续观望,2.10,2.17,2.23,0.0004,0.0016,否
2026-05-12 11:44:23,观望,卖出,否,安全,512690,酒ETF,0.47,日线破位,二卖,向上,无信号,-,4条件未全部满足（15分无背驰；区间价格对齐-），继续观望,0.48,0.48,0.48,-0.0017,-0.0012,否
2026-05-12 11:44:23,观望,观望,否,安全,159227,航空航天ETF,1.35,日线破位,二买,向上,无信号,-,4条件未全部满足（买点但笔方向向上；15分无背驰；区间价格对齐-），继续观望,1.43,1.41,1.37,-0.0025,0.0021,否
2026-05-12 11:44:23,观望,观望,否,安全,159992,创新药ETF,0.83,安全,无信号,向上,无信号,-,4条件未全部满足（无买卖信号；15分无背驰；区间价格对齐-），继续观望,0.81,0.83,0.84,0.0016,0.0024,否
2026-05-12 11:44:23,观望,观望,否,安全,515050,通信ETF,3.30,安全,二买,向上,无信号,-,4条件未全部满足（买点但笔方向向上；15分无背驰；区间价格对齐-），继续观望,2.30,2.33,3.01,0.0338,0.0387,否
2026-05-12 11:44:23,观望,观望,否,安全,159915,创业板ETF,3.92,安全,二买,向上,顶背驰,否,4条件未全部满足（买点但笔方向向上；15分顶背驰非底背驰；区间价格对齐否），继续观望,3.25,3.27,3.82,0.0239,0.0278,否
2026-05-12 11:44:23,观望,观望,否,安全,588200,科创芯片ETF,3.44,安全,一卖+二卖,向下,无信号,-,4条件未全部满足（卖点但笔方向向下；15分无背驰；区间价格对齐-），继续观望,2.41,2.65,3.34,0.0381,0.0387,否
2026-05-12 11:44:23,观望,观望,否,安全,159755,电池ETF,1.20,安全,一卖+二卖,向下,无信号,-,4条件未全部满足（卖点但笔方向向下；15分无背驰；区间价格对齐-），继续观望,1.03,1.17,1.22,-0.0077,-0.0061,否
2026-05-12 11:44:23,观望,观望,否,安全,159899,软件ETF,0.87,日线破位,二买,向上,无信号,-,4条件未全部满足（买点但笔方向向上；15分无背驰；区间价格对齐-），继续观望,0.87,0.89,0.87,-0.0024,-0.0008,否
2026-05-12 11:44:23,观望,观望,否,安全,513360,教育ETF,0.50,安全,二买,向上,无信号,-,4条件未全部满足（买点但笔方向向上；15分无背驰；区间价格对齐-），继续观望,0.49,0.50,0.50,-0.0006,-0.0006,否
2026-05-12 11:44:23,观望,买入,否,安全,601668,中国建筑,5.01,安全,二买,向下,无信号,-,4条件未全部满足（15分无背驰；区间价格对齐-），继续观望,5.00,4.91,5.03,0.0205,0.0222,否
2026-05-12 11:44:23,观望,卖出,否,安全,601288,农业银行,6.82,安全,二卖,向上,无信号,-,4条件未全部满足（15分无背驰；区间价格对齐-），继续观望,6.53,6.53,6.85,-0.0084,-0.0121,否
2026-05-12 11:44:23,观望,买入,否,安全,601728,中国电信,6.16,安全,二买,向下,顶背驰,否,4条件未全部满足（15分顶背驰非底背驰；区间价格对齐否），继续观望,6.24,5.91,6.14,0.0321,0.0344,否
2026-05-12 11:44:23,卖出,卖出,否,安全,600276,恒瑞医药,53.39,安全,一卖,向上,顶背驰,是,宏观遇阻，微观多头力竭，时空完美共振！,52.67,52.41,53.92,0.1374,0.1373,否
2026-05-12 11:44:23,观望,卖出,否,安全,600177,雅戈尔,7.77,安全,二卖+二买,向上,无信号,-,4条件未全部满足（买点但笔方向向上；15分无背驰；区间价格对齐-），继续观望,7.66,7.50,7.88,-0.0028,0.0037,否
2026-05-12 11:44:23,观望,观望,否,安全,600887,伊利股份,28.13,安全,二买,向上,顶背驰,否,4条件未全部满足（买点但笔方向向上；15分顶背驰非底背驰；区间价格对齐否），继续观望,27.75,27.36,27.83,0.1009,0.1181,否
2026-05-12 11:44:23,观望,观望,否,安全,601138,工业富联,63.61,安全,二买,向上,无信号,-,4条件未全部满足（买点但笔方向向上；15分无背驰；区间价格对齐-），继续观望,62.70,63.20,64.59,-0.0409,0.1738,否
2026-05-12 11:44:23,观望,卖出,否,安全,688041,海光信息,346.61,安全,二卖+二买,向上,顶背驰,否,4条件未全部满足（买点但笔方向向上；15分顶背驰非底背驰；区间价格对齐否），继续观望,246.00,271.06,343.17,4.0082,4.0132,否
2026-05-12 11:44:23,观望,观望,否,安全,688981,中芯国际,120.20,安全,二买,向上,无信号,-,4条件未全部满足（买点但笔方向向上；15分无背驰；区间价格对齐-），继续观望,124.60,115.74,124.57,-0.1806,0.0232,否
2026-05-12 11:44:23,观望,卖出,否,安全,601225,陕西煤业,23.92,安全,二卖,向上,无信号,-,4条件未全部满足（15分无背驰；区间价格对齐-），继续观望,22.32,22.30,24.11,-0.0489,-0.0649,否
2026-05-12 11:44:23,观望,观望,否,安全,600900,长江电力,27.13,安全,二卖,向下,无信号,-,4条件未全部满足（卖点但笔方向向下；15分无背驰；区间价格对齐-），继续观望,26.66,26.60,27.10,0.0170,0.0093,否
2026-05-12 11:44:23,观望,观望,否,安全,300274,阳光电源,141.16,安全,二买,向上,无信号,-,4条件未全部满足（买点但笔方向向上；15分无背驰；区间价格对齐-），继续观望,136.10,142.08,142.38,-0.0669,0.3034,否
2026-05-12 11:44:23,观望,卖出,否,安全,002507,涪陵榨菜,12.32,安全,二卖,向上,无信号,-,4条件未全部满足（15分无背驰；区间价格对齐-），继续观望,12.32,12.28,12.33,-0.0343,-0.0307,否
2026-05-12 11:44:23,观望,卖出,否,安全,000338,潍柴动力,32.80,安全,二卖+二买,向上,无信号,-,4条件未全部满足（买点但笔方向向上；15分无背驰；区间价格对齐-），继续观望,25.92,23.75,33.85,-0.1871,-0.1664,否
2026-05-12 11:44:23,卖出,卖出,否,安全,000538,云南白药,52.52,日线破位,二卖,向上,顶背驰,是,宏观遇阻，微观多头力竭，时空完美共振！,55.40,54.40,52.89,-0.0167,-0.0066,否
2026-05-12 11:44:23,观望,卖出,否,安全,000858,五粮液,90.72,日线破位,二卖,向上,无信号,-,4条件未全部满足（15分无背驰；区间价格对齐-），继续观望,101.59,101.08,91.95,-0.4039,-0.3403,否
2026-05-12 11:44:23,卖出,卖出,否,安全,000423,东阿阿胶,53.11,安全,二卖+二买,向上,顶背驰,是,宏观遇阻，微观多头力竭，时空完美共振！,53.51,52.11,54.10,-0.1367,-0.0442,否
2026-05-12 11:44:23,观望,观望,否,安全,000333,美的集团,80.30,安全,二买,向上,无信号,-,4条件未全部满足（买点但笔方向向上；15分无背驰；区间价格对齐-），继续观望,79.17,78.91,80.89,-0.1078,-0.0321,否
2026-05-12 11:44:23,观望,卖出,否,安全,000001,平安银行,11.27,安全,二卖,向上,无信号,-,4条件未全部满足（15分无背驰；区间价格对齐-），继续观望,11.30,11.03,11.36,-0.0085,-0.0120,否
2026-05-12 11:44:23,观望,观望,否,安全,000651,格力电器,40.34,安全,二买,向上,无信号,-,4条件未全部满足（买点但笔方向向上；15分无背驰；区间价格对齐-），继续观望,40.28,40.10,40.19,0.0519,0.0971,否
2026-05-12 11:44:23,观望,卖出,否,安全,000895,双汇发展,26.99,安全,二卖,向上,无信号,-,4条件未全部满足（15分无背驰；区间价格对齐-），继续观望,26.77,26.51,27.43,-0.0115,0.0010,否
2026-05-12 11:44:23,观望,卖出,否,安全,002415,海康威视,34.85,安全,二卖+二买,向上,无信号,-,4条件未全部满足（买点但笔方向向上；15分无背驰；区间价格对齐-），继续观望,31.96,33.30,36.35,-0.2529,-0.1930,否
2026-05-12 11:44:23,观望,观望,否,安全,hk03690,美团,84.75,安全,一卖+二卖,向下,无信号,-,4条件未全部满足（卖点但笔方向向下；15分无背驰；区间价格对齐-），继续观望,83.75,82.15,84.55,0.3213,0.3133,否
2026-05-12 11:44:23,观望,观望,否,安全,hk03896,金山云,8.12,安全,二卖+二买,向下,无信号,-,4条件未全部满足（卖点但笔方向向下；15分无背驰；区间价格对齐-），继续观望,7.86,7.80,8.39,-0.0765,-0.0379,否
2026-05-12 11:44:23,观望,观望,否,安全,hk00700,腾讯,463.20,日线破位,二卖,向下,无信号,-,4条件未全部满足（卖点但笔方向向下；15分无背驰；区间价格对齐-），继续观望,494.60,486.20,474.40,-1.0673,-1.1360,否
2026-05-12 11:44:23,观望,观望,否,安全,hk09988,阿里巴巴,134.40,安全,二买,向上,无信号,-,4条件未全部满足（买点但笔方向向上；15分无背驰；区间价格对齐-），继续观望,129.60,126.70,134.20,-0.2667,-0.4662,否
2026-05-12 11:44:23,观望,观望,否,安全,hk01024,快手,53.60,安全,二卖+二买,向下,无信号,-,4条件未全部满足（卖点但笔方向向下；15分无背驰；区间价格对齐-），继续观望,48.90,51.00,52.65,0.7572,0.6981,否
2026-05-12 11:44:23,观望,卖出,否,安全,hk06618,京东健康,45.40,日线破位,二卖+二买,向上,无信号,-,4条件未全部满足（买点但笔方向向上；15分无背驰；区间价格对齐-），继续观望,46.16,46.10,45.88,0.0691,0.1578,否
2026-05-12 11:44:23,观望,买入,否,安全,hk06862,海底捞,15.02,日线破位,二买,向下,无信号,-,4条件未全部满足（15分无背驰；区间价格对齐-），继续观望,15.27,15.31,15.21,0.0551,0.1035,否

2026-05-12 11:53:08,观望,观望,是,安全,603317,天味食品,16.08,安全,无信号,向下,无信号,-,4条件未全部满足（无买卖信号；15分无背驰；区间价格对齐-），继续观望,12.56,12.98,17.28,0.0148,-0.0429,否
2026-05-12 11:53:08,观望,买入,是,安全,600660,福耀玻璃,59.31,安全,二买,向下,无信号,-,4条件未全部满足（15分无背驰；区间价格对齐-），继续观望,56.89,56.86,60.80,-0.0849,-0.0786,否
2026-05-12 11:53:08,观望,观望,是,安全,600938,中国海油,36.34,安全,无信号,向下,无信号,-,4条件未全部满足（无买卖信号；15分无背驰；区间价格对齐-），继续观望,34.06,35.29,37.85,-0.0781,-0.0906,否
2026-05-12 11:53:08,观望,观望,是,安全,600895,张江高科,37.52,安全,二买,向上,无信号,-,4条件未全部满足（买点但笔方向向上；15分无背驰；区间价格对齐-），继续观望,33.37,36.90,38.17,-0.1094,-0.0068,否
2026-05-12 11:53:08,观望,买入,是,安全,000429,粤高速A,12.96,安全,二买,向下,无信号,-,4条件未全部满足（15分无背驰；区间价格对齐-），继续观望,12.71,12.58,13.12,0.0862,0.0836,否
2026-05-12 11:53:08,观望,观望,是,安全,hk01810,小米集团,31.50,安全,二买,向上,无信号,-,4条件未全部满足（买点但笔方向向上；15分无背驰；区间价格对齐-），继续观望,32.78,30.26,31.92,0.0196,0.0530,否
2026-05-12 11:53:08,观望,观望,是,安全,513130,恒生科技ETF,0.64,安全,二买,向上,无信号,-,4条件未全部满足（买点但笔方向向上；15分无背驰；区间价格对齐-），继续观望,0.61,0.61,0.64,0.0008,0.0010,否
2026-05-12 11:53:08,观望,买入,是,安全,515790,光伏ETF,1.12,安全,二买,向下,无信号,-,4条件未全部满足（15分无背驰；区间价格对齐-），继续观望,1.08,1.10,1.15,0.0048,0.0053,否
2026-05-12 11:53:08,观望,观望,否,安全,sh000001,上证指数,4208.01,安全,二买,向上,无信号,-,4条件未全部满足（买点但笔方向向上；15分无背驰；区间价格对齐-），继续观望,4101.83,4079.77,4180.21,7.5292,9.8573,否
2026-05-12 11:53:08,观望,观望,否,安全,510300,沪深300ETF,4.95,安全,无信号,向上,无信号,-,4条件未全部满足（无买卖信号；15分无背驰；区间价格对齐-），继续观望,4.68,4.75,4.91,0.0138,0.0164,否
2026-05-12 11:53:08,观望,买入,否,安全,588000,科创50ETF,1.80,安全,二买,向下,无信号,-,4条件未全部满足（15分无背驰；区间价格对齐-），继续观望,1.55,1.55,1.77,0.0136,0.0145,否
2026-05-12 11:53:08,观望,观望,否,安全,512400,有色金属ETF,2.19,安全,二买,向上,底背驰,否,4条件未全部满足（买点但笔方向向上；区间价格对齐否），继续观望,2.10,2.17,2.23,0.0004,0.0016,否
2026-05-12 11:53:08,观望,卖出,否,安全,512690,酒ETF,0.47,日线破位,二卖,向上,无信号,-,4条件未全部满足（15分无背驰；区间价格对齐-），继续观望,0.48,0.48,0.48,-0.0017,-0.0012,否
2026-05-12 11:53:08,观望,观望,否,安全,159227,航空航天ETF,1.35,日线破位,二买,向上,无信号,-,4条件未全部满足（买点但笔方向向上；15分无背驰；区间价格对齐-），继续观望,1.43,1.41,1.37,-0.0025,0.0021,否
2026-05-12 11:53:08,观望,观望,否,安全,159992,创新药ETF,0.83,安全,无信号,向上,无信号,-,4条件未全部满足（无买卖信号；15分无背驰；区间价格对齐-），继续观望,0.81,0.83,0.84,0.0016,0.0024,否
2026-05-12 11:53:08,观望,观望,否,安全,515050,通信ETF,3.30,安全,二买,向上,无信号,-,4条件未全部满足（买点但笔方向向上；15分无背驰；区间价格对齐-），继续观望,2.30,2.33,3.01,0.0338,0.0387,否
2026-05-12 11:53:08,观望,观望,否,安全,159915,创业板ETF,3.92,安全,二买,向上,顶背驰,否,4条件未全部满足（买点但笔方向向上；15分顶背驰非底背驰；区间价格对齐否），继续观望,3.25,3.27,3.82,0.0239,0.0278,否
2026-05-12 11:53:08,观望,观望,否,安全,588200,科创芯片ETF,3.44,安全,一卖+二卖,向下,无信号,-,4条件未全部满足（卖点但笔方向向下；15分无背驰；区间价格对齐-），继续观望,2.41,2.65,3.34,0.0381,0.0387,否
2026-05-12 11:53:08,观望,观望,否,安全,159755,电池ETF,1.20,安全,一卖+二卖,向下,无信号,-,4条件未全部满足（卖点但笔方向向下；15分无背驰；区间价格对齐-），继续观望,1.03,1.17,1.22,-0.0077,-0.0061,否
2026-05-12 11:53:08,观望,观望,否,安全,159899,软件ETF,0.87,日线破位,二买,向上,无信号,-,4条件未全部满足（买点但笔方向向上；15分无背驰；区间价格对齐-），继续观望,0.87,0.89,0.87,-0.0024,-0.0008,否
2026-05-12 11:53:08,观望,观望,否,安全,513360,教育ETF,0.50,安全,二买,向上,无信号,-,4条件未全部满足（买点但笔方向向上；15分无背驰；区间价格对齐-），继续观望,0.49,0.50,0.50,-0.0006,-0.0006,否
2026-05-12 11:53:08,观望,买入,否,安全,601668,中国建筑,5.01,安全,二买,向下,无信号,-,4条件未全部满足（15分无背驰；区间价格对齐-），继续观望,5.00,4.91,5.03,0.0205,0.0222,否
2026-05-12 11:53:08,观望,卖出,否,安全,601288,农业银行,6.82,安全,二卖,向上,无信号,-,4条件未全部满足（15分无背驰；区间价格对齐-），继续观望,6.53,6.53,6.85,-0.0084,-0.0121,否
2026-05-12 11:53:08,观望,买入,否,安全,601728,中国电信,6.16,安全,二买,向下,顶背驰,否,4条件未全部满足（15分顶背驰非底背驰；区间价格对齐否），继续观望,6.24,5.91,6.14,0.0321,0.0344,否
2026-05-12 11:53:08,卖出,卖出,否,安全,600276,恒瑞医药,53.39,安全,一卖,向上,顶背驰,是,宏观遇阻，微观多头力竭，时空完美共振！,52.67,52.41,53.92,0.1374,0.1373,否
2026-05-12 11:53:08,观望,卖出,否,安全,600177,雅戈尔,7.77,安全,二卖+二买,向上,无信号,-,4条件未全部满足（买点但笔方向向上；15分无背驰；区间价格对齐-），继续观望,7.66,7.50,7.88,-0.0028,0.0037,否
2026-05-12 11:53:08,观望,观望,否,安全,600887,伊利股份,28.13,安全,二买,向上,顶背驰,否,4条件未全部满足（买点但笔方向向上；15分顶背驰非底背驰；区间价格对齐否），继续观望,27.75,27.36,27.83,0.1009,0.1181,否
2026-05-12 11:53:08,观望,观望,否,安全,601138,工业富联,63.61,安全,二买,向上,无信号,-,4条件未全部满足（买点但笔方向向上；15分无背驰；区间价格对齐-），继续观望,62.70,63.20,64.59,-0.0409,0.1738,否
2026-05-12 11:53:08,观望,卖出,否,安全,688041,海光信息,346.61,安全,二卖+二买,向上,顶背驰,否,4条件未全部满足（买点但笔方向向上；15分顶背驰非底背驰；区间价格对齐否），继续观望,246.00,271.06,343.17,4.0082,4.0132,否
2026-05-12 11:53:08,观望,观望,否,安全,688981,中芯国际,120.20,安全,二买,向上,无信号,-,4条件未全部满足（买点但笔方向向上；15分无背驰；区间价格对齐-），继续观望,124.60,115.74,124.57,-0.1806,0.0232,否
2026-05-12 11:53:08,观望,卖出,否,安全,601225,陕西煤业,23.92,安全,二卖,向上,无信号,-,4条件未全部满足（15分无背驰；区间价格对齐-），继续观望,22.32,22.30,24.11,-0.0489,-0.0649,否
2026-05-12 11:53:08,观望,观望,否,安全,600900,长江电力,27.13,安全,二卖,向下,无信号,-,4条件未全部满足（卖点但笔方向向下；15分无背驰；区间价格对齐-），继续观望,26.66,26.60,27.10,0.0170,0.0093,否
2026-05-12 11:53:08,观望,观望,否,安全,300274,阳光电源,141.16,安全,二买,向上,无信号,-,4条件未全部满足（买点但笔方向向上；15分无背驰；区间价格对齐-），继续观望,136.10,142.08,142.38,-0.0669,0.3034,否
2026-05-12 11:53:08,观望,卖出,否,安全,002507,涪陵榨菜,12.32,安全,二卖,向上,无信号,-,4条件未全部满足（15分无背驰；区间价格对齐-），继续观望,12.32,12.28,12.33,-0.0343,-0.0307,否
2026-05-12 11:53:08,观望,卖出,否,安全,000338,潍柴动力,32.80,安全,二卖+二买,向上,无信号,-,4条件未全部满足（买点但笔方向向上；15分无背驰；区间价格对齐-），继续观望,25.92,23.75,33.85,-0.1871,-0.1664,否
2026-05-12 11:53:08,卖出,卖出,否,安全,000538,云南白药,52.52,日线破位,二卖,向上,顶背驰,是,宏观遇阻，微观多头力竭，时空完美共振！,55.40,54.40,52.89,-0.0167,-0.0066,否
2026-05-12 11:53:08,观望,卖出,否,安全,000858,五粮液,90.72,日线破位,二卖,向上,无信号,-,4条件未全部满足（15分无背驰；区间价格对齐-），继续观望,101.59,101.08,91.95,-0.4039,-0.3403,否
2026-05-12 11:53:08,卖出,卖出,否,安全,000423,东阿阿胶,53.11,安全,二卖+二买,向上,顶背驰,是,宏观遇阻，微观多头力竭，时空完美共振！,53.51,52.11,54.10,-0.1367,-0.0442,否
2026-05-12 11:53:08,观望,观望,否,安全,000333,美的集团,80.30,安全,二买,向上,无信号,-,4条件未全部满足（买点但笔方向向上；15分无背驰；区间价格对齐-），继续观望,79.17,78.91,80.89,-0.1078,-0.0321,否
2026-05-12 11:53:08,观望,卖出,否,安全,000001,平安银行,11.27,安全,二卖,向上,无信号,-,4条件未全部满足（15分无背驰；区间价格对齐-），继续观望,11.30,11.03,11.36,-0.0085,-0.0120,否
2026-05-12 11:53:08,观望,观望,否,安全,000651,格力电器,40.34,安全,二买,向上,无信号,-,4条件未全部满足（买点但笔方向向上；15分无背驰；区间价格对齐-），继续观望,40.28,40.10,40.19,0.0519,0.0971,否
2026-05-12 11:53:08,观望,卖出,否,安全,000895,双汇发展,26.99,安全,二卖,向上,无信号,-,4条件未全部满足（15分无背驰；区间价格对齐-），继续观望,26.77,26.51,27.43,-0.0115,0.0010,否
2026-05-12 11:53:08,观望,卖出,否,安全,002415,海康威视,34.85,安全,二卖+二买,向上,无信号,-,4条件未全部满足（买点但笔方向向上；15分无背驰；区间价格对齐-），继续观望,31.96,33.30,36.35,-0.2529,-0.1930,否
2026-05-12 11:53:08,观望,观望,否,安全,hk03690,美团,84.75,安全,一卖+二卖,向下,无信号,-,4条件未全部满足（卖点但笔方向向下；15分无背驰；区间价格对齐-），继续观望,83.75,82.15,84.55,0.3213,0.3133,否
2026-05-12 11:53:08,观望,观望,否,安全,hk03896,金山云,8.12,安全,二卖+二买,向下,无信号,-,4条件未全部满足（卖点但笔方向向下；15分无背驰；区间价格对齐-），继续观望,7.86,7.80,8.39,-0.0765,-0.0379,否
2026-05-12 11:53:08,观望,观望,否,安全,hk00700,腾讯,463.20,日线破位,二卖,向下,无信号,-,4条件未全部满足（卖点但笔方向向下；15分无背驰；区间价格对齐-），继续观望,494.60,486.20,474.40,-1.0673,-1.1360,否
2026-05-12 11:53:08,观望,观望,否,安全,hk09988,阿里巴巴,134.40,安全,二买,向上,无信号,-,4条件未全部满足（买点但笔方向向上；15分无背驰；区间价格对齐-），继续观望,129.60,126.70,134.20,-0.2667,-0.4662,否
2026-05-12 11:53:08,观望,观望,否,安全,hk01024,快手,53.60,安全,二卖+二买,向下,无信号,-,4条件未全部满足（卖点但笔方向向下；15分无背驰；区间价格对齐-），继续观望,48.90,51.00,52.65,0.7572,0.6981,否
2026-05-12 11:53:08,观望,卖出,否,安全,hk06618,京东健康,45.40,日线破位,二卖+二买,向上,无信号,-,4条件未全部满足（买点但笔方向向上；15分无背驰；区间价格对齐-），继续观望,46.16,46.10,45.88,0.0691,0.1578,否
2026-05-12 11:53:08,观望,买入,否,安全,hk06862,海底捞,15.02,日线破位,二买,向下,无信号,-,4条件未全部满足（15分无背驰；区间价格对齐-），继续观望,15.27,15.31,15.21,0.0551,0.1035,否

2026-05-12 14:50:33,观望,卖出,是,警戒,603317,天味食品,16.12,安全,二卖,向上,无信号,-,4条件未全部满足（15分无背驰；区间价格对齐-），继续观望,12.56,12.98,16.31,0.0279,0.0087,否
2026-05-12 14:50:33,观望,买入,是,警戒,600660,福耀玻璃,59.43,安全,二买,向下,无信号,-,4条件未全部满足（15分无背驰；区间价格对齐-），继续观望,56.89,56.86,60.80,-0.0561,-0.0732,否
2026-05-12 14:50:33,观望,观望,是,警戒,600938,中国海油,36.17,安全,无信号,向下,无信号,-,4条件未全部满足（无买卖信号；15分无背驰；区间价格对齐-），继续观望,34.06,35.29,37.85,-0.0677,-0.0761,否
2026-05-12 14:50:33,观望,观望,是,警戒,600895,张江高科,37.73,安全,二买,向上,无信号,-,4条件未全部满足（买点但笔方向向上；15分无背驰；区间价格对齐-），继续观望,33.37,36.90,38.17,-0.1439,-0.1236,否
2026-05-12 14:50:33,观望,买入,是,警戒,000429,粤高速A,13.04,安全,二买,向下,无信号,-,4条件未全部满足（15分无背驰；区间价格对齐-），继续观望,12.71,12.58,13.12,0.0759,0.0795,否
2026-05-12 14:50:33,观望,观望,是,警戒,hk01810,小米集团,31.46,安全,二买,向上,无信号,-,4条件未全部满足（买点但笔方向向上；15分无背驰；区间价格对齐-），继续观望,32.78,30.26,31.92,-0.0554,-0.0182,否
2026-05-12 14:50:33,观望,观望,是,警戒,513130,恒生科技ETF,0.64,安全,二买,向上,无信号,-,4条件未全部满足（买点但笔方向向上；15分无背驰；区间价格对齐-），继续观望,0.61,0.61,0.64,-0.0007,-0.0001,否
2026-05-12 14:50:33,观望,买入,是,警戒,515790,光伏ETF,1.12,安全,二买,向下,无信号,-,4条件未全部满足（15分无背驰；区间价格对齐-），继续观望,1.08,1.10,1.09,0.0023,0.0034,否
2026-05-12 14:50:33,观望,卖出,否,警戒,sh000001,上证指数,4206.70,安全,一卖+二买,向上,无信号,-,4条件未全部满足（买点但笔方向向上；15分无背驰；区间价格对齐-），继续观望,4101.83,4079.77,4092.83,2.8968,6.0721,否
2026-05-12 14:50:33,观望,观望,否,警戒,510300,沪深300ETF,4.96,安全,无信号,向上,无信号,-,4条件未全部满足（无买卖信号；15分无背驰；区间价格对齐-），继续观望,4.68,4.75,4.91,0.0069,0.0102,否
2026-05-12 14:50:33,观望,买入,否,警戒,588000,科创50ETF,1.82,安全,二买,向下,无信号,-,4条件未全部满足（15分无背驰；区间价格对齐-），继续观望,1.55,1.55,1.77,0.0088,0.0108,否
2026-05-12 14:50:33,观望,观望,否,警戒,512400,有色金属ETF,2.19,安全,二买,向上,底背驰,否,4条件未全部满足（买点但笔方向向上；区间价格对齐否），继续观望,2.10,2.17,2.23,-0.0030,-0.0013,否
2026-05-12 14:50:33,观望,卖出,否,警戒,512690,酒ETF,0.47,日线破位,二卖,向上,无信号,-,4条件未全部满足（15分无背驰；区间价格对齐-），继续观望,0.48,0.48,0.48,-0.0018,-0.0017,否
2026-05-12 14:50:33,观望,观望,否,警戒,159227,航空航天ETF,1.37,日线破位,二买,向上,无信号,-,4条件未全部满足（买点但笔方向向上；15分无背驰；区间价格对齐-），继续观望,1.43,1.41,1.37,-0.0017,-0.0016,否
2026-05-12 14:50:33,观望,观望,否,警戒,159992,创新药ETF,0.84,安全,无信号,向上,顶背驰,是,4条件未全部满足（无买卖信号），继续观望,0.81,0.83,0.84,0.0017,0.0022,否
2026-05-12 14:50:33,观望,观望,否,警戒,515050,通信ETF,3.33,安全,二买,向上,无信号,-,4条件未全部满足（买点但笔方向向上；15分无背驰；区间价格对齐-），继续观望,2.30,2.33,3.01,0.0223,0.0281,否
2026-05-12 14:50:33,观望,观望,否,警戒,159915,创业板ETF,3.95,安全,二买,向上,无信号,-,4条件未全部满足（买点但笔方向向上；15分无背驰；区间价格对齐-），继续观望,3.25,3.27,3.82,0.0144,0.0188,否
2026-05-12 14:50:33,观望,观望,否,警戒,588200,科创芯片ETF,3.48,安全,无信号,向上,无信号,-,4条件未全部满足（无买卖信号；15分无背驰；区间价格对齐-），继续观望,2.41,2.65,3.34,0.0262,0.0306,否
2026-05-12 14:50:33,观望,观望,否,警戒,159755,电池ETF,1.21,安全,一卖+二卖,向下,无信号,-,4条件未全部满足（卖点但笔方向向下；15分无背驰；区间价格对齐-），继续观望,1.03,1.17,1.22,-0.0065,-0.0072,否
2026-05-12 14:50:33,观望,观望,否,警戒,159899,软件ETF,0.87,日线破位,二买,向上,无信号,-,4条件未全部满足（买点但笔方向向上；15分无背驰；区间价格对齐-），继续观望,0.87,0.89,0.87,-0.0037,-0.0030,否
2026-05-12 14:50:33,观望,观望,否,警戒,513360,教育ETF,0.50,安全,二买,向上,无信号,-,4条件未全部满足（买点但笔方向向上；15分无背驰；区间价格对齐-），继续观望,0.49,0.50,0.50,-0.0007,-0.0007,否
2026-05-12 14:50:33,观望,观望,否,警戒,601668,中国建筑,4.99,安全,二买,向上,无信号,-,4条件未全部满足（买点但笔方向向上；15分无背驰；区间价格对齐-），继续观望,5.00,4.91,4.99,0.0088,0.0140,否
2026-05-12 14:50:33,观望,卖出,否,警戒,601288,农业银行,6.78,安全,二卖,向上,无信号,-,4条件未全部满足（15分无背驰；区间价格对齐-），继续观望,6.53,6.53,6.85,-0.0093,-0.0088,否
2026-05-12 14:50:33,观望,观望,否,警戒,601728,中国电信,6.13,安全,二买,向上,顶背驰,是,4条件未全部满足（买点但笔方向向上；15分顶背驰非底背驰），继续观望,6.24,5.91,6.11,0.0118,0.0214,否
2026-05-12 14:50:33,观望,观望,否,警戒,600276,恒瑞医药,55.88,安全,无信号,向上,无信号,-,4条件未全部满足（无买卖信号；15分无背驰；区间价格对齐-），继续观望,52.67,52.41,56.59,0.7918,0.6320,否
2026-05-12 14:50:33,观望,卖出,否,警戒,600177,雅戈尔,7.78,安全,二卖+二买,向上,无信号,-,4条件未全部满足（买点但笔方向向上；15分无背驰；区间价格对齐-），继续观望,7.66,7.50,7.88,-0.0108,-0.0081,否
2026-05-12 14:50:33,观望,观望,否,警戒,600887,伊利股份,27.98,安全,二买,向上,无信号,-,4条件未全部满足（买点但笔方向向上；15分无背驰；区间价格对齐-），继续观望,27.75,27.36,27.83,0.0283,0.0589,否
2026-05-12 14:50:33,观望,观望,否,警戒,601138,工业富联,64.37,安全,二买,向上,无信号,-,4条件未全部满足（买点但笔方向向上；15分无背驰；区间价格对齐-），继续观望,62.70,63.20,64.59,-0.0662,-0.0185,否
2026-05-12 14:50:33,观望,卖出,否,警戒,688041,海光信息,349.41,安全,一卖+二买,向上,无信号,-,4条件未全部满足（买点但笔方向向上；15分无背驰；区间价格对齐-），继续观望,246.00,271.06,355.50,2.5136,3.0981,否
2026-05-12 14:50:33,观望,观望,否,警戒,688981,中芯国际,121.78,安全,二买,向上,无信号,-,4条件未全部满足（买点但笔方向向上；15分无背驰；区间价格对齐-），继续观望,124.60,115.74,124.57,-0.2827,-0.2463,否
2026-05-12 14:50:33,观望,卖出,否,警戒,601225,陕西煤业,23.89,安全,二卖,向上,无信号,-,4条件未全部满足（15分无背驰；区间价格对齐-），继续观望,22.32,22.30,24.11,-0.0329,-0.0434,否
2026-05-12 14:50:33,观望,观望,否,警戒,600900,长江电力,27.02,安全,二卖,向下,无信号,-,4条件未全部满足（卖点但笔方向向下；15分无背驰；区间价格对齐-），继续观望,26.66,26.60,27.01,-0.0030,0.0044,否
2026-05-12 14:50:33,观望,观望,否,警戒,300274,阳光电源,140.00,安全,二买,向上,无信号,-,4条件未全部满足（买点但笔方向向上；15分无背驰；区间价格对齐-），继续观望,136.10,142.08,142.38,-0.6770,-0.3293,否
2026-05-12 14:50:33,观望,卖出,否,警戒,002507,涪陵榨菜,12.32,安全,二卖,向上,无信号,-,4条件未全部满足（15分无背驰；区间价格对齐-），继续观望,12.32,12.28,12.33,-0.0272,-0.0298,否
2026-05-12 14:50:33,观望,卖出,否,警戒,000338,潍柴动力,32.68,安全,二卖+二买,向上,无信号,-,4条件未全部满足（买点但笔方向向上；15分无背驰；区间价格对齐-），继续观望,25.92,23.75,33.85,-0.2153,-0.2079,否
2026-05-12 14:50:33,观望,卖出,否,警戒,000538,云南白药,52.52,日线破位,二卖,向上,无信号,-,4条件未全部满足（15分无背驰；区间价格对齐-），继续观望,55.40,54.40,52.89,-0.0255,-0.0197,否
2026-05-12 14:50:33,观望,观望,否,警戒,000858,五粮液,90.56,日线破位,二卖,向下,无信号,-,4条件未全部满足（卖点但笔方向向下；15分无背驰；区间价格对齐-），继续观望,101.59,101.08,91.95,-0.3415,-0.3567,否
2026-05-12 14:50:33,观望,卖出,否,警戒,000423,东阿阿胶,53.34,安全,二卖+二买,向上,无信号,-,4条件未全部满足（买点但笔方向向上；15分无背驰；区间价格对齐-），继续观望,53.51,52.11,54.10,-0.1373,-0.1316,否
2026-05-12 14:50:33,观望,观望,否,警戒,000333,美的集团,79.78,安全,二买,向上,无信号,-,4条件未全部满足（买点但笔方向向上；15分无背驰；区间价格对齐-），继续观望,79.17,78.91,80.89,-0.2142,-0.1397,否
2026-05-12 14:50:33,观望,卖出,否,警戒,000001,平安银行,11.23,安全,二卖,向上,无信号,-,4条件未全部满足（15分无背驰；区间价格对齐-），继续观望,11.30,11.03,11.39,-0.0132,-0.0124,否
2026-05-12 14:50:33,观望,观望,否,警戒,000651,格力电器,40.31,安全,二买,向上,无信号,-,4条件未全部满足（买点但笔方向向上；15分无背驰；区间价格对齐-），继续观望,40.28,40.10,40.19,0.0025,0.0323,否
2026-05-12 14:50:33,观望,卖出,否,警戒,000895,双汇发展,26.83,安全,二卖,向上,无信号,-,4条件未全部满足（15分无背驰；区间价格对齐-），继续观望,26.77,26.51,27.43,-0.0533,-0.0372,否
2026-05-12 14:50:33,观望,卖出,否,警戒,002415,海康威视,34.63,安全,二卖+二买,向上,无信号,-,4条件未全部满足（买点但笔方向向上；15分无背驰；区间价格对齐-），继续观望,31.96,33.30,36.35,-0.2630,-0.2458,否
2026-05-12 14:50:33,观望,观望,否,警戒,hk03690,美团,84.50,安全,一卖+二卖,向下,无信号,-,4条件未全部满足（卖点但笔方向向下；15分无背驰；区间价格对齐-），继续观望,83.75,82.15,84.55,0.1698,0.2439,否
2026-05-12 14:50:33,观望,观望,否,警戒,hk03896,金山云,8.03,安全,二卖+二买,向下,无信号,-,4条件未全部满足（卖点但笔方向向下；15分无背驰；区间价格对齐-），继续观望,7.86,7.80,8.39,-0.0993,-0.0790,否
2026-05-12 14:50:33,观望,观望,否,警戒,hk00700,腾讯,458.80,日线破位,二卖,向下,无信号,-,4条件未全部满足（卖点但笔方向向下；15分无背驰；区间价格对齐-），继续观望,494.60,486.20,474.40,-1.6967,-1.4473,否
2026-05-12 14:50:33,观望,观望,否,警戒,hk09988,阿里巴巴,133.50,安全,二买,向上,无信号,-,4条件未全部满足（买点但笔方向向上；15分无背驰；区间价格对齐-），继续观望,129.60,126.70,134.20,-0.4445,-0.4131,否
2026-05-12 14:50:33,观望,观望,否,警戒,hk01024,快手,53.00,安全,二卖+二买,向下,无信号,-,4条件未全部满足（卖点但笔方向向下；15分无背驰；区间价格对齐-），继续观望,48.90,51.00,52.65,0.2687,0.4375,否
2026-05-12 14:50:33,观望,卖出,否,警戒,hk06618,京东健康,45.60,日线破位,二卖+二买,向上,底背驰,否,4条件未全部满足（买点但笔方向向上；15分底背驰非顶背驰；区间价格对齐否），继续观望,46.16,46.10,45.88,-0.0684,-0.0186,否
2026-05-12 14:50:33,观望,买入,否,警戒,hk06862,海底捞,15.11,日线破位,二买,向下,无信号,-,4条件未全部满足（15分无背驰；区间价格对齐-），继续观望,15.27,15.31,15.21,0.0292,0.0626,否

2026-05-12 20:12:43,观望,观望,是,警戒,603317,天味食品,16.14,安全,二卖+二买,向下,无信号,-,4条件未全部满足（客观缠论信号含「卖」；卖点但笔方向向下；15分无背驰；区间价格对齐-），继续观望,12.56,12.98,16.31,0.0334,0.0136,否
2026-05-12 20:12:43,观望,买入,是,警戒,600660,福耀玻璃,59.45,安全,二买,向下,无信号,-,4条件未全部满足（15分无背驰；区间价格对齐-），继续观望,56.89,56.86,60.80,-0.0459,-0.0677,否
2026-05-12 20:12:43,观望,买入,是,警戒,600895,张江高科,37.65,安全,二买,向下,无信号,-,4条件未全部满足（15分无背驰；区间价格对齐-），继续观望,36.21,37.25,38.17,-0.1365,-0.1262,否
2026-05-12 20:12:43,观望,买入,是,警戒,000429,粤高速A,13.07,安全,二买,向下,无信号,-,4条件未全部满足（15分无背驰；区间价格对齐-），继续观望,12.70,12.48,13.12,0.0778,0.0792,否
2026-05-12 20:12:43,观望,观望,是,警戒,hk01810,小米集团,31.46,安全,二买,向上,无信号,-,4条件未全部满足（60m笔方向为向上（买入须向下）；15分无背驰；区间价格对齐-），继续观望,32.78,30.26,31.92,-0.0554,-0.0182,否
2026-05-12 20:12:43,观望,观望,是,警戒,513130,恒生科技ETF,0.63,安全,二买,向上,无信号,-,4条件未全部满足（60m笔方向为向上（买入须向下）；15分无背驰；区间价格对齐-），继续观望,0.61,0.61,0.64,-0.0008,-0.0003,否
2026-05-12 20:12:43,观望,卖出,否,警戒,sh000001,上证指数,4214.49,安全,一卖+二买,向上,无信号,-,4条件未全部满足（客观缠论信号含「卖」；15分无背驰；区间价格对齐-），继续观望,4101.83,4079.77,4092.83,2.3665,4.2482,否
2026-05-12 20:12:43,观望,观望,否,警戒,510300,沪深300ETF,4.96,安全,无信号,向上,无信号,-,4条件未全部满足（客观缠论无买/卖关键字或「无信号」；60m笔方向为向上（买入须向下）；15分无背驰；区间价格对齐-），继续观望,4.68,4.75,4.91,0.0067,0.0095,否
2026-05-12 20:12:43,观望,买入,否,警戒,588000,科创50ETF,1.82,安全,二买,向下,无信号,-,4条件未全部满足（15分无背驰；区间价格对齐-），继续观望,1.55,1.55,1.77,0.0085,0.0103,否
2026-05-12 20:12:43,观望,观望,否,警戒,512400,有色金属ETF,2.19,安全,二买,向上,底背驰,否,4条件未全部满足（60m笔方向为向上（买入须向下）；区间价格对齐否），继续观望,2.10,2.17,2.23,-0.0031,-0.0016,否
2026-05-12 20:12:43,观望,卖出,否,警戒,512690,酒ETF,0.47,日线破位,二卖,向上,无信号,-,4条件未全部满足（客观缠论信号含「卖」；15分无背驰；区间价格对齐-），继续观望,0.48,0.48,0.48,-0.0018,-0.0017,否
2026-05-12 20:12:43,观望,买入,否,警戒,159227,航空航天ETF,1.37,安全,二买,向下,无信号,-,4条件未全部满足（15分无背驰；区间价格对齐-），继续观望,1.41,1.30,1.37,-0.0014,-0.0015,否
2026-05-12 20:12:43,观望,买入,否,警戒,159992,创新药ETF,0.84,安全,二买,向下,无信号,-,4条件未全部满足（15分无背驰；区间价格对齐-），继续观望,0.83,0.83,0.84,0.0017,0.0021,否
2026-05-12 20:12:43,观望,观望,否,警戒,515050,通信ETF,3.33,安全,二买,向上,无信号,-,4条件未全部满足（60m笔方向为向上（买入须向下）；15分无背驰；区间价格对齐-），继续观望,2.30,2.33,3.01,0.0216,0.0268,否
2026-05-12 20:12:43,观望,观望,否,警戒,159915,创业板ETF,3.94,安全,二买,向上,无信号,-,4条件未全部满足（60m笔方向为向上（买入须向下）；15分无背驰；区间价格对齐-），继续观望,3.25,3.27,3.82,0.0134,0.0178,否
2026-05-12 20:12:43,观望,观望,否,警戒,588200,科创芯片ETF,3.47,安全,无信号,向上,无信号,-,4条件未全部满足（客观缠论无买/卖关键字或「无信号」；60m笔方向为向上（买入须向下）；15分无背驰；区间价格对齐-），继续观望,2.41,2.65,3.34,0.0252,0.0295,否
2026-05-12 20:12:43,观望,观望,否,警戒,159755,电池ETF,1.21,安全,一卖+二卖,向下,无信号,-,4条件未全部满足（客观缠论信号含「卖」；卖点但笔方向向下；15分无背驰；区间价格对齐-），继续观望,1.03,1.17,1.22,-0.0059,-0.0070,否
2026-05-12 20:12:43,观望,观望,否,警戒,159899,软件ETF,0.87,安全,二买,向上,无信号,-,4条件未全部满足（60m笔方向为向上（买入须向下）；15分无背驰；区间价格对齐-），继续观望,0.87,0.85,0.87,-0.0037,-0.0032,否
2026-05-12 20:12:43,观望,观望,否,警戒,513360,教育ETF,0.50,安全,二买,向上,无信号,-,4条件未全部满足（60m笔方向为向上（买入须向下）；15分无背驰；区间价格对齐-），继续观望,0.49,0.50,0.50,-0.0006,-0.0007,否
2026-05-12 20:12:43,观望,买入,否,警戒,515790,光伏ETF,1.12,安全,二买,向下,无信号,-,4条件未全部满足（15分无背驰；区间价格对齐-），继续观望,1.08,1.10,1.09,0.0022,0.0032,否
2026-05-12 20:12:43,观望,观望,否,警戒,600938,中国海油,36.19,安全,无信号,向下,无信号,-,4条件未全部满足（客观缠论无买/卖关键字或「无信号」；15分无背驰；区间价格对齐-），继续观望,34.06,35.29,37.85,-0.0641,-0.0737,否
2026-05-12 20:12:43,观望,观望,否,警戒,601668,中国建筑,4.99,安全,二买,向上,无信号,-,4条件未全部满足（60m笔方向为向上（买入须向下）；15分无背驰；区间价格对齐-），继续观望,4.99,4.91,4.99,0.0076,0.0127,否
2026-05-12 20:12:43,观望,卖出,否,警戒,601288,农业银行,6.78,安全,二卖,向上,无信号,-,4条件未全部满足（客观缠论信号含「卖」；15分无背驰；区间价格对齐-），继续观望,6.53,6.53,6.85,-0.0100,-0.0090,否
2026-05-12 20:12:43,观望,观望,否,警戒,601728,中国电信,6.12,安全,二买,向上,顶背驰,是,4条件未全部满足（60m笔方向为向上（买入须向下）），继续观望,5.75,5.76,6.11,0.0096,0.0190,否
2026-05-12 20:12:43,观望,卖出,否,警戒,600276,恒瑞医药,56.11,安全,三卖,向上,无信号,-,4条件未全部满足（客观缠论信号含「卖」；15分无背驰；区间价格对齐-），继续观望,52.67,55.00,56.75,0.7888,0.6634,否
2026-05-12 20:12:43,观望,卖出,否,警戒,600177,雅戈尔,7.76,安全,二卖+二买,向上,无信号,-,4条件未全部满足（客观缠论信号含「卖」；15分无背驰；区间价格对齐-），继续观望,7.50,7.63,7.88,-0.0110,-0.0087,否
2026-05-12 20:12:43,观望,观望,否,警戒,600887,伊利股份,28.01,安全,二买,向上,无信号,-,4条件未全部满足（60m笔方向为向上（买入须向下）；15分无背驰；区间价格对齐-），继续观望,27.75,27.36,27.83,0.0258,0.0523,否
2026-05-12 20:12:43,观望,买入,否,警戒,601138,工业富联,64.40,安全,二买,向下,无信号,-,4条件未全部满足（15分无背驰；区间价格对齐-），继续观望,62.70,61.86,64.59,-0.0490,-0.0246,否
2026-05-12 20:12:43,观望,卖出,否,警戒,688041,海光信息,349.19,安全,一卖+二买,向上,无信号,-,4条件未全部满足（客观缠论信号含「卖」；15分无背驰；区间价格对齐-），继续观望,246.00,271.06,355.50,2.4157,2.9616,否
2026-05-12 20:12:43,观望,观望,否,警戒,688981,中芯国际,121.98,安全,二买,向上,无信号,-,4条件未全部满足（60m笔方向为向上（买入须向下）；15分无背驰；区间价格对齐-），继续观望,124.60,115.74,124.57,-0.2351,-0.2440,否
2026-05-12 20:12:43,观望,卖出,否,警戒,601225,陕西煤业,23.79,安全,二卖,向上,无信号,-,4条件未全部满足（客观缠论信号含「卖」；15分无背驰；区间价格对齐-），继续观望,22.32,22.30,24.11,-0.0344,-0.0416,否
2026-05-12 20:12:43,观望,卖出,否,警戒,600900,长江电力,27.04,安全,二卖,向上,无信号,-,4条件未全部满足（客观缠论信号含「卖」；15分无背驰；区间价格对齐-），继续观望,26.66,26.90,27.10,-0.0031,0.0029,否
2026-05-12 20:12:43,观望,观望,否,警戒,300274,阳光电源,139.85,安全,二买,向上,无信号,-,4条件未全部满足（60m笔方向为向上（买入须向下）；15分无背驰；区间价格对齐-），继续观望,136.10,131.36,142.38,-0.7254,-0.4085,否
2026-05-12 20:12:43,观望,观望,否,警戒,002821,凯莱英,128.89,安全,二买,向上,无信号,-,4条件未全部满足（60m笔方向为向上（买入须向下）；15分无背驰；区间价格对齐-），继续观望,105.91,120.80,131.29,0.4504,0.7466,否
2026-05-12 20:12:43,观望,卖出,否,警戒,002507,涪陵榨菜,12.31,安全,二卖,向上,无信号,-,4条件未全部满足（客观缠论信号含「卖」；15分无背驰；区间价格对齐-），继续观望,12.23,12.28,12.33,-0.0269,-0.0292,否
2026-05-12 20:12:43,观望,卖出,否,警戒,000338,潍柴动力,32.70,安全,二卖+二买,向上,无信号,-,4条件未全部满足（客观缠论信号含「卖」；15分无背驰；区间价格对齐-），继续观望,25.92,23.75,33.85,-0.1994,-0.2062,否
2026-05-12 20:12:43,观望,卖出,否,警戒,000538,云南白药,51.81,日线破位,二卖,向上,无信号,-,4条件未全部满足（客观缠论信号含「卖」；15分无背驰；区间价格对齐-），继续观望,55.40,54.40,52.89,-0.0827,-0.0323,否
2026-05-12 20:12:43,观望,观望,否,警戒,000858,五粮液,90.56,日线破位,二卖,向下,无信号,-,4条件未全部满足（客观缠论信号含「卖」；卖点但笔方向向下；15分无背驰；区间价格对齐-），继续观望,101.59,101.08,91.95,-0.3285,-0.3511,否
2026-05-12 20:12:43,观望,观望,否,警戒,000423,东阿阿胶,53.18,安全,二卖,向下,无信号,-,4条件未全部满足（客观缠论信号含「卖」；卖点但笔方向向下；15分无背驰；区间价格对齐-），继续观望,51.71,52.11,54.10,-0.1409,-0.1335,否
2026-05-12 20:12:43,观望,观望,否,警戒,000333,美的集团,80.09,安全,二买,向上,底背驰,否,4条件未全部满足（60m笔方向为向上（买入须向下）；区间价格对齐否），继续观望,79.18,78.91,80.89,-0.2080,-0.1534,否
2026-05-12 20:12:43,观望,卖出,否,警戒,000001,平安银行,11.25,安全,二卖,向上,无信号,-,4条件未全部满足（客观缠论信号含「卖」；15分无背驰；区间价格对齐-），继续观望,11.30,11.03,11.39,-0.0114,-0.0122,否
2026-05-12 20:12:43,观望,观望,否,警戒,000651,格力电器,40.34,安全,二买,向上,无信号,-,4条件未全部满足（60m笔方向为向上（买入须向下）；15分无背驰；区间价格对齐-），继续观望,40.28,40.10,40.19,-0.0010,0.0257,否
2026-05-12 20:12:43,观望,卖出,否,警戒,000895,双汇发展,26.85,安全,二卖,向上,无信号,-,4条件未全部满足（客观缠论信号含「卖」；15分无背驰；区间价格对齐-），继续观望,26.66,26.51,27.43,-0.0520,-0.0401,否
2026-05-12 20:12:43,观望,卖出,否,警戒,002415,海康威视,34.56,安全,二卖+二买,向上,无信号,-,4条件未全部满足（客观缠论信号含「卖」；15分无背驰；区间价格对齐-），继续观望,31.96,33.30,36.35,-0.2665,-0.2500,否
2026-05-12 20:12:43,观望,观望,否,警戒,hk03690,美团,84.40,安全,无信号,向上,无信号,-,4条件未全部满足（客观缠论无买/卖关键字或「无信号」；60m笔方向为向上（买入须向下）；15分无背驰；区间价格对齐-），继续观望,83.75,82.15,84.60,0.1098,0.2000,否
2026-05-12 20:12:43,观望,观望,否,警戒,hk03896,金山云,8.02,安全,二卖+二买,向下,无信号,-,4条件未全部满足（客观缠论信号含「卖」；卖点但笔方向向下；15分无背驰；区间价格对齐-），继续观望,7.86,7.80,8.39,-0.1005,-0.0927,否
2026-05-12 20:12:43,观望,观望,否,警戒,hk00700,腾讯,458.80,日线破位,二卖,向下,无信号,-,4条件未全部满足（客观缠论信号含「卖」；卖点但笔方向向下；15分无背驰；区间价格对齐-），继续观望,494.60,486.20,474.40,-1.6967,-1.4473,否
2026-05-12 20:12:43,观望,观望,否,警戒,hk09988,阿里巴巴,133.50,安全,无信号,向下,无信号,-,4条件未全部满足（客观缠论无买/卖关键字或「无信号」；15分无背驰；区间价格对齐-），继续观望,129.60,126.70,134.20,-0.4445,-0.4131,否
2026-05-12 20:12:43,观望,观望,否,警戒,hk01024,快手,53.00,安全,二买,向上,无信号,-,4条件未全部满足（60m笔方向为向上（买入须向下）；15分无背驰；区间价格对齐-），继续观望,48.90,51.00,52.65,0.2687,0.4375,否
2026-05-12 20:12:43,观望,卖出,否,警戒,hk06618,京东健康,45.60,日线破位,二卖+二买,向上,底背驰,否,4条件未全部满足（客观缠论信号含「卖」；区间价格对齐否），继续观望,46.16,46.10,45.88,-0.0684,-0.0186,否
2026-05-12 20:12:43,观望,观望,否,警戒,hk06862,海底捞,15.12,日线破位,二买,向上,无信号,-,4条件未全部满足（60m笔方向为向上（买入须向下）；15分无背驰；区间价格对齐-），继续观望,15.27,15.31,15.21,0.0172,0.0312,否
2026-05-12 20:12:43,观望,买入,否,警戒,000800,一汽解放,6.52,安全,二买,向下,底背驰,否,4条件未全部满足（区间价格对齐否），继续观望,6.63,6.46,6.66,-0.0235,-0.0177,否

2026-05-12 20:22:43,观望,观望,是,警戒,603317,天味食品,16.14,安全,二卖+二买,向下,无信号,-,4条件未全部满足（客观缠论信号含「卖」；卖点但笔方向向下；15分无背驰；区间价格对齐-），继续观望,12.56,12.98,16.31,0.0334,0.0136,否
2026-05-12 20:22:43,观望,买入,是,警戒,600660,福耀玻璃,59.45,安全,二买,向下,无信号,-,4条件未全部满足（15分无背驰；区间价格对齐-），继续观望,56.89,56.86,60.80,-0.0459,-0.0677,否
2026-05-12 20:22:43,观望,买入,是,警戒,600895,张江高科,37.65,安全,二买,向下,无信号,-,4条件未全部满足（15分无背驰；区间价格对齐-），继续观望,36.21,37.25,38.17,-0.1365,-0.1262,否
2026-05-12 20:22:43,观望,买入,是,警戒,000429,粤高速A,13.07,安全,二买,向下,无信号,-,4条件未全部满足（15分无背驰；区间价格对齐-），继续观望,12.70,12.48,13.12,0.0778,0.0792,否
2026-05-12 20:22:43,观望,观望,是,警戒,hk01810,小米集团,31.46,安全,二买,向上,无信号,-,4条件未全部满足（60m笔方向为向上（买入须向下）；15分无背驰；区间价格对齐-），继续观望,32.78,30.26,31.92,-0.0554,-0.0182,否
2026-05-12 20:22:43,观望,观望,是,警戒,513130,恒生科技ETF,0.63,安全,二买,向上,无信号,-,4条件未全部满足（60m笔方向为向上（买入须向下）；15分无背驰；区间价格对齐-），继续观望,0.61,0.61,0.64,-0.0008,-0.0003,否
2026-05-12 20:22:43,观望,卖出,否,警戒,sh000001,上证指数,4214.49,安全,一卖+二买,向上,无信号,-,4条件未全部满足（客观缠论信号含「卖」；15分无背驰；区间价格对齐-），继续观望,4101.83,4079.77,4092.83,2.3665,4.2482,否
2026-05-12 20:22:43,观望,观望,否,警戒,510300,沪深300ETF,4.96,安全,无信号,向上,无信号,-,4条件未全部满足（客观缠论无买/卖关键字或「无信号」；60m笔方向为向上（买入须向下）；15分无背驰；区间价格对齐-），继续观望,4.68,4.75,4.91,0.0067,0.0095,否
2026-05-12 20:22:43,观望,买入,否,警戒,588000,科创50ETF,1.82,安全,二买,向下,无信号,-,4条件未全部满足（15分无背驰；区间价格对齐-），继续观望,1.55,1.55,1.77,0.0085,0.0103,否
2026-05-12 20:22:43,观望,观望,否,警戒,512400,有色金属ETF,2.19,安全,二买,向上,底背驰,否,4条件未全部满足（60m笔方向为向上（买入须向下）；区间价格对齐否），继续观望,2.10,2.17,2.23,-0.0031,-0.0016,否
2026-05-12 20:22:43,观望,卖出,否,警戒,512690,酒ETF,0.47,日线破位,二卖,向上,无信号,-,4条件未全部满足（客观缠论信号含「卖」；15分无背驰；区间价格对齐-），继续观望,0.48,0.48,0.48,-0.0018,-0.0017,否
2026-05-12 20:22:43,观望,买入,否,警戒,159227,航空航天ETF,1.37,安全,二买,向下,无信号,-,4条件未全部满足（15分无背驰；区间价格对齐-），继续观望,1.41,1.30,1.37,-0.0014,-0.0015,否
2026-05-12 20:22:43,观望,买入,否,警戒,159992,创新药ETF,0.84,安全,二买,向下,无信号,-,4条件未全部满足（15分无背驰；区间价格对齐-），继续观望,0.83,0.83,0.84,0.0017,0.0021,否
2026-05-12 20:22:43,观望,观望,否,警戒,515050,通信ETF,3.33,安全,二买,向上,无信号,-,4条件未全部满足（60m笔方向为向上（买入须向下）；15分无背驰；区间价格对齐-），继续观望,2.30,2.33,3.01,0.0216,0.0268,否
2026-05-12 20:22:43,观望,观望,否,警戒,159915,创业板ETF,3.94,安全,二买,向上,无信号,-,4条件未全部满足（60m笔方向为向上（买入须向下）；15分无背驰；区间价格对齐-），继续观望,3.25,3.27,3.82,0.0134,0.0178,否
2026-05-12 20:22:43,观望,观望,否,警戒,588200,科创芯片ETF,3.47,安全,无信号,向上,无信号,-,4条件未全部满足（客观缠论无买/卖关键字或「无信号」；60m笔方向为向上（买入须向下）；15分无背驰；区间价格对齐-），继续观望,2.41,2.65,3.34,0.0252,0.0295,否
2026-05-12 20:22:43,观望,观望,否,警戒,159755,电池ETF,1.21,安全,一卖+二卖,向下,无信号,-,4条件未全部满足（客观缠论信号含「卖」；卖点但笔方向向下；15分无背驰；区间价格对齐-），继续观望,1.03,1.17,1.22,-0.0059,-0.0070,否
2026-05-12 20:22:43,观望,观望,否,警戒,159899,软件ETF,0.87,安全,二买,向上,无信号,-,4条件未全部满足（60m笔方向为向上（买入须向下）；15分无背驰；区间价格对齐-），继续观望,0.87,0.85,0.87,-0.0037,-0.0032,否
2026-05-12 20:22:43,观望,观望,否,警戒,513360,教育ETF,0.50,安全,二买,向上,无信号,-,4条件未全部满足（60m笔方向为向上（买入须向下）；15分无背驰；区间价格对齐-），继续观望,0.49,0.50,0.50,-0.0006,-0.0007,否
2026-05-12 20:22:43,观望,买入,否,警戒,515790,光伏ETF,1.12,安全,二买,向下,无信号,-,4条件未全部满足（15分无背驰；区间价格对齐-），继续观望,1.08,1.10,1.09,0.0022,0.0032,否
2026-05-12 20:22:43,观望,观望,否,警戒,600938,中国海油,36.19,安全,无信号,向下,无信号,-,4条件未全部满足（客观缠论无买/卖关键字或「无信号」；15分无背驰；区间价格对齐-），继续观望,34.06,35.29,37.85,-0.0641,-0.0737,否
2026-05-12 20:22:43,观望,观望,否,警戒,601668,中国建筑,4.99,安全,二买,向上,无信号,-,4条件未全部满足（60m笔方向为向上（买入须向下）；15分无背驰；区间价格对齐-），继续观望,4.99,4.91,4.99,0.0076,0.0127,否
2026-05-12 20:22:43,观望,卖出,否,警戒,601288,农业银行,6.78,安全,二卖,向上,无信号,-,4条件未全部满足（客观缠论信号含「卖」；15分无背驰；区间价格对齐-），继续观望,6.53,6.53,6.85,-0.0100,-0.0090,否
2026-05-12 20:22:43,观望,观望,否,警戒,601728,中国电信,6.12,安全,二买,向上,顶背驰,是,4条件未全部满足（60m笔方向为向上（买入须向下）），继续观望,5.75,5.76,6.11,0.0096,0.0190,否
2026-05-12 20:22:43,观望,卖出,否,警戒,600276,恒瑞医药,56.11,安全,三卖,向上,无信号,-,4条件未全部满足（客观缠论信号含「卖」；15分无背驰；区间价格对齐-），继续观望,52.67,55.00,56.75,0.7888,0.6634,否
2026-05-12 20:22:43,观望,卖出,否,警戒,600177,雅戈尔,7.76,安全,二卖+二买,向上,无信号,-,4条件未全部满足（客观缠论信号含「卖」；15分无背驰；区间价格对齐-），继续观望,7.50,7.63,7.88,-0.0110,-0.0087,否
2026-05-12 20:22:43,观望,观望,否,警戒,600887,伊利股份,28.01,安全,二买,向上,无信号,-,4条件未全部满足（60m笔方向为向上（买入须向下）；15分无背驰；区间价格对齐-），继续观望,27.75,27.36,27.83,0.0258,0.0523,否
2026-05-12 20:22:43,观望,买入,否,警戒,601138,工业富联,64.40,安全,二买,向下,无信号,-,4条件未全部满足（15分无背驰；区间价格对齐-），继续观望,62.70,61.86,64.59,-0.0490,-0.0246,否
2026-05-12 20:22:43,观望,卖出,否,警戒,688041,海光信息,349.19,安全,一卖+二买,向上,无信号,-,4条件未全部满足（客观缠论信号含「卖」；15分无背驰；区间价格对齐-），继续观望,246.00,271.06,355.50,2.4157,2.9616,否
2026-05-12 20:22:43,观望,观望,否,警戒,688981,中芯国际,121.98,安全,二买,向上,无信号,-,4条件未全部满足（60m笔方向为向上（买入须向下）；15分无背驰；区间价格对齐-），继续观望,124.60,115.74,124.57,-0.2351,-0.2440,否
2026-05-12 20:22:43,观望,卖出,否,警戒,601225,陕西煤业,23.79,安全,二卖,向上,无信号,-,4条件未全部满足（客观缠论信号含「卖」；15分无背驰；区间价格对齐-），继续观望,22.32,22.30,24.11,-0.0344,-0.0416,否
2026-05-12 20:22:43,观望,卖出,否,警戒,600900,长江电力,27.04,安全,二卖,向上,无信号,-,4条件未全部满足（客观缠论信号含「卖」；15分无背驰；区间价格对齐-），继续观望,26.66,26.90,27.10,-0.0031,0.0029,否
2026-05-12 20:22:43,观望,观望,否,警戒,300274,阳光电源,139.85,安全,二买,向上,无信号,-,4条件未全部满足（60m笔方向为向上（买入须向下）；15分无背驰；区间价格对齐-），继续观望,136.10,131.36,142.38,-0.7254,-0.4085,否
2026-05-12 20:22:43,观望,观望,否,警戒,002821,凯莱英,128.89,安全,二买,向上,无信号,-,4条件未全部满足（60m笔方向为向上（买入须向下）；15分无背驰；区间价格对齐-），继续观望,105.91,120.80,131.29,0.4504,0.7466,否
2026-05-12 20:22:43,观望,卖出,否,警戒,002507,涪陵榨菜,12.31,安全,二卖,向上,无信号,-,4条件未全部满足（客观缠论信号含「卖」；15分无背驰；区间价格对齐-），继续观望,12.23,12.28,12.33,-0.0269,-0.0292,否
2026-05-12 20:22:43,观望,卖出,否,警戒,000338,潍柴动力,32.70,安全,二卖+二买,向上,无信号,-,4条件未全部满足（客观缠论信号含「卖」；15分无背驰；区间价格对齐-），继续观望,25.92,23.75,33.85,-0.1994,-0.2062,否
2026-05-12 20:22:43,观望,卖出,否,警戒,000538,云南白药,51.81,日线破位,二卖,向上,无信号,-,4条件未全部满足（客观缠论信号含「卖」；15分无背驰；区间价格对齐-），继续观望,55.40,54.40,52.89,-0.0827,-0.0323,否
2026-05-12 20:22:43,观望,观望,否,警戒,000858,五粮液,90.56,日线破位,二卖,向下,无信号,-,4条件未全部满足（客观缠论信号含「卖」；卖点但笔方向向下；15分无背驰；区间价格对齐-），继续观望,101.59,101.08,91.95,-0.3285,-0.3511,否
2026-05-12 20:22:43,观望,观望,否,警戒,000423,东阿阿胶,53.18,安全,二卖,向下,无信号,-,4条件未全部满足（客观缠论信号含「卖」；卖点但笔方向向下；15分无背驰；区间价格对齐-），继续观望,51.71,52.11,54.10,-0.1409,-0.1335,否
2026-05-12 20:22:43,观望,观望,否,警戒,000333,美的集团,80.09,安全,二买,向上,底背驰,否,4条件未全部满足（60m笔方向为向上（买入须向下）；区间价格对齐否），继续观望,79.18,78.91,80.89,-0.2080,-0.1534,否
2026-05-12 20:22:43,观望,卖出,否,警戒,000001,平安银行,11.25,安全,二卖,向上,无信号,-,4条件未全部满足（客观缠论信号含「卖」；15分无背驰；区间价格对齐-），继续观望,11.30,11.03,11.39,-0.0114,-0.0122,否
2026-05-12 20:22:43,观望,观望,否,警戒,000651,格力电器,40.34,安全,二买,向上,无信号,-,4条件未全部满足（60m笔方向为向上（买入须向下）；15分无背驰；区间价格对齐-），继续观望,40.28,40.10,40.19,-0.0010,0.0257,否
2026-05-12 20:22:43,观望,卖出,否,警戒,000895,双汇发展,26.85,安全,二卖,向上,无信号,-,4条件未全部满足（客观缠论信号含「卖」；15分无背驰；区间价格对齐-），继续观望,26.66,26.51,27.43,-0.0520,-0.0401,否
2026-05-12 20:22:43,观望,卖出,否,警戒,002415,海康威视,34.56,安全,二卖+二买,向上,无信号,-,4条件未全部满足（客观缠论信号含「卖」；15分无背驰；区间价格对齐-），继续观望,31.96,33.30,36.35,-0.2665,-0.2500,否
2026-05-12 20:22:43,观望,观望,否,警戒,hk03690,美团,84.40,安全,无信号,向上,无信号,-,4条件未全部满足（客观缠论无买/卖关键字或「无信号」；60m笔方向为向上（买入须向下）；15分无背驰；区间价格对齐-），继续观望,83.75,82.15,84.60,0.1098,0.2000,否
2026-05-12 20:22:43,观望,观望,否,警戒,hk03896,金山云,8.02,安全,二卖+二买,向下,无信号,-,4条件未全部满足（客观缠论信号含「卖」；卖点但笔方向向下；15分无背驰；区间价格对齐-），继续观望,7.86,7.80,8.39,-0.1005,-0.0927,否
2026-05-12 20:22:43,观望,观望,否,警戒,hk00700,腾讯,458.80,日线破位,二卖,向下,无信号,-,4条件未全部满足（客观缠论信号含「卖」；卖点但笔方向向下；15分无背驰；区间价格对齐-），继续观望,494.60,486.20,474.40,-1.6967,-1.4473,否
2026-05-12 20:22:43,观望,观望,否,警戒,hk09988,阿里巴巴,133.50,安全,无信号,向下,无信号,-,4条件未全部满足（客观缠论无买/卖关键字或「无信号」；15分无背驰；区间价格对齐-），继续观望,129.60,126.70,134.20,-0.4445,-0.4131,否
2026-05-12 20:22:43,观望,观望,否,警戒,hk01024,快手,53.00,安全,二买,向上,无信号,-,4条件未全部满足（60m笔方向为向上（买入须向下）；15分无背驰；区间价格对齐-），继续观望,48.90,51.00,52.65,0.2687,0.4375,否
2026-05-12 20:22:43,观望,卖出,否,警戒,hk06618,京东健康,45.60,日线破位,二卖+二买,向上,底背驰,否,4条件未全部满足（客观缠论信号含「卖」；区间价格对齐否），继续观望,46.16,46.10,45.88,-0.0684,-0.0186,否
2026-05-12 20:22:43,观望,观望,否,警戒,hk06862,海底捞,15.12,日线破位,二买,向上,无信号,-,4条件未全部满足（60m笔方向为向上（买入须向下）；15分无背驰；区间价格对齐-），继续观望,15.27,15.31,15.21,0.0172,0.0312,否
2026-05-12 20:22:43,买入,买入,否,警戒,000800,一汽解放,6.52,安全,二买,向下,底背驰,是,宏观战略锁定，微观动能衰竭，时空完美共振！,6.63,6.46,6.66,-0.0235,-0.0177,否

2026-05-12 20:55:04,观望,观望,是,警戒,603317,天味食品,16.14,安全,二卖+二买,向下,无信号,-,4条件未全部满足（客观缠论信号含「卖」；卖点但笔方向向下；15分无背驰；区间价格对齐-），继续观望,12.56,12.98,16.31,0.0334,0.0136,否
2026-05-12 20:55:04,观望,买入,是,警戒,600660,福耀玻璃,59.45,安全,二买,向下,无信号,-,4条件未全部满足（15分无背驰；区间价格对齐-），继续观望,56.89,56.86,60.80,-0.0459,-0.0677,否
2026-05-12 20:55:04,观望,买入,是,警戒,600895,张江高科,37.65,安全,二买,向下,无信号,-,4条件未全部满足（15分无背驰；区间价格对齐-），继续观望,36.21,37.25,38.17,-0.1365,-0.1262,否
2026-05-12 20:55:04,观望,买入,是,警戒,000429,粤高速A,13.07,安全,二买,向下,无信号,-,4条件未全部满足（15分无背驰；区间价格对齐-），继续观望,12.70,12.48,13.12,0.0778,0.0792,否
2026-05-12 20:55:04,观望,观望,是,警戒,hk01810,小米集团,31.46,安全,二买,向上,无信号,-,4条件未全部满足（60m笔方向为向上（买入须向下）；15分无背驰；区间价格对齐-），继续观望,32.78,30.26,31.92,-0.0554,-0.0182,否
2026-05-12 20:55:04,观望,观望,是,警戒,513130,恒生科技ETF,0.63,安全,二买,向上,无信号,-,4条件未全部满足（60m笔方向为向上（买入须向下）；15分无背驰；区间价格对齐-），继续观望,0.61,0.61,0.64,-0.0008,-0.0003,否
2026-05-12 20:55:04,观望,卖出,否,警戒,sh000001,上证指数,4214.49,安全,一卖+二买,向上,无信号,-,4条件未全部满足（客观缠论信号含「卖」；15分无背驰；区间价格对齐-），继续观望,4101.83,4079.77,4092.83,2.3665,4.2482,否
2026-05-12 20:55:04,观望,观望,否,警戒,510300,沪深300ETF,4.96,安全,无信号,向上,无信号,-,4条件未全部满足（客观缠论无买/卖关键字或「无信号」；60m笔方向为向上（买入须向下）；15分无背驰；区间价格对齐-），继续观望,4.68,4.75,4.91,0.0067,0.0095,否
2026-05-12 20:55:04,观望,买入,否,警戒,588000,科创50ETF,1.82,安全,二买,向下,无信号,-,4条件未全部满足（15分无背驰；区间价格对齐-），继续观望,1.55,1.55,1.77,0.0085,0.0103,否
2026-05-12 20:55:04,观望,观望,否,警戒,512400,有色金属ETF,2.19,安全,二买,向上,底背驰,否,4条件未全部满足（60m笔方向为向上（买入须向下）；区间价格对齐否），继续观望,2.10,2.17,2.23,-0.0031,-0.0016,否
2026-05-12 20:55:04,观望,卖出,否,警戒,512690,酒ETF,0.47,日线破位,二卖,向上,无信号,-,4条件未全部满足（客观缠论信号含「卖」；15分无背驰；区间价格对齐-），继续观望,0.48,0.48,0.48,-0.0018,-0.0017,否
2026-05-12 20:55:04,观望,买入,否,警戒,159227,航空航天ETF,1.37,安全,二买,向下,无信号,-,4条件未全部满足（15分无背驰；区间价格对齐-），继续观望,1.41,1.30,1.37,-0.0014,-0.0015,否
2026-05-12 20:55:04,观望,买入,否,警戒,159992,创新药ETF,0.84,安全,二买,向下,无信号,-,4条件未全部满足（15分无背驰；区间价格对齐-），继续观望,0.83,0.83,0.84,0.0017,0.0021,否
2026-05-12 20:55:04,观望,观望,否,警戒,515050,通信ETF,3.33,安全,二买,向上,无信号,-,4条件未全部满足（60m笔方向为向上（买入须向下）；15分无背驰；区间价格对齐-），继续观望,2.30,2.33,3.01,0.0216,0.0268,否
2026-05-12 20:55:04,观望,观望,否,警戒,159915,创业板ETF,3.94,安全,二买,向上,无信号,-,4条件未全部满足（60m笔方向为向上（买入须向下）；15分无背驰；区间价格对齐-），继续观望,3.25,3.27,3.82,0.0134,0.0178,否
2026-05-12 20:55:04,观望,观望,否,警戒,588200,科创芯片ETF,3.47,安全,无信号,向上,无信号,-,4条件未全部满足（客观缠论无买/卖关键字或「无信号」；60m笔方向为向上（买入须向下）；15分无背驰；区间价格对齐-），继续观望,2.41,2.65,3.34,0.0252,0.0295,否
2026-05-12 20:55:04,观望,观望,否,警戒,159755,电池ETF,1.21,安全,一卖+二卖,向下,无信号,-,4条件未全部满足（客观缠论信号含「卖」；卖点但笔方向向下；15分无背驰；区间价格对齐-），继续观望,1.03,1.17,1.22,-0.0059,-0.0070,否
2026-05-12 20:55:04,观望,观望,否,警戒,159899,软件ETF,0.87,安全,二买,向上,无信号,-,4条件未全部满足（60m笔方向为向上（买入须向下）；15分无背驰；区间价格对齐-），继续观望,0.87,0.85,0.87,-0.0037,-0.0032,否
2026-05-12 20:55:04,观望,观望,否,警戒,513360,教育ETF,0.50,安全,二买,向上,无信号,-,4条件未全部满足（60m笔方向为向上（买入须向下）；15分无背驰；区间价格对齐-），继续观望,0.49,0.50,0.50,-0.0006,-0.0007,否
2026-05-12 20:55:04,观望,买入,否,警戒,515790,光伏ETF,1.12,安全,二买,向下,无信号,-,4条件未全部满足（15分无背驰；区间价格对齐-），继续观望,1.08,1.10,1.09,0.0022,0.0032,否
2026-05-12 20:55:04,观望,观望,否,警戒,600938,中国海油,36.19,安全,无信号,向下,无信号,-,4条件未全部满足（客观缠论无买/卖关键字或「无信号」；15分无背驰；区间价格对齐-），继续观望,34.06,35.29,37.85,-0.0641,-0.0737,否
2026-05-12 20:55:04,观望,观望,否,警戒,601668,中国建筑,4.99,安全,二买,向上,无信号,-,4条件未全部满足（60m笔方向为向上（买入须向下）；15分无背驰；区间价格对齐-），继续观望,4.99,4.91,4.99,0.0076,0.0127,否
2026-05-12 20:55:04,观望,卖出,否,警戒,601288,农业银行,6.78,安全,二卖,向上,无信号,-,4条件未全部满足（客观缠论信号含「卖」；15分无背驰；区间价格对齐-），继续观望,6.53,6.53,6.85,-0.0100,-0.0090,否
2026-05-12 20:55:04,观望,观望,否,警戒,601728,中国电信,6.12,安全,二买,向上,顶背驰,是,4条件未全部满足（60m笔方向为向上（买入须向下）；完美止盈（模块A）未满足：客观缠论含「买」），继续观望,5.75,5.76,6.11,0.0096,0.0190,否
2026-05-12 20:55:04,观望,卖出,否,警戒,600276,恒瑞医药,56.11,安全,三卖,向上,无信号,-,4条件未全部满足（客观缠论信号含「卖」；15分无背驰；区间价格对齐-），继续观望,52.67,55.00,56.75,0.7888,0.6634,否
2026-05-12 20:55:04,观望,卖出,否,警戒,600177,雅戈尔,7.76,安全,二卖+二买,向上,无信号,-,4条件未全部满足（客观缠论信号含「卖」；15分无背驰；区间价格对齐-），继续观望,7.50,7.63,7.88,-0.0110,-0.0087,否
2026-05-12 20:55:04,观望,观望,否,警戒,600887,伊利股份,28.01,安全,二买,向上,无信号,-,4条件未全部满足（60m笔方向为向上（买入须向下）；15分无背驰；区间价格对齐-），继续观望,27.75,27.36,27.83,0.0258,0.0523,否
2026-05-12 20:55:04,观望,买入,否,警戒,601138,工业富联,64.40,安全,二买,向下,无信号,-,4条件未全部满足（15分无背驰；区间价格对齐-），继续观望,62.70,61.86,64.59,-0.0490,-0.0246,否
2026-05-12 20:55:04,观望,卖出,否,警戒,688041,海光信息,349.19,安全,一卖+二买,向上,无信号,-,4条件未全部满足（客观缠论信号含「卖」；15分无背驰；区间价格对齐-），继续观望,246.00,271.06,355.50,2.4157,2.9616,否
2026-05-12 20:55:04,观望,观望,否,警戒,688981,中芯国际,121.98,安全,二买,向上,无信号,-,4条件未全部满足（60m笔方向为向上（买入须向下）；15分无背驰；区间价格对齐-），继续观望,124.60,115.74,124.57,-0.2351,-0.2440,否
2026-05-12 20:55:04,观望,卖出,否,警戒,601225,陕西煤业,23.79,安全,二卖,向上,无信号,-,4条件未全部满足（客观缠论信号含「卖」；15分无背驰；区间价格对齐-），继续观望,22.32,22.30,24.11,-0.0344,-0.0416,否
2026-05-12 20:55:04,观望,卖出,否,警戒,600900,长江电力,27.04,安全,二卖,向上,无信号,-,4条件未全部满足（客观缠论信号含「卖」；15分无背驰；区间价格对齐-），继续观望,26.66,26.90,27.10,-0.0031,0.0029,否
2026-05-12 20:55:04,观望,卖出,否,警戒,002507,涪陵榨菜,12.31,安全,二卖,向上,无信号,-,4条件未全部满足（客观缠论信号含「卖」；15分无背驰；区间价格对齐-），继续观望,12.23,12.28,12.33,-0.0269,-0.0292,否
2026-05-12 20:55:04,观望,卖出,否,警戒,000338,潍柴动力,32.70,安全,二卖+二买,向上,无信号,-,4条件未全部满足（客观缠论信号含「卖」；15分无背驰；区间价格对齐-），继续观望,25.92,23.75,33.85,-0.1994,-0.2062,否
2026-05-12 20:55:04,观望,卖出,否,警戒,000538,云南白药,51.81,日线破位,二卖,向上,无信号,-,4条件未全部满足（客观缠论信号含「卖」；15分无背驰；区间价格对齐-），继续观望,55.40,54.40,52.89,-0.0827,-0.0323,否
2026-05-12 20:55:04,观望,观望,否,警戒,000858,五粮液,90.56,日线破位,二卖,向下,无信号,-,4条件未全部满足（客观缠论信号含「卖」；卖点但笔方向向下；15分无背驰；区间价格对齐-），继续观望,101.59,101.08,91.95,-0.3285,-0.3511,否
2026-05-12 20:55:04,观望,观望,否,警戒,000423,东阿阿胶,53.18,安全,二卖,向下,无信号,-,4条件未全部满足（客观缠论信号含「卖」；卖点但笔方向向下；15分无背驰；区间价格对齐-），继续观望,51.71,52.11,54.10,-0.1409,-0.1335,否
2026-05-12 20:55:04,观望,观望,否,警戒,000333,美的集团,80.09,安全,二买,向上,底背驰,否,4条件未全部满足（60m笔方向为向上（买入须向下）；区间价格对齐否），继续观望,79.18,78.91,80.89,-0.2080,-0.1534,否
2026-05-12 20:55:04,观望,卖出,否,警戒,000001,平安银行,11.25,安全,二卖,向上,无信号,-,4条件未全部满足（客观缠论信号含「卖」；15分无背驰；区间价格对齐-），继续观望,11.30,11.03,11.39,-0.0114,-0.0122,否
2026-05-12 20:55:04,观望,观望,否,警戒,000651,格力电器,40.34,安全,二买,向上,无信号,-,4条件未全部满足（60m笔方向为向上（买入须向下）；15分无背驰；区间价格对齐-），继续观望,40.28,40.10,40.19,-0.0010,0.0257,否
2026-05-12 20:55:04,观望,卖出,否,警戒,000895,双汇发展,26.85,安全,二卖,向上,无信号,-,4条件未全部满足（客观缠论信号含「卖」；15分无背驰；区间价格对齐-），继续观望,26.66,26.51,27.43,-0.0520,-0.0401,否
2026-05-12 20:55:04,观望,卖出,否,警戒,002415,海康威视,34.56,安全,二卖+二买,向上,无信号,-,4条件未全部满足（客观缠论信号含「卖」；15分无背驰；区间价格对齐-），继续观望,31.96,33.30,36.35,-0.2665,-0.2500,否
2026-05-12 20:55:04,观望,观望,否,警戒,hk03690,美团,84.40,安全,无信号,向上,无信号,-,4条件未全部满足（客观缠论无买/卖关键字或「无信号」；60m笔方向为向上（买入须向下）；15分无背驰；区间价格对齐-），继续观望,83.75,82.15,84.60,0.1098,0.2000,否
2026-05-12 20:55:04,观望,观望,否,警戒,hk03896,金山云,8.02,安全,二卖+二买,向下,无信号,-,4条件未全部满足（客观缠论信号含「卖」；卖点但笔方向向下；15分无背驰；区间价格对齐-），继续观望,7.86,7.80,8.39,-0.1005,-0.0927,否
2026-05-12 20:55:04,观望,观望,否,警戒,hk00700,腾讯,458.80,日线破位,二卖,向下,无信号,-,4条件未全部满足（客观缠论信号含「卖」；卖点但笔方向向下；15分无背驰；区间价格对齐-），继续观望,494.60,486.20,474.40,-1.6967,-1.4473,否
2026-05-12 20:55:04,观望,观望,否,警戒,hk09988,阿里巴巴,133.50,安全,无信号,向下,无信号,-,4条件未全部满足（客观缠论无买/卖关键字或「无信号」；15分无背驰；区间价格对齐-），继续观望,129.60,126.70,134.20,-0.4445,-0.4131,否
2026-05-12 20:55:04,观望,观望,否,警戒,hk01024,快手,53.00,安全,二买,向上,无信号,-,4条件未全部满足（60m笔方向为向上（买入须向下）；15分无背驰；区间价格对齐-），继续观望,48.90,51.00,52.65,0.2687,0.4375,否
2026-05-12 20:55:04,观望,卖出,否,警戒,hk06618,京东健康,45.60,日线破位,二卖+二买,向上,底背驰,否,4条件未全部满足（客观缠论信号含「卖」；区间价格对齐否），继续观望,46.16,46.10,45.88,-0.0684,-0.0186,否
2026-05-12 20:55:04,观望,观望,否,警戒,hk06862,海底捞,15.12,日线破位,二买,向上,无信号,-,4条件未全部满足（60m笔方向为向上（买入须向下）；15分无背驰；区间价格对齐-），继续观望,15.27,15.31,15.21,0.0172,0.0312,否
2026-05-12 20:55:04,买入,买入,否,警戒,000800,一汽解放,6.52,安全,二买,向下,底背驰,是,宏观战略锁定，微观动能衰竭，时空完美共振！,6.63,6.46,6.66,-0.0235,-0.0177,否
2026-05-12 20:55:04,观望,观望,否,警戒,300274,阳光电源,139.85,安全,二买,向上,无信号,-,4条件未全部满足（60m笔方向为向上（买入须向下）；15分无背驰；区间价格对齐-），继续观望,136.10,131.36,142.38,-0.7254,-0.4085,否
2026-05-12 20:55:04,观望,观望,否,警戒,002821,凯莱英,128.89,安全,二买,向上,无信号,-,4条件未全部满足（60m笔方向为向上（买入须向下）；15分无背驰；区间价格对齐-），继续观望,105.91,120.80,131.29,0.4504,0.7466,否

2026-05-13 11:33:53,观望,观望,是,警戒,603317,天味食品,16.00,安全,二买,向上,无信号,-,4条件未全部满足（60m笔方向为向上（买入须向下）；15分无背驰；区间价格对齐-），继续观望,12.56,12.98,16.31,0.0023,0.0144,否
2026-05-13 11:33:53,观望,观望,是,警戒,600660,福耀玻璃,57.20,安全,一卖+二买,向下,无信号,-,4条件未全部满足（客观缠论信号含「卖」；卖点但笔方向向下；15分无背驰；区间价格对齐-），继续观望,56.89,56.86,57.80,-0.6139,-0.4469,否
2026-05-13 11:33:53,观望,买入,是,警戒,600895,张江高科,36.77,安全,二买,向下,无信号,-,4条件未全部满足（15分无背驰；区间价格对齐-），继续观望,36.21,37.25,37.46,-0.3260,-0.2796,否
2026-05-13 11:33:53,观望,买入,是,警戒,000429,粤高速A,13.25,安全,二买,向下,无信号,-,4条件未全部满足（15分无背驰；区间价格对齐-），继续观望,12.70,12.48,13.12,0.1132,0.1021,否
2026-05-13 11:33:53,观望,观望,是,警戒,hk01810,小米集团,31.32,安全,二买,向上,无信号,-,4条件未全部满足（60m笔方向为向上（买入须向下）；15分无背驰；区间价格对齐-），继续观望,32.78,30.26,31.92,-0.0942,-0.0866,否
2026-05-13 11:33:53,观望,观望,是,警戒,513130,恒生科技ETF,0.63,安全,二买,向上,无信号,-,4条件未全部满足（60m笔方向为向上（买入须向下）；15分无背驰；区间价格对齐-），继续观望,0.61,0.61,0.64,-0.0016,-0.0015,否
2026-05-13 11:33:53,观望,观望,否,警戒,sh000001,上证指数,4218.22,安全,二买,向上,无信号,-,4条件未全部满足（60m笔方向为向上（买入须向下）；15分无背驰；区间价格对齐-），继续观望,4101.83,4079.77,4134.08,1.7223,2.0379,否
2026-05-13 11:33:53,观望,买入,否,警戒,510300,沪深300ETF,4.96,安全,二买,向下,无信号,-,4条件未全部满足（15分无背驰；区间价格对齐-），继续观望,4.68,4.75,4.91,0.0031,0.0047,否
2026-05-13 11:33:53,观望,买入,否,警戒,588000,科创50ETF,1.82,安全,二买,向下,无信号,-,4条件未全部满足（15分无背驰；区间价格对齐-），继续观望,1.55,1.55,1.77,0.0028,0.0031,否
2026-05-13 11:33:53,观望,卖出,否,警戒,512400,有色金属ETF,2.20,安全,二卖,向上,无信号,-,4条件未全部满足（客观缠论信号含「卖」；15分无背驰；区间价格对齐-），继续观望,2.10,2.17,2.23,0.0006,0.0007,否
2026-05-13 11:33:53,观望,卖出,否,警戒,512690,酒ETF,0.46,日线破位,二卖,向上,无信号,-,4条件未全部满足（客观缠论信号含「卖」；15分无背驰；区间价格对齐-），继续观望,0.48,0.48,0.48,-0.0029,-0.0025,否
2026-05-13 11:33:53,观望,买入,否,警戒,159227,航空航天ETF,1.38,安全,二买,向下,无信号,-,4条件未全部满足（15分无背驰；区间价格对齐-），继续观望,1.41,1.30,1.37,0.0009,-0.0011,否
2026-05-13 11:33:53,观望,卖出,否,警戒,159992,创新药ETF,0.83,安全,一卖+二卖+二买,向上,无信号,-,4条件未全部满足（客观缠论信号含「卖」；15分无背驰；区间价格对齐-），继续观望,0.83,0.83,0.83,-0.0028,-0.0013,否
2026-05-13 11:33:53,观望,观望,否,警戒,515050,通信ETF,1.13,日线破位,无信号,向下,无信号,-,4条件未全部满足（客观缠论无买/卖关键字或「无信号」；15分无背驰；区间价格对齐-），继续观望,2.30,2.33,2.37,-0.5973,-0.4221,否
2026-05-13 11:33:53,观望,买入,否,警戒,159915,创业板ETF,3.96,安全,二买,向下,无信号,-,4条件未全部满足（15分无背驰；区间价格对齐-），继续观望,3.25,3.27,3.82,0.0094,0.0106,否
2026-05-13 11:33:53,观望,观望,否,警戒,588200,科创芯片ETF,3.47,安全,无信号,向上,无信号,-,4条件未全部满足（客观缠论无买/卖关键字或「无信号」；60m笔方向为向上（买入须向下）；15分无背驰；区间价格对齐-），继续观望,2.41,2.65,3.34,0.0085,0.0107,否
2026-05-13 11:33:53,观望,卖出,否,警戒,159755,电池ETF,1.20,安全,二卖,向上,无信号,-,4条件未全部满足（客观缠论信号含「卖」；15分无背驰；区间价格对齐-），继续观望,1.03,1.17,1.22,-0.0051,-0.0055,否
2026-05-13 11:33:53,买入,观望,否,警戒,159899,软件ETF,0.87,安全,无信号,向下,底背驰,是,宏观战略锁定，微观动能衰竭，时空完美共振！,0.87,0.85,0.87,-0.0031,-0.0039,否
2026-05-13 11:33:53,观望,观望,否,警戒,513360,教育ETF,0.50,安全,二买,向上,无信号,-,4条件未全部满足（60m笔方向为向上（买入须向下）；15分无背驰；区间价格对齐-），继续观望,0.49,0.50,0.50,-0.0005,-0.0006,否
2026-05-13 11:33:53,观望,买入,否,警戒,515790,光伏ETF,1.14,安全,二买,向下,无信号,-,4条件未全部满足（15分无背驰；区间价格对齐-），继续观望,1.08,1.10,1.15,0.0050,0.0043,否
2026-05-13 11:33:53,观望,观望,否,警戒,600938,中国海油,36.30,安全,无信号,向下,无信号,-,4条件未全部满足（客观缠论无买/卖关键字或「无信号」；15分无背驰；区间价格对齐-），继续观望,34.06,35.29,37.85,0.0176,0.0015,否
2026-05-13 11:33:53,观望,观望,否,警戒,601668,中国建筑,4.97,安全,二买,向上,无信号,-,4条件未全部满足（60m笔方向为向上（买入须向下）；15分无背驰；区间价格对齐-），继续观望,4.99,4.91,4.99,-0.0033,0.0018,否
2026-05-13 11:33:53,观望,卖出,否,警戒,601288,农业银行,6.67,安全,二卖,向上,底背驰,否,4条件未全部满足（客观缠论信号含「卖」；15分底背驰（完美止盈需顶背驰）；区间价格对齐否），继续观望,6.53,6.53,6.67,-0.0381,-0.0297,否
2026-05-13 11:33:53,观望,观望,否,警戒,601728,中国电信,6.15,安全,二买,向上,无信号,-,4条件未全部满足（60m笔方向为向上（买入须向下）；15分无背驰；区间价格对齐-），继续观望,5.75,5.76,6.11,0.0055,0.0076,否
2026-05-13 11:33:53,观望,观望,否,警戒,600276,恒瑞医药,55.78,安全,无信号,向上,无信号,-,4条件未全部满足（客观缠论无买/卖关键字或「无信号」；60m笔方向为向上（买入须向下）；15分无背驰；区间价格对齐-），继续观望,52.67,55.00,57.97,0.5276,0.6341,否
2026-05-13 11:33:53,观望,卖出,否,警戒,600177,雅戈尔,7.76,安全,二卖+二买,向上,底背驰,否,4条件未全部满足（客观缠论信号含「卖」；区间价格对齐否），继续观望,7.50,7.63,7.88,-0.0145,-0.0155,否
2026-05-13 11:33:53,观望,观望,否,警戒,600887,伊利股份,27.68,安全,二买,向上,无信号,-,4条件未全部满足（60m笔方向为向上（买入须向下）；15分无背驰；区间价格对齐-），继续观望,27.75,27.36,27.83,-0.0709,-0.0298,否
2026-05-13 11:33:53,观望,买入,否,警戒,601138,工业富联,70.31,安全,二买,向下,无信号,-,4条件未全部满足（15分无背驰；区间价格对齐-），继续观望,62.70,61.86,66.91,1.5092,0.9911,否
2026-05-13 11:33:53,观望,卖出,否,警戒,688041,海光信息,339.51,安全,一卖+二买,向上,无信号,-,4条件未全部满足（客观缠论信号含「卖」；15分无背驰；区间价格对齐-），继续观望,246.00,271.06,355.50,-1.8262,-0.8239,否
2026-05-13 11:33:53,观望,观望,否,警戒,688981,中芯国际,118.75,安全,二买,向上,无信号,-,4条件未全部满足（60m笔方向为向上（买入须向下）；15分无背驰；区间价格对齐-），继续观望,124.60,115.74,124.57,-1.1595,-0.9861,否
2026-05-13 11:33:53,观望,卖出,否,警戒,601225,陕西煤业,23.63,安全,二卖,向上,无信号,-,4条件未全部满足（客观缠论信号含「卖」；15分无背驰；区间价格对齐-），继续观望,22.32,22.30,24.11,-0.0653,-0.0510,否
2026-05-13 11:33:53,观望,卖出,否,警戒,600900,长江电力,27.04,安全,二卖,向上,无信号,-,4条件未全部满足（客观缠论信号含「卖」；15分无背驰；区间价格对齐-），继续观望,26.66,26.90,27.10,0.0122,0.0177,否
2026-05-13 11:33:53,观望,卖出,否,警戒,002507,涪陵榨菜,12.26,安全,二卖,向上,无信号,-,4条件未全部满足（客观缠论信号含「卖」；15分无背驰；区间价格对齐-），继续观望,12.23,12.28,12.40,-0.0284,-0.0266,否
2026-05-13 11:33:53,观望,观望,否,警戒,000338,潍柴动力,34.23,安全,二卖,向下,无信号,-,4条件未全部满足（客观缠论信号含「卖」；卖点但笔方向向下；15分无背驰；区间价格对齐-），继续观望,25.92,23.75,33.85,0.2131,0.0405,否
2026-05-13 11:33:53,观望,卖出,否,警戒,000538,云南白药,51.71,日线破位,二卖,向上,无信号,-,4条件未全部满足（客观缠论信号含「卖」；15分无背驰；区间价格对齐-），继续观望,55.40,54.40,52.89,-0.2302,-0.1790,否
2026-05-13 11:33:53,观望,观望,否,警戒,000858,五粮液,89.02,日线破位,二卖,向下,无信号,-,4条件未全部满足（客观缠论信号含「卖」；卖点但笔方向向下；15分无背驰；区间价格对齐-），继续观望,101.59,101.08,91.95,-0.5865,-0.4830,否
2026-05-13 11:33:53,观望,卖出,否,警戒,000423,东阿阿胶,52.55,安全,二卖,向上,底背驰,否,4条件未全部满足（客观缠论信号含「卖」；15分底背驰（完美止盈需顶背驰）；区间价格对齐否），继续观望,51.71,52.11,54.45,-0.2411,-0.1717,否
2026-05-13 11:33:53,观望,买入,否,警戒,000333,美的集团,80.08,安全,二买,向下,无信号,-,4条件未全部满足（15分无背驰；区间价格对齐-），继续观望,79.18,78.91,80.89,-0.1259,-0.1265,否
2026-05-13 11:33:53,观望,卖出,否,警戒,000001,平安银行,11.14,安全,二卖,向上,无信号,-,4条件未全部满足（客观缠论信号含「卖」；15分无背驰；区间价格对齐-），继续观望,11.30,11.03,11.16,-0.0285,-0.0210,否
2026-05-13 11:33:53,观望,观望,否,警戒,000651,格力电器,40.20,安全,二买,向上,无信号,-,4条件未全部满足（60m笔方向为向上（买入须向下）；15分无背驰；区间价格对齐-），继续观望,40.28,40.10,40.19,-0.0424,-0.0209,否
2026-05-13 11:33:53,观望,观望,否,警戒,000895,双汇发展,26.81,安全,一卖+二卖+二买,向下,无信号,-,4条件未全部满足（客观缠论信号含「卖」；卖点但笔方向向下；15分无背驰；区间价格对齐-），继续观望,26.66,26.51,27.43,-0.0416,-0.0459,否
2026-05-13 11:33:53,观望,卖出,否,警戒,002415,海康威视,34.04,安全,二卖+二买+三买,向上,底背驰,否,4条件未全部满足（客观缠论信号含「卖」；区间价格对齐否），继续观望,31.96,33.30,33.87,-0.3689,-0.3449,否
2026-05-13 11:33:53,观望,买入,否,警戒,hk03690,美团,86.40,安全,二买,向下,顶背驰,否,4条件未全部满足（15分顶背驰（买入需底背驰）；区间价格对齐否），继续观望,83.75,82.15,86.55,0.5751,0.3874,否
2026-05-13 11:33:53,观望,观望,否,警戒,hk03896,金山云,7.88,安全,二卖+二买,向下,无信号,-,4条件未全部满足（客观缠论信号含「卖」；卖点但笔方向向下；15分无背驰；区间价格对齐-），继续观望,6.23,7.80,8.39,-0.1020,-0.1006,否
2026-05-13 11:33:53,观望,观望,否,警戒,hk00700,腾讯,458.80,日线破位,二卖,向下,无信号,-,4条件未全部满足（客观缠论信号含「卖」；卖点但笔方向向下；15分无背驰；区间价格对齐-），继续观望,494.60,486.20,469.00,-1.6967,-1.4473,否
2026-05-13 11:33:53,观望,观望,否,警戒,hk09988,阿里巴巴,131.20,安全,无信号,向下,无信号,-,4条件未全部满足（客观缠论无买/卖关键字或「无信号」；15分无背驰；区间价格对齐-），继续观望,129.60,126.70,134.20,-0.9434,-0.7043,否
2026-05-13 11:33:53,观望,观望,否,警戒,hk01024,快手,53.00,安全,二买,向上,无信号,-,4条件未全部满足（60m笔方向为向上（买入须向下）；15分无背驰；区间价格对齐-），继续观望,48.90,51.00,52.65,0.2687,0.4375,否
2026-05-13 11:33:53,观望,观望,否,警戒,hk06618,京东健康,47.50,安全,二卖+二买,向下,无信号,-,4条件未全部满足（客观缠论信号含「卖」；卖点但笔方向向下；15分无背驰；区间价格对齐-），继续观望,46.16,46.10,46.76,0.4591,0.2165,否
2026-05-13 11:33:53,观望,观望,否,警戒,hk06862,海底捞,15.05,安全,二买,向上,底背驰,否,4条件未全部满足（60m笔方向为向上（买入须向下）；区间价格对齐否），继续观望,14.70,14.62,15.05,-0.0065,0.0024,否
2026-05-13 11:33:53,观望,买入,否,警戒,000800,一汽解放,6.48,安全,二买,向下,无信号,-,4条件未全部满足（15分无背驰；区间价格对齐-），继续观望,6.63,6.46,6.66,-0.0317,-0.0305,否
2026-05-13 11:33:53,观望,卖出,否,警戒,002312,川发龙蟒,10.74,安全,二卖,向上,底背驰,否,4条件未全部满足（客观缠论信号含「卖」；15分底背驰（完美止盈需顶背驰）；区间价格对齐否），继续观望,10.34,10.81,10.82,-0.0341,-0.0339,否
2026-05-13 11:33:53,观望,卖出,否,警戒,300037,新宙邦,64.13,安全,二卖,向上,无信号,-,4条件未全部满足（客观缠论信号含「卖」；15分无背驰；区间价格对齐-），继续观望,52.91,60.88,63.69,-0.4122,-0.4631,否
2026-05-13 11:33:53,观望,买入,否,警戒,600021,上海电力,18.18,安全,二买,向下,无信号,-,4条件未全部满足（15分无背驰；区间价格对齐-），继续观望,18.15,17.63,18.55,0.0750,0.0647,否
2026-05-13 11:33:53,观望,买入,否,警戒,600536,中国软件,41.78,安全,二买,向下,底背驰,否,4条件未全部满足（区间价格对齐否），继续观望,43.73,40.30,41.73,-0.0794,-0.1268,否
2026-05-13 11:33:53,观望,观望,否,警戒,600598,北大荒,16.81,安全,二买,向上,底背驰,否,4条件未全部满足（60m笔方向为向上（买入须向下）；区间价格对齐否），继续观望,16.91,15.69,16.89,-0.0072,-0.0118,否
2026-05-13 11:33:53,观望,买入,否,警戒,600764,中国海防,24.22,安全,二买,向下,无信号,-,4条件未全部满足（15分无背驰；区间价格对齐-），继续观望,23.72,23.71,24.30,0.0209,0.0036,否
2026-05-13 11:33:53,观望,观望,否,警戒,603049,中策橡胶,48.42,安全,无信号,向下,无信号,-,4条件未全部满足（客观缠论无买/卖关键字或「无信号」；15分无背驰；区间价格对齐-），继续观望,46.98,48.60,48.72,-0.0415,-0.0625,否

2026-05-13 14:26:44,观望,观望,是,警戒,603317,天味食品,16.18,安全,二买,向上,无信号,-,4条件未全部满足（60m笔方向为向上（买入须向下）；15分无背驰；区间价格对齐-），继续观望,12.56,12.98,16.31,0.0392,0.0239,否
2026-05-13 14:26:44,观望,观望,是,警戒,600660,福耀玻璃,56.93,安全,一卖+二买,向下,无信号,-,4条件未全部满足（客观缠论信号含「卖」；卖点但笔方向向下；15分无背驰；区间价格对齐-），继续观望,56.89,56.86,57.80,-0.6086,-0.5553,否
2026-05-13 14:26:44,观望,买入,是,警戒,600895,张江高科,36.96,安全,二买,向下,无信号,-,4条件未全部满足（15分无背驰；区间价格对齐-），继续观望,36.21,37.25,38.17,-0.2116,-0.2498,否
2026-05-13 14:26:44,观望,买入,是,警戒,000429,粤高速A,13.26,安全,二买,向下,无信号,-,4条件未全部满足（15分无背驰；区间价格对齐-），继续观望,12.70,12.48,13.12,0.1011,0.1054,否
2026-05-13 14:26:44,观望,观望,是,警戒,hk01810,小米集团,31.86,安全,二买,向上,无信号,-,4条件未全部满足（60m笔方向为向上（买入须向下）；15分无背驰；区间价格对齐-），继续观望,32.78,30.26,31.92,0.0729,-0.0079,否
2026-05-13 14:26:44,观望,观望,是,警戒,513130,恒生科技ETF,0.63,安全,无信号,向下,无信号,-,4条件未全部满足（客观缠论无买/卖关键字或「无信号」；15分无背驰；区间价格对齐-），继续观望,0.61,0.61,0.64,-0.0001,-0.0007,否
2026-05-13 14:26:44,观望,观望,否,警戒,sh000001,上证指数,4234.54,安全,二买,向上,无信号,-,4条件未全部满足（60m笔方向为向上（买入须向下）；15分无背驰；区间价格对齐-），继续观望,4101.83,4079.77,4092.83,5.8300,3.8224,否
2026-05-13 14:26:44,观望,买入,否,警戒,510300,沪深300ETF,5.00,安全,二买,向下,无信号,-,4条件未全部满足（15分无背驰；区间价格对齐-），继续观望,4.68,4.75,4.91,0.0107,0.0072,否
2026-05-13 14:26:44,观望,买入,否,警戒,588000,科创50ETF,1.85,安全,二买,向下,无信号,-,4条件未全部满足（15分无背驰；区间价格对齐-），继续观望,1.55,1.55,1.77,0.0119,0.0069,否
2026-05-13 14:26:44,观望,卖出,否,警戒,512400,有色金属ETF,2.20,安全,二卖,向上,无信号,-,4条件未全部满足（客观缠论信号含「卖」；15分无背驰；区间价格对齐-），继续观望,2.10,2.17,2.23,0.0007,0.0007,否
2026-05-13 14:26:44,观望,卖出,否,警戒,512690,酒ETF,0.46,日线破位,二卖,向上,无信号,-,4条件未全部满足（客观缠论信号含「卖」；15分无背驰；区间价格对齐-），继续观望,0.48,0.48,0.48,-0.0028,-0.0028,否
2026-05-13 14:26:44,观望,买入,否,警戒,159227,航空航天ETF,1.37,安全,二买,向下,无信号,-,4条件未全部满足（15分无背驰；区间价格对齐-），继续观望,1.41,1.30,1.37,0.0020,0.0009,否
2026-05-13 14:26:44,观望,卖出,否,警戒,159992,创新药ETF,0.83,安全,二卖+二买,向上,无信号,-,4条件未全部满足（客观缠论信号含「卖」；15分无背驰；区间价格对齐-），继续观望,0.83,0.83,0.83,-0.0026,-0.0022,否
2026-05-13 14:26:44,观望,观望,否,警戒,515050,通信ETF,1.15,日线破位,无信号,向下,无信号,-,4条件未全部满足（客观缠论无买/卖关键字或「无信号」；15分无背驰；区间价格对齐-），继续观望,2.30,2.33,2.37,-0.5624,-0.5148,否
2026-05-13 14:26:44,观望,买入,否,警戒,159915,创业板ETF,4.03,安全,二买,向下,无信号,-,4条件未全部满足（15分无背驰；区间价格对齐-），继续观望,3.25,3.27,3.82,0.0264,0.0182,否
2026-05-13 14:26:44,观望,观望,否,警戒,588200,科创芯片ETF,3.54,安全,无信号,向上,无信号,-,4条件未全部满足（客观缠论无买/卖关键字或「无信号」；60m笔方向为向上（买入须向下）；15分无背驰；区间价格对齐-），继续观望,2.41,2.65,3.34,0.0307,0.0203,否
2026-05-13 14:26:44,观望,卖出,否,警戒,159755,电池ETF,1.20,安全,二卖,向上,无信号,-,4条件未全部满足（客观缠论信号含「卖」；15分无背驰；区间价格对齐-），继续观望,1.03,1.17,1.22,-0.0027,-0.0041,否
2026-05-13 14:26:44,观望,观望,否,警戒,159899,软件ETF,0.87,安全,无信号,向下,无信号,-,4条件未全部满足（客观缠论无买/卖关键字或「无信号」；15分无背驰；区间价格对齐-），继续观望,0.87,0.85,0.87,-0.0003,-0.0019,否
2026-05-13 14:26:44,观望,观望,否,警戒,513360,教育ETF,0.50,安全,无信号,向下,无信号,-,4条件未全部满足（客观缠论无买/卖关键字或「无信号」；15分无背驰；区间价格对齐-），继续观望,0.49,0.50,0.50,-0.0002,-0.0003,否
2026-05-13 14:26:44,观望,买入,否,警戒,515790,光伏ETF,1.15,安全,二买,向下,无信号,-,4条件未全部满足（15分无背驰；区间价格对齐-），继续观望,1.08,1.10,1.09,0.0062,0.0054,否
2026-05-13 14:26:44,观望,卖出,否,警戒,600938,中国海油,36.14,安全,二卖,向上,无信号,-,4条件未全部满足（客观缠论信号含「卖」；15分无背驰；区间价格对齐-），继续观望,34.06,35.29,37.85,-0.0363,-0.0130,否
2026-05-13 14:26:44,观望,观望,否,警戒,601668,中国建筑,4.95,安全,二买,向上,无信号,-,4条件未全部满足（60m笔方向为向上（买入须向下）；15分无背驰；区间价格对齐-），继续观望,4.99,4.91,4.95,-0.0091,-0.0044,否
2026-05-13 14:26:44,观望,卖出,否,警戒,601288,农业银行,6.66,安全,二卖,向上,底背驰,否,4条件未全部满足（客观缠论信号含「卖」；15分底背驰（完美止盈需顶背驰）；区间价格对齐否），继续观望,6.53,6.53,6.67,-0.0396,-0.0368,否
2026-05-13 14:26:44,观望,买入,否,警戒,601728,中国电信,6.20,安全,二买,向下,无信号,-,4条件未全部满足（15分无背驰；区间价格对齐-），继续观望,5.75,5.76,6.11,0.0174,0.0120,否
2026-05-13 14:26:44,观望,观望,否,警戒,600276,恒瑞医药,55.83,安全,无信号,向上,无信号,-,4条件未全部满足（客观缠论无买/卖关键字或「无信号」；60m笔方向为向上（买入须向下）；15分无背驰；区间价格对齐-），继续观望,52.67,55.00,57.97,0.3684,0.4885,否
2026-05-13 14:26:44,观望,观望,否,警戒,600177,雅戈尔,7.72,安全,二卖+二买,向下,无信号,-,4条件未全部满足（客观缠论信号含「卖」；卖点但笔方向向下；15分无背驰；区间价格对齐-），继续观望,7.50,7.63,7.88,-0.0112,-0.0123,否
2026-05-13 14:26:44,观望,观望,否,警戒,600887,伊利股份,27.82,安全,二买,向上,无信号,-,4条件未全部满足（60m笔方向为向上（买入须向下）；15分无背驰；区间价格对齐-），继续观望,27.75,27.36,27.83,-0.0365,-0.0410,否
2026-05-13 14:26:44,观望,买入,否,警戒,601138,工业富联,70.84,安全,二买,向下,无信号,-,4条件未全部满足（15分无背驰；区间价格对齐-），继续观望,62.70,61.86,66.91,1.6788,1.4513,否
2026-05-13 14:26:44,观望,卖出,否,警戒,688041,海光信息,348.60,安全,一卖+二买,向上,无信号,-,4条件未全部满足（客观缠论信号含「卖」；15分无背驰；区间价格对齐-），继续观望,246.00,271.06,355.50,0.8367,-0.1773,否
2026-05-13 14:26:44,观望,观望,否,警戒,688981,中芯国际,120.98,安全,无信号,向下,无信号,-,4条件未全部满足（客观缠论无买/卖关键字或「无信号」；15分无背驰；区间价格对齐-），继续观望,124.60,115.74,124.57,-0.2816,-0.6660,否
2026-05-13 14:26:44,观望,卖出,否,警戒,601225,陕西煤业,23.42,安全,二卖,向上,无信号,-,4条件未全部满足（客观缠论信号含「卖」；15分无背驰；区间价格对齐-），继续观望,22.32,22.30,24.11,-0.0997,-0.0763,否
2026-05-13 14:26:44,观望,卖出,否,警戒,600900,长江电力,27.00,安全,二卖,向上,无信号,-,4条件未全部满足（客观缠论信号含「卖」；15分无背驰；区间价格对齐-），继续观望,26.66,26.90,27.01,-0.0158,-0.0006,否
2026-05-13 14:26:44,观望,卖出,否,警戒,002507,涪陵榨菜,12.20,日线破位,二卖,向上,底背驰,否,4条件未全部满足（客观缠论信号含「卖」；15分底背驰（完美止盈需顶背驰）；区间价格对齐否），继续观望,12.23,12.28,12.40,-0.0391,-0.0318,否
2026-05-13 14:26:44,观望,观望,否,警戒,000338,潍柴动力,34.02,安全,二卖,向下,无信号,-,4条件未全部满足（客观缠论信号含「卖」；卖点但笔方向向下；15分无背驰；区间价格对齐-），继续观望,25.92,23.75,33.85,0.2737,0.1951,否
2026-05-13 14:26:44,观望,卖出,否,警戒,000538,云南白药,51.69,日线破位,二卖,向上,无信号,-,4条件未全部满足（客观缠论信号含「卖」；15分无背驰；区间价格对齐-），继续观望,55.40,54.40,52.89,-0.2256,-0.2161,否
2026-05-13 14:26:44,观望,观望,否,警戒,000858,五粮液,88.85,日线破位,二卖,向下,无信号,-,4条件未全部满足（客观缠论信号含「卖」；卖点但笔方向向下；15分无背驰；区间价格对齐-），继续观望,101.59,101.08,91.95,-0.5997,-0.5672,否
2026-05-13 14:26:44,观望,卖出,否,警戒,000423,东阿阿胶,52.56,安全,二卖,向上,无信号,-,4条件未全部满足（客观缠论信号含「卖」；15分无背驰；区间价格对齐-），继续观望,51.71,52.11,54.45,-0.2716,-0.2377,否
2026-05-13 14:26:44,买入,买入,否,警戒,000333,美的集团,80.21,安全,二买,向下,底背驰,是,宏观战略锁定，微观动能衰竭，时空完美共振！,79.18,78.91,80.89,-0.1211,-0.1370,否
2026-05-13 14:26:44,观望,卖出,否,警戒,000001,平安银行,11.13,安全,二卖,向上,无信号,-,4条件未全部满足（客观缠论信号含「卖」；15分无背驰；区间价格对齐-），继续观望,11.30,11.03,11.16,-0.0338,-0.0296,否
2026-05-13 14:26:44,观望,观望,否,警戒,000651,格力电器,40.29,安全,二买,向上,底背驰,否,4条件未全部满足（60m笔方向为向上（买入须向下）；区间价格对齐否），继续观望,40.28,40.10,40.19,-0.0314,-0.0338,否
2026-05-13 14:26:44,观望,观望,否,警戒,000895,双汇发展,26.54,安全,二卖+二买,向下,底背驰,否,4条件未全部满足（客观缠论信号含「卖」；卖点但笔方向向下；区间价格对齐否），继续观望,26.66,26.51,27.43,-0.0973,-0.0674,否
2026-05-13 14:26:44,观望,观望,否,警戒,002415,海康威视,34.29,安全,二卖+三买,向下,无信号,-,4条件未全部满足（客观缠论信号含「卖」；卖点但笔方向向下；15分无背驰；区间价格对齐-），继续观望,31.96,33.30,33.87,-0.2222,-0.2871,否
2026-05-13 14:26:44,观望,买入,否,警戒,hk03690,美团,88.25,安全,二买,向下,无信号,-,4条件未全部满足（15分无背驰；区间价格对齐-），继续观望,83.75,82.15,86.55,0.9860,0.8250,否
2026-05-13 14:26:44,观望,观望,否,警戒,hk03896,金山云,8.19,安全,二卖,向下,无信号,-,4条件未全部满足（客观缠论信号含「卖」；卖点但笔方向向下；15分无背驰；区间价格对齐-），继续观望,6.23,7.80,8.39,0.0126,-0.0289,否
2026-05-13 14:26:44,观望,观望,否,警戒,hk00700,腾讯,462.40,日线破位,二卖,向下,无信号,-,4条件未全部满足（客观缠论信号含「卖」；卖点但笔方向向下；15分无背驰；区间价格对齐-），继续观望,494.60,486.20,469.00,0.4460,-0.3161,否
2026-05-13 14:26:44,观望,观望,否,警戒,hk09988,阿里巴巴,132.50,安全,无信号,向下,无信号,-,4条件未全部满足（客观缠论无买/卖关键字或「无信号」；15分无背驰；区间价格对齐-），继续观望,129.60,126.70,134.20,-0.4434,-0.6589,否
2026-05-13 14:26:44,观望,观望,否,警戒,hk01024,快手,51.30,安全,二买,向上,无信号,-,4条件未全部满足（60m笔方向为向上（买入须向下）；15分无背驰；区间价格对齐-），继续观望,48.90,51.00,52.65,-0.3602,-0.3518,否
2026-05-13 14:26:44,观望,观望,否,警戒,hk06618,京东健康,48.38,安全,二卖+二买,向下,无信号,-,4条件未全部满足（客观缠论信号含「卖」；卖点但笔方向向下；15分无背驰；区间价格对齐-），继续观望,46.16,46.10,46.76,0.6875,0.5577,否
2026-05-13 14:26:44,观望,观望,否,警戒,hk06862,海底捞,15.01,安全,二买,向上,无信号,-,4条件未全部满足（60m笔方向为向上（买入须向下）；15分无背驰；区间价格对齐-），继续观望,14.70,14.62,15.05,-0.0132,-0.0091,否
2026-05-13 14:26:44,观望,买入,否,警戒,000800,一汽解放,6.47,安全,二买,向下,无信号,-,4条件未全部满足（15分无背驰；区间价格对齐-），继续观望,6.63,6.46,6.66,-0.0263,-0.0289,否
2026-05-13 14:26:44,观望,卖出,否,警戒,002312,川发龙蟒,10.73,安全,二卖,向上,无信号,-,4条件未全部满足（客观缠论信号含「卖」；15分无背驰；区间价格对齐-），继续观望,10.34,10.81,10.82,-0.0266,-0.0301,否
2026-05-13 14:26:44,观望,卖出,否,警戒,300037,新宙邦,64.26,安全,二卖,向上,无信号,-,4条件未全部满足（客观缠论信号含「卖」；15分无背驰；区间价格对齐-），继续观望,52.91,60.88,63.69,-0.2973,-0.3731,否
2026-05-13 14:26:44,观望,观望,否,警戒,600021,上海电力,18.12,安全,二买,向上,无信号,-,4条件未全部满足（60m笔方向为向上（买入须向下）；15分无背驰；区间价格对齐-），继续观望,18.15,17.63,18.33,0.0267,0.0467,否
2026-05-13 14:26:44,观望,买入,否,警戒,600536,中国软件,41.67,安全,二买,向下,无信号,-,4条件未全部满足（15分无背驰；区间价格对齐-），继续观望,43.73,40.30,39.58,-0.0132,-0.0556,否
2026-05-13 14:26:44,观望,观望,否,警戒,600598,北大荒,16.81,安全,二买,向上,无信号,-,4条件未全部满足（60m笔方向为向上（买入须向下）；15分无背驰；区间价格对齐-），继续观望,16.91,15.69,16.89,0.0016,-0.0050,否
2026-05-13 14:26:44,观望,买入,否,警戒,600764,中国海防,24.23,安全,二买,向下,无信号,-,4条件未全部满足（15分无背驰；区间价格对齐-），继续观望,23.72,23.71,24.30,0.0229,0.0177,否
2026-05-13 14:26:44,观望,观望,否,警戒,603049,中策橡胶,48.55,安全,无信号,向下,无信号,-,4条件未全部满足（客观缠论无买/卖关键字或「无信号」；15分无背驰；区间价格对齐-），继续观望,46.98,48.60,48.72,0.0110,-0.0226,否

2026-05-13 15:26:33,观望,观望,是,警戒,603317,天味食品,16.23,安全,二买,向上,无信号,-,4条件未全部满足（60m笔方向为向上（买入须向下）；15分无背驰；区间价格对齐-），继续观望,12.56,12.98,16.31,0.0472,0.0337,否
2026-05-13 15:26:33,观望,观望,是,警戒,600021,上海电力,18.22,安全,二买,向上,无信号,-,4条件未全部满足（60m笔方向为向上（买入须向下）；15分无背驰；区间价格对齐-），继续观望,18.15,17.63,18.33,0.0286,0.0372,否
2026-05-13 15:26:33,观望,买入,是,警戒,600895,张江高科,37.15,安全,二买,向下,无信号,-,4条件未全部满足（15分无背驰；区间价格对齐-），继续观望,36.21,37.25,38.17,-0.1547,-0.2131,否
2026-05-13 15:26:33,观望,买入,是,警戒,000333,美的集团,80.38,安全,二买,向下,无信号,-,4条件未全部满足（15分无背驰；区间价格对齐-），继续观望,79.18,78.91,80.89,-0.0370,-0.0979,否
2026-05-13 15:26:33,观望,观望,是,警戒,000429,粤高速A,13.26,安全,二买,向上,无信号,-,4条件未全部满足（60m笔方向为向上（买入须向下）；15分无背驰；区间价格对齐-），继续观望,12.70,12.48,13.12,0.0819,0.0958,否
2026-05-13 15:26:33,观望,观望,是,警戒,hk01810,小米集团,31.86,安全,二买,向上,无信号,-,4条件未全部满足（60m笔方向为向上（买入须向下）；15分无背驰；区间价格对齐-），继续观望,32.78,30.26,31.92,0.0729,-0.0079,否
2026-05-13 15:26:33,观望,卖出,是,警戒,513130,恒生科技ETF,0.64,安全,二卖,向上,无信号,-,4条件未全部满足（客观缠论信号含「卖」；15分无背驰；区间价格对齐-），继续观望,0.61,0.61,0.64,0.0002,-0.0003,否
2026-05-13 15:26:33,观望,观望,否,警戒,sh000001,上证指数,4242.57,安全,二买,向上,无信号,-,4条件未全部满足（60m笔方向为向上（买入须向下）；15分无背驰；区间价格对齐-），继续观望,4101.83,4079.77,4092.83,8.0779,5.6283,否
2026-05-13 15:26:33,观望,买入,否,警戒,510300,沪深300ETF,5.02,安全,二买,向下,无信号,-,4条件未全部满足（15分无背驰；区间价格对齐-），继续观望,4.68,4.75,4.91,0.0158,0.0108,否
2026-05-13 15:26:33,观望,买入,否,警戒,588000,科创50ETF,1.86,安全,二买,向下,无信号,-,4条件未全部满足（15分无背驰；区间价格对齐-），继续观望,1.55,1.55,1.77,0.0168,0.0119,否
2026-05-13 15:26:33,观望,卖出,否,警戒,512400,有色金属ETF,2.21,安全,二卖,向上,无信号,-,4条件未全部满足（客观缠论信号含「卖」；15分无背驰；区间价格对齐-），继续观望,2.10,2.17,2.23,0.0020,0.0011,否
2026-05-13 15:26:33,观望,卖出,否,警戒,512690,酒ETF,0.46,日线破位,二卖,向上,无信号,-,4条件未全部满足（客观缠论信号含「卖」；15分无背驰；区间价格对齐-），继续观望,0.48,0.48,0.48,-0.0023,-0.0026,否
2026-05-13 15:26:33,观望,买入,否,警戒,159227,航空航天ETF,1.38,安全,二买,向下,无信号,-,4条件未全部满足（15分无背驰；区间价格对齐-），继续观望,1.41,1.30,1.37,0.0024,0.0016,否
2026-05-13 15:26:33,观望,卖出,否,警戒,159992,创新药ETF,0.83,安全,二卖+二买,向上,无信号,-,4条件未全部满足（客观缠论信号含「卖」；15分无背驰；区间价格对齐-），继续观望,0.83,0.83,0.83,-0.0020,-0.0021,否
2026-05-13 15:26:33,观望,观望,否,警戒,515050,通信ETF,1.16,日线破位,无信号,向下,无信号,-,4条件未全部满足（客观缠论无买/卖关键字或「无信号」；15分无背驰；区间价格对齐-），继续观望,2.30,2.33,2.37,-0.4750,-0.5081,否
2026-05-13 15:26:33,观望,买入,否,警戒,159915,创业板ETF,4.05,安全,二买,向下,无信号,-,4条件未全部满足（15分无背驰；区间价格对齐-），继续观望,3.25,3.27,3.82,0.0324,0.0245,否
2026-05-13 15:26:33,观望,观望,否,警戒,588200,科创芯片ETF,3.57,安全,无信号,向上,无信号,-,4条件未全部满足（客观缠论无买/卖关键字或「无信号」；60m笔方向为向上（买入须向下）；15分无背驰；区间价格对齐-），继续观望,2.41,2.65,3.34,0.0374,0.0278,否
2026-05-13 15:26:33,观望,卖出,否,警戒,159755,电池ETF,1.21,安全,二卖,向上,无信号,-,4条件未全部满足（客观缠论信号含「卖」；15分无背驰；区间价格对齐-），继续观望,1.03,1.17,1.22,-0.0011,-0.0028,否
2026-05-13 15:26:33,观望,观望,否,警戒,159899,软件ETF,0.88,安全,无信号,向下,无信号,-,4条件未全部满足（客观缠论无买/卖关键字或「无信号」；15分无背驰；区间价格对齐-），继续观望,0.87,0.85,0.87,0.0008,-0.0007,否
2026-05-13 15:26:33,观望,观望,否,警戒,513360,教育ETF,0.50,安全,无信号,向下,无信号,-,4条件未全部满足（客观缠论无买/卖关键字或「无信号」；15分无背驰；区间价格对齐-），继续观望,0.49,0.50,0.50,-0.0001,-0.0002,否
2026-05-13 15:26:33,观望,买入,否,警戒,515790,光伏ETF,1.15,安全,二买,向下,无信号,-,4条件未全部满足（15分无背驰；区间价格对齐-），继续观望,1.08,1.10,1.09,0.0066,0.0060,否
2026-05-13 15:26:33,观望,卖出,否,警戒,600938,中国海油,36.21,安全,二卖,向上,无信号,-,4条件未全部满足（客观缠论信号含「卖」；15分无背驰；区间价格对齐-），继续观望,34.06,35.29,37.85,-0.0390,-0.0255,否
2026-05-13 15:26:33,观望,观望,否,警戒,601668,中国建筑,4.97,安全,二买,向上,无信号,-,4条件未全部满足（60m笔方向为向上（买入须向下）；15分无背驰；区间价格对齐-），继续观望,4.99,4.91,4.99,-0.0070,-0.0061,否
2026-05-13 15:26:33,观望,卖出,否,警戒,601288,农业银行,6.66,安全,二卖,向上,无信号,-,4条件未全部满足（客观缠论信号含「卖」；15分无背驰；区间价格对齐-），继续观望,6.53,6.53,6.67,-0.0343,-0.0363,否
2026-05-13 15:26:33,观望,买入,否,警戒,601728,中国电信,6.21,安全,二买,向下,无信号,-,4条件未全部满足（15分无背驰；区间价格对齐-），继续观望,5.75,5.76,6.11,0.0225,0.0166,否
2026-05-13 15:26:33,观望,买入,否,警戒,600276,恒瑞医药,55.86,安全,二买,向下,无信号,-,4条件未全部满足（15分无背驰；区间价格对齐-），继续观望,52.67,55.00,56.04,0.2975,0.4053,否
2026-05-13 15:26:33,观望,卖出,否,警戒,600177,雅戈尔,7.72,安全,二卖+二买,向上,无信号,-,4条件未全部满足（客观缠论信号含「卖」；15分无背驰；区间价格对齐-），继续观望,7.50,7.63,7.77,-0.0147,-0.0134,否
2026-05-13 15:26:33,观望,买入,否,警戒,600887,伊利股份,27.90,安全,二买,向下,无信号,-,4条件未全部满足（15分无背驰；区间价格对齐-），继续观望,27.75,27.36,27.83,-0.0124,-0.0296,否
2026-05-13 15:26:33,观望,买入,否,警戒,601138,工业富联,70.84,安全,二买,向下,无信号,-,4条件未全部满足（15分无背驰；区间价格对齐-），继续观望,62.70,61.86,66.91,1.5480,1.5195,否
2026-05-13 15:26:33,观望,卖出,否,警戒,688041,海光信息,348.19,安全,一卖+二买,向上,无信号,-,4条件未全部满足（客观缠论信号含「卖」；15分无背驰；区间价格对齐-），继续观望,246.00,271.06,355.50,1.4762,0.5530,否
2026-05-13 15:26:33,观望,观望,否,警戒,688981,中芯国际,121.86,安全,无信号,向下,无信号,-,4条件未全部满足（客观缠论无买/卖关键字或「无信号」；15分无背驰；区间价格对齐-），继续观望,124.60,115.74,124.57,0.1240,-0.3354,否
2026-05-13 15:26:33,观望,卖出,否,警戒,601225,陕西煤业,23.45,安全,二卖,向上,无信号,-,4条件未全部满足（客观缠论信号含「卖」；15分无背驰；区间价格对齐-），继续观望,22.32,22.30,24.11,-0.1070,-0.0907,否
2026-05-13 15:26:33,观望,卖出,否,警戒,600900,长江电力,27.00,安全,二卖,向上,无信号,-,4条件未全部满足（客观缠论信号含「卖」；15分无背驰；区间价格对齐-），继续观望,26.66,26.90,27.01,-0.0184,-0.0089,否
2026-05-13 15:26:33,观望,观望,否,警戒,600660,福耀玻璃,57.14,安全,一卖+二买,向下,无信号,-,4条件未全部满足（客观缠论信号含「卖」；卖点但笔方向向下；15分无背驰；区间价格对齐-），继续观望,56.89,56.86,57.80,-0.5365,-0.5570,否
2026-05-13 15:26:33,观望,卖出,否,警戒,002507,涪陵榨菜,12.23,安全,二卖,向上,底背驰,否,4条件未全部满足（客观缠论信号含「卖」；15分底背驰（完美止盈需顶背驰）；区间价格对齐否），继续观望,12.23,12.28,12.40,-0.0375,-0.0353,否
2026-05-13 15:26:33,观望,观望,否,警戒,000338,潍柴动力,34.34,安全,二卖,向下,无信号,-,4条件未全部满足（客观缠论信号含「卖」；卖点但笔方向向下；15分无背驰；区间价格对齐-），继续观望,25.92,23.75,33.85,0.3236,0.2526,否
2026-05-13 15:26:33,观望,观望,否,警戒,000538,云南白药,51.65,日线破位,二卖,向下,无信号,-,4条件未全部满足（客观缠论信号含「卖」；卖点但笔方向向下；15分无背驰；区间价格对齐-），继续观望,55.40,54.40,52.89,-0.1908,-0.2064,否
2026-05-13 15:26:33,观望,观望,否,警戒,000858,五粮液,89.15,日线破位,二卖,向下,无信号,-,4条件未全部满足（客观缠论信号含「卖」；卖点但笔方向向下；15分无背驰；区间价格对齐-），继续观望,101.59,101.08,91.95,-0.5124,-0.5559,否
2026-05-13 15:26:33,观望,观望,否,警戒,000423,东阿阿胶,52.80,安全,二卖,向下,无信号,-,4条件未全部满足（客观缠论信号含「卖」；卖点但笔方向向下；15分无背驰；区间价格对齐-），继续观望,51.71,52.11,54.45,-0.2113,-0.2345,否
2026-05-13 15:26:33,观望,卖出,否,警戒,000001,平安银行,11.14,安全,二卖,向上,无信号,-,4条件未全部满足（客观缠论信号含「卖」；15分无背驰；区间价格对齐-），继续观望,11.30,11.03,11.16,-0.0295,-0.0303,否
2026-05-13 15:26:33,观望,买入,否,警戒,000651,格力电器,40.30,安全,二买,向下,无信号,-,4条件未全部满足（15分无背驰；区间价格对齐-），继续观望,40.28,40.10,40.19,-0.0131,-0.0251,否
2026-05-13 15:26:33,观望,观望,否,警戒,000895,双汇发展,26.58,安全,二卖+二买,向下,底背驰,否,4条件未全部满足（客观缠论信号含「卖」；卖点但笔方向向下；区间价格对齐否），继续观望,26.66,26.51,27.43,-0.0982,-0.0826,否
2026-05-13 15:26:33,观望,观望,否,警戒,002415,海康威视,34.49,安全,二卖,向下,无信号,-,4条件未全部满足（客观缠论信号含「卖」；卖点但笔方向向下；15分无背驰；区间价格对齐-），继续观望,31.96,33.30,36.35,-0.1458,-0.2296,否
2026-05-13 15:26:33,观望,买入,否,警戒,hk03690,美团,88.25,安全,二买,向下,无信号,-,4条件未全部满足（15分无背驰；区间价格对齐-），继续观望,83.75,82.15,86.55,0.9860,0.8250,否
2026-05-13 15:26:33,观望,卖出,否,警戒,hk03896,金山云,8.19,安全,二卖,向上,无信号,-,4条件未全部满足（客观缠论信号含「卖」；15分无背驰；区间价格对齐-），继续观望,6.23,7.80,8.28,0.0126,-0.0289,否
2026-05-13 15:26:33,观望,观望,否,警戒,hk00700,腾讯,464.00,日线破位,二卖,向下,无信号,-,4条件未全部满足（客观缠论信号含「卖」；卖点但笔方向向下；15分无背驰；区间价格对齐-），继续观望,494.60,486.20,469.00,0.5548,0.0644,否
2026-05-13 15:26:33,观望,卖出,否,警戒,hk09988,阿里巴巴,132.60,安全,二卖,向上,无信号,-,4条件未全部满足（客观缠论信号含「卖」；15分无背驰；区间价格对齐-），继续观望,129.60,126.70,134.20,-0.4094,-0.5429,否
2026-05-13 15:26:33,观望,卖出,否,警戒,hk01024,快手,51.45,安全,二卖,向上,无信号,-,4条件未全部满足（客观缠论信号含「卖」；15分无背驰；区间价格对齐-），继续观望,48.90,51.00,51.85,-0.3163,-0.3420,否
2026-05-13 15:26:33,观望,观望,否,警戒,hk06618,京东健康,48.08,安全,二卖+二买,向下,无信号,-,4条件未全部满足（客观缠论信号含「卖」；卖点但笔方向向下；15分无背驰；区间价格对齐-），继续观望,46.16,46.10,46.88,0.6088,0.5991,否
2026-05-13 15:26:33,观望,观望,否,警戒,hk06862,海底捞,15.01,安全,二买,向上,无信号,-,4条件未全部满足（60m笔方向为向上（买入须向下）；15分无背驰；区间价格对齐-），继续观望,14.70,14.62,15.05,-0.0132,-0.0091,否
2026-05-13 15:26:33,观望,观望,否,警戒,000800,一汽解放,6.48,安全,无信号,向下,无信号,-,4条件未全部满足（客观缠论无买/卖关键字或「无信号」；15分无背驰；区间价格对齐-），继续观望,6.63,6.46,6.64,-0.0210,-0.0257,否
2026-05-13 15:26:33,观望,卖出,否,警戒,002312,川发龙蟒,10.75,安全,二卖,向上,无信号,-,4条件未全部满足（客观缠论信号含「卖」；15分无背驰；区间价格对齐-），继续观望,10.34,10.81,10.82,-0.0209,-0.0265,否
2026-05-13 15:26:33,观望,卖出,否,警戒,300037,新宙邦,64.69,安全,二卖,向上,无信号,-,4条件未全部满足（客观缠论信号含「卖」；15分无背驰；区间价格对齐-），继续观望,52.91,60.88,67.45,-0.2069,-0.3076,否
2026-05-13 15:26:33,观望,买入,否,警戒,600536,中国软件,41.77,安全,二买,向下,无信号,-,4条件未全部满足（15分无背驰；区间价格对齐-），继续观望,43.73,40.30,39.58,0.0025,-0.0312,否
2026-05-13 15:26:33,观望,观望,否,警戒,600598,北大荒,16.83,安全,二买,向上,无信号,-,4条件未全部满足（60m笔方向为向上（买入须向下）；15分无背驰；区间价格对齐-），继续观望,16.91,15.69,16.89,0.0067,-0.0004,否
2026-05-13 15:26:33,观望,卖出,否,警戒,600764,中国海防,24.27,安全,二卖+二买,向上,无信号,-,4条件未全部满足（客观缠论信号含「卖」；15分无背驰；区间价格对齐-），继续观望,23.72,23.71,24.30,0.0256,0.0207,否
2026-05-13 15:26:33,观望,观望,否,警戒,603049,中策橡胶,48.53,安全,无信号,向下,无信号,-,4条件未全部满足（客观缠论无买/卖关键字或「无信号」；15分无背驰；区间价格对齐-），继续观望,46.98,48.60,48.72,0.0115,-0.0062,否

2026-05-14 12:04:40,观望,观望,是,安全,603317,天味食品,16.10,安全,二买,向上,无信号,-,4条件未全部满足（60m笔方向为向上（买入须向下）；15分无背驰；区间价格对齐-），继续观望,12.56,12.98,16.31,0.0191,0.0392,否
2026-05-14 12:04:40,观望,观望,是,安全,600021,上海电力,17.74,安全,二买,向上,无信号,-,4条件未全部满足（60m笔方向为向上（买入须向下）；15分无背驰；区间价格对齐-），继续观望,18.15,17.63,17.98,-0.0961,-0.0399,否
2026-05-14 12:04:40,观望,卖出,是,安全,600895,张江高科,35.49,日线破位,二卖+二买,向上,无信号,-,4条件未全部满足（客观缠论信号含「卖」；15分无背驰；区间价格对齐-），继续观望,36.90,36.21,36.20,-0.4804,-0.3694,否
2026-05-14 12:04:40,观望,买入,是,安全,000333,美的集团,81.30,安全,二买,向下,无信号,-,4条件未全部满足（15分无背驰；区间价格对齐-），继续观望,79.17,78.91,80.98,0.2868,0.1942,否
2026-05-14 12:04:40,观望,观望,是,安全,000429,粤高速A,13.15,安全,二买,向上,无信号,-,4条件未全部满足（60m笔方向为向上（买入须向下）；15分无背驰；区间价格对齐-），继续观望,13.55,12.70,13.12,0.0283,0.0531,否
2026-05-14 12:04:40,观望,卖出,是,安全,300418,昆仑万维,50.26,安全,二卖,向上,底背驰,否,4条件未全部满足（客观缠论信号含「卖」；15分底背驰（完美止盈需顶背驰）；区间价格对齐否），继续观望,52.85,49.25,52.12,-0.6031,-0.3596,否
2026-05-14 12:04:40,观望,买入,是,安全,hk01810,小米集团,32.16,安全,二买,向下,无信号,-,4条件未全部满足（15分无背驰；区间价格对齐-），继续观望,32.78,30.26,32.44,0.1803,0.1530,否
2026-05-14 12:04:40,观望,卖出,是,安全,513130,恒生科技ETF,0.64,安全,二卖,向上,无信号,-,4条件未全部满足（客观缠论信号含「卖」；15分无背驰；区间价格对齐-），继续观望,0.61,0.61,0.64,0.0016,0.0015,否
2026-05-14 12:04:40,观望,观望,否,安全,sh000001,上证指数,4199.19,安全,二买,向上,无信号,-,4条件未全部满足（60m笔方向为向上（买入须向下）；15分无背驰；区间价格对齐-），继续观望,4101.83,4079.77,4134.08,-3.4617,1.3026,否
2026-05-14 12:04:40,观望,观望,否,安全,510300,沪深300ETF,4.95,安全,二买,向上,无信号,-,4条件未全部满足（60m笔方向为向上（买入须向下）；15分无背驰；区间价格对齐-），继续观望,4.68,4.75,4.99,-0.0016,0.0057,否
2026-05-14 12:04:40,观望,观望,否,安全,588000,科创50ETF,1.83,安全,二买,向上,无信号,-,4条件未全部满足（60m笔方向为向上（买入须向下）；15分无背驰；区间价格对齐-），继续观望,1.55,1.55,1.82,0.0073,0.0112,否
2026-05-14 12:04:40,观望,卖出,否,安全,512400,有色金属ETF,2.15,安全,二卖,向上,无信号,-,4条件未全部满足（客观缠论信号含「卖」；15分无背驰；区间价格对齐-），继续观望,2.10,2.17,2.15,-0.0131,-0.0073,否
2026-05-14 12:04:40,观望,卖出,否,安全,512690,酒ETF,0.46,日线破位,二卖,向上,无信号,-,4条件未全部满足（客观缠论信号含「卖」；15分无背驰；区间价格对齐-），继续观望,0.48,0.48,0.48,-0.0019,-0.0020,否
2026-05-14 12:04:40,观望,买入,否,安全,159227,航空航天ETF,1.33,安全,二买,向下,无信号,-,4条件未全部满足（15分无背驰；区间价格对齐-），继续观望,1.43,1.30,1.37,-0.0088,-0.0050,否
2026-05-14 12:04:40,观望,卖出,否,安全,159992,创新药ETF,0.81,日线破位,一卖+二卖+二买,向上,无信号,-,4条件未全部满足（客观缠论信号含「卖」；15分无背驰；区间价格对齐-），继续观望,0.83,0.83,0.83,-0.0057,-0.0043,否
2026-05-14 12:04:40,观望,卖出,否,安全,515050,通信ETF,1.13,安全,二卖,向上,无信号,-,4条件未全部满足（客观缠论信号含「卖」；15分无背驰；区间价格对齐-），继续观望,1.01,1.35,2.37,-0.3017,-0.3771,否
2026-05-14 12:04:40,观望,观望,否,安全,159915,创业板ETF,3.97,安全,二买,向上,无信号,-,4条件未全部满足（60m笔方向为向上（买入须向下）；15分无背驰；区间价格对齐-），继续观望,3.25,3.27,3.97,0.0092,0.0187,否
2026-05-14 12:04:40,观望,卖出,否,安全,588200,科创芯片ETF,3.52,安全,一卖,向上,无信号,-,4条件未全部满足（客观缠论信号含「卖」；15分无背驰；区间价格对齐-），继续观望,2.41,2.65,3.34,0.0205,0.0281,否
2026-05-14 12:04:40,观望,卖出,否,安全,159755,电池ETF,1.19,安全,二卖,向上,无信号,-,4条件未全部满足（客观缠论信号含「卖」；15分无背驰；区间价格对齐-），继续观望,1.03,1.17,1.22,-0.0045,-0.0033,否
2026-05-14 12:04:40,观望,卖出,否,安全,159899,软件ETF,0.85,日线破位,二卖,向上,无信号,-,4条件未全部满足（客观缠论信号含「卖」；15分无背驰；区间价格对齐-），继续观望,0.87,0.85,0.89,-0.0052,-0.0030,否
2026-05-14 12:04:40,观望,卖出,否,安全,513360,教育ETF,0.49,安全,二卖,向上,无信号,-,4条件未全部满足（客观缠论信号含「卖」；15分无背驰；区间价格对齐-），继续观望,0.49,0.50,0.50,-0.0009,-0.0006,否
2026-05-14 12:04:40,观望,观望,否,安全,515790,光伏ETF,1.14,安全,二买,向上,无信号,-,4条件未全部满足（60m笔方向为向上（买入须向下）；15分无背驰；区间价格对齐-），继续观望,1.08,1.10,1.13,0.0034,0.0050,否
2026-05-14 12:04:40,观望,观望,否,安全,600938,中国海油,36.05,安全,二卖,向下,无信号,-,4条件未全部满足（客观缠论信号含「卖」；卖点但笔方向向下；15分无背驰；区间价格对齐-），继续观望,34.06,35.29,36.45,-0.0643,-0.0597,否
2026-05-14 12:04:40,观望,观望,否,安全,601668,中国建筑,4.96,安全,二买,向上,无信号,-,4条件未全部满足（60m笔方向为向上（买入须向下）；15分无背驰；区间价格对齐-），继续观望,4.88,4.91,4.99,-0.0069,-0.0070,否
2026-05-14 12:04:40,观望,观望,否,安全,601288,农业银行,6.80,安全,二卖,向下,无信号,-,4条件未全部满足（客观缠论信号含「卖」；卖点但笔方向向下；15分无背驰；区间价格对齐-），继续观望,6.53,6.53,6.85,0.0155,-0.0040,否
2026-05-14 12:04:40,观望,买入,否,安全,601728,中国电信,6.22,安全,二买,向下,顶背驰,否,4条件未全部满足（15分顶背驰（买入需底背驰）；区间价格对齐否），继续观望,6.24,5.91,6.11,0.0227,0.0213,否
2026-05-14 12:04:40,观望,卖出,否,安全,600276,恒瑞医药,54.66,安全,一卖+二买,向上,无信号,-,4条件未全部满足（客观缠论信号含「卖」；15分无背驰；区间价格对齐-），继续观望,52.67,55.00,55.08,-0.1722,0.0240,否
2026-05-14 12:04:40,观望,卖出,否,安全,600177,雅戈尔,7.71,安全,二卖+二买,向上,底背驰,否,4条件未全部满足（客观缠论信号含「卖」；区间价格对齐否），继续观望,7.50,7.63,7.77,-0.0174,-0.0180,否
2026-05-14 12:04:40,观望,卖出,否,安全,600887,伊利股份,27.64,安全,二卖+二买,向上,底背驰,否,4条件未全部满足（客观缠论信号含「卖」；区间价格对齐否），继续观望,27.75,27.36,27.98,-0.0705,-0.0531,否
2026-05-14 12:04:40,观望,观望,否,安全,601138,工业富联,68.29,安全,二买,向上,无信号,-,4条件未全部满足（60m笔方向为向上（买入须向下）；15分无背驰；区间价格对齐-），继续观望,64.65,63.20,66.91,0.4314,0.9085,否
2026-05-14 12:04:40,观望,卖出,否,安全,688041,海光信息,330.49,安全,一卖+二买,向上,无信号,-,4条件未全部满足（客观缠论信号含「卖」；15分无背驰；区间价格对齐-），继续观望,246.00,320.01,355.50,-3.3480,-1.6154,否
2026-05-14 12:04:40,观望,卖出,否,安全,688981,中芯国际,118.15,日线破位,二卖,向上,无信号,-,4条件未全部满足（客观缠论信号含「卖」；15分无背驰；区间价格对齐-），继续观望,120.87,120.05,124.57,-0.6064,-0.3618,否
2026-05-14 12:04:40,观望,观望,否,安全,601225,陕西煤业,23.44,安全,二卖,向下,底背驰,是,4条件未全部满足（客观缠论信号含「卖」；卖点但笔方向向下），继续观望,22.32,22.30,24.11,-0.0880,-0.0866,否
2026-05-14 12:04:40,观望,卖出,否,安全,600900,长江电力,26.88,安全,二卖,向上,无信号,-,4条件未全部满足（客观缠论信号含「卖」；15分无背驰；区间价格对齐-），继续观望,26.66,26.90,27.01,-0.0481,-0.0341,否
2026-05-14 12:04:40,观望,买入,否,安全,600660,福耀玻璃,56.77,日线破位,二买,向下,无信号,-,4条件未全部满足（15分无背驰；区间价格对齐-），继续观望,56.86,56.88,57.29,-0.4274,-0.4666,否
2026-05-14 12:04:40,观望,卖出,否,安全,002507,涪陵榨菜,12.09,日线破位,二卖,向上,无信号,-,4条件未全部满足（客观缠论信号含「卖」；15分无背驰；区间价格对齐-），继续观望,12.23,12.28,12.40,-0.0605,-0.0527,否
2026-05-14 12:04:40,观望,卖出,否,安全,000338,潍柴动力,34.88,安全,一卖,向上,无信号,-,4条件未全部满足（客观缠论信号含「卖」；15分无背驰；区间价格对齐-），继续观望,25.92,23.75,33.85,0.4421,0.4312,否
2026-05-14 12:04:40,观望,观望,否,安全,000538,云南白药,51.41,日线破位,二卖,向下,无信号,-,4条件未全部满足（客观缠论信号含「卖」；卖点但笔方向向下；15分无背驰；区间价格对齐-），继续观望,55.40,54.40,52.89,-0.2043,-0.2060,否
2026-05-14 12:04:40,观望,卖出,否,安全,000858,五粮液,88.00,日线破位,二卖,向上,无信号,-,4条件未全部满足（客观缠论信号含「卖」；15分无背驰；区间价格对齐-），继续观望,101.59,101.08,91.95,-0.5682,-0.5625,否
2026-05-14 12:04:40,观望,观望,否,安全,000423,东阿阿胶,53.25,安全,二卖,向下,无信号,-,4条件未全部满足（客观缠论信号含「卖」；卖点但笔方向向下；15分无背驰；区间价格对齐-），继续观望,51.71,52.11,53.53,0.0007,-0.0997,否
2026-05-14 12:04:40,观望,卖出,否,安全,000001,平安银行,11.10,安全,二卖,向上,无信号,-,4条件未全部满足（客观缠论信号含「卖」；15分无背驰；区间价格对齐-），继续观望,10.78,11.03,11.16,-0.0283,-0.0276,否
2026-05-14 12:04:40,观望,卖出,否,安全,000651,格力电器,40.22,安全,二卖+二买,向上,无信号,-,4条件未全部满足（客观缠论信号含「卖」；15分无背驰；区间价格对齐-），继续观望,40.28,39.51,40.57,-0.0196,-0.0082,否
2026-05-14 12:04:40,观望,观望,否,安全,000895,双汇发展,26.88,安全,二卖+二买,向下,无信号,-,4条件未全部满足（客观缠论信号含「卖」；卖点但笔方向向下；15分无背驰；区间价格对齐-），继续观望,26.11,26.51,27.43,-0.0016,-0.0383,否
2026-05-14 12:04:40,观望,卖出,否,安全,002415,海康威视,33.82,安全,二卖,向上,无信号,-,4条件未全部满足（客观缠论信号含「卖」；15分无背驰；区间价格对齐-），继续观望,31.96,33.30,33.87,-0.1930,-0.1802,否
2026-05-14 12:04:40,观望,观望,否,安全,hk03690,美团,87.25,安全,二买,向上,无信号,-,4条件未全部满足（60m笔方向为向上（买入须向下）；15分无背驰；区间价格对齐-），继续观望,78.70,83.75,86.55,0.3335,0.5146,否
2026-05-14 12:04:40,观望,卖出,否,安全,hk03896,金山云,8.56,安全,二卖,向上,顶背驰,否,4条件未全部满足（客观缠论信号含「卖」；区间价格对齐否），继续观望,7.86,7.80,9.10,0.1480,0.0976,否
2026-05-14 12:04:40,观望,观望,否,安全,hk00700,腾讯,469.20,日线破位,二卖,向下,顶背驰,否,4条件未全部满足（客观缠论信号含「卖」；卖点但笔方向向下；区间价格对齐否），继续观望,494.60,486.20,474.40,2.2952,1.3751,否
2026-05-14 12:04:40,观望,卖出,否,安全,hk09988,阿里巴巴,141.10,安全,二卖,向上,无信号,-,4条件未全部满足（客观缠论信号含「卖」；15分无背驰；区间价格对齐-），继续观望,129.60,126.70,134.20,1.9808,0.9028,否
2026-05-14 12:04:40,观望,卖出,否,安全,hk01024,快手,52.05,安全,二卖,向上,无信号,-,4条件未全部满足（客观缠论信号含「卖」；15分无背驰；区间价格对齐-），继续观望,48.90,51.00,51.85,-0.0324,-0.1278,否
2026-05-14 12:04:40,观望,观望,否,安全,hk06618,京东健康,48.70,安全,二卖+二买,向下,顶背驰,否,4条件未全部满足（客观缠论信号含「卖」；卖点但笔方向向下；区间价格对齐否），继续观望,48.50,46.10,46.88,0.4426,0.5027,否
2026-05-14 12:04:40,观望,观望,否,安全,hk06862,海底捞,14.94,安全,二买,向上,底背驰,否,4条件未全部满足（60m笔方向为向上（买入须向下）；区间价格对齐否），继续观望,14.62,14.16,15.05,-0.0326,-0.0258,否
2026-05-14 12:04:40,观望,卖出,否,安全,000800,一汽解放,6.41,日线破位,二卖,向上,无信号,-,4条件未全部满足（客观缠论信号含「卖」；15分无背驰；区间价格对齐-），继续观望,6.63,6.46,6.64,-0.0291,-0.0272,否
2026-05-14 12:04:40,观望,卖出,否,安全,002312,川发龙蟒,10.46,安全,二卖,向上,无信号,-,4条件未全部满足（客观缠论信号含「卖」；15分无背驰；区间价格对齐-），继续观望,10.45,10.34,10.82,-0.0895,-0.0670,否
2026-05-14 12:04:40,观望,卖出,否,安全,300037,新宙邦,63.65,安全,二卖,向上,无信号,-,4条件未全部满足（客观缠论信号含「卖」；15分无背驰；区间价格对齐-），继续观望,52.91,60.88,63.69,-0.2837,-0.2465,否
2026-05-14 12:04:40,观望,卖出,否,安全,600536,中国软件,40.12,日线破位,二卖+二买,向上,无信号,-,4条件未全部满足（客观缠论信号含「卖」；15分无背驰；区间价格对齐-），继续观望,43.73,40.30,40.33,-0.4048,-0.2682,否
2026-05-14 12:04:40,观望,观望,否,安全,600598,北大荒,16.56,安全,二买,向上,无信号,-,4条件未全部满足（60m笔方向为向上（买入须向下）；15分无背驰；区间价格对齐-），继续观望,16.91,15.69,16.91,-0.0411,-0.0189,否
2026-05-14 12:04:40,观望,卖出,否,安全,600764,中国海防,23.52,日线破位,二卖+二买,向上,顶背驰,是,4条件未全部满足（客观缠论信号含「卖」；完美止盈（模块A）未满足：客观缠论含「买」），继续观望,23.72,23.71,24.18,-0.1673,-0.0993,否
2026-05-14 12:04:40,观望,卖出,否,安全,603049,中策橡胶,47.44,安全,二卖,向上,无信号,-,4条件未全部满足（客观缠论信号含「卖」；15分无背驰；区间价格对齐-），继续观望,46.98,48.60,48.56,-0.2583,-0.1584,否
2026-05-14 12:04:40,观望,卖出,否,安全,000739,普洛药业,17.53,安全,一卖+二卖+二买,向上,底背驰,否,4条件未全部满足（客观缠论信号含「卖」；区间价格对齐否），继续观望,17.28,17.24,18.06,-0.1861,-0.1635,否
2026-05-14 12:04:40,观望,买入,否,安全,001391,国货航,5.58,安全,二买,向下,无信号,-,4条件未全部满足（15分无背驰；区间价格对齐-），继续观望,5.22,5.28,5.56,0.0484,0.0200,否
2026-05-14 12:04:40,观望,卖出,否,安全,002044,美年健康,6.14,安全,二卖,向上,无信号,-,4条件未全部满足（客观缠论信号含「卖」；15分无背驰；区间价格对齐-），继续观望,5.14,5.52,6.38,-0.0035,-0.0096,否
2026-05-14 12:04:40,观望,卖出,否,安全,300146,汤臣倍健,10.34,日线破位,二卖+二买,向上,无信号,-,4条件未全部满足（客观缠论信号含「卖」；15分无背驰；区间价格对齐-），继续观望,10.71,10.73,10.59,-0.0536,-0.0400,否
2026-05-14 12:04:40,观望,卖出,否,安全,600547,山东黄金,33.83,日线破位,二卖,向上,无信号,-,4条件未全部满足（客观缠论信号含「卖」；15分无背驰；区间价格对齐-），继续观望,34.20,34.60,35.47,-0.2694,-0.2122,否
2026-05-14 12:04:40,观望,卖出,否,安全,601628,中国人寿,35.88,日线破位,二卖,向上,无信号,-,4条件未全部满足（客观缠论信号含「卖」；15分无背驰；区间价格对齐-），继续观望,37.85,37.11,36.55,-0.2705,-0.2775,否
2026-05-14 12:04:40,观望,卖出,否,安全,601696,中银证券,12.46,安全,二卖+二买,向上,无信号,-,4条件未全部满足（客观缠论信号含「卖」；15分无背驰；区间价格对齐-），继续观望,12.16,12.34,12.60,-0.0381,-0.0203,否
2026-05-14 12:04:40,观望,观望,否,安全,603529,爱玛科技,22.20,日线破位,无信号,向下,无信号,-,4条件未全部满足（客观缠论无买/卖关键字或「无信号」；15分无背驰；区间价格对齐-），继续观望,28.33,28.28,23.46,-0.1648,-0.1482,否

2026-05-14 15:09:03,观望,观望,是,警戒,603317,天味食品,16.13,安全,二买,向上,无信号,-,4条件未全部满足（60m笔方向为向上（买入须向下）；15分无背驰；区间价格对齐-），继续观望,12.56,12.98,16.31,0.0123,0.0177,否
2026-05-14 15:09:03,观望,观望,是,警戒,600021,上海电力,17.54,日线破位,二买+三买,向上,无信号,-,4条件未全部满足（60m笔方向为向上（买入须向下）；15分无背驰；区间价格对齐-），继续观望,18.15,17.63,17.42,-0.1326,-0.1103,否
2026-05-14 15:09:03,观望,观望,是,警戒,600895,张江高科,35.58,日线破位,二卖,向下,无信号,-,4条件未全部满足（客观缠论信号含「卖」；卖点但笔方向向下；15分无背驰；区间价格对齐-），继续观望,36.90,36.21,36.20,-0.3124,-0.3281,否
2026-05-14 15:09:03,观望,买入,是,警戒,000333,美的集团,81.81,安全,二买,向下,顶背驰,否,4条件未全部满足（15分顶背驰（买入需底背驰）；区间价格对齐否），继续观望,79.17,78.91,80.98,0.3720,0.3437,否
2026-05-14 15:09:03,观望,观望,是,警戒,000429,粤高速A,13.05,安全,二买,向上,无信号,-,4条件未全部满足（60m笔方向为向上（买入须向下）；15分无背驰；区间价格对齐-），继续观望,13.55,12.70,13.12,-0.0150,0.0054,否
2026-05-14 15:09:03,观望,卖出,是,警戒,300418,昆仑万维,49.03,日线破位,二卖,向上,无信号,-,4条件未全部满足（客观缠论信号含「卖」；15分无背驰；区间价格对齐-），继续观望,52.85,49.25,52.22,-0.7869,-0.6616,否
2026-05-14 15:09:03,观望,买入,是,警戒,hk01810,小米集团,32.12,安全,二买,向下,无信号,-,4条件未全部满足（15分无背驰；区间价格对齐-），继续观望,32.78,30.26,32.44,0.0774,0.1007,否
2026-05-14 15:09:03,观望,卖出,是,警戒,513130,恒生科技ETF,0.64,安全,二卖,向上,无信号,-,4条件未全部满足（客观缠论信号含「卖」；15分无背驰；区间价格对齐-），继续观望,0.61,0.61,0.64,0.0002,0.0008,否
2026-05-14 15:09:03,观望,观望,否,警戒,sh000001,上证指数,4177.92,安全,二买,向上,无信号,-,4条件未全部满足（60m笔方向为向上（买入须向下）；15分无背驰；区间价格对齐-），继续观望,4101.83,4079.77,4134.08,-5.7229,-2.9048,否
2026-05-14 15:09:03,观望,观望,否,警戒,510300,沪深300ETF,4.94,安全,二买,向上,无信号,-,4条件未全部满足（60m笔方向为向上（买入须向下）；15分无背驰；区间价格对齐-），继续观望,4.68,4.75,4.99,-0.0035,-0.0006,否
2026-05-14 15:09:03,观望,观望,否,警戒,588000,科创50ETF,1.82,安全,二买,向上,无信号,-,4条件未全部满足（60m笔方向为向上（买入须向下）；15分无背驰；区间价格对齐-），继续观望,1.55,1.55,1.82,0.0028,0.0067,否
2026-05-14 15:09:03,观望,卖出,否,警戒,512400,有色金属ETF,2.13,安全,二卖,向上,无信号,-,4条件未全部满足（客观缠论信号含「卖」；15分无背驰；区间价格对齐-），继续观望,2.10,2.17,2.15,-0.0132,-0.0113,否
2026-05-14 15:09:03,观望,观望,否,警戒,512690,酒ETF,0.47,日线破位,二卖,向下,无信号,-,4条件未全部满足（客观缠论信号含「卖」；卖点但笔方向向下；15分无背驰；区间价格对齐-），继续观望,0.48,0.48,0.48,0.0004,-0.0002,否
2026-05-14 15:09:03,观望,买入,否,警戒,159227,航空航天ETF,1.31,安全,二买,向下,无信号,-,4条件未全部满足（15分无背驰；区间价格对齐-），继续观望,1.43,1.30,1.33,-0.0113,-0.0094,否
2026-05-14 15:09:03,观望,卖出,否,警戒,159992,创新药ETF,0.80,日线破位,二卖+二买,向上,无信号,-,4条件未全部满足（客观缠论信号含「卖」；15分无背驰；区间价格对齐-），继续观望,0.83,0.83,0.79,-0.0057,-0.0053,否
2026-05-14 15:09:03,观望,卖出,否,警戒,515050,通信ETF,1.13,安全,二卖,向上,无信号,-,4条件未全部满足（客观缠论信号含「卖」；15分无背驰；区间价格对齐-），继续观望,1.01,1.35,2.37,-0.1734,-0.2359,否
2026-05-14 15:09:03,观望,观望,否,警戒,159915,创业板ETF,3.96,安全,二买,向上,无信号,-,4条件未全部满足（60m笔方向为向上（买入须向下）；15分无背驰；区间价格对齐-），继续观望,3.25,3.27,3.97,0.0048,0.0100,否
2026-05-14 15:09:03,观望,卖出,否,警戒,588200,科创芯片ETF,3.48,安全,一卖,向上,无信号,-,4条件未全部满足（客观缠论信号含「卖」；15分无背驰；区间价格对齐-），继续观望,2.41,2.65,3.34,0.0113,0.0190,否
2026-05-14 15:09:03,观望,卖出,否,警戒,159755,电池ETF,1.17,安全,二卖,向上,无信号,-,4条件未全部满足（客观缠论信号含「卖」；15分无背驰；区间价格对齐-），继续观望,1.03,1.17,1.22,-0.0052,-0.0039,否
2026-05-14 15:09:03,观望,卖出,否,警戒,159899,软件ETF,0.84,日线破位,二卖,向上,无信号,-,4条件未全部满足（客观缠论信号含「卖」；15分无背驰；区间价格对齐-），继续观望,0.87,0.85,0.84,-0.0057,-0.0048,否
2026-05-14 15:09:03,观望,卖出,否,警戒,513360,教育ETF,0.49,安全,二卖,向上,无信号,-,4条件未全部满足（客观缠论信号含「卖」；15分无背驰；区间价格对齐-），继续观望,0.49,0.50,0.50,-0.0010,-0.0009,否
2026-05-14 15:09:03,观望,观望,否,警戒,515790,光伏ETF,1.13,安全,二买,向上,无信号,-,4条件未全部满足（60m笔方向为向上（买入须向下）；15分无背驰；区间价格对齐-），继续观望,1.08,1.10,1.13,0.0010,0.0029,否
2026-05-14 15:09:03,观望,卖出,否,警戒,600938,中国海油,36.06,安全,二卖,向上,无信号,-,4条件未全部满足（客观缠论信号含「卖」；15分无背驰；区间价格对齐-），继续观望,34.06,35.29,36.28,-0.0337,-0.0413,否
2026-05-14 15:09:03,观望,观望,否,警戒,601668,中国建筑,4.94,安全,二买,向上,无信号,-,4条件未全部满足（60m笔方向为向上（买入须向下）；15分无背驰；区间价格对齐-），继续观望,4.88,4.91,4.95,-0.0041,-0.0040,否
2026-05-14 15:09:03,观望,卖出,否,警戒,601288,农业银行,6.76,安全,二卖,向上,无信号,-,4条件未全部满足（客观缠论信号含「卖」；15分无背驰；区间价格对齐-），继续观望,6.53,6.53,6.83,0.0129,0.0115,否
2026-05-14 15:09:03,观望,买入,否,警戒,601728,中国电信,6.26,安全,二买,向下,无信号,-,4条件未全部满足（15分无背驰；区间价格对齐-），继续观望,6.24,5.91,6.11,0.0314,0.0298,否
2026-05-14 15:09:03,观望,观望,否,警戒,600276,恒瑞医药,54.32,安全,二买,向上,无信号,-,4条件未全部满足（60m笔方向为向上（买入须向下）；15分无背驰；区间价格对齐-），继续观望,52.67,55.00,54.43,-0.2108,-0.1456,否
2026-05-14 15:09:03,观望,卖出,否,警戒,600177,雅戈尔,7.67,安全,二卖+二买,向上,无信号,-,4条件未全部满足（客观缠论信号含「卖」；15分无背驰；区间价格对齐-），继续观望,7.50,7.63,7.88,-0.0147,-0.0160,否
2026-05-14 15:09:03,观望,观望,否,警戒,600887,伊利股份,27.78,安全,二卖,向下,无信号,-,4条件未全部满足（客观缠论信号含「卖」；卖点但笔方向向下；15分无背驰；区间价格对齐-），继续观望,27.75,27.36,27.98,-0.0066,-0.0251,否
2026-05-14 15:09:03,观望,买入,否,警戒,601138,工业富联,68.60,安全,二买,向下,无信号,-,4条件未全部满足（15分无背驰；区间价格对齐-），继续观望,64.65,63.20,66.91,0.1088,0.2712,否
2026-05-14 15:09:03,观望,卖出,否,警戒,688041,海光信息,325.20,安全,一卖+二买,向上,无信号,-,4条件未全部满足（客观缠论信号含「卖」；15分无背驰；区间价格对齐-），继续观望,246.00,320.01,355.50,-3.7226,-3.2127,否
2026-05-14 15:09:03,观望,卖出,否,警戒,688981,中芯国际,117.90,日线破位,二卖,向上,无信号,-,4条件未全部满足（客观缠论信号含「卖」；15分无背驰；区间价格对齐-），继续观望,120.87,120.05,124.57,-0.4633,-0.4499,否
2026-05-14 15:09:03,观望,观望,否,警戒,601225,陕西煤业,23.34,安全,二卖,向下,无信号,-,4条件未全部满足（客观缠论信号含「卖」；卖点但笔方向向下；15分无背驰；区间价格对齐-），继续观望,22.32,22.30,24.11,-0.0708,-0.0715,否
2026-05-14 15:09:03,观望,观望,否,警戒,600900,长江电力,26.94,安全,二卖,向下,无信号,-,4条件未全部满足（客观缠论信号含「卖」；卖点但笔方向向下；15分无背驰；区间价格对齐-），继续观望,26.66,26.90,27.10,-0.0229,-0.0294,否
2026-05-14 15:09:03,观望,观望,否,警戒,600660,福耀玻璃,56.71,日线破位,无信号,向下,无信号,-,4条件未全部满足（客观缠论无买/卖关键字或「无信号」；15分无背驰；区间价格对齐-），继续观望,56.86,56.88,57.29,-0.2535,-0.3160,否
2026-05-14 15:09:03,观望,观望,否,警戒,002507,涪陵榨菜,12.08,日线破位,二卖,向下,无信号,-,4条件未全部满足（客观缠论信号含「卖」；卖点但笔方向向下；15分无背驰；区间价格对齐-），继续观望,12.23,12.28,12.40,-0.0412,-0.0457,否
2026-05-14 15:09:03,观望,卖出,否,警戒,000338,潍柴动力,34.20,安全,一卖,向上,无信号,-,4条件未全部满足（客观缠论信号含「卖」；15分无背驰；区间价格对齐-），继续观望,25.92,23.75,33.85,0.1411,0.2566,否
2026-05-14 15:09:03,观望,观望,否,警戒,000538,云南白药,51.50,日线破位,二卖,向下,无信号,-,4条件未全部满足（客观缠论信号含「卖」；卖点但笔方向向下；15分无背驰；区间价格对齐-），继续观望,55.40,54.40,52.89,-0.0870,-0.1249,否
2026-05-14 15:09:03,观望,卖出,否,警戒,000858,五粮液,88.99,日线破位,二卖,向上,无信号,-,4条件未全部满足（客观缠论信号含「卖」；15分无背驰；区间价格对齐-），继续观望,101.59,101.08,91.95,-0.1537,-0.2779,否
2026-05-14 15:09:03,观望,观望,否,警戒,000423,东阿阿胶,53.20,安全,二卖,向下,无信号,-,4条件未全部满足（客观缠论信号含「卖」；卖点但笔方向向下；15分无背驰；区间价格对齐-），继续观望,51.71,52.11,53.53,0.1219,0.0866,否
2026-05-14 15:09:03,观望,卖出,否,警戒,000001,平安银行,11.05,安全,二卖,向上,无信号,-,4条件未全部满足（客观缠论信号含「卖」；15分无背驰；区间价格对齐-），继续观望,10.78,11.03,11.16,-0.0268,-0.0260,否
2026-05-14 15:09:03,观望,卖出,否,警戒,000651,格力电器,40.22,安全,二卖+二买,向上,无信号,-,4条件未全部满足（客观缠论信号含「卖」；15分无背驰；区间价格对齐-），继续观望,40.28,39.51,40.57,-0.0055,0.0006,否
2026-05-14 15:09:03,观望,观望,否,警戒,000895,双汇发展,26.81,安全,二卖+二买,向下,无信号,-,4条件未全部满足（客观缠论信号含「卖」；卖点但笔方向向下；15分无背驰；区间价格对齐-），继续观望,26.11,26.51,27.43,0.0135,0.0033,否
2026-05-14 15:09:03,观望,卖出,否,警戒,002415,海康威视,33.45,安全,二卖,向上,无信号,-,4条件未全部满足（客观缠论信号含「卖」；15分无背驰；区间价格对齐-），继续观望,31.96,33.30,33.87,-0.2410,-0.2203,否
2026-05-14 15:09:03,观望,观望,否,警戒,hk03690,美团,86.25,安全,二买,向上,无信号,-,4条件未全部满足（60m笔方向为向上（买入须向下）；15分无背驰；区间价格对齐-），继续观望,78.70,83.75,85.10,-0.2218,-0.0527,否
2026-05-14 15:09:03,观望,观望,否,警戒,hk03896,金山云,8.59,安全,无信号,向上,无信号,-,4条件未全部满足（客观缠论无买/卖关键字或「无信号」；60m笔方向为向上（买入须向下）；15分无背驰；区间价格对齐-），继续观望,7.86,7.80,9.10,0.0955,0.1048,否
2026-05-14 15:09:03,观望,卖出,否,警戒,hk00700,腾讯,462.00,日线破位,一卖,向上,无信号,-,4条件未全部满足（客观缠论信号含「卖」；15分无背驰；区间价格对齐-），继续观望,494.60,486.20,469.00,-0.1931,0.4146,否
2026-05-14 15:09:03,观望,观望,否,警戒,hk09988,阿里巴巴,138.70,安全,无信号,向上,无信号,-,4条件未全部满足（客观缠论无买/卖关键字或「无信号」；60m笔方向为向上（买入须向下）；15分无背驰；区间价格对齐-），继续观望,129.60,126.70,134.20,1.3761,1.6114,否
2026-05-14 15:09:03,观望,卖出,否,警戒,hk01024,快手,51.10,安全,二卖,向上,无信号,-,4条件未全部满足（客观缠论信号含「卖」；15分无背驰；区间价格对齐-），继续观望,48.90,51.00,54.40,-0.1786,-0.1681,否
2026-05-14 15:09:03,观望,观望,否,警戒,hk06618,京东健康,48.86,安全,二买,向上,无信号,-,4条件未全部满足（60m笔方向为向上（买入须向下）；15分无背驰；区间价格对齐-），继续观望,48.50,46.10,46.88,0.2612,0.2962,否
2026-05-14 15:09:03,观望,买入,否,警戒,hk06862,海底捞,14.98,安全,二买,向下,无信号,-,4条件未全部满足（15分无背驰；区间价格对齐-），继续观望,14.62,14.16,15.05,-0.0217,-0.0339,否
2026-05-14 15:09:03,观望,卖出,否,警戒,000800,一汽解放,6.42,日线破位,二卖,向上,无信号,-,4条件未全部满足（客观缠论信号含「卖」；15分无背驰；区间价格对齐-），继续观望,6.63,6.46,6.64,-0.0187,-0.0227,否
2026-05-14 15:09:03,观望,卖出,否,警戒,002312,川发龙蟒,10.42,安全,二卖,向上,无信号,-,4条件未全部满足（客观缠论信号含「卖」；15分无背驰；区间价格对齐-），继续观望,10.45,10.34,10.82,-0.0830,-0.0826,否
2026-05-14 15:09:03,观望,卖出,否,警戒,300037,新宙邦,63.19,安全,二卖,向上,无信号,-,4条件未全部满足（客观缠论信号含「卖」；15分无背驰；区间价格对齐-），继续观望,52.91,60.88,63.69,-0.3017,-0.2762,否
2026-05-14 15:09:03,观望,卖出,否,警戒,600536,中国软件,40.08,日线破位,二卖+二买,向上,无信号,-,4条件未全部满足（客观缠论信号含「卖」；15分无背驰；区间价格对齐-），继续观望,43.73,40.30,41.97,-0.3665,-0.3615,否
2026-05-14 15:09:03,观望,观望,否,警戒,600598,北大荒,16.58,安全,二买,向上,无信号,-,4条件未全部满足（60m笔方向为向上（买入须向下）；15分无背驰；区间价格对齐-），继续观望,16.91,15.69,16.89,-0.0401,-0.0369,否
2026-05-14 15:09:03,观望,卖出,否,警戒,600764,中国海防,23.50,日线破位,二卖+二买,向上,无信号,-,4条件未全部满足（客观缠论信号含「卖」；15分无背驰；区间价格对齐-），继续观望,23.72,23.71,24.09,-0.1615,-0.1526,否
2026-05-14 15:09:03,观望,观望,否,警戒,603049,中策橡胶,47.53,安全,二卖,向下,无信号,-,4条件未全部满足（客观缠论信号含「卖」；卖点但笔方向向下；15分无背驰；区间价格对齐-），继续观望,46.98,48.60,48.70,-0.2250,-0.2208,否
2026-05-14 15:09:03,观望,卖出,否,警戒,000739,普洛药业,17.38,安全,二卖+二买,向上,底背驰,否,4条件未全部满足（客观缠论信号含「卖」；区间价格对齐否），继续观望,17.28,17.24,17.90,-0.1869,-0.1851,否
2026-05-14 15:09:03,观望,观望,否,警戒,001391,国货航,5.52,安全,二买,向上,无信号,-,4条件未全部满足（60m笔方向为向上（买入须向下）；15分无背驰；区间价格对齐-），继续观望,5.22,5.28,5.37,0.0640,0.0552,否
2026-05-14 15:09:03,观望,卖出,否,警戒,002044,美年健康,6.17,安全,二卖,向上,无信号,-,4条件未全部满足（客观缠论信号含「卖」；15分无背驰；区间价格对齐-），继续观望,5.14,5.52,6.38,0.0230,0.0126,否
2026-05-14 15:09:03,观望,观望,否,警戒,300146,汤臣倍健,10.33,日线破位,二卖,向下,无信号,-,4条件未全部满足（客观缠论信号含「卖」；卖点但笔方向向下；15分无背驰；区间价格对齐-），继续观望,10.71,10.73,10.59,-0.0442,-0.0451,否
2026-05-14 15:09:03,观望,卖出,否,警戒,600547,山东黄金,33.75,日线破位,二卖,向上,无信号,-,4条件未全部满足（客观缠论信号含「卖」；15分无背驰；区间价格对齐-），继续观望,34.20,34.60,35.47,-0.2322,-0.2289,否
2026-05-14 15:09:03,观望,卖出,否,警戒,601628,中国人寿,36.15,日线破位,二卖,向上,无信号,-,4条件未全部满足（客观缠论信号含「卖」；15分无背驰；区间价格对齐-），继续观望,37.85,37.11,36.55,-0.1421,-0.1920,否
2026-05-14 15:09:03,观望,卖出,否,警戒,601696,中银证券,12.43,安全,二卖+二买,向上,无信号,-,4条件未全部满足（客观缠论信号含「卖」；15分无背驰；区间价格对齐-），继续观望,12.16,12.34,12.38,-0.0424,-0.0377,否
2026-05-14 15:09:03,观望,观望,否,警戒,603529,爱玛科技,22.24,日线破位,无信号,向下,无信号,-,4条件未全部满足（客观缠论无买/卖关键字或「无信号」；15分无背驰；区间价格对齐-），继续观望,28.33,28.28,23.46,-0.1123,-0.1314,否

2026-05-15 12:55:42,观望,观望,是,警戒,603317,天味食品,16.04,安全,二买,向上,无信号,-,4条件未全部满足（60m笔方向为向上（买入须向下）；15分无背驰；区间价格对齐-），继续观望,12.56,12.98,16.31,-0.0274,-0.0139,否
2026-05-15 12:55:42,观望,卖出,是,警戒,688981,中芯国际,122.88,安全,二卖,向上,无信号,-,4条件未全部满足（客观缠论信号含「卖」；15分无背驰；区间价格对齐-），继续观望,115.74,113.50,124.04,0.7306,0.1450,否
2026-05-15 12:55:42,观望,买入,是,警戒,000333,美的集团,82.91,安全,二买,向下,无信号,-,4条件未全部满足（15分无背驰；区间价格对齐-），继续观望,79.17,78.91,80.98,0.5444,0.5108,否
2026-05-15 12:55:42,观望,观望,是,警戒,000429,粤高速A,13.11,安全,二买,向上,无信号,-,4条件未全部满足（60m笔方向为向上（买入须向下）；15分无背驰；区间价格对齐-），继续观望,12.70,12.48,13.12,-0.0273,-0.0290,否
2026-05-15 12:55:42,观望,观望,是,警戒,300418,昆仑万维,50.44,安全,二卖,向下,无信号,-,4条件未全部满足（客观缠论信号含「卖」；卖点但笔方向向下；15分无背驰；区间价格对齐-），继续观望,44.10,49.25,52.12,-0.3715,-0.5531,否
2026-05-15 12:55:42,观望,卖出,是,警戒,hk01810,小米集团,31.08,安全,一卖+二买,向上,无信号,-,4条件未全部满足（客观缠论信号含「卖」；15分无背驰；区间价格对齐-），继续观望,32.78,30.26,31.18,-0.2290,-0.1395,否
2026-05-15 12:55:42,观望,卖出,是,警戒,513130,恒生科技ETF,0.63,安全,二卖,向上,无信号,-,4条件未全部满足（客观缠论信号含「卖」；15分无背驰；区间价格对齐-），继续观望,0.61,0.63,0.63,-0.0033,-0.0023,否
2026-05-15 12:55:42,观望,观望,否,警戒,sh000001,上证指数,4183.06,安全,一卖+三买,向下,无信号,-,4条件未全部满足（客观缠论信号含「卖」；卖点但笔方向向下；15分无背驰；区间价格对齐-），继续观望,4101.83,4079.77,4092.83,-11.9510,-12.2008,否
2026-05-15 12:55:42,观望,观望,否,警戒,510300,沪深300ETF,4.93,安全,二买,向上,无信号,-,4条件未全部满足（60m笔方向为向上（买入须向下）；15分无背驰；区间价格对齐-），继续观望,4.68,4.75,4.99,-0.0137,-0.0132,否
2026-05-15 12:55:42,观望,观望,否,警戒,588000,科创50ETF,1.84,安全,二买,向上,无信号,-,4条件未全部满足（60m笔方向为向上（买入须向下）；15分无背驰；区间价格对齐-），继续观望,1.55,1.55,1.82,-0.0016,-0.0033,否
2026-05-15 12:55:42,观望,卖出,否,警戒,512400,有色金属ETF,2.09,日线破位,二卖+三买,向上,无信号,-,4条件未全部满足（客观缠论信号含「卖」；15分无背驰；区间价格对齐-），继续观望,2.11,2.10,2.15,-0.0284,-0.0256,否
2026-05-15 12:55:42,观望,观望,否,警戒,512690,酒ETF,0.46,日线破位,二卖,向下,无信号,-,4条件未全部满足（客观缠论信号含「卖」；卖点但笔方向向下；15分无背驰；区间价格对齐-），继续观望,0.48,0.48,0.48,-0.0019,-0.0012,否
2026-05-15 12:55:42,观望,买入,否,警戒,159227,航空航天ETF,1.31,安全,二买,向下,无信号,-,4条件未全部满足（15分无背驰；区间价格对齐-），继续观望,1.23,1.30,1.31,-0.0137,-0.0138,否
2026-05-15 12:55:42,观望,卖出,否,警戒,159992,创新药ETF,0.81,安全,一卖+二卖+二买,向上,底背驰,否,4条件未全部满足（客观缠论信号含「卖」；区间价格对齐否），继续观望,0.79,0.77,0.83,-0.0045,-0.0051,否
2026-05-15 12:55:42,观望,卖出,否,警戒,515050,通信ETF,1.13,安全,二卖,向上,无信号,-,4条件未全部满足（客观缠论信号含「卖」；15分无背驰；区间价格对齐-），继续观望,1.01,1.35,2.40,-0.1011,-0.1411,否
2026-05-15 12:55:42,观望,观望,否,警戒,159915,创业板ETF,3.98,安全,二买,向上,无信号,-,4条件未全部满足（60m笔方向为向上（买入须向下）；15分无背驰；区间价格对齐-），继续观望,3.25,3.27,3.97,-0.0059,-0.0057,否
2026-05-15 12:55:42,观望,卖出,否,警戒,588200,科创芯片ETF,3.53,安全,一卖,向上,无信号,-,4条件未全部满足（客观缠论信号含「卖」；15分无背驰；区间价格对齐-），继续观望,2.41,2.65,3.34,0.0012,-0.0023,否
2026-05-15 12:55:42,观望,观望,否,警戒,159755,电池ETF,1.18,安全,二卖,向下,无信号,-,4条件未全部满足（客观缠论信号含「卖」；卖点但笔方向向下；15分无背驰；区间价格对齐-），继续观望,1.03,1.17,1.22,-0.0060,-0.0067,否
2026-05-15 12:55:42,观望,观望,否,警戒,159899,软件ETF,0.85,安全,二卖,向下,无信号,-,4条件未全部满足（客观缠论信号含「卖」；卖点但笔方向向下；15分无背驰；区间价格对齐-），继续观望,0.81,0.83,0.89,-0.0045,-0.0056,否
2026-05-15 12:55:42,观望,卖出,否,警戒,513360,教育ETF,0.49,安全,二卖,向上,无信号,-,4条件未全部满足（客观缠论信号含「卖」；15分无背驰；区间价格对齐-），继续观望,0.49,0.49,0.50,-0.0012,-0.0012,否
2026-05-15 12:55:42,观望,观望,否,警戒,515790,光伏ETF,1.11,安全,二买,向上,无信号,-,4条件未全部满足（60m笔方向为向上（买入须向下）；15分无背驰；区间价格对齐-），继续观望,1.08,1.10,1.13,-0.0103,-0.0081,否
2026-05-15 12:55:42,观望,观望,否,警戒,600938,中国海油,36.38,安全,二卖,向下,无信号,-,4条件未全部满足（客观缠论信号含「卖」；卖点但笔方向向下；15分无背驰；区间价格对齐-），继续观望,34.06,35.29,36.28,0.0305,-0.0053,否
2026-05-15 12:55:42,观望,买入,否,警戒,601668,中国建筑,4.95,安全,二买,向下,无信号,-,4条件未全部满足（15分无背驰；区间价格对齐-），继续观望,4.88,4.91,4.95,-0.0038,-0.0047,否
2026-05-15 12:55:42,观望,卖出,否,警戒,601288,农业银行,6.67,安全,二卖,向上,无信号,-,4条件未全部满足（客观缠论信号含「卖」；15分无背驰；区间价格对齐-），继续观望,6.53,6.53,6.85,-0.0156,-0.0033,否
2026-05-15 12:55:42,观望,买入,否,警戒,601728,中国电信,6.37,安全,二买,向下,无信号,-,4条件未全部满足（15分无背驰；区间价格对齐-），继续观望,6.24,5.91,6.11,0.0508,0.0471,否
2026-05-15 12:55:42,观望,观望,否,警戒,600276,恒瑞医药,54.54,安全,二买,向上,底背驰,否,4条件未全部满足（60m笔方向为向上（买入须向下）；区间价格对齐否），继续观望,52.67,52.41,54.43,-0.1794,-0.1732,否
2026-05-15 12:55:42,观望,卖出,否,警戒,600177,雅戈尔,7.67,安全,二卖+二买,向上,无信号,-,4条件未全部满足（客观缠论信号含「卖」；15分无背驰；区间价格对齐-），继续观望,7.50,7.63,7.88,-0.0193,-0.0186,否
2026-05-15 12:55:42,观望,观望,否,警戒,600887,伊利股份,27.79,安全,二卖,向下,无信号,-,4条件未全部满足（客观缠论信号含「卖」；卖点但笔方向向下；15分无背驰；区间价格对齐-），继续观望,27.75,27.36,27.98,0.0062,0.0063,否
2026-05-15 12:55:42,观望,买入,否,警戒,601138,工业富联,69.85,安全,二买,向下,无信号,-,4条件未全部满足（15分无背驰；区间价格对齐-），继续观望,64.65,63.20,66.91,0.4230,0.3500,否
2026-05-15 12:55:42,观望,卖出,否,警戒,688041,海光信息,310.00,安全,一卖+二买,向上,无信号,-,4条件未全部满足（客观缠论信号含「卖」；15分无背驰；区间价格对齐-），继续观望,246.00,320.01,355.50,-7.6090,-6.7899,否
2026-05-15 12:55:42,观望,观望,否,警戒,601225,陕西煤业,23.99,安全,二卖,向下,无信号,-,4条件未全部满足（客观缠论信号含「卖」；卖点但笔方向向下；15分无背驰；区间价格对齐-），继续观望,22.32,22.30,24.11,0.0896,0.0270,否
2026-05-15 12:55:42,观望,观望,否,警戒,600900,长江电力,27.06,安全,二卖,向下,底背驰,是,4条件未全部满足（客观缠论信号含「卖」；卖点但笔方向向下），继续观望,26.66,26.90,27.03,0.0016,-0.0159,否
2026-05-15 12:55:42,观望,观望,否,警戒,600660,福耀玻璃,56.82,安全,无信号,向下,无信号,-,4条件未全部满足（客观缠论无买/卖关键字或「无信号」；15分无背驰；区间价格对齐-），继续观望,56.46,56.55,58.18,-0.2573,-0.3133,否
2026-05-15 12:55:42,观望,观望,否,警戒,002507,涪陵榨菜,12.07,日线破位,二卖,向下,无信号,-,4条件未全部满足（客观缠论信号含「卖」；卖点但笔方向向下；15分无背驰；区间价格对齐-），继续观望,12.23,12.28,12.40,-0.0359,-0.0397,否
2026-05-15 12:55:42,观望,观望,否,警戒,000338,潍柴动力,35.37,安全,一卖+二买,向下,无信号,-,4条件未全部满足（客观缠论信号含「卖」；卖点但笔方向向下；15分无背驰；区间价格对齐-），继续观望,25.92,23.75,33.85,0.2829,0.2249,否
2026-05-15 12:55:42,观望,卖出,否,警戒,000538,云南白药,51.17,日线破位,二卖+三卖,向上,无信号,-,4条件未全部满足（客观缠论信号含「卖」；15分无背驰；区间价格对齐-），继续观望,55.40,54.40,52.89,-0.1536,-0.1377,否
2026-05-15 12:55:42,观望,卖出,否,警戒,000858,五粮液,87.19,日线破位,二卖,向上,无信号,-,4条件未全部满足（客观缠论信号含「卖」；15分无背驰；区间价格对齐-），继续观望,101.59,101.08,91.95,-0.5582,-0.4714,否
2026-05-15 12:55:42,观望,观望,否,警戒,000423,东阿阿胶,52.93,安全,无信号,向上,无信号,-,4条件未全部满足（客观缠论无买/卖关键字或「无信号」；60m笔方向为向上（买入须向下）；15分无背驰；区间价格对齐-），继续观望,52.11,52.42,54.45,-0.0524,0.0104,否
2026-05-15 12:55:42,观望,卖出,否,警戒,000001,平安银行,11.04,安全,二卖,向上,底背驰,否,4条件未全部满足（客观缠论信号含「卖」；15分底背驰（完美止盈需顶背驰）；区间价格对齐否），继续观望,10.67,11.03,11.16,-0.0292,-0.0279,否
2026-05-15 12:55:42,观望,观望,否,警戒,000651,格力电器,40.63,安全,二卖,向下,底背驰,是,4条件未全部满足（客观缠论信号含「卖」；卖点但笔方向向下），继续观望,40.00,39.51,40.57,0.0759,0.0480,否
2026-05-15 12:55:42,观望,卖出,否,警戒,000895,双汇发展,26.64,安全,二卖+二买,向上,无信号,-,4条件未全部满足（客观缠论信号含「卖」；15分无背驰；区间价格对齐-），继续观望,26.66,26.51,26.98,-0.0245,-0.0084,否
2026-05-15 12:55:42,观望,观望,否,警戒,002415,海康威视,33.82,安全,二卖,向下,无信号,-,4条件未全部满足（客观缠论信号含「卖」；卖点但笔方向向下；15分无背驰；区间价格对齐-），继续观望,31.96,33.30,34.85,-0.1105,-0.1687,否
2026-05-15 12:55:42,观望,观望,否,警戒,hk03690,美团,83.35,安全,二买,向上,无信号,-,4条件未全部满足（60m笔方向为向上（买入须向下）；15分无背驰；区间价格对齐-），继续观望,83.75,82.15,84.60,-0.9554,-0.7272,否
2026-05-15 12:55:42,观望,卖出,否,警戒,hk03896,金山云,8.35,安全,一卖,向上,无信号,-,4条件未全部满足（客观缠论信号含「卖」；15分无背驰；区间价格对齐-），继续观望,7.86,7.78,8.39,-0.0230,0.0049,否
2026-05-15 12:55:42,观望,观望,否,警戒,hk00700,腾讯,460.20,日线破位,无信号,向上,无信号,-,4条件未全部满足（客观缠论无买/卖关键字或「无信号」；60m笔方向为向上（买入须向下）；15分无背驰；区间价格对齐-），继续观望,494.60,486.20,469.00,-1.1343,-0.8570,否
2026-05-15 12:55:42,观望,观望,否,警戒,hk09988,阿里巴巴,135.00,安全,无信号,向上,无信号,-,4条件未全部满足（客观缠论无买/卖关键字或「无信号」；60m笔方向为向上（买入须向下）；15分无背驰；区间价格对齐-），继续观望,129.60,130.30,134.20,-0.5816,-0.0415,否
2026-05-15 12:55:42,观望,卖出,否,警戒,hk01024,快手,49.92,安全,二卖,向上,无信号,-,4条件未全部满足（客观缠论信号含「卖」；15分无背驰；区间价格对齐-），继续观望,48.90,50.60,54.40,-0.3577,-0.2513,否
2026-05-15 12:55:42,观望,观望,否,警戒,hk06618,京东健康,45.80,日线破位,二买,向上,无信号,-,4条件未全部满足（60m笔方向为向上（买入须向下）；15分无背驰；区间价格对齐-），继续观望,46.16,46.10,46.58,-0.6524,-0.3357,否
2026-05-15 12:55:42,观望,卖出,否,警戒,hk06862,海底捞,14.75,安全,二卖+二买,向上,无信号,-,4条件未全部满足（客观缠论信号含「卖」；15分无背驰；区间价格对齐-），继续观望,14.62,14.16,14.88,-0.0551,-0.0401,否
2026-05-15 12:55:42,观望,卖出,否,警戒,000800,一汽解放,6.34,日线破位,二卖,向上,无信号,-,4条件未全部满足（客观缠论信号含「卖」；15分无背驰；区间价格对齐-），继续观望,6.63,6.46,6.64,-0.0364,-0.0339,否
2026-05-15 12:55:42,观望,观望,否,警戒,002312,川发龙蟒,10.48,安全,二卖,向下,底背驰,是,4条件未全部满足（客观缠论信号含「卖」；卖点但笔方向向下），继续观望,10.45,10.34,10.82,-0.0414,-0.0570,否
2026-05-15 12:55:42,观望,卖出,否,警戒,300037,新宙邦,63.42,安全,二卖,向上,无信号,-,4条件未全部满足（客观缠论信号含「卖」；15分无背驰；区间价格对齐-），继续观望,52.91,60.88,63.69,-0.3001,-0.3479,否
2026-05-15 12:55:42,观望,观望,否,警戒,600536,中国软件,40.52,安全,二卖,向下,无信号,-,4条件未全部满足（客观缠论信号含「卖」；卖点但笔方向向下；15分无背驰；区间价格对齐-），继续观望,40.30,37.21,41.97,-0.1502,-0.2561,否
2026-05-15 12:55:42,观望,观望,否,警戒,600598,北大荒,16.10,安全,二买,向上,无信号,-,4条件未全部满足（60m笔方向为向上（买入须向下）；15分无背驰；区间价格对齐-），继续观望,15.69,15.69,16.16,-0.1690,-0.1324,否
2026-05-15 12:55:42,观望,卖出,否,警戒,600764,中国海防,23.35,安全,二卖+二买,向上,无信号,-,4条件未全部满足（客观缠论信号含「卖」；15分无背驰；区间价格对齐-），继续观望,23.30,23.71,24.09,-0.1528,-0.1612,否
2026-05-15 12:55:42,观望,观望,否,警戒,603049,中策橡胶,47.78,安全,二卖,向下,无信号,-,4条件未全部满足（客观缠论信号含「卖」；卖点但笔方向向下；15分无背驰；区间价格对齐-），继续观望,45.66,46.98,48.72,-0.1246,-0.1894,否
2026-05-15 12:55:42,观望,卖出,否,警戒,000739,普洛药业,16.96,日线破位,二卖+二买,向上,底背驰,否,4条件未全部满足（客观缠论信号含「卖」；区间价格对齐否），继续观望,17.28,17.24,17.90,-0.2369,-0.2207,否
2026-05-15 12:55:42,观望,观望,否,警戒,001391,国货航,5.43,安全,二买,向上,无信号,-,4条件未全部满足（60m笔方向为向上（买入须向下）；15分无背驰；区间价格对齐-），继续观望,5.66,5.28,5.37,0.0124,0.0272,否
2026-05-15 12:55:42,观望,观望,否,警戒,002044,美年健康,6.37,安全,二卖+二买,向下,无信号,-,4条件未全部满足（客观缠论信号含「卖」；卖点但笔方向向下；15分无背驰；区间价格对齐-），继续观望,5.14,5.52,6.30,0.0481,0.0259,否
2026-05-15 12:55:42,观望,观望,否,警戒,300146,汤臣倍健,10.27,日线破位,二卖,向下,底背驰,否,4条件未全部满足（客观缠论信号含「卖」；卖点但笔方向向下；区间价格对齐否），继续观望,10.71,10.73,10.59,-0.0551,-0.0541,否
2026-05-15 12:55:42,观望,卖出,否,警戒,600547,山东黄金,32.56,安全,二卖,向上,无信号,-,4条件未全部满足（客观缠论信号含「卖」；15分无背驰；区间价格对齐-），继续观望,31.33,34.33,35.47,-0.5382,-0.4825,否
2026-05-15 12:55:42,观望,卖出,否,警戒,601628,中国人寿,35.81,日线破位,二卖,向上,无信号,-,4条件未全部满足（客观缠论信号含「卖」；15分无背驰；区间价格对齐-），继续观望,37.85,37.11,36.55,-0.1809,-0.1780,否
2026-05-15 12:55:42,观望,卖出,否,警戒,601696,中银证券,12.27,安全,二卖+二买,向上,无信号,-,4条件未全部满足（客观缠论信号含「卖」；15分无背驰；区间价格对齐-），继续观望,12.04,12.34,12.38,-0.0917,-0.0868,否
2026-05-15 12:55:42,观望,观望,否,警戒,603529,爱玛科技,22.25,日线破位,无信号,向下,无信号,-,4条件未全部满足（客观缠论无买/卖关键字或「无信号」；15分无背驰；区间价格对齐-），继续观望,28.33,28.28,23.46,-0.0806,-0.1012,否
2026-05-15 12:55:42,观望,观望,否,警戒,600021,上海电力,17.13,日线破位,二买,向上,无信号,-,4条件未全部满足（60m笔方向为向上（买入须向下）；15分无背驰；区间价格对齐-），继续观望,18.15,17.63,17.42,-0.2492,-0.2297,否
2026-05-15 12:55:42,观望,观望,否,警戒,600895,张江高科,35.92,安全,二卖,向下,无信号,-,4条件未全部满足（客观缠论信号含「卖」；卖点但笔方向向下；15分无背驰；区间价格对齐-），继续观望,33.37,34.05,36.20,-0.1423,-0.2478,否

2026-05-15 14:52:07,观望,观望,是,警戒,603317,天味食品,15.98,安全,二买,向上,无信号,-,4条件未全部满足（60m笔方向为向上（买入须向下）；15分无背驰；区间价格对齐-），继续观望,12.56,12.98,16.31,-0.0490,-0.0387,否
2026-05-15 14:52:07,观望,卖出,是,警戒,688981,中芯国际,119.18,安全,二卖,向上,无信号,-,4条件未全部满足（客观缠论信号含「卖」；15分无背驰；区间价格对齐-），继续观望,115.74,113.50,124.04,-0.0107,0.2348,否
2026-05-15 14:52:07,观望,观望,是,警戒,000333,美的集团,82.55,安全,二买,向上,无信号,-,4条件未全部满足（60m笔方向为向上（买入须向下）；15分无背驰；区间价格对齐-），继续观望,79.17,78.91,80.98,0.3028,0.4045,否
2026-05-15 14:52:07,观望,买入,是,警戒,000429,粤高速A,13.08,安全,二买,向下,无信号,-,4条件未全部满足（15分无背驰；区间价格对齐-），继续观望,12.70,12.48,13.12,-0.0112,-0.0187,否
2026-05-15 14:52:07,观望,卖出,是,警戒,hk01810,小米集团,30.50,安全,一卖+二买,向上,底背驰,否,4条件未全部满足（客观缠论信号含「卖」；区间价格对齐否），继续观望,32.78,30.26,31.18,-0.3251,-0.2714,否
2026-05-15 14:52:07,观望,卖出,是,警戒,513130,恒生科技ETF,0.62,安全,二卖,向上,无信号,-,4条件未全部满足（客观缠论信号含「卖」；15分无背驰；区间价格对齐-），继续观望,0.61,0.63,0.63,-0.0048,-0.0041,否
2026-05-15 14:52:07,观望,观望,否,警戒,sh000001,上证指数,4128.61,安全,一卖+三买,向下,无信号,-,4条件未全部满足（客观缠论信号含「卖」；卖点但笔方向向下；15分无背驰；区间价格对齐-），继续观望,4101.83,4079.77,4092.83,-17.7001,-14.1505,否
2026-05-15 14:52:07,观望,观望,否,警戒,510300,沪深300ETF,4.88,安全,二买,向上,底背驰,否,4条件未全部满足（60m笔方向为向上（买入须向下）；区间价格对齐否），继续观望,4.68,4.75,4.99,-0.0231,-0.0192,否
2026-05-15 14:52:07,观望,观望,否,警戒,588000,科创50ETF,1.79,安全,二买,向上,无信号,-,4条件未全部满足（60m笔方向为向上（买入须向下）；15分无背驰；区间价格对齐-），继续观望,1.55,1.55,1.82,-0.0117,-0.0077,否
2026-05-15 14:52:07,观望,观望,否,警戒,513100,纳指ETF,2.10,安全,二买,向上,无信号,-,4条件未全部满足（60m笔方向为向上（买入须向下）；15分无背驰；区间价格对齐-），继续观望,1.91,1.93,2.11,-0.0005,0.0025,否
2026-05-15 14:52:07,观望,观望,否,警戒,513520,日经ETF,2.09,安全,无信号,向上,底背驰,否,4条件未全部满足（客观缠论无买/卖关键字或「无信号」；60m笔方向为向上（买入须向下）；15分底背驰（完美止盈需顶背驰）；区间价格对齐否），继续观望,1.89,2.00,2.04,-0.0163,-0.0156,否
2026-05-15 14:52:07,观望,卖出,否,警戒,512400,有色金属ETF,2.04,日线破位,二卖+三买,向上,底背驰,否,4条件未全部满足（客观缠论信号含「卖」；区间价格对齐否），继续观望,2.11,2.10,2.15,-0.0330,-0.0309,否
2026-05-15 14:52:07,观望,观望,否,警戒,512690,酒ETF,0.46,日线破位,二卖,向下,无信号,-,4条件未全部满足（客观缠论信号含「卖」；卖点但笔方向向下；15分无背驰；区间价格对齐-），继续观望,0.48,0.48,0.48,-0.0022,-0.0020,否
2026-05-15 14:52:07,观望,买入,否,警戒,159227,航空航天ETF,1.29,安全,二买,向下,底背驰,否,4条件未全部满足（区间价格对齐否），继续观望,1.23,1.30,1.31,-0.0144,-0.0142,否
2026-05-15 14:52:07,观望,卖出,否,警戒,159992,创新药ETF,0.80,安全,一卖+二卖+二买,向上,无信号,-,4条件未全部满足（客观缠论信号含「卖」；15分无背驰；区间价格对齐-），继续观望,0.79,0.77,0.83,-0.0054,-0.0052,否
2026-05-15 14:52:07,观望,卖出,否,警戒,515050,通信ETF,1.11,安全,二卖,向上,无信号,-,4条件未全部满足（客观缠论信号含「卖」；15分无背驰；区间价格对齐-），继续观望,1.01,1.35,2.40,-0.0660,-0.0896,否
2026-05-15 14:52:07,观望,观望,否,警戒,159915,创业板ETF,3.93,安全,二买,向上,无信号,-,4条件未全部满足（60m笔方向为向上（买入须向下）；15分无背驰；区间价格对齐-），继续观望,3.25,3.27,3.97,-0.0135,-0.0100,否
2026-05-15 14:52:07,观望,卖出,否,警戒,588200,科创芯片ETF,3.43,安全,一卖,向上,无信号,-,4条件未全部满足（客观缠论信号含「卖」；15分无背驰；区间价格对齐-），继续观望,2.41,2.65,3.34,-0.0212,-0.0123,否
2026-05-15 14:52:07,观望,观望,否,警戒,159755,电池ETF,1.17,安全,二卖,向下,无信号,-,4条件未全部满足（客观缠论信号含「卖」；卖点但笔方向向下；15分无背驰；区间价格对齐-），继续观望,1.03,1.17,1.22,-0.0061,-0.0058,否
2026-05-15 14:52:07,观望,观望,否,警戒,159899,软件ETF,0.83,安全,二卖+三买,向下,底背驰,否,4条件未全部满足（客观缠论信号含「卖」；卖点但笔方向向下；区间价格对齐否），继续观望,0.81,0.83,0.84,-0.0068,-0.0060,否
2026-05-15 14:52:07,观望,卖出,否,警戒,513360,教育ETF,0.49,日线破位,二卖,向上,无信号,-,4条件未全部满足（客观缠论信号含「卖」；15分无背驰；区间价格对齐-），继续观望,0.49,0.49,0.50,-0.0013,-0.0013,否
2026-05-15 14:52:07,观望,观望,否,警戒,515790,光伏ETF,1.11,安全,无信号,向下,无信号,-,4条件未全部满足（客观缠论无买/卖关键字或「无信号」；15分无背驰；区间价格对齐-），继续观望,1.08,1.10,1.13,-0.0069,-0.0076,否
2026-05-15 14:52:07,观望,观望,否,警戒,600938,中国海油,36.47,安全,二卖,向下,无信号,-,4条件未全部满足（客观缠论信号含「卖」；卖点但笔方向向下；15分无背驰；区间价格对齐-），继续观望,34.06,35.29,36.28,0.0898,0.0641,否
2026-05-15 14:52:07,观望,买入,否,警戒,601668,中国建筑,4.94,安全,二买,向下,无信号,-,4条件未全部满足（15分无背驰；区间价格对齐-），继续观望,4.88,4.91,4.95,-0.0073,-0.0062,否
2026-05-15 14:52:07,观望,卖出,否,警戒,601288,农业银行,6.67,安全,二卖,向上,无信号,-,4条件未全部满足（客观缠论信号含「卖」；15分无背驰；区间价格对齐-），继续观望,6.53,6.53,6.85,-0.0206,-0.0165,否
2026-05-15 14:52:07,观望,观望,否,警戒,601728,中国电信,6.33,安全,二买,向上,无信号,-,4条件未全部满足（60m笔方向为向上（买入须向下）；15分无背驰；区间价格对齐-），继续观望,6.24,5.91,6.19,0.0229,0.0348,否
2026-05-15 14:52:07,观望,观望,否,警戒,600276,恒瑞医药,54.00,安全,二买,向上,底背驰,否,4条件未全部满足（60m笔方向为向上（买入须向下）；区间价格对齐否），继续观望,52.67,52.41,53.92,-0.2913,-0.2543,否
2026-05-15 14:52:07,观望,卖出,否,警戒,600177,雅戈尔,7.61,安全,二卖+二买,向上,无信号,-,4条件未全部满足（客观缠论信号含「卖」；15分无背驰；区间价格对齐-），继续观望,7.50,7.63,7.70,-0.0258,-0.0232,否
2026-05-15 14:52:07,观望,观望,否,警戒,600887,伊利股份,27.52,安全,无信号,向上,无信号,-,4条件未全部满足（客观缠论无买/卖关键字或「无信号」；60m笔方向为向上（买入须向下）；15分无背驰；区间价格对齐-），继续观望,27.75,27.36,27.98,-0.0710,-0.0362,否
2026-05-15 14:52:07,观望,卖出,否,警戒,601138,工业富联,67.68,安全,二卖+二买,向上,无信号,-,4条件未全部满足（客观缠论信号含「卖」；15分无背驰；区间价格对齐-），继续观望,64.65,63.20,71.76,-0.2387,0.0371,否
2026-05-15 14:52:07,观望,卖出,否,警戒,688041,海光信息,303.36,安全,一卖+二买,向上,底背驰,否,4条件未全部满足（客观缠论信号含「卖」；区间价格对齐否），继续观望,246.00,320.01,305.00,-7.9859,-7.8428,否
2026-05-15 14:52:07,观望,观望,否,警戒,601225,陕西煤业,23.86,安全,二卖,向下,无信号,-,4条件未全部满足（客观缠论信号含「卖」；卖点但笔方向向下；15分无背驰；区间价格对齐-），继续观望,22.32,22.30,24.11,0.0699,0.0695,否
2026-05-15 14:52:07,观望,观望,否,警戒,600900,长江电力,27.04,安全,二卖,向下,无信号,-,4条件未全部满足（客观缠论信号含「卖」；卖点但笔方向向下；15分无背驰；区间价格对齐-），继续观望,26.66,26.90,27.03,0.0216,0.0132,否
2026-05-15 14:52:07,观望,观望,否,警戒,600660,福耀玻璃,56.00,日线破位,无信号,向下,无信号,-,4条件未全部满足（客观缠论无买/卖关键字或「无信号」；15分无背驰；区间价格对齐-），继续观望,56.46,56.55,58.18,-0.2872,-0.2783,否
2026-05-15 14:52:07,观望,观望,否,警戒,002507,涪陵榨菜,12.01,日线破位,二卖,向下,无信号,-,4条件未全部满足（客观缠论信号含「卖」；卖点但笔方向向下；15分无背驰；区间价格对齐-），继续观望,12.23,12.28,12.40,-0.0426,-0.0409,否
2026-05-15 14:52:07,观望,观望,否,警戒,000338,潍柴动力,34.68,安全,一卖+二买,向下,底背驰,否,4条件未全部满足（客观缠论信号含「卖」；卖点但笔方向向下；区间价格对齐否），继续观望,25.92,23.75,33.85,0.1128,0.1874,否
2026-05-15 14:52:07,观望,卖出,否,警戒,000538,云南白药,50.88,日线破位,二卖+三卖,向上,无信号,-,4条件未全部满足（客观缠论信号含「卖」；15分无背驰；区间价格对齐-），继续观望,55.40,54.40,52.89,-0.1996,-0.1751,否
2026-05-15 14:52:07,观望,观望,否,警戒,000423,东阿阿胶,52.22,安全,无信号,向上,无信号,-,4条件未全部满足（客观缠论无买/卖关键字或「无信号」；60m笔方向为向上（买入须向下）；15分无背驰；区间价格对齐-），继续观望,52.11,52.42,54.45,-0.2519,-0.1557,否
2026-05-15 14:52:07,观望,卖出,否,警戒,000001,平安银行,10.99,安全,二卖,向上,无信号,-,4条件未全部满足（客观缠论信号含「卖」；15分无背驰；区间价格对齐-），继续观望,10.67,11.03,11.03,-0.0364,-0.0327,否
2026-05-15 14:52:07,观望,观望,否,警戒,000651,格力电器,40.27,安全,二卖,向下,无信号,-,4条件未全部满足（客观缠论信号含「卖」；卖点但笔方向向下；15分无背驰；区间价格对齐-），继续观望,40.00,39.51,40.57,-0.0148,0.0224,否
2026-05-15 14:52:07,观望,卖出,否,警戒,000895,双汇发展,26.50,日线破位,二卖+二买,向上,无信号,-,4条件未全部满足（客观缠论信号含「卖」；15分无背驰；区间价格对齐-），继续观望,26.66,26.51,26.98,-0.0806,-0.0534,否
2026-05-15 14:52:07,观望,观望,否,警戒,002415,海康威视,33.11,安全,二卖,向下,无信号,-,4条件未全部满足（客观缠论信号含「卖」；卖点但笔方向向下；15分无背驰；区间价格对齐-），继续观望,31.96,33.30,33.87,-0.2237,-0.1842,否
2026-05-15 14:52:07,观望,观望,否,警戒,hk03690,美团,82.30,安全,二买,向上,无信号,-,4条件未全部满足（60m笔方向为向上（买入须向下）；15分无背驰；区间价格对齐-），继续观望,83.75,82.15,84.55,-0.9870,-0.9046,否
2026-05-15 14:52:07,观望,卖出,否,警戒,hk03896,金山云,8.08,安全,一卖,向上,无信号,-,4条件未全部满足（客观缠论信号含「卖」；15分无背驰；区间价格对齐-），继续观望,7.86,7.78,8.39,-0.0744,-0.0396,否
2026-05-15 14:52:07,观望,卖出,否,警戒,hk00700,腾讯,457.40,日线破位,二卖+二买,向上,无信号,-,4条件未全部满足（客观缠论信号含「卖」；15分无背驰；区间价格对齐-），继续观望,494.60,486.20,460.20,-1.5491,-1.4113,否
2026-05-15 14:52:07,观望,卖出,否,警戒,hk09988,阿里巴巴,132.20,安全,一卖,向上,无信号,-,4条件未全部满足（客观缠论信号含「卖」；15分无背驰；区间价格对齐-），继续观望,129.60,130.30,134.20,-1.0187,-0.6079,否
2026-05-15 14:52:07,观望,卖出,否,警戒,hk01024,快手,49.22,安全,二卖,向上,无信号,-,4条件未全部满足（客观缠论信号含「卖」；15分无背驰；区间价格对齐-），继续观望,48.90,50.60,52.65,-0.5208,-0.4828,否
2026-05-15 14:52:07,观望,观望,否,警戒,hk06618,京东健康,45.00,日线破位,二买,向上,无信号,-,4条件未全部满足（60m笔方向为向上（买入须向下）；15分无背驰；区间价格对齐-），继续观望,46.16,46.10,45.88,-0.8009,-0.7338,否
2026-05-15 14:52:07,观望,观望,否,警戒,hk06862,海底捞,14.62,安全,二卖,向下,无信号,-,4条件未全部满足（客观缠论信号含「卖」；卖点但笔方向向下；15分无背驰；区间价格对齐-），继续观望,14.62,14.16,14.88,-0.0677,-0.0538,否
2026-05-15 14:52:07,观望,观望,否,警戒,600895,张江高科,34.82,安全,二卖,向下,无信号,-,4条件未全部满足（客观缠论信号含「卖」；卖点但笔方向向下；15分无背驰；区间价格对齐-），继续观望,33.37,34.05,35.66,-0.4052,-0.3312,否

2026-05-15 15:31:47,观望,观望,是,警戒,603317,天味食品,15.98,安全,二买,向上,无信号,-,4条件未全部满足（60m笔方向为向上（买入须向下）；15分无背驰；区间价格对齐-），继续观望,12.56,12.98,16.31,-0.0458,-0.0402,否
2026-05-15 15:31:47,观望,卖出,是,警戒,688981,中芯国际,119.02,安全,二卖,向上,无信号,-,4条件未全部满足（客观缠论信号含「卖」；15分无背驰；区间价格对齐-），继续观望,115.74,113.50,125.00,-0.0960,0.1686,否
2026-05-15 15:31:47,观望,观望,是,警戒,000333,美的集团,82.57,安全,二买,向上,无信号,-,4条件未全部满足（60m笔方向为向上（买入须向下）；15分无背驰；区间价格对齐-），继续观望,79.17,78.91,80.98,0.2834,0.3802,否
2026-05-15 15:31:47,观望,买入,是,警戒,000429,粤高速A,13.13,安全,二买,向下,无信号,-,4条件未全部满足（15分无背驰；区间价格对齐-），继续观望,12.70,12.48,13.12,-0.0051,-0.0160,否
2026-05-15 15:31:47,观望,卖出,是,警戒,hk01810,小米集团,30.50,安全,一卖+二买,向上,底背驰,否,4条件未全部满足（客观缠论信号含「卖」；区间价格对齐否），继续观望,32.78,30.26,31.18,-0.3251,-0.2714,否
2026-05-15 15:31:47,观望,卖出,是,警戒,513130,恒生科技ETF,0.62,安全,二卖,向上,底背驰,否,4条件未全部满足（客观缠论信号含「卖」；15分底背驰（完美止盈需顶背驰）；区间价格对齐否），继续观望,0.61,0.63,0.63,-0.0047,-0.0042,否
2026-05-15 15:31:47,观望,观望,否,警戒,sh000001,上证指数,4135.39,安全,一卖+三买,向下,底背驰,是,4条件未全部满足（客观缠论信号含「卖」；卖点但笔方向向下），继续观望,4101.83,4079.77,4092.83,-18.9710,-16.5968,否
2026-05-15 15:31:47,观望,观望,否,警戒,510300,沪深300ETF,4.88,安全,二买,向上,底背驰,否,4条件未全部满足（60m笔方向为向上（买入须向下）；区间价格对齐否），继续观望,4.68,4.75,4.99,-0.0227,-0.0199,否
2026-05-15 15:31:47,观望,观望,否,警戒,588000,科创50ETF,1.79,安全,二买,向上,无信号,-,4条件未全部满足（60m笔方向为向上（买入须向下）；15分无背驰；区间价格对齐-），继续观望,1.55,1.55,1.82,-0.0119,-0.0085,否
2026-05-15 15:31:47,观望,观望,否,警戒,513100,纳指ETF,2.10,安全,二买,向上,无信号,-,4条件未全部满足（60m笔方向为向上（买入须向下）；15分无背驰；区间价格对齐-），继续观望,1.91,1.93,2.11,-0.0007,0.0019,否
2026-05-15 15:31:47,观望,观望,否,警戒,513520,日经ETF,2.08,安全,无信号,向上,底背驰,否,4条件未全部满足（客观缠论无买/卖关键字或「无信号」；60m笔方向为向上（买入须向下）；15分底背驰（完美止盈需顶背驰）；区间价格对齐否），继续观望,1.89,2.00,2.16,-0.0152,-0.0155,否
2026-05-15 15:31:47,观望,卖出,否,警戒,512400,有色金属ETF,2.04,日线破位,二卖+三买,向上,底背驰,否,4条件未全部满足（客观缠论信号含「卖」；区间价格对齐否），继续观望,2.11,2.10,2.15,-0.0320,-0.0311,否
2026-05-15 15:31:47,观望,观望,否,警戒,512690,酒ETF,0.46,日线破位,二卖,向下,无信号,-,4条件未全部满足（客观缠论信号含「卖」；卖点但笔方向向下；15分无背驰；区间价格对齐-），继续观望,0.48,0.48,0.48,-0.0022,-0.0020,否
2026-05-15 15:31:47,观望,买入,否,警戒,159227,航空航天ETF,1.29,安全,二买,向下,底背驰,否,4条件未全部满足（区间价格对齐否），继续观望,1.23,1.30,1.31,-0.0140,-0.0141,否
2026-05-15 15:31:47,观望,卖出,否,警戒,159992,创新药ETF,0.80,安全,一卖+二卖+二买,向上,无信号,-,4条件未全部满足（客观缠论信号含「卖」；15分无背驰；区间价格对齐-），继续观望,0.79,0.77,0.83,-0.0052,-0.0052,否
2026-05-15 15:31:47,观望,卖出,否,警戒,515050,通信ETF,1.11,安全,二卖,向上,无信号,-,4条件未全部满足（客观缠论信号含「卖」；15分无背驰；区间价格对齐-），继续观望,1.01,1.35,2.40,-0.0614,-0.0840,否
2026-05-15 15:31:47,观望,观望,否,警戒,159915,创业板ETF,3.97,安全,二买,向上,无信号,-,4条件未全部满足（60m笔方向为向上（买入须向下）；15分无背驰；区间价格对齐-），继续观望,3.25,3.27,3.97,-0.0105,-0.0101,否
2026-05-15 15:31:47,观望,卖出,否,警戒,588200,科创芯片ETF,3.42,安全,一卖,向上,无信号,-,4条件未全部满足（客观缠论信号含「卖」；15分无背驰；区间价格对齐-），继续观望,2.41,2.65,3.34,-0.0220,-0.0142,否
2026-05-15 15:31:47,观望,卖出,否,警戒,159755,电池ETF,1.17,安全,二卖,向上,无信号,-,4条件未全部满足（客观缠论信号含「卖」；15分无背驰；区间价格对齐-），继续观望,1.03,1.17,1.22,-0.0061,-0.0059,否
2026-05-15 15:31:47,观望,观望,否,警戒,159899,软件ETF,0.83,安全,二卖,向下,底背驰,否,4条件未全部满足（客观缠论信号含「卖」；卖点但笔方向向下；区间价格对齐否），继续观望,0.81,0.83,0.84,-0.0069,-0.0062,否
2026-05-15 15:31:47,观望,卖出,否,警戒,513360,教育ETF,0.49,日线破位,二卖,向上,无信号,-,4条件未全部满足（客观缠论信号含「卖」；15分无背驰；区间价格对齐-），继续观望,0.49,0.49,0.50,-0.0012,-0.0013,否
2026-05-15 15:31:47,观望,卖出,否,警戒,515790,光伏ETF,1.11,安全,二卖,向上,无信号,-,4条件未全部满足（客观缠论信号含「卖」；15分无背驰；区间价格对齐-），继续观望,1.08,1.10,1.13,-0.0066,-0.0074,否
2026-05-15 15:31:47,观望,观望,否,警戒,600938,中国海油,36.51,安全,二卖,向下,无信号,-,4条件未全部满足（客观缠论信号含「卖」；卖点但笔方向向下；15分无背驰；区间价格对齐-），继续观望,34.06,35.29,36.28,0.0918,0.0696,否
2026-05-15 15:31:47,观望,买入,否,警戒,601668,中国建筑,4.93,安全,二买,向下,无信号,-,4条件未全部满足（15分无背驰；区间价格对齐-），继续观望,4.88,4.91,4.95,-0.0074,-0.0064,否
2026-05-15 15:31:47,观望,卖出,否,警戒,601288,农业银行,6.67,安全,二卖,向上,无信号,-,4条件未全部满足（客观缠论信号含「卖」；15分无背驰；区间价格对齐-），继续观望,6.53,6.53,6.85,-0.0204,-0.0173,否
2026-05-15 15:31:47,观望,观望,否,警戒,601728,中国电信,6.33,安全,二买,向上,无信号,-,4条件未全部满足（60m笔方向为向上（买入须向下）；15分无背驰；区间价格对齐-），继续观望,6.24,5.91,6.19,0.0208,0.0320,否
2026-05-15 15:31:47,观望,观望,否,警戒,600276,恒瑞医药,53.99,安全,二买+三买,向上,底背驰,否,4条件未全部满足（60m笔方向为向上（买入须向下）；区间价格对齐否），继续观望,52.67,52.41,53.92,-0.2829,-0.2600,否
2026-05-15 15:31:47,观望,卖出,否,警戒,600177,雅戈尔,7.62,安全,二卖+二买,向上,无信号,-,4条件未全部满足（客观缠论信号含「卖」；15分无背驰；区间价格对齐-），继续观望,7.50,7.63,7.70,-0.0243,-0.0234,否
2026-05-15 15:31:47,观望,观望,否,警戒,600887,伊利股份,27.61,安全,无信号,向上,无信号,-,4条件未全部满足（客观缠论无买/卖关键字或「无信号」；60m笔方向为向上（买入须向下）；15分无背驰；区间价格对齐-），继续观望,27.75,27.36,27.98,-0.0688,-0.0427,否
2026-05-15 15:31:47,观望,卖出,否,警戒,601138,工业富联,67.62,安全,二卖+二买,向上,无信号,-,4条件未全部满足（客观缠论信号含「卖」；15分无背驰；区间价格对齐-），继续观望,64.65,63.20,71.76,-0.3018,-0.0307,否
2026-05-15 15:31:47,观望,卖出,否,警戒,688041,海光信息,303.01,安全,一卖+二买,向上,底背驰,否,4条件未全部满足（客观缠论信号含「卖」；区间价格对齐否），继续观望,246.00,320.01,305.00,-7.7036,-7.8150,否
2026-05-15 15:31:47,观望,卖出,否,警戒,601225,陕西煤业,23.86,安全,二卖,向上,无信号,-,4条件未全部满足（客观缠论信号含「卖」；15分无背驰；区间价格对齐-），继续观望,22.32,22.30,24.11,0.0698,0.0695,否
2026-05-15 15:31:47,观望,卖出,否,警戒,600900,长江电力,27.03,安全,二卖,向上,无信号,-,4条件未全部满足（客观缠论信号含「卖」；15分无背驰；区间价格对齐-），继续观望,26.66,26.90,27.03,0.0206,0.0147,否
2026-05-15 15:31:47,观望,观望,否,警戒,600660,福耀玻璃,56.00,日线破位,无信号,向下,底背驰,否,4条件未全部满足（客观缠论无买/卖关键字或「无信号」；区间价格对齐否），继续观望,56.46,56.55,58.18,-0.2854,-0.2797,否
2026-05-15 15:31:47,观望,观望,否,警戒,002507,涪陵榨菜,11.99,日线破位,二卖,向下,无信号,-,4条件未全部满足（客观缠论信号含「卖」；卖点但笔方向向下；15分无背驰；区间价格对齐-），继续观望,12.23,12.28,12.40,-0.0428,-0.0413,否
2026-05-15 15:31:47,观望,观望,否,警戒,000338,潍柴动力,34.77,安全,一卖+二买,向下,底背驰,否,4条件未全部满足（客观缠论信号含「卖」；卖点但笔方向向下；区间价格对齐否），继续观望,25.92,23.75,33.85,0.0971,0.1693,否
2026-05-15 15:31:47,观望,卖出,否,警戒,000538,云南白药,50.90,日线破位,二卖+三卖,向上,无信号,-,4条件未全部满足（客观缠论信号含「卖」；15分无背驰；区间价格对齐-），继续观望,55.40,54.40,52.89,-0.1968,-0.1795,否
2026-05-15 15:31:47,观望,观望,否,警戒,000423,东阿阿胶,52.26,安全,无信号,向上,无信号,-,4条件未全部满足（客观缠论无买/卖关键字或「无信号」；60m笔方向为向上（买入须向下）；15分无背驰；区间价格对齐-），继续观望,52.11,52.42,54.45,-0.2534,-0.1752,否
2026-05-15 15:31:47,观望,卖出,否,警戒,000001,平安银行,10.99,安全,二卖,向上,无信号,-,4条件未全部满足（客观缠论信号含「卖」；15分无背驰；区间价格对齐-），继续观望,10.67,11.03,11.03,-0.0355,-0.0333,否
2026-05-15 15:31:47,观望,观望,否,警戒,000651,格力电器,40.28,安全,二卖,向下,无信号,-,4条件未全部满足（客观缠论信号含「卖」；卖点但笔方向向下；15分无背驰；区间价格对齐-），继续观望,40.00,39.51,40.57,-0.0213,0.0136,否
2026-05-15 15:31:47,观望,卖出,否,警戒,000895,双汇发展,26.58,安全,二卖+二买,向上,无信号,-,4条件未全部满足（客观缠论信号含「卖」；15分无背驰；区间价格对齐-），继续观望,26.66,26.51,26.98,-0.0741,-0.0575,否
2026-05-15 15:31:47,观望,观望,否,警戒,002415,海康威视,33.12,安全,二卖,向下,无信号,-,4条件未全部满足（客观缠论信号含「卖」；卖点但笔方向向下；15分无背驰；区间价格对齐-），继续观望,31.96,33.30,33.87,-0.2291,-0.1932,否
2026-05-15 15:31:47,观望,观望,否,警戒,hk03690,美团,82.30,安全,二买,向上,无信号,-,4条件未全部满足（60m笔方向为向上（买入须向下）；15分无背驰；区间价格对齐-），继续观望,83.75,82.15,84.55,-0.9870,-0.9046,否
2026-05-15 15:31:47,观望,卖出,否,警戒,hk03896,金山云,8.08,安全,一卖,向上,无信号,-,4条件未全部满足（客观缠论信号含「卖」；15分无背驰；区间价格对齐-），继续观望,7.86,7.78,8.39,-0.0744,-0.0396,否
2026-05-15 15:31:47,观望,卖出,否,警戒,hk00700,腾讯,457.40,日线破位,二卖+二买,向上,无信号,-,4条件未全部满足（客观缠论信号含「卖」；15分无背驰；区间价格对齐-），继续观望,494.60,486.20,460.20,-1.5491,-1.4113,否
2026-05-15 15:31:47,观望,卖出,否,警戒,hk09988,阿里巴巴,132.20,安全,一卖,向上,无信号,-,4条件未全部满足（客观缠论信号含「卖」；15分无背驰；区间价格对齐-），继续观望,129.60,130.30,134.20,-1.0187,-0.6079,否
2026-05-15 15:31:47,观望,卖出,否,警戒,hk01024,快手,49.22,安全,二卖,向上,无信号,-,4条件未全部满足（客观缠论信号含「卖」；15分无背驰；区间价格对齐-），继续观望,48.90,50.60,52.65,-0.5208,-0.4828,否
2026-05-15 15:31:47,观望,观望,否,警戒,hk06618,京东健康,45.00,日线破位,二买,向上,无信号,-,4条件未全部满足（60m笔方向为向上（买入须向下）；15分无背驰；区间价格对齐-），继续观望,46.16,46.10,45.88,-0.8009,-0.7338,否
2026-05-15 15:31:47,观望,观望,否,警戒,hk06862,海底捞,14.59,安全,二卖,向下,底背驰,否,4条件未全部满足（客观缠论信号含「卖」；卖点但笔方向向下；区间价格对齐否），继续观望,14.62,14.16,14.88,-0.0806,-0.0683,否
2026-05-15 15:31:47,观望,观望,否,警戒,600895,张江高科,34.82,安全,二卖,向下,无信号,-,4条件未全部满足（客观缠论信号含「卖」；卖点但笔方向向下；15分无背驰；区间价格对齐-），继续观望,33.37,34.05,35.66,-0.4049,-0.3459,否

2026-05-18 14:39:20,观望,观望,是,警戒,603317,天味食品,15.73,安全,无信号,向下,无信号,-,4条件未全部满足（客观缠论无买/卖关键字或「无信号」；15分无背驰；区间价格对齐-），继续观望,12.56,15.25,16.24,-0.0563,-0.0803,否
2026-05-18 14:39:20,观望,卖出,是,警戒,688981,中芯国际,117.01,安全,二卖,向上,无信号,-,4条件未全部满足（客观缠论信号含「卖」；15分无背驰；区间价格对齐-），继续观望,100.13,113.50,125.00,-0.6789,-0.5236,否
2026-05-18 14:39:20,观望,观望,是,警戒,600938,中国海油,36.73,安全,无信号,向上,无信号,-,4条件未全部满足（客观缠论无买/卖关键字或「无信号」；60m笔方向为向上（买入须向下）；15分无背驰；区间价格对齐-），继续观望,34.06,36.28,36.45,0.1155,0.1613,否
2026-05-18 14:39:20,观望,买入,是,警戒,000333,美的集团,82.49,安全,二买,向下,无信号,-,4条件未全部满足（15分无背驰；区间价格对齐-），继续观望,79.17,78.91,80.98,0.0954,0.1497,否
2026-05-18 14:39:20,观望,卖出,是,警戒,000001,平安银行,10.83,安全,二卖,向上,无信号,-,4条件未全部满足（客观缠论信号含「卖」；15分无背驰；区间价格对齐-），继续观望,10.78,10.97,11.03,-0.0522,-0.0519,否
2026-05-18 14:39:20,观望,观望,是,警戒,001391,国货航,5.34,安全,二买,向上,无信号,-,4条件未全部满足（60m笔方向为向上（买入须向下）；15分无背驰；区间价格对齐-），继续观望,5.22,5.25,5.37,-0.0162,-0.0150,否
2026-05-18 14:39:20,观望,观望,是,警戒,hk01810,小米集团,30.50,安全,一卖,向下,无信号,-,4条件未全部满足（客观缠论信号含「卖」；卖点但笔方向向下；15分无背驰；区间价格对齐-），继续观望,32.78,30.26,31.18,-0.0997,-0.1682,否
2026-05-18 14:39:20,观望,观望,是,警戒,513130,恒生科技ETF,0.61,安全,二卖+三买,向下,无信号,-,4条件未全部满足（客观缠论信号含「卖」；卖点但笔方向向下；15分无背驰；区间价格对齐-），继续观望,0.59,0.61,0.63,-0.0052,-0.0056,否
2026-05-18 14:39:20,观望,观望,否,警戒,sh000001,上证指数,4116.01,安全,一卖+三买,向下,无信号,-,4条件未全部满足（客观缠论信号含「卖」；卖点但笔方向向下；15分无背驰；区间价格对齐-），继续观望,4101.83,4079.77,4092.83,-13.0665,-14.0972,否
2026-05-18 14:39:20,观望,观望,否,警戒,510300,沪深300ETF,4.83,安全,二买,向上,底背驰,否,4条件未全部满足（60m笔方向为向上（买入须向下）；区间价格对齐否），继续观望,4.68,4.86,4.91,-0.0217,-0.0215,否
2026-05-18 14:39:20,观望,观望,否,警戒,588000,科创50ETF,1.79,安全,无信号,向下,无信号,-,4条件未全部满足（客观缠论无买/卖关键字或「无信号」；15分无背驰；区间价格对齐-），继续观望,1.55,1.71,1.82,-0.0052,-0.0043,否
2026-05-18 14:39:20,观望,观望,否,警戒,513100,纳指ETF,2.06,安全,无信号,向下,无信号,-,4条件未全部满足（客观缠论无买/卖关键字或「无信号」；15分无背驰；区间价格对齐-），继续观望,1.91,1.93,2.11,-0.0080,-0.0064,否
2026-05-18 14:39:20,观望,观望,否,警戒,513520,日经ETF,2.05,安全,无信号,向下,无信号,-,4条件未全部满足（客观缠论无买/卖关键字或「无信号」；15分无背驰；区间价格对齐-），继续观望,2.00,2.13,2.04,-0.0123,-0.0144,否
2026-05-18 14:39:20,观望,观望,否,警戒,512400,有色金属ETF,2.00,安全,二卖+三买,向下,无信号,-,4条件未全部满足（客观缠论信号含「卖」；卖点但笔方向向下；15分无背驰；区间价格对齐-），继续观望,2.11,1.96,2.15,-0.0248,-0.0283,否
2026-05-18 14:39:20,观望,观望,否,警戒,512690,酒ETF,0.45,日线破位,二卖,向下,无信号,-,4条件未全部满足（客观缠论信号含「卖」；卖点但笔方向向下；15分无背驰；区间价格对齐-），继续观望,0.48,0.48,0.48,-0.0022,-0.0024,否
2026-05-18 14:39:20,观望,观望,否,警戒,159227,航空航天ETF,1.28,安全,无信号,向下,无信号,-,4条件未全部满足（客观缠论无买/卖关键字或「无信号」；15分无背驰；区间价格对齐-），继续观望,1.23,1.30,1.31,-0.0077,-0.0083,否
2026-05-18 14:39:20,观望,卖出,否,警戒,159992,创新药ETF,0.78,安全,二卖+二买,向上,无信号,-,4条件未全部满足（客观缠论信号含「卖」；15分无背驰；区间价格对齐-），继续观望,0.79,0.77,0.83,-0.0068,-0.0068,否
2026-05-18 14:39:20,观望,卖出,否,警戒,515050,通信ETF,1.12,安全,二卖,向上,无信号,-,4条件未全部满足（客观缠论信号含「卖」；15分无背驰；区间价格对齐-），继续观望,1.01,1.35,2.40,-0.0177,-0.0267,否
2026-05-18 14:39:20,买入,观望,否,警戒,159915,创业板ETF,3.91,安全,无信号,向下,底背驰,是,宏观战略锁定，微观动能衰竭，时空完美共振！,3.24,3.61,3.97,-0.0134,-0.0110,否
2026-05-18 14:39:20,观望,观望,否,警戒,588200,科创芯片ETF,3.44,安全,一卖+二买+三买,向下,无信号,-,4条件未全部满足（客观缠论信号含「卖」；卖点但笔方向向下；15分无背驰；区间价格对齐-），继续观望,2.65,3.20,3.34,-0.0097,-0.0061,否
2026-05-18 14:39:20,观望,观望,否,警戒,159755,电池ETF,1.16,安全,二卖,向下,无信号,-,4条件未全部满足（客观缠论信号含「卖」；卖点但笔方向向下；15分无背驰；区间价格对齐-），继续观望,1.03,1.17,1.19,-0.0052,-0.0050,否
2026-05-18 14:39:20,观望,观望,否,警戒,159899,软件ETF,0.84,安全,二卖,向下,无信号,-,4条件未全部满足（客观缠论信号含「卖」；卖点但笔方向向下；15分无背驰；区间价格对齐-），继续观望,0.81,0.83,0.84,-0.0008,-0.0017,否
2026-05-18 14:39:20,观望,观望,否,警戒,513360,教育ETF,0.49,日线破位,二卖,向下,无信号,-,4条件未全部满足（客观缠论信号含「卖」；卖点但笔方向向下；15分无背驰；区间价格对齐-），继续观望,0.49,0.49,0.50,-0.0006,-0.0008,否
2026-05-18 14:39:20,观望,观望,否,警戒,515790,光伏ETF,1.10,安全,二卖+二买,向下,无信号,-,4条件未全部满足（客观缠论信号含「卖」；卖点但笔方向向下；15分无背驰；区间价格对齐-），继续观望,1.08,1.10,1.13,-0.0050,-0.0050,否
2026-05-18 14:39:20,观望,买入,否,警戒,601668,中国建筑,4.87,日线破位,二买,向下,无信号,-,4条件未全部满足（15分无背驰；区间价格对齐-），继续观望,4.88,4.91,4.95,-0.0172,-0.0162,否
2026-05-18 14:39:20,观望,观望,否,警戒,601288,农业银行,6.60,安全,二卖,向下,无信号,-,4条件未全部满足（客观缠论信号含「卖」；卖点但笔方向向下；15分无背驰；区间价格对齐-），继续观望,6.53,6.53,6.83,-0.0246,-0.0213,否
2026-05-18 14:39:20,观望,买入,否,警戒,601728,中国电信,6.75,安全,二买,向下,无信号,-,4条件未全部满足（15分无背驰；区间价格对齐-），继续观望,6.50,5.75,6.19,0.1023,0.0688,否
2026-05-18 14:39:20,观望,观望,否,警戒,600276,恒瑞医药,52.22,日线破位,二买+三买,向上,无信号,-,4条件未全部满足（60m笔方向为向上（买入须向下）；15分无背驰；区间价格对齐-），继续观望,52.67,52.41,53.92,-0.5522,-0.5466,否
2026-05-18 14:39:20,观望,观望,否,警戒,600177,雅戈尔,7.47,安全,二卖,向下,无信号,-,4条件未全部满足（客观缠论信号含「卖」；卖点但笔方向向下；15分无背驰；区间价格对齐-），继续观望,7.50,7.25,7.53,-0.0486,-0.0532,否
2026-05-18 14:39:20,观望,观望,否,警戒,600887,伊利股份,27.13,日线破位,无信号,向上,无信号,-,4条件未全部满足（客观缠论无买/卖关键字或「无信号」；60m笔方向为向上（买入须向下）；15分无背驰；区间价格对齐-），继续观望,27.22,27.36,27.98,-0.1393,-0.1401,否
2026-05-18 14:39:20,观望,观望,否,警戒,601138,工业富联,68.74,安全,二卖,向下,无信号,-,4条件未全部满足（客观缠论信号含「卖」；卖点但笔方向向下；15分无背驰；区间价格对齐-），继续观望,62.70,63.20,71.76,0.0140,-0.0120,否
2026-05-18 14:39:20,观望,观望,否,警戒,688041,海光信息,302.36,安全,一卖,向下,无信号,-,4条件未全部满足（客观缠论信号含「卖」；卖点但笔方向向下；15分无背驰；区间价格对齐-），继续观望,246.00,320.01,305.00,-3.5752,-3.9798,否
2026-05-18 14:39:20,观望,卖出,否,警戒,601225,陕西煤业,24.28,安全,一卖,向上,无信号,-,4条件未全部满足（客观缠论信号含「卖」；15分无背驰；区间价格对齐-），继续观望,22.32,22.30,24.11,0.1441,0.1618,否
2026-05-18 14:39:20,观望,观望,否,警戒,600900,长江电力,26.82,安全,二卖+二买,向下,无信号,-,4条件未全部满足（客观缠论信号含「卖」；卖点但笔方向向下；15分无背驰；区间价格对齐-），继续观望,26.66,26.90,27.03,-0.0369,-0.0239,否
2026-05-18 14:39:20,观望,观望,否,警戒,600660,福耀玻璃,55.22,日线破位,无信号,向下,无信号,-,4条件未全部满足（客观缠论无买/卖关键字或「无信号」；15分无背驰；区间价格对齐-），继续观望,55.27,55.65,58.35,-0.3336,-0.4434,否
2026-05-18 14:39:20,观望,观望,否,警戒,002507,涪陵榨菜,11.84,日线破位,二卖,向下,无信号,-,4条件未全部满足（客观缠论信号含「卖」；卖点但笔方向向下；15分无背驰；区间价格对齐-），继续观望,12.23,12.28,12.33,-0.0612,-0.0634,否
2026-05-18 14:39:20,观望,观望,否,警戒,000338,潍柴动力,33.14,安全,一卖+二买,向下,无信号,-,4条件未全部满足（客观缠论信号含「卖」；卖点但笔方向向下；15分无背驰；区间价格对齐-），继续观望,25.92,23.75,33.85,-0.3989,-0.3587,否
2026-05-18 14:39:20,观望,观望,否,警戒,000538,云南白药,50.79,日线破位,二卖,向下,无信号,-,4条件未全部满足（客观缠论信号含「卖」；卖点但笔方向向下；15分无背驰；区间价格对齐-），继续观望,55.40,54.40,51.89,-0.1177,-0.1542,否
2026-05-18 14:39:20,观望,观望,否,警戒,000423,东阿阿胶,50.64,日线破位,无信号,向上,无信号,-,4条件未全部满足（客观缠论无买/卖关键字或「无信号」；60m笔方向为向上（买入须向下）；15分无背驰；区间价格对齐-），继续观望,51.71,52.11,54.45,-0.5022,-0.4506,否
2026-05-18 14:39:20,观望,观望,否,警戒,000651,格力电器,39.79,安全,二卖,向下,无信号,-,4条件未全部满足（客观缠论信号含「卖」；卖点但笔方向向下；15分无背驰；区间价格对齐-），继续观望,40.28,39.51,40.57,-0.1627,-0.1382,否
2026-05-18 14:39:20,观望,卖出,否,警戒,000895,双汇发展,26.19,安全,二卖+二买,向上,无信号,-,4条件未全部满足（客观缠论信号含「卖」；15分无背驰；区间价格对齐-），继续观望,26.11,26.51,26.98,-0.1066,-0.1062,否
2026-05-18 14:39:20,观望,观望,否,警戒,002415,海康威视,32.78,安全,二卖,向下,底背驰,是,4条件未全部满足（客观缠论信号含「卖」；卖点但笔方向向下），继续观望,31.96,33.30,33.87,-0.2047,-0.1981,否
2026-05-18 14:39:20,观望,卖出,否,警戒,hk03690,美团,81.95,安全,二卖,向上,无信号,-,4条件未全部满足（客观缠论信号含「卖」；15分无背驰；区间价格对齐-），继续观望,78.70,82.40,84.55,-0.3610,-0.5036,否
2026-05-18 14:39:20,观望,卖出,否,警戒,hk03896,金山云,7.75,日线破位,一卖,向上,无信号,-,4条件未全部满足（客观缠论信号含「卖」；15分无背驰；区间价格对齐-），继续观望,7.86,7.78,8.39,-0.1134,-0.1145,否
2026-05-18 14:39:20,观望,卖出,否,警戒,hk00700,腾讯,447.00,日线破位,二卖+二买,向上,无信号,-,4条件未全部满足（客观缠论信号含「卖」；15分无背驰；区间价格对齐-），继续观望,494.60,486.20,460.20,-2.7213,-2.5216,否
2026-05-18 14:39:20,观望,观望,否,警戒,hk09988,阿里巴巴,130.90,安全,无信号,向下,无信号,-,4条件未全部满足（客观缠论无买/卖关键字或「无信号」；15分无背驰；区间价格对齐-），继续观望,129.60,130.30,135.80,-0.6261,-0.9376,否
2026-05-18 14:39:20,观望,观望,否,警戒,hk01024,快手,48.34,日线破位,二卖,向下,无信号,-,4条件未全部满足（客观缠论信号含「卖」；卖点但笔方向向下；15分无背驰；区间价格对齐-），继续观望,48.90,50.60,52.65,-0.3040,-0.3712,否
2026-05-18 14:39:20,观望,观望,否,警戒,hk06618,京东健康,42.72,安全,二卖,向下,无信号,-,4条件未全部满足（客观缠论信号含「卖」；卖点但笔方向向下；15分无背驰；区间价格对齐-），继续观望,40.70,46.10,45.30,-0.7505,-0.8512,否
2026-05-18 14:39:20,观望,卖出,否,警戒,hk06862,海底捞,14.21,安全,二卖,向上,无信号,-,4条件未全部满足（客观缠论信号含「卖」；15分无背驰；区间价格对齐-），继续观望,14.22,14.16,14.38,-0.1560,-0.1491,否
2026-05-18 14:39:20,观望,观望,否,警戒,600895,张江高科,34.41,安全,二卖,向下,无信号,-,4条件未全部满足（客观缠论信号含「卖」；卖点但笔方向向下；15分无背驰；区间价格对齐-），继续观望,33.37,34.05,36.20,-0.2785,-0.3070,否
2026-05-18 14:39:20,观望,卖出,否,警戒,000429,粤高速A,12.93,安全,二卖+二买,向上,无信号,-,4条件未全部满足（客观缠论信号含「卖」；15分无背驰；区间价格对齐-），继续观望,13.29,12.48,12.91,-0.0409,-0.0378,否

2026-05-18 15:21:59,观望,观望,是,警戒,603317,天味食品,15.87,安全,无信号,向下,无信号,-,4条件未全部满足（客观缠论无买/卖关键字或「无信号」；15分无背驰；区间价格对齐-），继续观望,12.56,15.25,16.24,-0.0430,-0.0686,否
2026-05-18 15:21:59,观望,卖出,是,警戒,688981,中芯国际,117.62,安全,二卖,向上,无信号,-,4条件未全部满足（客观缠论信号含「卖」；15分无背驰；区间价格对齐-），继续观望,100.13,113.50,125.00,-0.6859,-0.5879,否
2026-05-18 15:21:59,观望,观望,是,警戒,600938,中国海油,36.90,安全,无信号,向上,无信号,-,4条件未全部满足（客观缠论无买/卖关键字或「无信号」；60m笔方向为向上（买入须向下）；15分无背驰；区间价格对齐-），继续观望,34.06,36.28,36.45,0.1062,0.1417,否
2026-05-18 15:21:59,观望,买入,是,警戒,000333,美的集团,82.83,安全,二买,向下,无信号,-,4条件未全部满足（15分无背驰；区间价格对齐-），继续观望,79.17,78.91,80.98,0.1001,0.1298,否
2026-05-18 15:21:59,观望,卖出,是,警戒,000001,平安银行,10.86,安全,二卖,向上,底背驰,否,4条件未全部满足（客观缠论信号含「卖」；15分底背驰（完美止盈需顶背驰）；区间价格对齐否），继续观望,10.78,10.97,11.03,-0.0488,-0.0513,否
2026-05-18 15:21:59,观望,观望,是,警戒,001391,国货航,5.37,安全,二买,向上,底背驰,否,4条件未全部满足（60m笔方向为向上（买入须向下）；区间价格对齐否），继续观望,5.22,5.25,5.37,-0.0129,-0.0147,否
2026-05-18 15:21:59,观望,观望,是,警戒,hk01810,小米集团,30.54,安全,一卖,向下,无信号,-,4条件未全部满足（客观缠论信号含「卖」；卖点但笔方向向下；15分无背驰；区间价格对齐-），继续观望,32.78,30.26,31.18,-0.0872,-0.1403,否
2026-05-18 15:21:59,观望,观望,是,警戒,513130,恒生科技ETF,0.61,安全,二卖,向下,无信号,-,4条件未全部满足（客观缠论信号含「卖」；卖点但笔方向向下；15分无背驰；区间价格对齐-），继续观望,0.59,0.61,0.63,-0.0047,-0.0053,否
2026-05-18 15:21:59,观望,观望,否,警戒,sh000001,上证指数,4131.53,安全,一卖+三买,向下,无信号,-,4条件未全部满足（客观缠论信号含「卖」；卖点但笔方向向下；15分无背驰；区间价格对齐-），继续观望,4101.83,4079.77,4092.83,-11.5949,-13.3141,否
2026-05-18 15:21:59,观望,观望,否,警戒,510300,沪深300ETF,4.85,安全,二买,向上,底背驰,否,4条件未全部满足（60m笔方向为向上（买入须向下）；区间价格对齐否），继续观望,4.68,4.86,4.91,-0.0194,-0.0211,否
2026-05-18 15:21:59,观望,观望,否,警戒,588000,科创50ETF,1.80,安全,无信号,向下,无信号,-,4条件未全部满足（客观缠论无买/卖关键字或「无信号」；15分无背驰；区间价格对齐-），继续观望,1.55,1.71,1.82,-0.0049,-0.0046,否
2026-05-18 15:21:59,买入,观望,否,警戒,513100,纳指ETF,2.07,安全,无信号,向下,底背驰,是,宏观战略锁定，微观动能衰竭，时空完美共振！,1.91,1.93,2.11,-0.0080,-0.0069,否
2026-05-18 15:21:59,观望,卖出,否,警戒,513520,日经ETF,2.06,安全,二卖,向上,无信号,-,4条件未全部满足（客观缠论信号含「卖」；15分无背驰；区间价格对齐-），继续观望,2.00,2.13,2.04,-0.0111,-0.0134,否
2026-05-18 15:21:59,观望,卖出,否,警戒,512400,有色金属ETF,2.01,安全,二卖+三买,向上,无信号,-,4条件未全部满足（客观缠论信号含「卖」；15分无背驰；区间价格对齐-），继续观望,2.11,1.96,2.15,-0.0215,-0.0262,否
2026-05-18 15:21:59,观望,观望,否,警戒,512690,酒ETF,0.45,日线破位,二卖,向下,无信号,-,4条件未全部满足（客观缠论信号含「卖」；卖点但笔方向向下；15分无背驰；区间价格对齐-），继续观望,0.48,0.48,0.48,-0.0019,-0.0022,否
2026-05-18 15:21:59,观望,观望,否,警戒,159227,航空航天ETF,1.29,安全,无信号,向下,无信号,-,4条件未全部满足（客观缠论无买/卖关键字或「无信号」；15分无背驰；区间价格对齐-），继续观望,1.23,1.30,1.31,-0.0070,-0.0079,否
2026-05-18 15:21:59,观望,卖出,否,警戒,159992,创新药ETF,0.78,安全,二卖+二买,向上,无信号,-,4条件未全部满足（客观缠论信号含「卖」；15分无背驰；区间价格对齐-），继续观望,0.79,0.77,0.83,-0.0061,-0.0066,否
2026-05-18 15:21:59,观望,卖出,否,警戒,515050,通信ETF,1.13,安全,二卖,向上,无信号,-,4条件未全部满足（客观缠论信号含「卖」；15分无背驰；区间价格对齐-），继续观望,1.01,1.35,2.40,-0.0151,-0.0228,否
2026-05-18 15:21:59,买入,观望,否,警戒,159915,创业板ETF,3.92,安全,无信号,向下,底背驰,是,宏观战略锁定，微观动能衰竭，时空完美共振！,3.24,3.61,3.97,-0.0127,-0.0118,否
2026-05-18 15:21:59,观望,观望,否,警戒,588200,科创芯片ETF,3.46,安全,一卖+二买+三买,向下,无信号,-,4条件未全部满足（客观缠论信号含「卖」；卖点但笔方向向下；15分无背驰；区间价格对齐-），继续观望,2.65,3.20,3.34,-0.0103,-0.0078,否
2026-05-18 15:21:59,观望,观望,否,警戒,159755,电池ETF,1.16,安全,二卖,向下,无信号,-,4条件未全部满足（客观缠论信号含「卖」；卖点但笔方向向下；15分无背驰；区间价格对齐-），继续观望,1.03,1.17,1.19,-0.0048,-0.0050,否
2026-05-18 15:21:59,观望,卖出,否,警戒,159899,软件ETF,0.84,安全,二卖+三买,向上,无信号,-,4条件未全部满足（客观缠论信号含「卖」；15分无背驰；区间价格对齐-），继续观望,0.81,0.83,0.84,-0.0006,-0.0014,否
2026-05-18 15:21:59,观望,观望,否,警戒,513360,教育ETF,0.49,日线破位,二卖,向下,无信号,-,4条件未全部满足（客观缠论信号含「卖」；卖点但笔方向向下；15分无背驰；区间价格对齐-），继续观望,0.49,0.49,0.50,-0.0004,-0.0006,否
2026-05-18 15:21:59,观望,观望,否,警戒,515790,光伏ETF,1.10,安全,二卖+二买,向下,无信号,-,4条件未全部满足（客观缠论信号含「卖」；卖点但笔方向向下；15分无背驰；区间价格对齐-），继续观望,1.08,1.10,1.13,-0.0046,-0.0049,否
2026-05-18 15:21:59,观望,买入,否,警戒,601668,中国建筑,4.89,安全,二买,向下,无信号,-,4条件未全部满足（15分无背驰；区间价格对齐-），继续观望,4.88,4.91,4.95,-0.0151,-0.0161,否
2026-05-18 15:21:59,观望,观望,否,警戒,601288,农业银行,6.60,安全,二卖,向下,底背驰,是,4条件未全部满足（客观缠论信号含「卖」；卖点但笔方向向下），继续观望,6.53,6.53,6.83,-0.0258,-0.0229,否
2026-05-18 15:21:59,观望,买入,否,警戒,601728,中国电信,6.82,安全,二买,向下,无信号,-,4条件未全部满足（15分无背驰；区间价格对齐-），继续观望,6.50,5.75,6.19,0.1216,0.0866,否
2026-05-18 15:21:59,观望,观望,否,警戒,600276,恒瑞医药,52.43,安全,二买+三买,向上,底背驰,否,4条件未全部满足（60m笔方向为向上（买入须向下）；区间价格对齐否），继续观望,52.67,52.41,53.92,-0.5082,-0.5379,否
2026-05-18 15:21:59,观望,观望,否,警戒,600177,雅戈尔,7.50,安全,二卖,向下,无信号,-,4条件未全部满足（客观缠论信号含「卖」；卖点但笔方向向下；15分无背驰；区间价格对齐-），继续观望,7.50,7.25,7.53,-0.0397,-0.0491,否
2026-05-18 15:21:59,观望,观望,否,警戒,600887,伊利股份,27.29,安全,无信号,向上,无信号,-,4条件未全部满足（客观缠论无买/卖关键字或「无信号」；60m笔方向为向上（买入须向下）；15分无背驰；区间价格对齐-），继续观望,27.22,27.36,27.98,-0.1156,-0.1334,否
2026-05-18 15:21:59,观望,观望,否,警戒,601138,工业富联,68.98,安全,二卖,向下,无信号,-,4条件未全部满足（客观缠论信号含「卖」；卖点但笔方向向下；15分无背驰；区间价格对齐-），继续观望,62.70,63.20,71.76,0.0183,-0.0034,否
2026-05-18 15:21:59,观望,观望,否,警戒,688041,海光信息,303.63,安全,一卖,向下,无信号,-,4条件未全部满足（客观缠论信号含「卖」；卖点但笔方向向下；15分无背驰；区间价格对齐-），继续观望,246.00,320.01,305.00,-3.3803,-3.7958,否
2026-05-18 15:21:59,观望,卖出,否,警戒,601225,陕西煤业,24.39,安全,一卖,向上,无信号,-,4条件未全部满足（客观缠论信号含「卖」；15分无背驰；区间价格对齐-），继续观望,22.32,22.30,24.11,0.1387,0.1536,否
2026-05-18 15:21:59,观望,卖出,否,警戒,600900,长江电力,26.89,安全,二卖+二买,向上,无信号,-,4条件未全部满足（客观缠论信号含「卖」；15分无背驰；区间价格对齐-），继续观望,26.66,26.90,26.96,-0.0341,-0.0281,否
2026-05-18 15:21:59,观望,观望,否,警戒,600660,福耀玻璃,55.41,安全,无信号,向下,无信号,-,4条件未全部满足（客观缠论无买/卖关键字或「无信号」；15分无背驰；区间价格对齐-），继续观望,55.27,55.65,58.35,-0.2507,-0.3808,否
2026-05-18 15:21:59,观望,观望,否,警戒,002507,涪陵榨菜,11.88,日线破位,二卖,向下,无信号,-,4条件未全部满足（客观缠论信号含「卖」；卖点但笔方向向下；15分无背驰；区间价格对齐-），继续观望,12.23,12.28,12.33,-0.0519,-0.0601,否
2026-05-18 15:21:59,观望,观望,否,警戒,000338,潍柴动力,33.30,安全,一卖+二买,向下,无信号,-,4条件未全部满足（客观缠论信号含「卖」；卖点但笔方向向下；15分无背驰；区间价格对齐-），继续观望,25.92,23.75,33.85,-0.3511,-0.3603,否
2026-05-18 15:21:59,观望,观望,否,警戒,000538,云南白药,50.86,日线破位,二卖,向下,无信号,-,4条件未全部满足（客观缠论信号含「卖」；卖点但笔方向向下；15分无背驰；区间价格对齐-），继续观望,55.40,54.40,51.89,-0.0963,-0.1353,否
2026-05-18 15:21:59,观望,观望,否,警戒,000423,东阿阿胶,50.74,日线破位,无信号,向上,无信号,-,4条件未全部满足（客观缠论无买/卖关键字或「无信号」；60m笔方向为向上（买入须向下）；15分无背驰；区间价格对齐-），继续观望,51.71,52.11,54.45,-0.5041,-0.4714,否
2026-05-18 15:21:59,观望,观望,否,警戒,000651,格力电器,39.71,安全,二卖,向下,无信号,-,4条件未全部满足（客观缠论信号含「卖」；卖点但笔方向向下；15分无背驰；区间价格对齐-），继续观望,40.28,39.51,40.57,-0.1628,-0.1469,否
2026-05-18 15:21:59,观望,卖出,否,警戒,000895,双汇发展,26.32,安全,二卖+二买,向上,无信号,-,4条件未全部满足（客观缠论信号含「卖」；15分无背驰；区间价格对齐-），继续观望,26.11,26.51,26.98,-0.0910,-0.1022,否
2026-05-18 15:21:59,观望,卖出,否,警戒,002415,海康威视,33.00,安全,二卖,向上,底背驰,否,4条件未全部满足（客观缠论信号含「卖」；15分底背驰（完美止盈需顶背驰）；区间价格对齐否），继续观望,31.96,33.30,33.87,-0.1888,-0.1977,否
2026-05-18 15:21:59,观望,卖出,否,警戒,hk03690,美团,82.10,安全,二卖,向上,无信号,-,4条件未全部满足（客观缠论信号含「卖」；15分无背驰；区间价格对齐-），继续观望,78.70,82.40,84.55,-0.3069,-0.4380,否
2026-05-18 15:21:59,观望,卖出,否,警戒,hk03896,金山云,7.68,日线破位,一卖,向上,无信号,-,4条件未全部满足（客观缠论信号含「卖」；15分无背驰；区间价格对齐-），继续观望,7.86,7.78,8.39,-0.1207,-0.1166,否
2026-05-18 15:21:59,观望,卖出,否,警戒,hk00700,腾讯,447.00,日线破位,二卖+二买,向上,无信号,-,4条件未全部满足（客观缠论信号含「卖」；15分无背驰；区间价格对齐-），继续观望,494.60,486.20,460.20,-2.7213,-2.5216,否
2026-05-18 15:21:59,观望,观望,否,警戒,hk09988,阿里巴巴,130.90,安全,无信号,向下,无信号,-,4条件未全部满足（客观缠论无买/卖关键字或「无信号」；15分无背驰；区间价格对齐-），继续观望,129.60,130.30,135.80,-0.6261,-0.9376,否
2026-05-18 15:21:59,观望,观望,否,警戒,hk01024,快手,48.42,日线破位,二卖,向下,无信号,-,4条件未全部满足（客观缠论信号含「卖」；卖点但笔方向向下；15分无背驰；区间价格对齐-），继续观望,48.90,50.60,52.65,-0.2747,-0.3303,否
2026-05-18 15:21:59,观望,观望,否,警戒,hk06618,京东健康,42.84,安全,二卖,向下,无信号,-,4条件未全部满足（客观缠论信号含「卖」；卖点但笔方向向下；15分无背驰；区间价格对齐-），继续观望,40.70,46.10,45.30,-0.6609,-0.7744,否
2026-05-18 15:21:59,观望,卖出,否,警戒,hk06862,海底捞,14.15,日线破位,二卖,向上,无信号,-,4条件未全部满足（客观缠论信号含「卖」；15分无背驰；区间价格对齐-），继续观望,14.22,14.16,14.38,-0.1380,-0.1455,否
2026-05-18 15:21:59,观望,观望,否,警戒,600895,张江高科,34.53,安全,二卖,向下,无信号,-,4条件未全部满足（客观缠论信号含「卖」；卖点但笔方向向下；15分无背驰；区间价格对齐-），继续观望,33.37,34.05,36.20,-0.2669,-0.2947,否
2026-05-18 15:21:59,观望,卖出,否,警戒,000429,粤高速A,12.96,安全,二卖+二买,向上,无信号,-,4条件未全部满足（客观缠论信号含「卖」；15分无背驰；区间价格对齐-），继续观望,13.29,12.48,13.13,-0.0319,-0.0362,否

2026-05-19 13:19:59,观望,卖出,是,警戒,603317,天味食品,15.91,安全,二卖,向上,无信号,-,4条件未全部满足（客观缠论信号含「卖」；15分无背驰；区间价格对齐-），继续观望,12.56,15.25,16.10,-0.0162,-0.0371,否
2026-05-19 13:19:59,观望,卖出,是,警戒,688981,中芯国际,116.06,安全,二卖,向上,无信号,-,4条件未全部满足（客观缠论信号含「卖」；15分无背驰；区间价格对齐-），继续观望,115.74,109.78,125.00,-1.0072,-1.1116,否
2026-05-19 13:19:59,观望,观望,是,警戒,600938,中国海油,36.54,安全,无信号,向上,无信号,-,4条件未全部满足（客观缠论无买/卖关键字或「无信号」；60m笔方向为向上（买入须向下）；15分无背驰；区间价格对齐-），继续观望,34.06,35.29,36.28,-0.0413,0.0123,否
2026-05-19 13:19:59,观望,买入,是,警戒,000333,美的集团,80.83,安全,二买,向下,无信号,-,4条件未全部满足（15分无背驰；区间价格对齐-），继续观望,79.17,78.91,80.95,-0.3904,-0.2170,否
2026-05-19 13:19:59,观望,观望,是,警戒,000001,平安银行,10.86,安全,二卖,向下,无信号,-,4条件未全部满足（客观缠论信号含「卖」；卖点但笔方向向下；15分无背驰；区间价格对齐-），继续观望,10.78,10.67,11.03,-0.0270,-0.0324,否
2026-05-19 13:19:59,观望,观望,是,警戒,hk01810,小米集团,30.62,安全,一卖,向下,无信号,-,4条件未全部满足（客观缠论信号含「卖」；卖点但笔方向向下；15分无背驰；区间价格对齐-），继续观望,32.78,30.26,31.18,-0.0113,-0.0232,否
2026-05-19 13:19:59,观望,观望,是,警戒,513130,恒生科技ETF,0.60,安全,二卖+三买,向下,无信号,-,4条件未全部满足（客观缠论信号含「卖」；卖点但笔方向向下；15分无背驰；区间价格对齐-），继续观望,0.59,0.61,0.63,-0.0032,-0.0038,否
2026-05-19 13:19:59,观望,观望,否,警戒,sh000001,上证指数,4125.10,安全,一卖+三买,向下,无信号,-,4条件未全部满足（客观缠论信号含「卖」；卖点但笔方向向下；15分无背驰；区间价格对齐-），继续观望,4101.83,4079.77,4092.83,-9.5998,-11.0654,否
2026-05-19 13:19:59,观望,观望,否,警戒,510300,沪深300ETF,4.82,安全,二买,向上,底背驰,否,4条件未全部满足（60m笔方向为向上（买入须向下）；区间价格对齐否），继续观望,4.68,4.86,4.79,-0.0183,-0.0210,否
2026-05-19 13:19:59,观望,观望,否,警戒,588000,科创50ETF,1.81,安全,无信号,向下,无信号,-,4条件未全部满足（客观缠论无买/卖关键字或「无信号」；15分无背驰；区间价格对齐-），继续观望,1.55,1.71,1.82,-0.0011,-0.0047,否
2026-05-19 13:19:59,买入,观望,否,警戒,513100,纳指ETF,2.04,安全,无信号,向下,底背驰,是,宏观战略锁定，微观动能衰竭，时空完美共振！,1.91,2.07,2.11,-0.0125,-0.0107,否
2026-05-19 13:19:59,观望,卖出,否,警戒,513520,日经ETF,2.04,安全,二卖,向上,无信号,-,4条件未全部满足（客观缠论信号含「卖」；15分无背驰；区间价格对齐-），继续观望,1.89,2.00,2.04,-0.0098,-0.0107,否
2026-05-19 13:19:59,观望,卖出,否,警戒,512400,有色金属ETF,1.97,安全,二卖+三买,向上,无信号,-,4条件未全部满足（客观缠论信号含「卖」；15分无背驰；区间价格对齐-），继续观望,2.11,1.96,2.15,-0.0229,-0.0248,否
2026-05-19 13:19:59,观望,观望,否,警戒,512690,酒ETF,0.45,日线破位,二卖,向下,无信号,-,4条件未全部满足（客观缠论信号含「卖」；卖点但笔方向向下；15分无背驰；区间价格对齐-），继续观望,0.48,0.48,0.48,-0.0005,-0.0007,否
2026-05-19 13:19:59,观望,观望,否,警戒,159227,航空航天ETF,1.26,安全,无信号,向下,无信号,-,4条件未全部满足（客观缠论无买/卖关键字或「无信号」；15分无背驰；区间价格对齐-），继续观望,1.23,1.30,1.29,-0.0094,-0.0095,否
2026-05-19 13:19:59,观望,观望,否,警戒,159992,创新药ETF,0.78,安全,二卖,向下,无信号,-,4条件未全部满足（客观缠论信号含「卖」；卖点但笔方向向下；15分无背驰；区间价格对齐-），继续观望,0.79,0.77,0.83,-0.0036,-0.0043,否
2026-05-19 13:19:59,观望,卖出,否,警戒,515050,通信ETF,1.11,安全,二卖,向上,无信号,-,4条件未全部满足（客观缠论信号含「卖」；15分无背驰；区间价格对齐-），继续观望,1.01,1.35,2.40,-0.0139,-0.0172,否
2026-05-19 13:19:59,观望,观望,否,警戒,159915,创业板ETF,3.87,安全,无信号,向下,无信号,-,4条件未全部满足（客观缠论无买/卖关键字或「无信号」；15分无背驰；区间价格对齐-），继续观望,3.24,3.61,3.97,-0.0222,-0.0224,否
2026-05-19 13:19:59,观望,观望,否,警戒,588200,科创芯片ETF,3.48,安全,一卖+二买,向下,无信号,-,4条件未全部满足（客观缠论信号含「卖」；卖点但笔方向向下；15分无背驰；区间价格对齐-），继续观望,2.65,3.20,3.34,-0.0051,-0.0131,否
2026-05-19 13:19:59,观望,观望,否,警戒,159755,电池ETF,1.15,安全,二卖,向下,无信号,-,4条件未全部满足（客观缠论信号含「卖」；卖点但笔方向向下；15分无背驰；区间价格对齐-），继续观望,1.03,1.17,1.19,-0.0075,-0.0077,否
2026-05-19 13:19:59,观望,卖出,否,警戒,159899,软件ETF,0.85,安全,二卖+三买,向上,无信号,-,4条件未全部满足（客观缠论信号含「卖」；15分无背驰；区间价格对齐-），继续观望,0.81,0.83,0.84,0.0013,0.0010,否
2026-05-19 13:19:59,观望,观望,否,警戒,513360,教育ETF,0.49,日线破位,二卖,向下,无信号,-,4条件未全部满足（客观缠论信号含「卖」；卖点但笔方向向下；15分无背驰；区间价格对齐-），继续观望,0.49,0.49,0.50,-0.0002,-0.0003,否
2026-05-19 13:19:59,观望,观望,否,警戒,515790,光伏ETF,1.10,安全,二卖+二买,向下,无信号,-,4条件未全部满足（客观缠论信号含「卖」；卖点但笔方向向下；15分无背驰；区间价格对齐-），继续观望,1.08,1.10,1.11,-0.0017,-0.0033,否
2026-05-19 13:19:59,观望,观望,否,警戒,601668,中国建筑,4.91,安全,无信号,向下,无信号,-,4条件未全部满足（客观缠论无买/卖关键字或「无信号」；15分无背驰；区间价格对齐-），继续观望,4.88,4.91,4.95,-0.0013,-0.0048,否
2026-05-19 13:19:59,观望,观望,否,警戒,601288,农业银行,6.63,安全,二卖,向下,无信号,-,4条件未全部满足（客观缠论信号含「卖」；卖点但笔方向向下；15分无背驰；区间价格对齐-），继续观望,6.53,6.53,6.68,-0.0069,-0.0093,否
2026-05-19 13:19:59,观望,买入,否,警戒,601728,中国电信,7.02,安全,二买,向下,无信号,-,4条件未全部满足（15分无背驰；区间价格对齐-），继续观望,6.80,6.75,6.19,0.1752,0.1764,否
2026-05-19 13:19:59,观望,观望,否,警戒,600276,恒瑞医药,51.63,安全,二买+三买,向上,无信号,-,4条件未全部满足（60m笔方向为向上（买入须向下）；15分无背驰；区间价格对齐-），继续观望,51.31,52.41,53.92,-0.4758,-0.4788,否
2026-05-19 13:19:59,观望,观望,否,警戒,600177,雅戈尔,7.52,安全,二卖,向下,无信号,-,4条件未全部满足（客观缠论信号含「卖」；卖点但笔方向向下；15分无背驰；区间价格对齐-），继续观望,7.50,7.25,7.53,-0.0077,-0.0174,否
2026-05-19 13:19:59,观望,观望,否,警戒,600887,伊利股份,27.27,安全,无信号,向下,无信号,-,4条件未全部满足（客观缠论无买/卖关键字或「无信号」；15分无背驰；区间价格对齐-），继续观望,27.22,27.11,27.98,-0.0321,-0.0463,否
2026-05-19 13:19:59,观望,观望,否,警戒,601138,工业富联,68.43,安全,二卖,向下,底背驰,否,4条件未全部满足（客观缠论信号含「卖」；卖点但笔方向向下；区间价格对齐否），继续观望,64.65,62.77,71.76,-0.2074,-0.2537,否
2026-05-19 13:19:59,观望,观望,否,警戒,688041,海光信息,297.99,安全,一卖,向下,无信号,-,4条件未全部满足（客观缠论信号含「卖」；卖点但笔方向向下；15分无背驰；区间价格对齐-），继续观望,246.00,320.01,305.00,-3.6662,-4.1358,否
2026-05-19 13:19:59,观望,观望,否,警戒,601225,陕西煤业,24.50,安全,一卖+二买,向下,无信号,-,4条件未全部满足（客观缠论信号含「卖」；卖点但笔方向向下；15分无背驰；区间价格对齐-），继续观望,25.15,24.22,24.11,0.1210,0.1445,否
2026-05-19 13:19:59,观望,观望,否,警戒,600900,长江电力,27.31,安全,二卖,向下,无信号,-,4条件未全部满足（客观缠论信号含「卖」；卖点但笔方向向下；15分无背驰；区间价格对齐-），继续观望,26.66,26.60,27.03,0.0914,0.0548,否
2026-05-19 13:19:59,观望,卖出,否,警戒,600660,福耀玻璃,55.14,日线破位,二卖,向上,无信号,-,4条件未全部满足（客观缠论信号含「卖」；15分无背驰；区间价格对齐-），继续观望,55.27,55.65,58.35,-0.1848,-0.2374,否
2026-05-19 13:19:59,观望,观望,否,警戒,000429,粤高速A,13.14,安全,二卖,向下,无信号,-,4条件未全部满足（客观缠论信号含「卖」；卖点但笔方向向下；15分无背驰；区间价格对齐-），继续观望,12.70,12.48,13.13,0.0308,0.0151,否
2026-05-19 13:19:59,观望,观望,否,警戒,002507,涪陵榨菜,12.00,日线破位,二卖,向下,无信号,-,4条件未全部满足（客观缠论信号含「卖」；卖点但笔方向向下；15分无背驰；区间价格对齐-），继续观望,12.23,12.28,12.33,-0.0028,-0.0187,否
2026-05-19 13:19:59,观望,观望,否,警戒,000338,潍柴动力,33.03,安全,一卖+二买,向下,无信号,-,4条件未全部满足（客观缠论信号含「卖」；卖点但笔方向向下；15分无背驰；区间价格对齐-），继续观望,25.92,31.76,33.85,-0.3443,-0.3894,否
2026-05-19 13:19:59,观望,观望,否,警戒,000538,云南白药,50.92,日线破位,二卖,向下,无信号,-,4条件未全部满足（客观缠论信号含「卖」；卖点但笔方向向下；15分无背驰；区间价格对齐-），继续观望,55.40,54.40,51.89,-0.0272,-0.0459,否
2026-05-19 13:19:59,观望,观望,否,警戒,000423,东阿阿胶,50.94,安全,无信号,向下,无信号,-,4条件未全部满足（客观缠论无买/卖关键字或「无信号」；15分无背驰；区间价格对齐-），继续观望,50.16,49.78,53.53,-0.2858,-0.3467,否
2026-05-19 13:19:59,观望,观望,否,警戒,000651,格力电器,39.62,安全,二卖,向下,底背驰,否,4条件未全部满足（客观缠论信号含「卖」；卖点但笔方向向下；区间价格对齐否），继续观望,40.00,39.51,40.57,-0.1556,-0.1519,否
2026-05-19 13:19:59,观望,观望,否,警戒,000895,双汇发展,26.35,安全,二卖,向下,无信号,-,4条件未全部满足（客观缠论信号含「卖」；卖点但笔方向向下；15分无背驰；区间价格对齐-），继续观望,25.75,26.51,26.98,-0.0402,-0.0595,否
2026-05-19 13:19:59,观望,观望,否,警戒,002415,海康威视,32.90,安全,二卖,向下,无信号,-,4条件未全部满足（客观缠论信号含「卖」；卖点但笔方向向下；15分无背驰；区间价格对齐-），继续观望,31.96,33.30,33.25,-0.1220,-0.1674,否
2026-05-19 13:19:59,观望,观望,否,警戒,hk03690,美团,82.60,安全,二卖,向下,无信号,-,4条件未全部满足（客观缠论信号含「卖」；卖点但笔方向向下；15分无背驰；区间价格对齐-），继续观望,75.85,82.15,82.75,-0.0600,-0.2343,否
2026-05-19 13:19:59,观望,观望,否,警戒,hk03896,金山云,7.80,安全,一卖,向下,无信号,-,4条件未全部满足（客观缠论信号含「卖」；卖点但笔方向向下；15分无背驰；区间价格对齐-），继续观望,7.80,7.78,8.63,-0.0270,-0.0385,否
2026-05-19 13:19:59,观望,观望,否,警戒,hk00700,腾讯,461.00,日线破位,二卖,向下,无信号,-,4条件未全部满足（客观缠论信号含「卖」；卖点但笔方向向下；15分无背驰；区间价格对齐-），继续观望,494.60,486.20,469.00,2.7639,1.2505,否
2026-05-19 13:19:59,观望,观望,否,警戒,hk09988,阿里巴巴,133.70,安全,无信号,向下,无信号,-,4条件未全部满足（客观缠论无买/卖关键字或「无信号」；15分无背驰；区间价格对齐-），继续观望,129.60,130.30,135.80,0.5416,0.1299,否
2026-05-19 13:19:59,观望,卖出,否,警戒,hk01024,快手,48.98,安全,二卖,向上,无信号,-,4条件未全部满足（客观缠论信号含「卖」；15分无背驰；区间价格对齐-），继续观望,48.90,50.60,54.40,0.0199,-0.0822,否
2026-05-19 13:19:59,观望,卖出,否,警戒,hk06618,京东健康,41.54,安全,二卖,向上,无信号,-,4条件未全部满足（客观缠论信号含「卖」；15分无背驰；区间价格对齐-），继续观望,39.65,41.90,45.30,-0.7221,-0.6782,否
2026-05-19 13:19:59,观望,观望,否,警戒,hk06862,海底捞,14.32,安全,二卖,向下,无信号,-,4条件未全部满足（客观缠论信号含「卖」；卖点但笔方向向下；15分无背驰；区间价格对齐-），继续观望,13.47,14.16,14.42,-0.0111,-0.0347,否
2026-05-19 13:19:59,观望,卖出,否,警戒,600415,小商品城,14.25,安全,一卖,向上,无信号,-,4条件未全部满足（客观缠论信号含「卖」；15分无背驰；区间价格对齐-），继续观望,12.86,12.74,13.28,0.1891,0.1308,否
2026-05-19 13:19:59,观望,买入,否,警戒,300285,国瓷材料,43.59,安全,二买,向下,无信号,-,4条件未全部满足（15分无背驰；区间价格对齐-），继续观望,32.60,35.16,40.67,0.8530,0.3610,否
2026-05-19 13:19:59,观望,买入,否,警戒,600021,上海电力,18.45,安全,三买,向下,无信号,-,4条件未全部满足（15分无背驰；区间价格对齐-），继续观望,18.15,17.63,17.42,0.3974,0.2277,否

2026-05-20 13:25:09,观望,观望,是,警戒,600900,长江电力,27.02,安全,二卖,向下,无信号,-,4条件未全部满足（客观缠论信号含「卖」；卖点但笔方向向下；15分无背驰；区间价格对齐-），继续观望,27.18,26.66,27.03,-0.0056,0.0225,否
2026-05-20 13:25:09,观望,买入,是,警戒,600938,中国海油,37.97,安全,二买,向下,无信号,-,4条件未全部满足（15分无背驰；区间价格对齐-），继续观望,34.06,35.29,38.00,0.3156,0.2019,否
2026-05-20 13:25:09,观望,观望,是,警戒,688981,中芯国际,131.62,安全,二卖,向下,无信号,-,4条件未全部满足（客观缠论信号含「卖」；卖点但笔方向向下；15分无背驰；区间价格对齐-），继续观望,100.13,113.50,125.00,3.5550,2.4203,否
2026-05-20 13:25:09,观望,买入,是,警戒,000333,美的集团,81.38,安全,二买,向下,无信号,-,4条件未全部满足（15分无背驰；区间价格对齐-），继续观望,79.18,79.63,80.98,-0.0742,-0.1943,否
2026-05-20 13:25:09,观望,观望,是,警戒,000001,平安银行,10.80,安全,二卖,向下,顶背驰,否,4条件未全部满足（客观缠论信号含「卖」；卖点但笔方向向下；区间价格对齐否），继续观望,10.78,10.67,11.03,-0.0240,-0.0214,否
2026-05-20 13:25:09,观望,观望,是,警戒,001965,招商公路,9.88,安全,二买,向上,顶背驰,是,4条件未全部满足（60m笔方向为向上（买入须向下）；完美止盈（模块A）未满足：客观缠论含「买」），继续观望,9.89,9.81,10.05,-0.0091,0.0139,否
2026-05-20 13:25:09,观望,观望,是,警戒,hk01810,小米集团,29.92,日线破位,二卖+二买,向下,无信号,-,4条件未全部满足（客观缠论信号含「卖」；卖点但笔方向向下；15分无背驰；区间价格对齐-），继续观望,32.78,30.26,31.06,-0.1827,-0.1129,否
2026-05-20 13:25:09,观望,观望,是,警戒,513130,恒生科技ETF,0.61,安全,二卖,向下,无信号,-,4条件未全部满足（客观缠论信号含「卖」；卖点但笔方向向下；15分无背驰；区间价格对齐-），继续观望,0.59,0.61,0.63,-0.0005,-0.0010,否
2026-05-20 13:25:09,观望,卖出,否,警戒,sh000001,上证指数,4146.16,安全,二卖+三买,向上,无信号,-,4条件未全部满足（客观缠论信号含「卖」；15分无背驰；区间价格对齐-），继续观望,4101.83,4079.77,4092.83,4.7068,3.4955,否
2026-05-20 13:25:09,观望,卖出,否,警戒,510300,沪深300ETF,4.88,安全,二卖,向上,无信号,-,4条件未全部满足（客观缠论信号含「卖」；15分无背驰；区间价格对齐-），继续观望,4.68,4.86,4.91,0.0038,0.0008,否
2026-05-20 13:25:09,观望,观望,否,警戒,588000,科创50ETF,1.93,安全,无信号,向下,无信号,-,4条件未全部满足（客观缠论无买/卖关键字或「无信号」；15分无背驰；区间价格对齐-），继续观望,1.55,1.71,1.82,0.0285,0.0239,否
2026-05-20 13:25:09,观望,观望,否,警戒,513100,纳指ETF,2.03,安全,无信号,向下,无信号,-,4条件未全部满足（客观缠论无买/卖关键字或「无信号」；15分无背驰；区间价格对齐-），继续观望,1.91,2.07,2.11,-0.0103,-0.0104,否
2026-05-20 13:25:09,观望,卖出,否,警戒,513520,日经ETF,2.01,安全,二卖,向上,无信号,-,4条件未全部满足（客观缠论信号含「卖」；15分无背驰；区间价格对齐-），继续观望,1.89,2.00,2.03,-0.0110,-0.0098,否
2026-05-20 13:25:09,观望,卖出,否,警戒,512400,有色金属ETF,1.94,日线破位,二卖,向上,底背驰,否,4条件未全部满足（客观缠论信号含「卖」；15分底背驰（完美止盈需顶背驰）；区间价格对齐否），继续观望,2.11,1.96,1.98,-0.0152,-0.0159,否
2026-05-20 13:25:09,观望,观望,否,警戒,512690,酒ETF,0.46,日线破位,二卖+二买,向下,顶背驰,否,4条件未全部满足（客观缠论信号含「卖」；卖点但笔方向向下；区间价格对齐否），继续观望,0.48,0.48,0.46,0.0006,0.0002,否
2026-05-20 13:25:09,观望,卖出,否,警戒,159227,航空航天ETF,1.26,安全,二卖,向上,无信号,-,4条件未全部满足（客观缠论信号含「卖」；15分无背驰；区间价格对齐-），继续观望,1.20,1.30,1.29,-0.0039,-0.0044,否
2026-05-20 13:25:09,观望,卖出,否,警戒,159992,创新药ETF,0.79,安全,二卖,向上,无信号,-,4条件未全部满足（客观缠论信号含「卖」；15分无背驰；区间价格对齐-），继续观望,0.79,0.77,0.83,-0.0013,-0.0019,否
2026-05-20 13:25:09,观望,观望,否,警戒,515050,通信ETF,1.13,安全,二卖,向下,无信号,-,4条件未全部满足（客观缠论信号含「卖」；卖点但笔方向向下；15分无背驰；区间价格对齐-），继续观望,1.01,1.35,1.14,0.0030,0.0005,否
2026-05-20 13:25:09,观望,观望,否,警戒,159915,创业板ETF,3.94,安全,无信号,向下,无信号,-,4条件未全部满足（客观缠论无买/卖关键字或「无信号」；15分无背驰；区间价格对齐-），继续观望,3.24,3.61,3.97,0.0058,0.0021,否
2026-05-20 13:25:09,观望,观望,否,警戒,588200,科创芯片ETF,3.74,安全,一卖+二买,向下,无信号,-,4条件未全部满足（客观缠论信号含「卖」；卖点但笔方向向下；15分无背驰；区间价格对齐-），继续观望,2.65,3.20,3.34,0.0657,0.0537,否
2026-05-20 13:25:09,观望,卖出,否,警戒,159755,电池ETF,1.18,安全,二卖,向上,无信号,-,4条件未全部满足（客观缠论信号含「卖」；15分无背驰；区间价格对齐-），继续观望,1.03,1.17,1.18,0.0010,-0.0020,否
2026-05-20 13:25:09,观望,观望,否,警戒,159899,软件ETF,0.85,安全,二卖+二买,向下,无信号,-,4条件未全部满足（客观缠论信号含「卖」；卖点但笔方向向下；15分无背驰；区间价格对齐-），继续观望,0.83,0.85,0.84,-0.0008,0.0002,否
2026-05-20 13:25:09,观望,卖出,否,警戒,513360,教育ETF,0.49,日线破位,二卖,向上,无信号,-,4条件未全部满足（客观缠论信号含「卖」；15分无背驰；区间价格对齐-），继续观望,0.49,0.49,0.50,-0.0006,-0.0005,否
2026-05-20 13:25:09,观望,观望,否,警戒,515790,光伏ETF,1.13,安全,二卖+二买,向下,无信号,-,4条件未全部满足（客观缠论信号含「卖」；卖点但笔方向向下；15分无背驰；区间价格对齐-），继续观望,1.08,1.10,1.11,0.0048,0.0032,否
2026-05-20 13:25:09,观望,卖出,否,警戒,603317,天味食品,16.13,安全,二卖,向上,无信号,-,4条件未全部满足（客观缠论信号含「卖」；15分无背驰；区间价格对齐-），继续观望,12.56,15.25,16.10,0.0681,0.0556,否
2026-05-20 13:25:09,观望,观望,否,警戒,601668,中国建筑,4.85,日线破位,无信号,向下,无信号,-,4条件未全部满足（客观缠论无买/卖关键字或「无信号」；15分无背驰；区间价格对齐-），继续观望,4.88,4.91,4.85,-0.0133,-0.0096,否
2026-05-20 13:25:09,观望,卖出,否,警戒,601288,农业银行,6.51,日线破位,二卖,向上,底背驰,否,4条件未全部满足（客观缠论信号含「卖」；15分底背驰（完美止盈需顶背驰）；区间价格对齐否），继续观望,6.53,6.53,6.68,-0.0325,-0.0228,否
2026-05-20 13:25:09,观望,买入,否,警戒,601728,中国电信,6.59,日线破位,二买,向下,无信号,-,4条件未全部满足（15分无背驰；区间价格对齐-），继续观望,7.29,6.80,6.42,-0.0512,0.0026,否
2026-05-20 13:25:09,观望,观望,否,警戒,600276,恒瑞医药,50.50,日线破位,二买+三买,向上,底背驰,否,4条件未全部满足（60m笔方向为向上（买入须向下）；区间价格对齐否），继续观望,51.31,52.41,53.92,-0.5302,-0.5035,否
2026-05-20 13:25:09,观望,卖出,否,警戒,600177,雅戈尔,7.44,安全,二卖,向上,无信号,-,4条件未全部满足（客观缠论信号含「卖」；15分无背驰；区间价格对齐-），继续观望,7.50,7.25,7.53,-0.0222,-0.0161,否
2026-05-20 13:25:09,观望,观望,否,警戒,600887,伊利股份,27.30,安全,二卖,向下,无信号,-,4条件未全部满足（客观缠论信号含「卖」；卖点但笔方向向下；15分无背驰；区间价格对齐-），继续观望,27.11,26.92,27.60,-0.0219,-0.0391,否
2026-05-20 13:25:09,观望,观望,否,警戒,601138,工业富联,67.02,安全,二卖,向下,无信号,-,4条件未全部满足（客观缠论信号含「卖」；卖点但笔方向向下；15分无背驰；区间价格对齐-），继续观望,64.65,62.77,66.91,-0.3885,-0.2981,否
2026-05-20 13:25:09,观望,观望,否,警戒,688041,海光信息,316.70,安全,无信号,向下,无信号,-,4条件未全部满足（客观缠论无买/卖关键字或「无信号」；15分无背驰；区间价格对齐-），继续观望,246.00,320.01,355.50,4.0553,2.5425,否
2026-05-20 13:25:09,观望,观望,否,警戒,601225,陕西煤业,24.38,安全,二买,向上,无信号,-,4条件未全部满足（60m笔方向为向上（买入须向下）；15分无背驰；区间价格对齐-），继续观望,25.15,24.22,24.64,0.0014,0.0229,否
2026-05-20 13:25:09,观望,卖出,否,警戒,600660,福耀玻璃,54.32,日线破位,二卖,向上,无信号,-,4条件未全部满足（客观缠论信号含「卖」；15分无背驰；区间价格对齐-），继续观望,55.27,55.65,58.35,-0.2517,-0.2165,否
2026-05-20 13:25:09,观望,观望,否,警戒,000429,粤高速A,13.21,安全,二卖,向下,顶背驰,否,4条件未全部满足（客观缠论信号含「卖」；卖点但笔方向向下；区间价格对齐否），继续观望,12.70,12.86,13.13,0.0440,0.0282,否
2026-05-20 13:25:09,观望,卖出,否,警戒,002507,涪陵榨菜,11.90,日线破位,二卖,向上,无信号,-,4条件未全部满足（客观缠论信号含「卖」；15分无背驰；区间价格对齐-），继续观望,12.23,12.15,12.33,-0.0010,0.0090,否
2026-05-20 13:25:09,观望,卖出,否,警戒,000338,潍柴动力,32.69,安全,二卖+二买,向上,无信号,-,4条件未全部满足（客观缠论信号含「卖」；15分无背驰；区间价格对齐-），继续观望,25.92,31.76,33.43,-0.3163,-0.3200,否
2026-05-20 13:25:09,观望,观望,否,警戒,000538,云南白药,50.99,日线破位,二卖+二买,向下,无信号,-,4条件未全部满足（客观缠论信号含「卖」；卖点但笔方向向下；15分无背驰；区间价格对齐-），继续观望,54.40,54.40,51.23,-0.0010,-0.0181,否
2026-05-20 13:25:09,买入,观望,否,警戒,000423,东阿阿胶,50.73,安全,无信号,向下,底背驰,是,宏观战略锁定，微观动能衰竭，时空完美共振！,50.16,49.78,53.53,-0.1793,-0.2167,否
2026-05-20 13:25:09,观望,卖出,否,警戒,000651,格力电器,39.54,安全,二卖,向上,无信号,-,4条件未全部满足（客观缠论信号含「卖」；15分无背驰；区间价格对齐-），继续观望,40.00,39.51,40.57,-0.0775,-0.1020,否
2026-05-20 13:25:09,观望,观望,否,警戒,000895,双汇发展,26.36,安全,二卖,向下,无信号,-,4条件未全部满足（客观缠论信号含「卖」；卖点但笔方向向下；15分无背驰；区间价格对齐-），继续观望,25.75,26.51,26.98,0.0109,0.0059,否
2026-05-20 13:25:09,观望,卖出,否,警戒,002415,海康威视,32.73,安全,一卖,向上,无信号,-,4条件未全部满足（客观缠论信号含「卖」；15分无背驰；区间价格对齐-），继续观望,31.96,33.30,33.25,-0.0697,-0.0390,否
2026-05-20 13:25:09,观望,观望,否,警戒,000157,中联重科,7.22,安全,二卖,向下,无信号,-,4条件未全部满足（客观缠论信号含「卖」；卖点但笔方向向下；15分无背驰；区间价格对齐-），继续观望,7.01,7.22,7.94,-0.0425,-0.0493,否
2026-05-20 13:25:09,观望,卖出,否,警戒,002128,电投能源,29.32,安全,二卖,向上,无信号,-,4条件未全部满足（客观缠论信号含「卖」；15分无背驰；区间价格对齐-），继续观望,29.02,28.68,31.60,-0.1642,-0.1018,否
2026-05-20 13:25:09,观望,观望,否,警戒,002027,分众传媒,5.68,日线破位,二卖,向下,无信号,-,4条件未全部满足（客观缠论信号含「卖」；卖点但笔方向向下；15分无背驰；区间价格对齐-），继续观望,6.16,6.22,6.36,-0.0312,-0.0321,否
2026-05-20 13:25:09,观望,观望,否,警戒,hk03690,美团,82.35,安全,无信号,向上,无信号,-,4条件未全部满足（客观缠论无买/卖关键字或「无信号」；60m笔方向为向上（买入须向下）；15分无背驰；区间价格对齐-），继续观望,78.70,82.40,84.55,0.0479,0.1585,否
2026-05-20 13:25:09,观望,观望,否,警戒,hk03896,金山云,7.31,安全,二卖+二买,向下,无信号,-,4条件未全部满足（客观缠论信号含「卖」；卖点但笔方向向下；15分无背驰；区间价格对齐-），继续观望,6.23,6.84,8.06,-0.1314,-0.0864,否
2026-05-20 13:25:09,观望,观望,否,警戒,hk00700,腾讯,457.00,日线破位,无信号,向上,顶背驰,否,4条件未全部满足（客观缠论无买/卖关键字或「无信号」；60m笔方向为向上（买入须向下）；区间价格对齐否），继续观望,494.60,486.20,460.20,0.0202,0.8028,否
2026-05-20 13:25:09,观望,观望,否,警戒,hk09988,阿里巴巴,131.70,安全,二卖+二买,向下,顶背驰,否,4条件未全部满足（客观缠论信号含「卖」；卖点但笔方向向下；区间价格对齐否），继续观望,129.60,128.60,135.30,-0.1184,0.1765,否
2026-05-20 13:25:09,观望,卖出,否,警戒,hk01024,快手,47.82,日线破位,二卖+二买,向上,无信号,-,4条件未全部满足（客观缠论信号含「卖」；15分无背驰；区间价格对齐-），继续观望,48.90,50.60,49.40,-0.2744,-0.0986,否
2026-05-20 13:25:09,观望,卖出,否,警戒,hk06618,京东健康,40.50,安全,二卖,向上,无信号,-,4条件未全部满足（客观缠论信号含「卖」；15分无背驰；区间价格对齐-），继续观望,39.65,40.70,45.30,-0.5454,-0.4720,否
2026-05-20 13:25:09,观望,卖出,否,警戒,hk06862,海底捞,14.29,安全,二卖,向上,无信号,-,4条件未全部满足（客观缠论信号含「卖」；15分无背驰；区间价格对齐-），继续观望,13.47,14.16,14.42,-0.0054,-0.0146,否
2026-05-20 13:25:09,观望,卖出,否,警戒,600415,小商品城,14.21,安全,一卖+二买,向上,顶背驰,是,4条件未全部满足（客观缠论信号含「卖」；完美止盈（模块A）未满足：客观缠论含「买」），继续观望,13.81,12.86,13.98,0.1330,0.1529,否
2026-05-20 13:25:09,观望,观望,否,警戒,300285,国瓷材料,43.03,安全,二买,向上,无信号,-,4条件未全部满足（60m笔方向为向上（买入须向下）；15分无背驰；区间价格对齐-），继续观望,32.60,35.16,41.99,0.9677,0.8857,否
2026-05-20 13:25:09,观望,观望,否,警戒,600021,上海电力,19.01,安全,无信号,向下,无信号,-,4条件未全部满足（客观缠论无买/卖关键字或「无信号」；15分无背驰；区间价格对齐-），继续观望,18.15,17.63,18.55,0.3954,0.3625,否
2026-05-20 13:25:09,观望,观望,否,警戒,002517,恺英网络,16.97,安全,无信号,向下,无信号,-,4条件未全部满足（客观缠论无买/卖关键字或「无信号」；15分无背驰；区间价格对齐-），继续观望,16.68,17.19,17.28,-0.1295,-0.0967,否
2026-05-20 13:25:09,观望,观望,否,警戒,300474,景嘉微,65.33,安全,无信号,向下,无信号,-,4条件未全部满足（客观缠论无买/卖关键字或「无信号」；15分无背驰；区间价格对齐-），继续观望,64.15,65.85,68.27,0.0337,-0.2176,否
2026-05-20 13:25:09,观望,买入,否,警戒,600909,华安证券,6.68,安全,二买,向下,顶背驰,否,4条件未全部满足（15分顶背驰（买入需底背驰）；区间价格对齐否），继续观望,6.01,6.04,6.09,0.1539,0.1257,否
2026-05-20 13:25:09,观望,买入,否,警戒,603290,斯达半导,125.70,安全,二买+三买,向下,无信号,-,4条件未全部满足（15分无背驰；区间价格对齐-），继续观望,107.75,106.51,110.56,0.9959,0.6343,否
2026-05-20 13:25:09,观望,观望,否,警戒,603296,华勤技术,110.00,安全,无信号,向下,无信号,-,4条件未全部满足（客观缠论无买/卖关键字或「无信号」；15分无背驰；区间价格对齐-），继续观望,101.28,108.08,116.85,-0.0854,-0.6116,否

2026-05-20 20:14:01,观望,观望,是,警戒,600900,长江电力,26.88,安全,二卖,向下,无信号,-,4条件未全部满足（客观缠论信号含「卖」；卖点但笔方向向下；15分无背驰；区间价格对齐-），继续观望,26.66,26.90,26.96,-0.0497,-0.0206,否
2026-05-20 20:14:01,观望,观望,是,警戒,600938,中国海油,37.68,安全,三卖+二买,向下,无信号,-,4条件未全部满足（客观缠论信号含「卖」；卖点但笔方向向下；15分无背驰；区间价格对齐-），继续观望,34.06,35.29,37.85,0.2687,0.2804,否
2026-05-20 20:14:01,观望,观望,是,警戒,688981,中芯国际,133.63,安全,二卖,向下,顶背驰,否,4条件未全部满足（客观缠论信号含「卖」；卖点但笔方向向下；区间价格对齐否），继续观望,129.16,124.60,125.00,4.2211,3.7711,否
2026-05-20 20:14:01,观望,买入,是,警戒,000333,美的集团,81.47,安全,二买,向下,无信号,-,4条件未全部满足（15分无背驰；区间价格对齐-），继续观望,79.18,79.63,80.98,0.0323,-0.0308,否
2026-05-20 20:14:01,观望,观望,是,警戒,000001,平安银行,10.77,安全,二卖,向下,顶背驰,否,4条件未全部满足（客观缠论信号含「卖」；卖点但笔方向向下；区间价格对齐否），继续观望,10.78,10.67,11.03,-0.0280,-0.0255,否
2026-05-20 20:14:01,观望,观望,是,警戒,001965,招商公路,9.93,安全,二买,向上,无信号,-,4条件未全部满足（60m笔方向为向上（买入须向下）；15分无背驰；区间价格对齐-），继续观望,9.68,9.78,10.05,-0.0162,-0.0109,否
2026-05-20 20:14:01,观望,观望,是,警戒,hk01810,小米集团,30.04,日线破位,二卖,向下,无信号,-,4条件未全部满足（客观缠论信号含「卖」；卖点但笔方向向下；15分无背驰；区间价格对齐-），继续观望,32.78,30.26,30.74,-0.1412,-0.1503,否
2026-05-20 20:14:01,观望,观望,是,警戒,513130,恒生科技ETF,0.61,安全,二卖,向下,无信号,-,4条件未全部满足（客观缠论信号含「卖」；卖点但笔方向向下；15分无背驰；区间价格对齐-），继续观望,0.59,0.61,0.63,0.0003,-0.0002,否
2026-05-20 20:14:01,观望,观望,否,警戒,sh000001,上证指数,4152.67,安全,二卖+二买,向下,无信号,-,4条件未全部满足（客观缠论信号含「卖」；卖点但笔方向向下；15分无背驰；区间价格对齐-），继续观望,4101.83,4079.77,4134.08,4.2943,4.1954,否
2026-05-20 20:14:01,观望,卖出,否,警戒,510300,沪深300ETF,4.87,安全,二卖,向上,无信号,-,4条件未全部满足（客观缠论信号含「卖」；15分无背驰；区间价格对齐-），继续观望,4.68,4.86,4.99,0.0048,0.0036,否
2026-05-20 20:14:01,观望,观望,否,警戒,588000,科创50ETF,1.92,安全,无信号,向下,顶背驰,否,4条件未全部满足（客观缠论无买/卖关键字或「无信号」；15分顶背驰（买入需底背驰）；区间价格对齐否），继续观望,1.55,1.71,1.82,0.0253,0.0260,否
2026-05-20 20:14:01,观望,观望,否,警戒,513100,纳指ETF,2.05,安全,无信号,向下,无信号,-,4条件未全部满足（客观缠论无买/卖关键字或「无信号」；15分无背驰；区间价格对齐-），继续观望,1.91,2.07,2.11,-0.0045,-0.0078,否
2026-05-20 20:14:01,观望,观望,否,警戒,513520,日经ETF,2.03,安全,二卖,向下,无信号,-,4条件未全部满足（客观缠论信号含「卖」；卖点但笔方向向下；15分无背驰；区间价格对齐-），继续观望,1.89,2.00,2.03,-0.0068,-0.0090,否
2026-05-20 20:14:01,观望,观望,否,警戒,512400,有色金属ETF,1.98,安全,二卖,向下,底背驰,是,4条件未全部满足（客观缠论信号含「卖」；卖点但笔方向向下），继续观望,2.11,1.96,1.98,-0.0001,-0.0054,否
2026-05-20 20:14:01,观望,观望,否,警戒,512690,酒ETF,0.46,日线破位,二卖+二买,向下,无信号,-,4条件未全部满足（客观缠论信号含「卖」；卖点但笔方向向下；15分无背驰；区间价格对齐-），继续观望,0.48,0.48,0.46,0.0005,0.0005,否
2026-05-20 20:14:01,观望,卖出,否,警戒,159227,航空航天ETF,1.26,安全,二卖,向上,顶背驰,否,4条件未全部满足（客观缠论信号含「卖」；区间价格对齐否），继续观望,1.20,1.23,1.29,-0.0037,-0.0037,否
2026-05-20 20:14:01,观望,卖出,否,警戒,159992,创新药ETF,0.78,安全,二卖,向上,无信号,-,4条件未全部满足（客观缠论信号含「卖」；15分无背驰；区间价格对齐-），继续观望,0.79,0.77,0.83,-0.0000,-0.0007,否
2026-05-20 20:14:01,观望,卖出,否,警戒,515050,通信ETF,1.14,安全,二卖,向上,无信号,-,4条件未全部满足（客观缠论信号含「卖」；15分无背驰；区间价格对齐-），继续观望,1.01,1.35,1.14,0.0027,0.0020,否
2026-05-20 20:14:01,观望,观望,否,警戒,159915,创业板ETF,3.93,安全,无信号,向下,无信号,-,4条件未全部满足（客观缠论无买/卖关键字或「无信号」；15分无背驰；区间价格对齐-），继续观望,3.24,3.61,3.97,0.0063,0.0051,否
2026-05-20 20:14:01,观望,观望,否,警戒,588200,科创芯片ETF,3.75,安全,一卖+二买,向下,无信号,-,4条件未全部满足（客观缠论信号含「卖」；卖点但笔方向向下；15分无背驰；区间价格对齐-），继续观望,2.65,3.20,3.34,0.0623,0.0615,否
2026-05-20 20:14:01,观望,卖出,否,警戒,159755,电池ETF,1.17,安全,一卖+二卖,向上,无信号,-,4条件未全部满足（客观缠论信号含「卖」；15分无背驰；区间价格对齐-），继续观望,1.03,1.17,1.18,0.0033,0.0015,否
2026-05-20 20:14:01,观望,观望,否,警戒,159899,软件ETF,0.84,安全,二卖+二买,向下,无信号,-,4条件未全部满足（客观缠论信号含「卖」；卖点但笔方向向下；15分无背驰；区间价格对齐-），继续观望,0.83,0.83,0.85,-0.0020,-0.0012,否
2026-05-20 20:14:01,观望,卖出,否,警戒,513360,教育ETF,0.49,日线破位,二卖,向上,无信号,-,4条件未全部满足（客观缠论信号含「卖」；15分无背驰；区间价格对齐-），继续观望,0.49,0.49,0.50,-0.0005,-0.0005,否
2026-05-20 20:14:01,观望,观望,否,警戒,515790,光伏ETF,1.13,安全,二买,向上,无信号,-,4条件未全部满足（60m笔方向为向上（买入须向下）；15分无背驰；区间价格对齐-），继续观望,1.08,1.10,1.11,0.0048,0.0046,否
2026-05-20 20:14:01,观望,卖出,否,警戒,603317,天味食品,16.10,安全,二卖+一买,向上,无信号,-,4条件未全部满足（客观缠论信号含「卖」；15分无背驰；区间价格对齐-），继续观望,12.98,15.50,16.24,0.0565,0.0586,否
2026-05-20 20:14:01,观望,观望,否,警戒,601668,中国建筑,4.85,日线破位,无信号,向下,无信号,-,4条件未全部满足（客观缠论无买/卖关键字或「无信号」；15分无背驰；区间价格对齐-），继续观望,4.88,4.91,4.85,-0.0155,-0.0141,否
2026-05-20 20:14:01,观望,卖出,否,警戒,601288,农业银行,6.48,日线破位,二卖,向上,底背驰,否,4条件未全部满足（客观缠论信号含「卖」；15分底背驰（完美止盈需顶背驰）；区间价格对齐否），继续观望,6.53,6.53,6.68,-0.0407,-0.0359,否
2026-05-20 20:14:01,观望,买入,否,警戒,601728,中国电信,6.67,安全,二买,向下,无信号,-,4条件未全部满足（15分无背驰；区间价格对齐-），继续观望,6.72,6.50,6.42,-0.0503,-0.0388,否
2026-05-20 20:14:01,观望,买入,否,警戒,600276,恒瑞医药,50.97,日线破位,三买,向下,无信号,-,4条件未全部满足（15分无背驰；区间价格对齐-），继续观望,51.31,52.41,53.92,-0.3080,-0.3993,否
2026-05-20 20:14:01,观望,卖出,否,警戒,600177,雅戈尔,7.43,安全,二卖,向上,无信号,-,4条件未全部满足（客观缠论信号含「卖」；15分无背驰；区间价格对齐-），继续观望,7.44,7.25,7.53,-0.0225,-0.0211,否
2026-05-20 20:14:01,观望,观望,否,警戒,600887,伊利股份,27.08,安全,二卖,向下,无信号,-,4条件未全部满足（客观缠论信号含「卖」；卖点但笔方向向下；15分无背驰；区间价格对齐-），继续观望,27.11,26.92,27.60,-0.0447,-0.0351,否
2026-05-20 20:14:01,观望,观望,否,警戒,601138,工业富联,67.78,安全,二卖,向下,无信号,-,4条件未全部满足（客观缠论信号含「卖」；卖点但笔方向向下；15分无背驰；区间价格对齐-），继续观望,62.70,62.77,71.76,-0.2342,-0.3290,否
2026-05-20 20:14:01,观望,卖出,否,警戒,688041,海光信息,315.31,安全,二卖,向上,无信号,-,4条件未全部满足（客观缠论信号含「卖」；15分无背驰；区间价格对齐-），继续观望,246.00,320.01,355.50,2.6024,3.0563,否
2026-05-20 20:14:01,观望,卖出,否,警戒,601225,陕西煤业,24.15,日线破位,二卖+二买,向上,无信号,-,4条件未全部满足（客观缠论信号含「卖」；15分无背驰；区间价格对齐-），继续观望,24.90,24.22,24.64,-0.0278,-0.0012,否
2026-05-20 20:14:01,观望,卖出,否,警戒,600660,福耀玻璃,54.21,日线破位,二卖,向上,无信号,-,4条件未全部满足（客观缠论信号含「卖」；15分无背驰；区间价格对齐-），继续观望,55.27,55.65,58.35,-0.2205,-0.2242,否
2026-05-20 20:14:01,观望,观望,否,警戒,000429,粤高速A,13.24,安全,二卖,向下,顶背驰,否,4条件未全部满足（客观缠论信号含「卖」；卖点但笔方向向下；区间价格对齐否），继续观望,13.29,12.86,13.13,0.0502,0.0446,否
2026-05-20 20:14:01,观望,卖出,否,警戒,002507,涪陵榨菜,11.92,日线破位,二卖,向上,无信号,-,4条件未全部满足（客观缠论信号含「卖」；15分无背驰；区间价格对齐-），继续观望,12.23,12.15,12.33,-0.0102,-0.0040,否
2026-05-20 20:14:01,观望,观望,否,警戒,000338,潍柴动力,32.68,安全,二卖,向下,无信号,-,4条件未全部满足（客观缠论信号含「卖」；卖点但笔方向向下；15分无背驰；区间价格对齐-），继续观望,25.92,31.76,33.43,-0.0899,-0.1920,否
2026-05-20 20:14:01,观望,观望,否,警戒,000538,云南白药,50.80,日线破位,二卖+二买,向下,顶背驰,否,4条件未全部满足（客观缠论信号含「卖」；卖点但笔方向向下；区间价格对齐否），继续观望,54.40,54.40,51.23,-0.0151,-0.0087,否
2026-05-20 20:14:01,观望,卖出,否,警戒,000423,东阿阿胶,50.61,安全,二卖,向上,无信号,-,4条件未全部满足（客观缠论信号含「卖」；15分无背驰；区间价格对齐-），继续观望,50.16,49.78,54.45,-0.1149,-0.1497,否
2026-05-20 20:14:01,观望,卖出,否,警戒,000651,格力电器,39.54,安全,二卖,向上,无信号,-,4条件未全部满足（客观缠论信号含「卖」；15分无背驰；区间价格对齐-），继续观望,40.00,39.51,40.57,-0.0379,-0.0598,否
2026-05-20 20:14:01,观望,卖出,否,警戒,000895,双汇发展,26.26,安全,二卖,向上,无信号,-,4条件未全部满足（客观缠论信号含「卖」；15分无背驰；区间价格对齐-），继续观望,25.75,26.51,26.82,-0.0160,-0.0033,否
2026-05-20 20:14:01,观望,卖出,否,警戒,002415,海康威视,32.52,安全,一卖,向上,无信号,-,4条件未全部满足（客观缠论信号含「卖」；15分无背驰；区间价格对齐-），继续观望,31.96,30.84,33.25,-0.1415,-0.1048,否
2026-05-20 20:14:01,观望,观望,否,警戒,000157,中联重科,7.24,安全,二卖,向下,顶背驰,否,4条件未全部满足（客观缠论信号含「卖」；卖点但笔方向向下；区间价格对齐否），继续观望,7.01,7.22,7.94,-0.0107,-0.0253,否
2026-05-20 20:14:01,观望,观望,否,警戒,002128,电投能源,29.76,安全,二卖,向下,无信号,-,4条件未全部满足（客观缠论信号含「卖」；卖点但笔方向向下；15分无背驰；区间价格对齐-），继续观望,29.02,28.68,30.63,-0.0551,-0.0947,否
2026-05-20 20:14:01,观望,观望,否,警戒,002027,分众传媒,5.66,日线破位,二卖,向下,无信号,-,4条件未全部满足（客观缠论信号含「卖」；卖点但笔方向向下；15分无背驰；区间价格对齐-），继续观望,6.16,6.22,6.36,-0.0282,-0.0318,否
2026-05-20 20:14:01,观望,买入,否,警戒,hk03690,美团,82.90,安全,二买,向下,无信号,-,4条件未全部满足（15分无背驰；区间价格对齐-），继续观望,78.70,82.40,84.55,-0.0186,-0.0114,否
2026-05-20 20:14:01,观望,观望,否,警戒,hk03896,金山云,7.31,安全,二卖+二买,向下,无信号,-,4条件未全部满足（客观缠论信号含「卖」；卖点但笔方向向下；15分无背驰；区间价格对齐-），继续观望,6.23,6.84,8.06,-0.1314,-0.0864,否
2026-05-20 20:14:01,观望,观望,否,警戒,hk00700,腾讯,454.20,日线破位,无信号,向上,无信号,-,4条件未全部满足（客观缠论无买/卖关键字或「无信号」；60m笔方向为向上（买入须向下）；15分无背驰；区间价格对齐-），继续观望,494.60,486.20,460.20,-0.9586,-0.2760,否
2026-05-20 20:14:01,观望,观望,否,警戒,hk09988,阿里巴巴,131.50,安全,二卖+二买,向下,顶背驰,否,4条件未全部满足（客观缠论信号含「卖」；卖点但笔方向向下；区间价格对齐否），继续观望,129.60,128.60,134.50,-0.2185,-0.1049,否
2026-05-20 20:14:01,观望,卖出,否,警戒,hk01024,快手,47.50,日线破位,二卖,向上,无信号,-,4条件未全部满足（客观缠论信号含「卖」；15分无背驰；区间价格对齐-），继续观望,48.90,50.60,49.40,-0.3147,-0.3186,否
2026-05-20 20:14:01,观望,卖出,否,警戒,hk06618,京东健康,40.16,安全,二卖,向上,无信号,-,4条件未全部满足（客观缠论信号含「卖」；15分无背驰；区间价格对齐-），继续观望,39.65,40.70,45.30,-0.3622,-0.4252,否
2026-05-20 20:14:01,观望,观望,否,警戒,hk06862,海底捞,14.23,安全,二卖+二买,向下,顶背驰,否,4条件未全部满足（客观缠论信号含「卖」；卖点但笔方向向下；区间价格对齐否），继续观望,13.47,14.16,14.59,-0.0098,-0.0079,否
2026-05-20 20:14:01,观望,观望,否,警戒,600415,小商品城,14.17,安全,一卖+二买,向下,无信号,-,4条件未全部满足（客观缠论信号含「卖」；卖点但笔方向向下；15分无背驰；区间价格对齐-），继续观望,13.81,12.86,13.98,0.0445,0.0656,否
2026-05-20 20:14:01,观望,观望,否,警戒,300285,国瓷材料,41.80,安全,二买,向上,无信号,-,4条件未全部满足（60m笔方向为向上（买入须向下）；15分无背驰；区间价格对齐-），继续观望,32.60,35.16,41.99,0.1530,0.3810,否
2026-05-20 20:14:01,观望,观望,否,警戒,600021,上海电力,18.74,安全,无信号,向上,无信号,-,4条件未全部满足（客观缠论无买/卖关键字或「无信号」；60m笔方向为向上（买入须向下）；15分无背驰；区间价格对齐-），继续观望,18.15,17.63,18.55,0.2805,0.3505,否
2026-05-20 20:14:01,观望,观望,否,警戒,002517,恺英网络,16.98,安全,无信号,向下,无信号,-,4条件未全部满足（客观缠论无买/卖关键字或「无信号」；15分无背驰；区间价格对齐-），继续观望,16.45,16.68,17.28,-0.0907,-0.0941,否
2026-05-20 20:14:01,观望,观望,否,警戒,300474,景嘉微,65.53,安全,无信号,向下,无信号,-,4条件未全部满足（客观缠论无买/卖关键字或「无信号」；15分无背驰；区间价格对齐-），继续观望,64.15,65.85,68.27,0.3171,0.2478,否
2026-05-20 20:14:01,观望,观望,否,警戒,600909,华安证券,6.63,安全,二买,向上,无信号,-,4条件未全部满足（60m笔方向为向上（买入须向下）；15分无背驰；区间价格对齐-），继续观望,6.59,6.45,6.36,0.1216,0.1297,否
2026-05-20 20:14:01,观望,买入,否,警戒,603290,斯达半导,126.56,安全,二买+三买,向下,无信号,-,4条件未全部满足（15分无背驰；区间价格对齐-），继续观望,107.75,106.51,110.56,1.0329,0.9442,否
2026-05-20 20:14:01,观望,观望,否,警戒,603296,华勤技术,110.00,安全,无信号,向下,无信号,-,4条件未全部满足（客观缠论无买/卖关键字或「无信号」；15分无背驰；区间价格对齐-），继续观望,101.28,108.08,116.85,-0.0854,-0.6116,否

2026-05-21 14:31:50,观望,观望,是,警戒,600900,长江电力,26.74,安全,二卖,向下,无信号,-,4条件未全部满足（客观缠论信号含「卖」；卖点但笔方向向下；15分无背驰；区间价格对齐-），继续观望,26.66,26.90,26.96,-0.0663,-0.0579,否
2026-05-21 14:31:50,观望,观望,是,警戒,600938,中国海油,36.43,安全,无信号,向下,无信号,-,4条件未全部满足（客观缠论无买/卖关键字或「无信号」；15分无背驰；区间价格对齐-），继续观望,34.06,35.29,37.35,-0.2039,-0.1613,否
2026-05-21 14:31:50,观望,观望,是,警戒,688981,中芯国际,130.01,安全,无信号,向上,无信号,-,4条件未全部满足（客观缠论无买/卖关键字或「无信号」；60m笔方向为向上（买入须向下）；15分无背驰；区间价格对齐-），继续观望,129.16,124.60,125.00,1.2801,2.2483,否
2026-05-21 14:31:50,观望,卖出,是,警戒,000333,美的集团,81.82,安全,二卖+二买,向上,无信号,-,4条件未全部满足（客观缠论信号含「卖」；15分无背驰；区间价格对齐-），继续观望,79.18,79.63,83.15,0.1098,0.1495,否
2026-05-21 14:31:50,观望,观望,是,警戒,000001,平安银行,10.72,安全,二卖,向下,无信号,-,4条件未全部满足（客观缠论信号含「卖」；卖点但笔方向向下；15分无背驰；区间价格对齐-），继续观望,10.78,10.67,11.03,-0.0195,-0.0200,否
2026-05-21 14:31:50,观望,买入,是,警戒,001965,招商公路,10.11,安全,二买,向下,无信号,-,4条件未全部满足（15分无背驰；区间价格对齐-），继续观望,9.68,9.78,10.05,0.0423,0.0371,否
2026-05-21 14:31:50,观望,卖出,是,警戒,hk01810,小米集团,29.88,日线破位,二卖,向上,无信号,-,4条件未全部满足（客观缠论信号含「卖」；15分无背驰；区间价格对齐-），继续观望,32.78,30.26,30.60,-0.0735,-0.0607,否
2026-05-21 14:31:50,观望,卖出,是,警戒,513130,恒生科技ETF,0.60,安全,二卖,向上,无信号,-,4条件未全部满足（客观缠论信号含「卖」；15分无背驰；区间价格对齐-），继续观望,0.59,0.61,0.63,-0.0014,-0.0003,否
2026-05-21 14:31:50,观望,观望,否,警戒,sh000001,上证指数,4129.59,安全,二卖+二买+三买,向下,无信号,-,4条件未全部满足（客观缠论信号含「卖」；卖点但笔方向向下；15分无背驰；区间价格对齐-），继续观望,4101.83,4079.77,4092.83,-0.9650,4.6695,否
2026-05-21 14:31:50,观望,卖出,否,警戒,510300,沪深300ETF,4.84,安全,二卖,向上,无信号,-,4条件未全部满足（客观缠论信号含「卖」；15分无背驰；区间价格对齐-），继续观望,4.68,4.86,4.95,0.0015,0.0101,否
2026-05-21 14:31:50,观望,观望,否,警戒,588000,科创50ETF,1.89,安全,无信号,向上,无信号,-,4条件未全部满足（客观缠论无买/卖关键字或「无信号」；60m笔方向为向上（买入须向下）；15分无背驰；区间价格对齐-），继续观望,1.55,1.71,1.84,0.0063,0.0167,否
2026-05-21 14:31:50,观望,观望,否,警戒,513100,纳指ETF,2.10,安全,无信号,向下,无信号,-,4条件未全部满足（客观缠论无买/卖关键字或「无信号」；15分无背驰；区间价格对齐-），继续观望,1.91,2.07,2.11,0.0146,0.0127,否
2026-05-21 14:31:50,观望,卖出,否,警戒,513520,日经ETF,2.08,安全,一卖,向上,无信号,-,4条件未全部满足（客观缠论信号含「卖」；15分无背驰；区间价格对齐-），继续观望,1.89,2.00,2.06,0.0132,0.0124,否
2026-05-21 14:31:50,观望,观望,否,警戒,512400,有色金属ETF,1.97,安全,无信号,向上,无信号,-,4条件未全部满足（客观缠论无买/卖关键字或「无信号」；60m笔方向为向上（买入须向下）；15分无背驰；区间价格对齐-），继续观望,2.11,1.96,1.98,0.0027,0.0065,否
2026-05-21 14:31:50,观望,观望,否,警戒,512690,酒ETF,0.46,日线破位,二卖+二买,向下,顶背驰,否,4条件未全部满足（客观缠论信号含「卖」；卖点但笔方向向下；区间价格对齐否），继续观望,0.48,0.48,0.46,0.0002,0.0006,否
2026-05-21 14:31:50,观望,观望,否,警戒,159227,航空航天ETF,1.25,安全,二卖+二买,向下,无信号,-,4条件未全部满足（客观缠论信号含「卖」；卖点但笔方向向下；15分无背驰；区间价格对齐-），继续观望,1.20,1.23,1.27,-0.0036,-0.0020,否
2026-05-21 14:31:50,观望,卖出,否,警戒,159992,创新药ETF,0.79,安全,二卖,向上,无信号,-,4条件未全部满足（客观缠论信号含「卖」；15分无背驰；区间价格对齐-），继续观望,0.79,0.77,0.83,0.0035,0.0041,否
2026-05-21 14:31:50,观望,观望,否,警戒,515050,通信ETF,1.11,安全,二买,向上,无信号,-,4条件未全部满足（60m笔方向为向上（买入须向下）；15分无背驰；区间价格对齐-），继续观望,1.01,1.35,1.15,-0.0019,0.0012,否
2026-05-21 14:31:50,观望,卖出,否,警戒,159915,创业板ETF,3.88,安全,二卖,向上,无信号,-,4条件未全部满足（客观缠论信号含「卖」；15分无背驰；区间价格对齐-），继续观望,3.24,3.61,3.97,-0.0012,0.0098,否
2026-05-21 14:31:50,观望,观望,否,警戒,588200,科创芯片ETF,3.63,安全,二买,向上,无信号,-,4条件未全部满足（60m笔方向为向上（买入须向下）；15分无背驰；区间价格对齐-），继续观望,2.65,3.20,3.55,0.0090,0.0329,否
2026-05-21 14:31:50,观望,卖出,否,警戒,159755,电池ETF,1.16,安全,一卖+二卖,向上,无信号,-,4条件未全部满足（客观缠论信号含「卖」；15分无背驰；区间价格对齐-），继续观望,1.03,1.17,1.18,0.0015,0.0045,否
2026-05-21 14:31:50,观望,观望,否,警戒,159899,软件ETF,0.83,安全,二卖+二买,向下,无信号,-,4条件未全部满足（客观缠论信号含「卖」；卖点但笔方向向下；15分无背驰；区间价格对齐-），继续观望,0.83,0.83,0.85,-0.0025,-0.0000,否
2026-05-21 14:31:50,观望,卖出,否,警戒,513360,教育ETF,0.49,日线破位,二卖,向上,无信号,-,4条件未全部满足（客观缠论信号含「卖」；15分无背驰；区间价格对齐-），继续观望,0.49,0.49,0.49,-0.0005,-0.0004,否
2026-05-21 14:31:50,观望,观望,否,警戒,515790,光伏ETF,1.10,安全,二买,向上,无信号,-,4条件未全部满足（60m笔方向为向上（买入须向下）；15分无背驰；区间价格对齐-），继续观望,1.08,1.10,1.11,-0.0012,0.0023,否
2026-05-21 14:31:50,卖出,卖出,否,警戒,603317,天味食品,15.83,安全,二卖,向上,顶背驰,是,宏观遇阻，微观多头力竭，时空完美共振！,12.98,15.50,16.24,-0.0249,0.0113,否
2026-05-21 14:31:50,观望,观望,否,警戒,601668,中国建筑,4.82,日线破位,无信号,向下,无信号,-,4条件未全部满足（客观缠论无买/卖关键字或「无信号」；15分无背驰；区间价格对齐-），继续观望,4.88,4.91,4.85,-0.0115,-0.0111,否
2026-05-21 14:31:50,观望,观望,否,警戒,601288,农业银行,6.53,安全,二卖,向下,无信号,-,4条件未全部满足（客观缠论信号含「卖」；卖点但笔方向向下；15分无背驰；区间价格对齐-），继续观望,6.53,6.53,6.68,-0.0071,-0.0197,否
2026-05-21 14:31:50,观望,买入,否,警戒,601728,中国电信,6.34,日线破位,二买,向下,底背驰,否,4条件未全部满足（区间价格对齐否），继续观望,6.72,6.50,6.42,-0.0936,-0.0873,否
2026-05-21 14:31:50,观望,观望,否,警戒,600276,恒瑞医药,51.91,安全,无信号,向下,无信号,-,4条件未全部满足（客观缠论无买/卖关键字或「无信号」；15分无背驰；区间价格对齐-），继续观望,51.31,52.41,53.92,0.1643,0.1129,否
2026-05-21 14:31:50,观望,观望,否,警戒,600177,雅戈尔,7.50,安全,二卖+二买,向下,无信号,-,4条件未全部满足（客观缠论信号含「卖」；卖点但笔方向向下；15分无背驰；区间价格对齐-），继续观望,7.44,7.25,7.58,0.0049,0.0040,否
2026-05-21 14:31:50,观望,观望,否,警戒,600887,伊利股份,26.86,日线破位,二卖,向下,无信号,-,4条件未全部满足（客观缠论信号含「卖」；卖点但笔方向向下；15分无背驰；区间价格对齐-），继续观望,27.11,26.92,27.60,-0.0821,-0.0699,否
2026-05-21 14:31:50,观望,卖出,否,警戒,601138,工业富联,66.33,安全,二卖,向上,无信号,-,4条件未全部满足（客观缠论信号含「卖」；15分无背驰；区间价格对齐-），继续观望,62.70,62.77,69.50,-0.1739,-0.0610,否
2026-05-21 14:31:50,观望,观望,否,警戒,688041,海光信息,311.80,安全,二卖+二买,向下,无信号,-,4条件未全部满足（客观缠论信号含「卖」；卖点但笔方向向下；15分无背驰；区间价格对齐-），继续观望,246.00,320.01,355.50,0.5759,2.2433,否
2026-05-21 14:31:50,观望,卖出,否,警戒,601225,陕西煤业,23.48,日线破位,二卖+二买,向上,底背驰,否,4条件未全部满足（客观缠论信号含「卖」；区间价格对齐否），继续观望,24.90,24.22,24.64,-0.1875,-0.1550,否
2026-05-21 14:31:50,观望,观望,否,警戒,600660,福耀玻璃,54.56,日线破位,二卖,向下,无信号,-,4条件未全部满足（客观缠论信号含「卖」；卖点但笔方向向下；15分无背驰；区间价格对齐-），继续观望,55.27,55.65,55.21,-0.0053,-0.0273,否
2026-05-21 14:31:50,观望,观望,否,警戒,000429,粤高速A,13.27,安全,二卖,向下,顶背驰,否,4条件未全部满足（客观缠论信号含「卖」；卖点但笔方向向下；区间价格对齐否），继续观望,13.29,12.86,13.13,0.0379,0.0425,否
2026-05-21 14:31:50,观望,卖出,否,警戒,002507,涪陵榨菜,11.92,日线破位,二卖+二买,向上,无信号,-,4条件未全部满足（客观缠论信号含「卖」；15分无背驰；区间价格对齐-），继续观望,12.23,12.15,12.03,-0.0037,0.0001,否
2026-05-21 14:31:50,观望,观望,否,警戒,000338,潍柴动力,32.55,安全,无信号,向上,无信号,-,4条件未全部满足（客观缠论无买/卖关键字或「无信号」；60m笔方向为向上（买入须向下）；15分无背驰；区间价格对齐-），继续观望,25.92,31.76,33.43,0.0318,0.1262,否
2026-05-21 14:31:50,观望,观望,否,警戒,000538,云南白药,50.30,日线破位,二卖+二买,向下,顶背驰,否,4条件未全部满足（客观缠论信号含「卖」；卖点但笔方向向下；区间价格对齐否），继续观望,54.40,54.40,51.23,-0.1122,-0.0734,否
2026-05-21 14:31:50,观望,卖出,否,警戒,000423,东阿阿胶,49.93,安全,二卖,向上,无信号,-,4条件未全部满足（客观缠论信号含「卖」；15分无背驰；区间价格对齐-），继续观望,50.16,49.78,54.45,-0.1882,-0.1491,否
2026-05-21 14:31:50,观望,卖出,否,警戒,000651,格力电器,39.01,日线破位,二卖,向上,无信号,-,4条件未全部满足（客观缠论信号含「卖」；15分无背驰；区间价格对齐-），继续观望,40.00,39.51,40.57,-0.1215,-0.0981,否
2026-05-21 14:31:50,观望,卖出,否,警戒,000895,双汇发展,25.99,安全,二卖,向上,无信号,-,4条件未全部满足（客观缠论信号含「卖」；15分无背驰；区间价格对齐-），继续观望,25.75,26.51,26.82,-0.0785,-0.0745,否
2026-05-21 14:31:50,观望,观望,否,警戒,002415,海康威视,31.88,安全,无信号,向下,无信号,-,4条件未全部满足（客观缠论无买/卖关键字或「无信号」；15分无背驰；区间价格对齐-），继续观望,31.96,30.84,33.25,-0.1884,-0.1243,否
2026-05-21 14:31:50,观望,卖出,否,警戒,000157,中联重科,7.35,安全,二卖+三卖,向上,无信号,-,4条件未全部满足（客观缠论信号含「卖」；15分无背驰；区间价格对齐-），继续观望,7.01,7.22,7.94,0.0315,0.0383,否
2026-05-21 14:31:50,观望,卖出,否,警戒,002128,电投能源,29.47,安全,二卖,向上,无信号,-,4条件未全部满足（客观缠论信号含「卖」；15分无背驰；区间价格对齐-），继续观望,29.02,28.68,30.59,-0.0261,-0.0073,否
2026-05-21 14:31:50,观望,卖出,否,警戒,002027,分众传媒,5.62,日线破位,二卖+三卖,向上,无信号,-,4条件未全部满足（客观缠论信号含「卖」；15分无背驰；区间价格对齐-），继续观望,6.16,6.22,6.36,-0.0145,-0.0108,否
2026-05-21 14:31:50,观望,观望,否,警戒,hk03690,美团,83.15,安全,二买,向上,无信号,-,4条件未全部满足（60m笔方向为向上（买入须向下）；15分无背驰；区间价格对齐-），继续观望,78.70,82.40,84.00,0.1345,0.3049,否
2026-05-21 14:31:50,观望,观望,否,警戒,hk03896,金山云,7.10,安全,二卖+二买,向下,无信号,-,4条件未全部满足（客观缠论信号含「卖」；卖点但笔方向向下；15分无背驰；区间价格对齐-），继续观望,6.23,6.84,8.06,-0.0926,-0.0894,否
2026-05-21 14:31:50,观望,卖出,否,警戒,hk00700,腾讯,448.00,日线破位,二卖+二买,向上,无信号,-,4条件未全部满足（客观缠论信号含「卖」；15分无背驰；区间价格对齐-），继续观望,494.60,486.20,460.00,-2.2472,-1.4719,否
2026-05-21 14:31:50,观望,观望,否,警戒,hk09988,阿里巴巴,128.50,日线破位,二卖+二买,向下,无信号,-,4条件未全部满足（客观缠论信号含「卖」；卖点但笔方向向下；15分无背驰；区间价格对齐-），继续观望,129.60,128.60,127.20,-1.0552,-0.7217,否
2026-05-21 14:31:50,观望,卖出,否,警戒,hk01024,快手,46.18,安全,二卖,向上,无信号,-,4条件未全部满足（客观缠论信号含「卖」；15分无背驰；区间价格对齐-），继续观望,48.90,44.22,45.46,-0.4639,-0.3641,否
2026-05-21 14:31:50,观望,卖出,否,警戒,hk06618,京东健康,40.32,安全,二卖,向上,无信号,-,4条件未全部满足（客观缠论信号含「卖」；15分无背驰；区间价格对齐-），继续观望,38.50,39.65,45.30,-0.1383,-0.1754,否
2026-05-21 14:31:50,观望,观望,否,警戒,hk06862,海底捞,13.62,安全,二卖+二买,向下,无信号,-,4条件未全部满足（客观缠论信号含「卖」；卖点但笔方向向下；15分无背驰；区间价格对齐-），继续观望,13.47,14.16,14.59,-0.1538,-0.1343,否
2026-05-21 14:31:50,观望,观望,否,警戒,600415,小商品城,13.67,安全,一卖+二买,向下,无信号,-,4条件未全部满足（客观缠论信号含「卖」；卖点但笔方向向下；15分无背驰；区间价格对齐-），继续观望,13.81,12.86,13.98,-0.0971,-0.0699,否
2026-05-21 14:31:50,观望,观望,否,警戒,300285,国瓷材料,42.59,安全,二买,向上,无信号,-,4条件未全部满足（60m笔方向为向上（买入须向下）；15分无背驰；区间价格对齐-），继续观望,32.60,35.16,44.00,0.2009,0.2950,否
2026-05-21 14:31:50,观望,观望,否,警戒,600021,上海电力,18.17,安全,无信号,向上,底背驰,否,4条件未全部满足（客观缠论无买/卖关键字或「无信号」；60m笔方向为向上（买入须向下）；15分底背驰（完美止盈需顶背驰）；区间价格对齐否），继续观望,18.15,17.63,18.55,-0.0562,0.0091,否
2026-05-21 14:31:50,观望,卖出,否,警戒,002517,恺英网络,16.87,安全,二卖,向上,无信号,-,4条件未全部满足（客观缠论信号含「卖」；15分无背驰；区间价格对齐-），继续观望,16.45,16.68,17.28,-0.0642,-0.0437,否
2026-05-21 14:31:50,观望,观望,否,警戒,300474,景嘉微,64.18,安全,二卖+二买,向下,无信号,-,4条件未全部满足（客观缠论信号含「卖」；卖点但笔方向向下；15分无背驰；区间价格对齐-），继续观望,64.15,65.85,66.10,-0.0775,0.1336,否
2026-05-21 14:31:50,观望,买入,否,警戒,600909,华安证券,7.21,安全,二买,向下,顶背驰,否,4条件未全部满足（15分顶背驰（买入需底背驰）；区间价格对齐否），继续观望,6.59,6.45,6.36,0.1945,0.2070,否
2026-05-21 14:31:50,观望,买入,否,警戒,603290,斯达半导,125.61,安全,二买+三买,向下,无信号,-,4条件未全部满足（15分无背驰；区间价格对齐-），继续观望,107.75,106.51,110.56,0.3740,0.7373,否
2026-05-21 14:31:50,观望,卖出,否,警戒,603296,华勤技术,107.08,安全,二卖+一买,向上,无信号,-,4条件未全部满足（客观缠论信号含「卖」；15分无背驰；区间价格对齐-），继续观望,101.28,108.08,112.65,-0.4294,-0.1736,否

2026-05-21 20:06:22,观望,观望,是,警戒,688981,中芯国际,128.99,安全,无信号,向上,无信号,-,4条件未全部满足（客观缠论无买/卖关键字或「无信号」；60m笔方向为向上（买入须向下）；15分无背驰；区间价格对齐-），继续观望,124.60,120.05,125.00,0.9174,1.9821,否
2026-05-21 20:06:22,观望,观望,是,警戒,600900,长江电力,26.66,安全,二卖,向下,无信号,-,4条件未全部满足（客观缠论信号含「卖」；卖点但笔方向向下；15分无背驰；区间价格对齐-），继续观望,26.66,26.60,26.78,-0.0806,-0.0648,否
2026-05-21 20:06:22,观望,卖出,是,警戒,600938,中国海油,36.31,安全,二卖,向上,无信号,-,4条件未全部满足（客观缠论信号含「卖」；15分无背驰；区间价格对齐-），继续观望,34.06,35.29,36.28,-0.2185,-0.1807,否
2026-05-21 20:06:22,观望,卖出,是,警戒,000333,美的集团,81.50,安全,二卖+二买,向上,无信号,-,4条件未全部满足（客观缠论信号含「卖」；15分无背驰；区间价格对齐-），继续观望,79.18,80.08,83.15,0.0341,0.1151,否
2026-05-21 20:06:22,观望,卖出,是,警戒,000001,平安银行,10.71,安全,二卖,向上,无信号,-,4条件未全部满足（客观缠论信号含「卖」；15分无背驰；区间价格对齐-），继续观望,10.78,10.67,11.03,-0.0221,-0.0204,否
2026-05-21 20:06:22,观望,观望,是,警戒,001965,招商公路,10.12,安全,二买,向上,无信号,-,4条件未全部满足（60m笔方向为向上（买入须向下）；15分无背驰；区间价格对齐-），继续观望,9.68,10.10,10.06,0.0371,0.0375,否
2026-05-21 20:06:22,观望,卖出,是,警戒,513130,恒生科技ETF,0.60,安全,一卖+二卖,向上,无信号,-,4条件未全部满足（客观缠论信号含「卖」；15分无背驰；区间价格对齐-），继续观望,0.59,0.61,0.63,-0.0020,-0.0006,否
2026-05-21 20:06:22,观望,卖出,是,警戒,hk01810,小米集团,29.50,日线破位,二卖,向上,无信号,-,4条件未全部满足（客观缠论信号含「卖」；15分无背驰；区间价格对齐-），继续观望,32.78,30.26,30.60,-0.1515,-0.1209,否
2026-05-21 20:06:22,观望,观望,否,警戒,sh000001,上证指数,4077.28,安全,二买,向上,无信号,-,4条件未全部满足（60m笔方向为向上（买入须向下）；15分无背驰；区间价格对齐-），继续观望,4079.77,4061.82,4170.29,-14.0576,-2.6527,否
2026-05-21 20:06:22,观望,卖出,否,警戒,510300,沪深300ETF,4.81,安全,二卖,向上,无信号,-,4条件未全部满足（客观缠论信号含「卖」；15分无背驰；区间价格对齐-），继续观望,4.68,4.75,4.79,-0.0083,0.0043,否
2026-05-21 20:06:22,观望,观望,否,警戒,588000,科创50ETF,1.86,安全,无信号,向上,无信号,-,4条件未全部满足（客观缠论无买/卖关键字或「无信号」；60m笔方向为向上（买入须向下）；15分无背驰；区间价格对齐-），继续观望,1.55,1.71,1.84,-0.0027,0.0105,否
2026-05-21 20:06:22,观望,观望,否,警戒,513100,纳指ETF,2.10,安全,无信号,向下,无信号,-,4条件未全部满足（客观缠论无买/卖关键字或「无信号」；15分无背驰；区间价格对齐-），继续观望,1.91,2.07,2.11,0.0142,0.0132,否
2026-05-21 20:06:22,观望,卖出,否,警戒,513520,日经ETF,2.07,安全,一卖,向上,无信号,-,4条件未全部满足（客观缠论信号含「卖」；15分无背驰；区间价格对齐-），继续观望,2.00,2.13,2.06,0.0096,0.0116,否
2026-05-21 20:06:22,观望,观望,否,警戒,512400,有色金属ETF,1.95,安全,无信号,向上,无信号,-,4条件未全部满足（客观缠论无买/卖关键字或「无信号」；60m笔方向为向上（买入须向下）；15分无背驰；区间价格对齐-），继续观望,1.68,1.96,1.98,-0.0056,0.0017,否
2026-05-21 20:06:22,观望,观望,否,警戒,512690,酒ETF,0.45,日线破位,二买,向上,顶背驰,是,4条件未全部满足（60m笔方向为向上（买入须向下）；完美止盈（模块A）未满足：客观缠论含「买」），继续观望,0.48,0.48,0.46,-0.0003,0.0003,否
2026-05-21 20:06:22,观望,观望,否,警戒,159227,航空航天ETF,1.23,安全,二卖+二买,向下,无信号,-,4条件未全部满足（客观缠论信号含「卖」；卖点但笔方向向下；15分无背驰；区间价格对齐-），继续观望,1.20,1.23,1.27,-0.0085,-0.0045,否
2026-05-21 20:06:22,观望,卖出,否,警戒,159992,创新药ETF,0.79,安全,二卖,向上,无信号,-,4条件未全部满足（客观缠论信号含「卖」；15分无背驰；区间价格对齐-），继续观望,0.79,0.77,0.83,0.0028,0.0039,否
2026-05-21 20:06:22,观望,观望,否,警戒,515050,通信ETF,1.10,安全,二买,向上,无信号,-,4条件未全部满足（60m笔方向为向上（买入须向下）；15分无背驰；区间价格对齐-），继续观望,1.01,1.35,1.15,-0.0059,-0.0010,否
2026-05-21 20:06:22,观望,卖出,否,警戒,159915,创业板ETF,3.85,安全,二卖,向上,无信号,-,4条件未全部满足（客观缠论信号含「卖」；15分无背驰；区间价格对齐-），继续观望,3.24,3.61,3.97,-0.0134,0.0024,否
2026-05-21 20:06:22,观望,观望,否,警戒,588200,科创芯片ETF,3.57,安全,二买,向上,无信号,-,4条件未全部满足（60m笔方向为向上（买入须向下）；15分无背驰；区间价格对齐-），继续观望,2.65,3.20,3.55,-0.0108,0.0188,否
2026-05-21 20:06:22,观望,卖出,否,警戒,159755,电池ETF,1.15,安全,一卖+二卖,向上,无信号,-,4条件未全部满足（客观缠论信号含「卖」；15分无背驰；区间价格对齐-），继续观望,1.03,1.04,1.18,-0.0015,0.0025,否
2026-05-21 20:06:22,观望,观望,否,警戒,159899,软件ETF,0.82,安全,二卖+二买,向下,无信号,-,4条件未全部满足（客观缠论信号含「卖」；卖点但笔方向向下；15分无背驰；区间价格对齐-），继续观望,0.81,0.83,0.83,-0.0048,-0.0016,否
2026-05-21 20:06:22,观望,卖出,否,警戒,513360,教育ETF,0.48,日线破位,二卖,向上,无信号,-,4条件未全部满足（客观缠论信号含「卖」；15分无背驰；区间价格对齐-），继续观望,0.49,0.49,0.49,-0.0007,-0.0005,否
2026-05-21 20:06:22,观望,观望,否,警戒,515790,光伏ETF,1.10,安全,二买,向上,无信号,-,4条件未全部满足（60m笔方向为向上（买入须向下）；15分无背驰；区间价格对齐-），继续观望,1.03,1.08,1.11,-0.0030,0.0012,否
2026-05-21 20:06:22,卖出,卖出,否,警戒,603317,天味食品,15.75,安全,二卖,向上,顶背驰,是,宏观遇阻，微观多头力竭，时空完美共振！,12.98,15.50,16.24,-0.0426,0.0005,否
2026-05-21 20:06:22,观望,观望,否,警戒,601668,中国建筑,4.82,日线破位,无信号,向下,无信号,-,4条件未全部满足（客观缠论无买/卖关键字或「无信号」；15分无背驰；区间价格对齐-），继续观望,4.88,4.91,4.85,-0.0128,-0.0117,否
2026-05-21 20:06:22,观望,观望,否,警戒,601288,农业银行,6.51,日线破位,二卖,向下,无信号,-,4条件未全部满足（客观缠论信号含「卖」；卖点但笔方向向下；15分无背驰；区间价格对齐-），继续观望,6.53,6.53,6.68,-0.0039,-0.0141,否
2026-05-21 20:06:22,观望,买入,否,警戒,601728,中国电信,6.34,安全,二买,向下,底背驰,否,4条件未全部满足（区间价格对齐否），继续观望,6.50,5.90,6.42,-0.0941,-0.0887,否
2026-05-21 20:06:22,观望,卖出,否,警戒,600276,恒瑞医药,51.45,安全,二卖,向上,无信号,-,4条件未全部满足（客观缠论信号含「卖」；15分无背驰；区间价格对齐-），继续观望,51.31,52.41,53.92,0.0692,0.1050,否
2026-05-21 20:06:22,观望,卖出,否,警戒,600177,雅戈尔,7.46,安全,二卖+二买,向上,无信号,-,4条件未全部满足（客观缠论信号含「卖」；15分无背驰；区间价格对齐-），继续观望,7.31,7.40,7.56,-0.0028,0.0017,否
2026-05-21 20:06:22,观望,观望,否,警戒,600887,伊利股份,26.76,安全,二卖,向下,无信号,-,4条件未全部满足（客观缠论信号含「卖」；卖点但笔方向向下；15分无背驰；区间价格对齐-），继续观望,25.80,26.23,26.48,-0.1015,-0.0798,否
2026-05-21 20:06:22,观望,卖出,否,警戒,601138,工业富联,65.50,安全,二卖,向上,无信号,-,4条件未全部满足（客观缠论信号含「卖」；15分无背驰；区间价格对齐-），继续观望,63.20,64.95,65.90,-0.3910,-0.1623,否
2026-05-21 20:06:22,观望,观望,否,警戒,688041,海光信息,307.00,安全,二卖+二买,向下,无信号,-,4条件未全部满足（客观缠论信号含「卖」；卖点但笔方向向下；15分无背驰；区间价格对齐-），继续观望,246.00,320.01,355.50,-0.9551,1.2193,否
2026-05-21 20:06:22,观望,卖出,否,警戒,601225,陕西煤业,23.42,安全,二卖+二买,向上,底背驰,否,4条件未全部满足（客观缠论信号含「卖」；区间价格对齐否），继续观望,22.32,22.30,24.64,-0.1971,-0.1690,否
2026-05-21 20:06:22,观望,卖出,否,警戒,600660,福耀玻璃,54.41,日线破位,二卖,向上,无信号,-,4条件未全部满足（客观缠论信号含「卖」；15分无背驰；区间价格对齐-），继续观望,55.27,55.65,55.21,-0.0224,-0.0263,否
2026-05-21 20:06:22,卖出,观望,否,警戒,000429,粤高速A,13.24,安全,无信号,向上,顶背驰,是,宏观遇阻，微观多头力竭，时空完美共振！,13.29,12.86,13.13,0.0272,0.0378,否
2026-05-21 20:06:22,观望,卖出,否,警戒,002507,涪陵榨菜,11.84,日线破位,二卖+二买,向上,无信号,-,4条件未全部满足（客观缠论信号含「卖」；15分无背驰；区间价格对齐-），继续观望,12.23,12.15,12.03,-0.0209,-0.0077,否
2026-05-21 20:06:22,观望,观望,否,警戒,000338,潍柴动力,32.28,安全,无信号,向上,无信号,-,4条件未全部满足（客观缠论无买/卖关键字或「无信号」；60m笔方向为向上（买入须向下）；15分无背驰；区间价格对齐-），继续观望,25.92,31.76,33.43,-0.0755,0.0621,否
2026-05-21 20:06:22,观望,观望,否,警戒,000538,云南白药,50.13,日线破位,二卖+二买,向下,顶背驰,否,4条件未全部满足（客观缠论信号含「卖」；卖点但笔方向向下；区间价格对齐否），继续观望,54.40,54.40,51.23,-0.1549,-0.0993,否
2026-05-21 20:06:22,观望,卖出,否,警戒,000423,东阿阿胶,49.67,安全,二卖,向上,无信号,-,4条件未全部满足（客观缠论信号含「卖」；15分无背驰；区间价格对齐-），继续观望,48.06,49.78,54.45,-0.2225,-0.1638,否
2026-05-21 20:06:22,观望,卖出,否,警戒,000651,格力电器,39.03,安全,二卖,向上,无信号,-,4条件未全部满足（客观缠论信号含「卖」；15分无背驰；区间价格对齐-），继续观望,38.26,36.83,40.19,-0.1287,-0.1042,否
2026-05-21 20:06:22,观望,卖出,否,警戒,000895,双汇发展,25.88,安全,二卖,向上,无信号,-,4条件未全部满足（客观缠论信号含「卖」；15分无背驰；区间价格对齐-），继续观望,24.96,25.52,26.82,-0.0925,-0.0797,否
2026-05-21 20:06:22,观望,观望,否,警戒,002415,海康威视,31.76,安全,无信号,向下,无信号,-,4条件未全部满足（客观缠论无买/卖关键字或「无信号」；15分无背驰；区间价格对齐-），继续观望,30.84,29.95,33.25,-0.2225,-0.1440,否
2026-05-21 20:06:22,观望,卖出,否,警戒,000157,中联重科,7.29,安全,二卖+三卖,向上,无信号,-,4条件未全部满足（客观缠论信号含「卖」；15分无背驰；区间价格对齐-），继续观望,7.01,7.22,7.94,0.0159,0.0315,否
2026-05-21 20:06:22,观望,卖出,否,警戒,002128,电投能源,29.28,安全,二卖,向上,无信号,-,4条件未全部满足（客观缠论信号含「卖」；15分无背驰；区间价格对齐-），继续观望,28.68,28.61,30.59,-0.0772,-0.0287,否
2026-05-21 20:06:22,观望,卖出,否,警戒,002027,分众传媒,5.58,日线破位,二卖+三卖,向上,无信号,-,4条件未全部满足（客观缠论信号含「卖」；15分无背驰；区间价格对齐-），继续观望,6.16,6.22,6.36,-0.0257,-0.0165,否
2026-05-21 20:06:22,观望,卖出,否,警戒,hk03690,美团,81.50,安全,一卖+二买,向上,无信号,-,4条件未全部满足（客观缠论信号含「卖」；15分无背驰；区间价格对齐-），继续观望,78.70,82.40,83.75,-0.3941,-0.1597,否
2026-05-21 20:06:22,观望,观望,否,警戒,hk03896,金山云,6.88,安全,二卖+二买,向下,无信号,-,4条件未全部满足（客观缠论信号含「卖」；卖点但笔方向向下；15分无背驰；区间价格对齐-），继续观望,6.23,6.84,8.06,-0.1170,-0.1073,否
2026-05-21 20:06:22,观望,卖出,否,警戒,hk00700,腾讯,438.00,日线破位,二卖+二买,向上,无信号,-,4条件未全部满足（客观缠论信号含「卖」；15分无背驰；区间价格对齐-），继续观望,494.60,486.20,460.00,-3.9963,-3.7390,否
2026-05-21 20:06:22,观望,观望,否,警戒,hk09988,阿里巴巴,125.70,日线破位,二卖+二买,向下,无信号,-,4条件未全部满足（客观缠论信号含「卖」；卖点但笔方向向下；15分无背驰；区间价格对齐-），继续观望,129.60,128.60,127.20,-1.4011,-1.3639,否
2026-05-21 20:06:22,观望,卖出,否,警戒,hk01024,快手,45.20,安全,二卖,向上,无信号,-,4条件未全部满足（客观缠论信号含「卖」；15分无背驰；区间价格对齐-），继续观望,48.90,44.22,45.46,-0.6114,-0.6181,否
2026-05-21 20:06:22,观望,观望,否,警戒,hk06618,京东健康,40.34,安全,二卖+二买,向下,无信号,-,4条件未全部满足（客观缠论信号含「卖」；卖点但笔方向向下；15分无背驰；区间价格对齐-），继续观望,38.50,39.65,40.58,-0.1230,-0.1380,否
2026-05-21 20:06:22,观望,观望,否,警戒,hk06862,海底捞,13.40,日线破位,二卖+二买,向下,无信号,-,4条件未全部满足（客观缠论信号含「卖」；卖点但笔方向向下；15分无背驰；区间价格对齐-），继续观望,13.47,14.16,14.59,-0.1554,-0.1495,否
2026-05-21 20:06:22,观望,观望,否,警戒,600415,小商品城,13.56,安全,一卖+二买,向下,无信号,-,4条件未全部满足（客观缠论信号含「卖」；卖点但笔方向向下；15分无背驰；区间价格对齐-），继续观望,12.86,12.74,13.98,-0.1188,-0.0859,否
2026-05-21 20:06:22,观望,观望,否,警戒,300285,国瓷材料,41.73,安全,二买,向上,无信号,-,4条件未全部满足（60m笔方向为向上（买入须向下）；15分无背驰；区间价格对齐-），继续观望,32.60,35.16,44.00,0.0145,0.2090,否
2026-05-21 20:06:22,观望,观望,否,警戒,600021,上海电力,18.00,安全,无信号,向上,底背驰,否,4条件未全部满足（客观缠论无买/卖关键字或「无信号」；60m笔方向为向上（买入须向下）；15分底背驰（完美止盈需顶背驰）；区间价格对齐否），继续观望,17.63,16.73,18.33,-0.1007,-0.0272,否
2026-05-21 20:06:22,观望,卖出,否,警戒,002517,恺英网络,16.63,安全,二卖,向上,无信号,-,4条件未全部满足（客观缠论信号含「卖」；15分无背驰；区间价格对齐-），继续观望,16.45,16.68,17.28,-0.1069,-0.0629,否
2026-05-21 20:06:22,观望,观望,否,警戒,300474,景嘉微,62.85,安全,二卖+二买,向下,无信号,-,4条件未全部满足（客观缠论信号含「卖」；卖点但笔方向向下；15分无背驰；区间价格对齐-），继续观望,64.15,60.70,64.28,-0.3703,-0.0234,否
2026-05-21 20:06:22,观望,观望,否,警戒,600909,华安证券,7.14,安全,二买,向上,顶背驰,是,4条件未全部满足（60m笔方向为向上（买入须向下）；完美止盈（模块A）未满足：客观缠论含「买」），继续观望,6.59,6.95,6.85,0.1608,0.1930,否
2026-05-21 20:06:22,观望,卖出,否,警戒,603290,斯达半导,122.98,安全,二卖+二买,向上,无信号,-,4条件未全部满足（客观缠论信号含「卖」；15分无背驰；区间价格对齐-），继续观望,107.75,106.51,126.10,-0.2193,0.4408,否
2026-05-21 20:06:22,观望,卖出,否,警戒,603296,华勤技术,105.04,安全,二卖,向上,无信号,-,4条件未全部满足（客观缠论信号含「卖」；15分无背驰；区间价格对齐-），继续观望,101.28,104.39,105.90,-1.0112,-0.5060,否

2026-05-22 18:22:01,观望,买入,是,安全,688981,中芯国际,131.33,安全,二买,向下,无信号,-,4条件未全部满足（15分无背驰；区间价格对齐-），继续观望,129.16,124.60,124.70,0.3038,0.0786,否
2026-05-22 18:22:01,观望,卖出,是,安全,000001,平安银行,10.68,安全,二卖,向上,无信号,-,4条件未全部满足（客观缠论信号含「卖」；15分无背驰；区间价格对齐-），继续观望,10.78,10.67,10.79,-0.0206,-0.0221,否
2026-05-22 18:22:01,观望,买入,是,安全,001965,招商公路,10.01,安全,二买,向下,无信号,-,4条件未全部满足（15分无背驰；区间价格对齐-），继续观望,9.89,9.81,10.06,-0.0174,-0.0056,否
2026-05-22 18:22:01,观望,观望,是,安全,513130,恒生科技ETF,0.61,安全,二卖,向下,无信号,-,4条件未全部满足（客观缠论信号含「卖」；卖点但笔方向向下；15分无背驰；区间价格对齐-），继续观望,0.59,0.61,0.61,0.0006,-0.0000,否
2026-05-22 18:22:01,观望,观望,否,安全,510300,沪深300ETF,4.86,安全,二卖+二买,向下,无信号,-,4条件未全部满足（客观缠论信号含「卖」；卖点但笔方向向下；15分无背驰；区间价格对齐-），继续观望,4.75,4.86,4.95,-0.0019,-0.0064,否
2026-05-22 18:22:01,观望,买入,否,安全,588000,科创50ETF,1.89,安全,二买,向下,无信号,-,4条件未全部满足（15分无背驰；区间价格对齐-），继续观望,1.55,1.76,1.84,-0.0049,-0.0084,否
2026-05-22 18:22:01,观望,观望,否,安全,159915,创业板ETF,3.95,安全,二卖+二买,向下,无信号,-,4条件未全部满足（客观缠论信号含「卖」；卖点但笔方向向下；15分无背驰；区间价格对齐-），继续观望,3.27,3.82,3.97,0.0045,-0.0014,否
2026-05-22 18:22:01,观望,卖出,否,安全,513100,纳指ETF,2.15,安全,二卖+三卖,向上,无信号,-,4条件未全部满足（客观缠论信号含「卖」；15分无背驰；区间价格对齐-），继续观望,1.91,2.07,2.12,0.0155,0.0167,否
2026-05-22 18:22:01,观望,卖出,否,安全,513520,日经ETF,2.13,安全,三卖+二买,向上,无信号,-,4条件未全部满足（客观缠论信号含「卖」；15分无背驰；区间价格对齐-），继续观望,2.00,2.13,2.15,0.0152,0.0168,否
2026-05-22 18:22:01,观望,买入,否,安全,512400,有色金属ETF,2.02,安全,二买,向下,无信号,-,4条件未全部满足（15分无背驰；区间价格对齐-），继续观望,2.11,1.96,2.02,0.0092,0.0048,否
2026-05-22 18:22:01,观望,观望,否,安全,512690,酒ETF,0.45,日线破位,二买,向上,无信号,-,4条件未全部满足（60m笔方向为向上（买入须向下）；15分无背驰；区间价格对齐-），继续观望,0.48,0.48,0.46,-0.0026,-0.0027,否
2026-05-22 18:22:01,观望,观望,否,安全,159227,航空航天ETF,1.24,安全,无信号,向下,无信号,-,4条件未全部满足（客观缠论无买/卖关键字或「无信号」；15分无背驰；区间价格对齐-），继续观望,1.20,1.23,1.27,-0.0059,-0.0079,否
2026-05-22 18:22:01,观望,卖出,否,安全,159992,创新药ETF,0.78,安全,一卖+二卖,向上,无信号,-,4条件未全部满足（客观缠论信号含「卖」；15分无背驰；区间价格对齐-），继续观望,0.79,0.77,0.79,-0.0031,-0.0030,否
2026-05-22 18:22:01,观望,观望,否,安全,515050,通信ETF,1.16,安全,无信号,向下,无信号,-,4条件未全部满足（客观缠论无买/卖关键字或「无信号」；15分无背驰；区间价格对齐-），继续观望,1.01,1.35,1.15,0.0065,0.0029,否
2026-05-22 18:22:01,观望,买入,否,安全,588200,科创芯片ETF,3.64,安全,二买,向下,无信号,-,4条件未全部满足（15分无背驰；区间价格对齐-），继续观望,2.65,3.34,3.55,-0.0098,-0.0186,否
2026-05-22 18:22:01,观望,观望,否,安全,159755,电池ETF,1.17,安全,一卖+二卖+二买,向下,无信号,-,4条件未全部满足（客观缠论信号含「卖」；卖点但笔方向向下；15分无背驰；区间价格对齐-），继续观望,1.03,1.17,1.18,0.0002,-0.0010,否
2026-05-22 18:22:01,观望,观望,否,安全,159899,软件ETF,0.82,安全,二卖,向下,无信号,-,4条件未全部满足（客观缠论信号含「卖」；卖点但笔方向向下；15分无背驰；区间价格对齐-），继续观望,0.81,0.83,0.83,-0.0050,-0.0063,否
2026-05-22 18:22:01,观望,观望,否,安全,513360,教育ETF,0.48,日线破位,二卖,向下,无信号,-,4条件未全部满足（客观缠论信号含「卖」；卖点但笔方向向下；15分无背驰；区间价格对齐-），继续观望,0.49,0.49,0.49,-0.0013,-0.0014,否
2026-05-22 18:22:01,观望,观望,否,安全,515790,光伏ETF,1.11,安全,无信号,向下,无信号,-,4条件未全部满足（客观缠论无买/卖关键字或「无信号」；15分无背驰；区间价格对齐-），继续观望,1.08,1.10,1.11,-0.0014,-0.0030,否
2026-05-22 18:22:01,观望,卖出,否,安全,603317,天味食品,15.40,安全,二卖,向上,无信号,-,4条件未全部满足（客观缠论信号含「卖」；15分无背驰；区间价格对齐-），继续观望,15.25,15.50,16.24,-0.1312,-0.1355,否
2026-05-22 18:22:01,观望,观望,否,安全,601668,中国建筑,4.78,日线破位,无信号,向下,无信号,-,4条件未全部满足（客观缠论无买/卖关键字或「无信号」；15分无背驰；区间价格对齐-），继续观望,4.88,4.91,4.85,-0.0137,-0.0152,否
2026-05-22 18:22:01,观望,卖出,否,安全,601288,农业银行,6.46,日线破位,二卖,向上,无信号,-,4条件未全部满足（客观缠论信号含「卖」；15分无背驰；区间价格对齐-），继续观望,6.53,6.53,6.67,-0.0097,-0.0081,否
2026-05-22 18:22:01,买入,观望,否,安全,601728,中国电信,6.15,安全,无信号,向下,底背驰,是,宏观战略锁定，微观动能衰竭，时空完美共振！,6.24,5.90,6.19,-0.0895,-0.0994,否
2026-05-22 18:22:01,观望,卖出,否,安全,600276,恒瑞医药,50.47,日线破位,二卖,向上,无信号,-,4条件未全部满足（客观缠论信号含「卖」；15分无背驰；区间价格对齐-），继续观望,51.31,52.41,53.92,-0.2634,-0.2448,否
2026-05-22 18:22:01,观望,卖出,否,安全,600177,雅戈尔,7.37,安全,一卖+二卖+二买,向上,无信号,-,4条件未全部满足（客观缠论信号含「卖」；15分无背驰；区间价格对齐-），继续观望,7.31,7.25,7.53,-0.0234,-0.0219,否
2026-05-22 18:22:01,观望,观望,否,安全,600887,伊利股份,26.20,安全,二卖,向下,无信号,-,4条件未全部满足（客观缠论信号含「卖」；卖点但笔方向向下；15分无背驰；区间价格对齐-），继续观望,25.80,26.23,26.48,-0.1914,-0.1911,否
2026-05-22 18:22:01,观望,观望,否,安全,601138,工业富联,67.16,安全,二卖,向下,无信号,-,4条件未全部满足（客观缠论信号含「卖」；卖点但笔方向向下；15分无背驰；区间价格对齐-），继续观望,62.77,64.95,69.50,0.0223,-0.0813,否
2026-05-22 18:22:01,观望,观望,否,安全,688041,海光信息,312.40,安全,二卖+二买,向下,无信号,-,4条件未全部满足（客观缠论信号含「卖」；卖点但笔方向向下；15分无背驰；区间价格对齐-），继续观望,271.06,320.01,310.50,-0.8386,-1.6725,否
2026-05-22 18:22:01,观望,观望,否,安全,601225,陕西煤业,23.32,安全,二卖,向下,无信号,-,4条件未全部满足（客观缠论信号含「卖」；卖点但笔方向向下；15分无背驰；区间价格对齐-），继续观望,22.32,22.30,24.64,-0.1164,-0.1581,否
2026-05-22 18:22:01,观望,卖出,否,安全,600900,长江电力,26.56,安全,二卖,向上,无信号,-,4条件未全部满足（客观缠论信号含「卖」；15分无背驰；区间价格对齐-），继续观望,26.44,25.93,26.80,-0.0725,-0.0791,否
2026-05-22 18:22:01,观望,观望,否,安全,600660,福耀玻璃,55.27,安全,一卖+二卖,向下,无信号,-,4条件未全部满足（客观缠论信号含「卖」；卖点但笔方向向下；15分无背驰；区间价格对齐-），继续观望,55.27,55.65,55.21,0.1750,0.1024,否
2026-05-22 18:22:01,观望,观望,否,安全,600938,中国海油,35.83,安全,二卖,向下,无信号,-,4条件未全部满足（客观缠论信号含「卖」；卖点但笔方向向下；15分无背驰；区间价格对齐-），继续观望,34.06,35.29,36.28,-0.2169,-0.2723,否
2026-05-22 18:22:01,观望,卖出,否,安全,000333,美的集团,80.28,安全,二卖+二买,向上,无信号,-,4条件未全部满足（客观缠论信号含「卖」；15分无背驰；区间价格对齐-），继续观望,78.91,80.08,80.95,-0.4082,-0.3593,否
2026-05-22 18:22:01,观望,买入,否,安全,000429,粤高速A,13.29,安全,二买,向下,顶背驰,否,4条件未全部满足（15分顶背驰（买入需底背驰）；区间价格对齐否），继续观望,13.55,12.70,13.13,0.0135,0.0217,否
2026-05-22 18:22:01,观望,卖出,否,安全,002507,涪陵榨菜,11.81,日线破位,二卖+二买,向上,无信号,-,4条件未全部满足（客观缠论信号含「卖」；15分无背驰；区间价格对齐-），继续观望,12.23,12.15,12.03,-0.0280,-0.0293,否
2026-05-22 18:22:01,观望,买入,否,安全,000338,潍柴动力,34.01,安全,二买,向下,无信号,-,4条件未全部满足（15分无背驰；区间价格对齐-），继续观望,25.92,31.76,33.43,0.2403,0.1805,否
2026-05-22 18:22:01,观望,卖出,否,安全,000538,云南白药,49.80,日线破位,二卖+一买,向上,无信号,-,4条件未全部满足（客观缠论信号含「卖」；15分无背驰；区间价格对齐-），继续观望,54.40,54.40,51.02,-0.1889,-0.2086,否
2026-05-22 18:22:01,观望,观望,否,安全,000423,东阿阿胶,49.52,安全,二卖,向下,无信号,-,4条件未全部满足（客观缠论信号含「卖」；卖点但笔方向向下；15分无背驰；区间价格对齐-），继续观望,48.06,49.78,50.92,-0.2010,-0.2649,否
2026-05-22 18:22:01,观望,观望,否,安全,000651,格力电器,38.74,安全,二卖,向下,无信号,-,4条件未全部满足（客观缠论信号含「卖」；卖点但笔方向向下；15分无背驰；区间价格对齐-），继续观望,38.26,36.83,39.70,-0.1307,-0.1586,否
2026-05-22 18:22:01,观望,卖出,否,安全,000895,双汇发展,25.73,安全,二卖,向上,无信号,-,4条件未全部满足（客观缠论信号含「卖」；15分无背驰；区间价格对齐-），继续观望,24.96,25.52,26.82,-0.0986,-0.1162,否
2026-05-22 18:22:01,观望,观望,否,安全,002415,海康威视,31.83,安全,无信号,向下,无信号,-,4条件未全部满足（客观缠论无买/卖关键字或「无信号」；15分无背驰；区间价格对齐-），继续观望,30.84,29.95,32.05,-0.1483,-0.2086,否
2026-05-22 18:22:01,观望,观望,否,安全,000157,中联重科,7.30,安全,二卖,向下,无信号,-,4条件未全部满足（客观缠论信号含「卖」；卖点但笔方向向下；15分无背驰；区间价格对齐-），继续观望,7.18,7.22,7.56,0.0009,-0.0075,否
2026-05-22 18:22:01,观望,观望,否,安全,002128,电投能源,29.61,安全,二卖+二买,向下,无信号,-,4条件未全部满足（客观缠论信号含「卖」；卖点但笔方向向下；15分无背驰；区间价格对齐-），继续观望,29.02,28.68,30.59,0.0392,-0.0004,否
2026-05-22 18:22:01,观望,观望,否,安全,002027,分众传媒,5.51,日线破位,二卖,向下,无信号,-,4条件未全部满足（客观缠论信号含「卖」；卖点但笔方向向下；15分无背驰；区间价格对齐-），继续观望,6.16,6.22,5.77,-0.0347,-0.0412,否
2026-05-22 18:22:01,观望,观望,否,安全,600415,小商品城,13.35,安全,无信号,向下,无信号,-,4条件未全部满足（客观缠论无买/卖关键字或「无信号」；15分无背驰；区间价格对齐-），继续观望,12.86,12.74,13.40,-0.1250,-0.1405,否
2026-05-22 18:22:01,观望,观望,否,安全,300285,国瓷材料,48.40,安全,无信号,向下,无信号,-,4条件未全部满足（客观缠论无买/卖关键字或「无信号」；15分无背驰；区间价格对齐-），继续观望,32.60,35.16,44.00,1.3513,1.2471,否
2026-05-22 18:22:01,观望,买入,否,安全,600021,上海电力,17.60,安全,二买,向下,无信号,-,4条件未全部满足（15分无背驰；区间价格对齐-），继续观望,17.63,16.73,17.98,-0.1743,-0.2041,否
2026-05-22 18:22:01,观望,观望,否,安全,002517,恺英网络,16.46,安全,二卖,向下,无信号,-,4条件未全部满足（客观缠论信号含「卖」；卖点但笔方向向下；15分无背驰；区间价格对齐-），继续观望,16.45,16.68,17.38,-0.1253,-0.1541,否
2026-05-22 18:22:01,观望,观望,否,安全,300474,景嘉微,63.31,安全,二卖,向下,无信号,-,4条件未全部满足（客观缠论信号含「卖」；卖点但笔方向向下；15分无背驰；区间价格对齐-），继续观望,64.15,60.70,66.10,-0.3472,-0.4635,否
2026-05-22 18:22:01,观望,买入,否,安全,600909,华安证券,7.32,安全,二买,向下,无信号,-,4条件未全部满足（15分无背驰；区间价格对齐-），继续观望,6.59,6.95,6.85,0.0809,0.0799,否
2026-05-22 18:22:01,观望,观望,否,安全,603290,斯达半导,131.75,安全,二卖+二买,向下,无信号,-,4条件未全部满足（客观缠论信号含「卖」；卖点但笔方向向下；15分无背驰；区间价格对齐-），继续观望,107.75,106.51,126.10,1.3643,1.1445,否
2026-05-22 18:22:01,观望,观望,否,安全,603296,华勤技术,108.94,安全,二卖+二买,向下,无信号,-,4条件未全部满足（客观缠论信号含「卖」；卖点但笔方向向下；15分无背驰；区间价格对齐-），继续观望,101.28,104.39,112.65,0.1099,-0.1036,否
2026-05-22 18:22:01,观望,卖出,否,安全,hk03690,美团,81.50,安全,一卖+二买,向上,无信号,-,4条件未全部满足（客观缠论信号含「卖」；15分无背驰；区间价格对齐-），继续观望,75.85,78.70,83.75,-0.3941,-0.1597,否
2026-05-22 18:22:01,观望,观望,否,安全,hk03896,金山云,6.88,安全,二卖+二买,向下,无信号,-,4条件未全部满足（客观缠论信号含「卖」；卖点但笔方向向下；15分无背驰；区间价格对齐-），继续观望,6.70,6.84,8.06,-0.1170,-0.1073,否
2026-05-22 18:22:01,观望,卖出,否,安全,hk00700,腾讯,438.00,日线破位,二卖+二买,向上,无信号,-,4条件未全部满足（客观缠论信号含「卖」；15分无背驰；区间价格对齐-），继续观望,494.60,486.20,460.00,-3.9963,-3.7390,否
2026-05-22 18:22:01,观望,观望,否,安全,hk09988,阿里巴巴,125.70,安全,二卖+二买,向下,无信号,-,4条件未全部满足（客观缠论信号含「卖」；卖点但笔方向向下；15分无背驰；区间价格对齐-），继续观望,115.60,122.50,127.20,-1.4011,-1.3639,否
2026-05-22 18:22:01,观望,卖出,否,安全,hk01024,快手,45.20,安全,二卖,向上,无信号,-,4条件未全部满足（客观缠论信号含「卖」；15分无背驰；区间价格对齐-），继续观望,44.22,43.00,45.46,-0.6114,-0.6181,否
2026-05-22 18:22:01,观望,观望,否,安全,hk06618,京东健康,40.34,安全,二卖+二买,向下,无信号,-,4条件未全部满足（客观缠论信号含「卖」；卖点但笔方向向下；15分无背驰；区间价格对齐-），继续观望,38.50,39.65,40.58,-0.1230,-0.1380,否
2026-05-22 18:22:01,观望,观望,否,安全,hk06862,海底捞,13.40,安全,二卖+二买,向下,无信号,-,4条件未全部满足（客观缠论信号含「卖」；卖点但笔方向向下；15分无背驰；区间价格对齐-），继续观望,13.24,13.49,14.59,-0.1554,-0.1495,否
2026-05-22 18:22:01,观望,卖出,否,安全,hk01810,小米集团,30.00,日线破位,二卖,向上,无信号,-,4条件未全部满足（客观缠论信号含「卖」；15分无背驰；区间价格对齐-），继续观望,32.78,30.26,30.18,0.0147,0.0187,否

2026-05-23 20:44:45,观望,买入,是,警戒,688981,中芯国际,131.33,安全,二买,向下,无信号,-,4条件未全部满足（15分无背驰；区间价格对齐-），继续观望,129.16,124.60,124.70,0.3038,0.0786,否
2026-05-23 20:44:45,观望,卖出,是,警戒,000001,平安银行,10.68,安全,二卖,向上,无信号,-,4条件未全部满足（客观缠论信号含「卖」；15分无背驰；区间价格对齐-），继续观望,10.78,10.67,10.79,-0.0206,-0.0221,否
2026-05-23 20:44:45,观望,买入,是,警戒,001965,招商公路,10.01,安全,二买,向下,无信号,-,4条件未全部满足（15分无背驰；区间价格对齐-），继续观望,9.89,9.81,10.06,-0.0174,-0.0056,否
2026-05-23 20:44:45,观望,观望,是,警戒,513130,恒生科技ETF,0.61,安全,二卖,向下,无信号,-,4条件未全部满足（客观缠论信号含「卖」；卖点但笔方向向下；15分无背驰；区间价格对齐-），继续观望,0.59,0.61,0.61,0.0006,-0.0000,否
2026-05-23 20:44:45,观望,观望,否,警戒,510300,沪深300ETF,4.86,安全,二卖+二买,向下,无信号,-,4条件未全部满足（客观缠论信号含「卖」；卖点但笔方向向下；15分无背驰；区间价格对齐-），继续观望,4.75,4.86,4.95,-0.0019,-0.0064,否
2026-05-23 20:44:45,观望,买入,否,警戒,588000,科创50ETF,1.89,安全,二买,向下,无信号,-,4条件未全部满足（15分无背驰；区间价格对齐-），继续观望,1.55,1.76,1.84,-0.0049,-0.0084,否
2026-05-23 20:44:45,观望,观望,否,警戒,159915,创业板ETF,3.95,安全,二卖+二买,向下,无信号,-,4条件未全部满足（客观缠论信号含「卖」；卖点但笔方向向下；15分无背驰；区间价格对齐-），继续观望,3.27,3.82,3.97,0.0045,-0.0014,否
2026-05-23 20:44:45,观望,卖出,否,警戒,513100,纳指ETF,2.15,安全,二卖+三卖,向上,无信号,-,4条件未全部满足（客观缠论信号含「卖」；15分无背驰；区间价格对齐-），继续观望,1.91,2.07,2.12,0.0155,0.0167,否
2026-05-23 20:44:45,观望,卖出,否,警戒,513520,日经ETF,2.13,安全,三卖+二买,向上,无信号,-,4条件未全部满足（客观缠论信号含「卖」；15分无背驰；区间价格对齐-），继续观望,2.00,2.13,2.15,0.0152,0.0168,否
2026-05-23 20:44:45,观望,买入,否,警戒,512400,有色金属ETF,2.02,安全,二买,向下,无信号,-,4条件未全部满足（15分无背驰；区间价格对齐-），继续观望,2.11,1.96,2.02,0.0092,0.0048,否
2026-05-23 20:44:45,观望,观望,否,警戒,512690,酒ETF,0.45,日线破位,二买,向上,无信号,-,4条件未全部满足（60m笔方向为向上（买入须向下）；15分无背驰；区间价格对齐-），继续观望,0.48,0.48,0.46,-0.0026,-0.0027,否
2026-05-23 20:44:45,观望,观望,否,警戒,159227,航空航天ETF,1.24,安全,无信号,向下,无信号,-,4条件未全部满足（客观缠论无买/卖关键字或「无信号」；15分无背驰；区间价格对齐-），继续观望,1.20,1.23,1.27,-0.0059,-0.0079,否
2026-05-23 20:44:45,观望,卖出,否,警戒,159992,创新药ETF,0.78,安全,二卖,向上,无信号,-,4条件未全部满足（客观缠论信号含「卖」；15分无背驰；区间价格对齐-），继续观望,0.79,0.77,0.83,-0.0031,-0.0030,否
2026-05-23 20:44:45,观望,观望,否,警戒,515050,通信ETF,1.16,安全,无信号,向下,无信号,-,4条件未全部满足（客观缠论无买/卖关键字或「无信号」；15分无背驰；区间价格对齐-），继续观望,1.01,1.35,1.15,0.0065,0.0029,否
2026-05-23 20:44:45,观望,买入,否,警戒,588200,科创芯片ETF,3.64,安全,二买,向下,无信号,-,4条件未全部满足（15分无背驰；区间价格对齐-），继续观望,2.65,3.34,3.55,-0.0098,-0.0186,否
2026-05-23 20:44:45,观望,观望,否,警戒,159755,电池ETF,1.17,安全,一卖+二卖+二买,向下,无信号,-,4条件未全部满足（客观缠论信号含「卖」；卖点但笔方向向下；15分无背驰；区间价格对齐-），继续观望,1.03,1.17,1.18,0.0002,-0.0010,否
2026-05-23 20:44:45,观望,观望,否,警戒,159899,软件ETF,0.82,安全,二卖,向下,无信号,-,4条件未全部满足（客观缠论信号含「卖」；卖点但笔方向向下；15分无背驰；区间价格对齐-），继续观望,0.81,0.83,0.83,-0.0050,-0.0063,否
2026-05-23 20:44:45,观望,观望,否,警戒,513360,教育ETF,0.48,日线破位,二卖,向下,无信号,-,4条件未全部满足（客观缠论信号含「卖」；卖点但笔方向向下；15分无背驰；区间价格对齐-），继续观望,0.49,0.49,0.49,-0.0013,-0.0014,否
2026-05-23 20:44:45,观望,观望,否,警戒,515790,光伏ETF,1.11,安全,无信号,向下,无信号,-,4条件未全部满足（客观缠论无买/卖关键字或「无信号」；15分无背驰；区间价格对齐-），继续观望,1.08,1.10,1.11,-0.0014,-0.0030,否
2026-05-23 20:44:45,观望,卖出,否,警戒,603317,天味食品,15.40,安全,二卖,向上,无信号,-,4条件未全部满足（客观缠论信号含「卖」；15分无背驰；区间价格对齐-），继续观望,15.25,15.50,16.24,-0.1312,-0.1355,否
2026-05-23 20:44:45,观望,观望,否,警戒,601668,中国建筑,4.78,日线破位,无信号,向下,无信号,-,4条件未全部满足（客观缠论无买/卖关键字或「无信号」；15分无背驰；区间价格对齐-），继续观望,4.88,4.91,4.85,-0.0137,-0.0152,否
2026-05-23 20:44:45,观望,卖出,否,警戒,601288,农业银行,6.46,日线破位,二卖,向上,无信号,-,4条件未全部满足（客观缠论信号含「卖」；15分无背驰；区间价格对齐-），继续观望,6.53,6.53,6.68,-0.0097,-0.0081,否
2026-05-23 20:44:45,买入,观望,否,警戒,601728,中国电信,6.15,安全,无信号,向下,底背驰,是,宏观战略锁定，微观动能衰竭，时空完美共振！,6.24,5.90,6.42,-0.0895,-0.0994,否
2026-05-23 20:44:45,观望,卖出,否,警戒,600276,恒瑞医药,50.47,日线破位,二卖,向上,无信号,-,4条件未全部满足（客观缠论信号含「卖」；15分无背驰；区间价格对齐-），继续观望,51.31,52.41,53.92,-0.2634,-0.2448,否
2026-05-23 20:44:45,观望,卖出,否,警戒,600177,雅戈尔,7.37,安全,一卖+二卖+二买,向上,无信号,-,4条件未全部满足（客观缠论信号含「卖」；15分无背驰；区间价格对齐-），继续观望,7.31,7.25,7.53,-0.0234,-0.0219,否
2026-05-23 20:44:45,观望,观望,否,警戒,600887,伊利股份,26.20,安全,二卖,向下,无信号,-,4条件未全部满足（客观缠论信号含「卖」；卖点但笔方向向下；15分无背驰；区间价格对齐-），继续观望,25.80,26.23,26.48,-0.1914,-0.1911,否
2026-05-23 20:44:45,观望,观望,否,警戒,601138,工业富联,67.16,安全,二卖,向下,无信号,-,4条件未全部满足（客观缠论信号含「卖」；卖点但笔方向向下；15分无背驰；区间价格对齐-），继续观望,62.77,64.95,69.50,0.0223,-0.0813,否
2026-05-23 20:44:45,观望,观望,否,警戒,688041,海光信息,312.40,安全,二卖+二买,向下,无信号,-,4条件未全部满足（客观缠论信号含「卖」；卖点但笔方向向下；15分无背驰；区间价格对齐-），继续观望,271.06,320.01,310.50,-0.8386,-1.6725,否
2026-05-23 20:44:45,观望,观望,否,警戒,601225,陕西煤业,23.32,安全,二卖,向下,无信号,-,4条件未全部满足（客观缠论信号含「卖」；卖点但笔方向向下；15分无背驰；区间价格对齐-），继续观望,22.32,22.30,24.64,-0.1164,-0.1581,否
2026-05-23 20:44:45,观望,卖出,否,警戒,600900,长江电力,26.56,安全,二卖,向上,无信号,-,4条件未全部满足（客观缠论信号含「卖」；15分无背驰；区间价格对齐-），继续观望,26.44,25.93,26.80,-0.0725,-0.0791,否
2026-05-23 20:44:45,观望,观望,否,警戒,600660,福耀玻璃,55.27,安全,二卖,向下,无信号,-,4条件未全部满足（客观缠论信号含「卖」；卖点但笔方向向下；15分无背驰；区间价格对齐-），继续观望,55.27,55.65,55.21,0.1750,0.1024,否
2026-05-23 20:44:45,观望,观望,否,警戒,600938,中国海油,35.83,安全,二卖,向下,无信号,-,4条件未全部满足（客观缠论信号含「卖」；卖点但笔方向向下；15分无背驰；区间价格对齐-），继续观望,34.06,35.29,36.28,-0.2169,-0.2723,否
2026-05-23 20:44:45,观望,卖出,否,警戒,000333,美的集团,80.28,安全,二卖+二买,向上,无信号,-,4条件未全部满足（客观缠论信号含「卖」；15分无背驰；区间价格对齐-），继续观望,78.91,80.08,80.95,-0.4082,-0.3593,否
2026-05-23 20:44:45,观望,买入,否,警戒,000429,粤高速A,13.29,安全,二买,向下,顶背驰,否,4条件未全部满足（15分顶背驰（买入需底背驰）；区间价格对齐否），继续观望,13.55,12.70,13.13,0.0135,0.0217,否
2026-05-23 20:44:45,观望,卖出,否,警戒,002507,涪陵榨菜,11.81,日线破位,二卖+二买,向上,无信号,-,4条件未全部满足（客观缠论信号含「卖」；15分无背驰；区间价格对齐-），继续观望,12.23,12.15,12.03,-0.0280,-0.0293,否
2026-05-23 20:44:45,观望,买入,否,警戒,000338,潍柴动力,34.01,安全,二买,向下,无信号,-,4条件未全部满足（15分无背驰；区间价格对齐-），继续观望,25.92,31.76,33.43,0.2403,0.1805,否
2026-05-23 20:44:45,观望,卖出,否,警戒,000538,云南白药,49.80,日线破位,二卖+一买,向上,无信号,-,4条件未全部满足（客观缠论信号含「卖」；15分无背驰；区间价格对齐-），继续观望,54.40,54.40,51.02,-0.1889,-0.2086,否
2026-05-23 20:44:45,观望,观望,否,警戒,000423,东阿阿胶,49.52,安全,二卖,向下,无信号,-,4条件未全部满足（客观缠论信号含「卖」；卖点但笔方向向下；15分无背驰；区间价格对齐-），继续观望,48.06,49.78,50.92,-0.2010,-0.2649,否
2026-05-23 20:44:45,观望,观望,否,警戒,000651,格力电器,38.74,安全,二卖,向下,无信号,-,4条件未全部满足（客观缠论信号含「卖」；卖点但笔方向向下；15分无背驰；区间价格对齐-），继续观望,38.26,36.83,39.70,-0.1307,-0.1586,否
2026-05-23 20:44:45,观望,卖出,否,警戒,000895,双汇发展,25.73,安全,二卖,向上,无信号,-,4条件未全部满足（客观缠论信号含「卖」；15分无背驰；区间价格对齐-），继续观望,24.96,25.52,26.82,-0.0986,-0.1162,否
2026-05-23 20:44:45,观望,观望,否,警戒,002415,海康威视,31.83,安全,一卖,向下,无信号,-,4条件未全部满足（客观缠论信号含「卖」；卖点但笔方向向下；15分无背驰；区间价格对齐-），继续观望,30.84,29.95,33.15,-0.1483,-0.2086,否
2026-05-23 20:44:45,观望,观望,否,警戒,000157,中联重科,7.30,安全,二卖,向下,无信号,-,4条件未全部满足（客观缠论信号含「卖」；卖点但笔方向向下；15分无背驰；区间价格对齐-），继续观望,7.18,7.22,7.56,0.0009,-0.0075,否
2026-05-23 20:44:45,观望,观望,否,警戒,002128,电投能源,29.61,安全,二卖+二买,向下,无信号,-,4条件未全部满足（客观缠论信号含「卖」；卖点但笔方向向下；15分无背驰；区间价格对齐-），继续观望,29.02,28.68,30.59,0.0392,-0.0004,否
2026-05-23 20:44:45,观望,观望,否,警戒,002027,分众传媒,5.51,日线破位,二卖,向下,无信号,-,4条件未全部满足（客观缠论信号含「卖」；卖点但笔方向向下；15分无背驰；区间价格对齐-），继续观望,6.16,6.22,5.77,-0.0347,-0.0412,否
2026-05-23 20:44:45,观望,观望,否,警戒,000725,京东方Ａ,5.16,安全,二卖+二买,向下,无信号,-,4条件未全部满足（客观缠论信号含「卖」；卖点但笔方向向下；15分无背驰；区间价格对齐-），继续观望,4.32,4.38,4.39,0.1602,0.1331,否
2026-05-23 20:44:45,观望,观望,否,警戒,000100,TCL科技,4.38,安全,无信号,向下,无信号,-,4条件未全部满足（客观缠论无买/卖关键字或「无信号」；15分无背驰；区间价格对齐-），继续观望,4.20,4.26,4.38,0.0105,-0.0039,否
2026-05-23 20:44:45,观望,卖出,否,警戒,600707,彩虹股份,11.10,安全,二卖+二买,向上,无信号,-,4条件未全部满足（客观缠论信号含「卖」；15分无背驰；区间价格对齐-），继续观望,6.62,8.01,11.43,0.0147,0.0529,否
2026-05-23 20:44:45,观望,卖出,否,警戒,002273,水晶光电,40.34,安全,一卖,向上,无信号,-,4条件未全部满足（客观缠论信号含「卖」；15分无背驰；区间价格对齐-），继续观望,28.26,35.70,40.30,0.4694,0.3196,否
2026-05-23 20:44:45,观望,观望,否,警戒,002456,欧菲光,8.89,安全,二卖,向下,无信号,-,4条件未全部满足（客观缠论信号含「卖」；卖点但笔方向向下；15分无背驰；区间价格对齐-），继续观望,8.53,8.56,8.92,0.0319,0.0000,否
2026-05-23 20:44:45,观望,观望,否,警戒,002222,福晶科技,105.56,安全,二卖+二买,向下,无信号,-,4条件未全部满足（客观缠论信号含「卖」；卖点但笔方向向下；15分无背驰；区间价格对齐-），继续观望,82.17,98.31,108.50,0.5820,0.1028,否
2026-05-23 20:44:45,观望,观望,否,警戒,600703,三安光电,16.20,安全,二卖+二买,向下,无信号,-,4条件未全部满足（客观缠论信号含「卖」；卖点但笔方向向下；15分无背驰；区间价格对齐-），继续观望,15.41,15.64,16.75,-0.0337,-0.0659,否
2026-05-23 20:44:45,观望,观望,否,警戒,600552,凯盛科技,18.55,安全,无信号,向下,无信号,-,4条件未全部满足（客观缠论无买/卖关键字或「无信号」；15分无背驰；区间价格对齐-），继续观望,14.01,17.00,18.49,0.0116,-0.0031,否
2026-05-23 20:44:45,观望,买入,否,警戒,301421,波长光电,131.93,安全,二买,向下,无信号,-,4条件未全部满足（15分无背驰；区间价格对齐-），继续观望,115.74,102.15,107.36,2.9145,2.7044,否
2026-05-23 20:44:45,观望,观望,否,警戒,300088,长信科技,7.19,安全,二卖,向下,无信号,-,4条件未全部满足（客观缠论信号含「卖」；卖点但笔方向向下；15分无背驰；区间价格对齐-），继续观望,6.67,6.97,7.19,0.0017,-0.0221,否
2026-05-23 20:44:45,观望,观望,否,警戒,hk03690,美团,81.35,安全,一卖,向下,无信号,-,4条件未全部满足（客观缠论信号含「卖」；卖点但笔方向向下；15分无背驰；区间价格对齐-），继续观望,75.85,78.70,83.75,-0.2585,-0.2967,否
2026-05-23 20:44:45,观望,观望,否,警戒,hk03896,金山云,7.27,安全,二卖+二买,向下,无信号,-,4条件未全部满足（客观缠论信号含「卖」；卖点但笔方向向下；15分无背驰；区间价格对齐-），继续观望,6.23,6.84,7.25,0.0394,0.0319,否
2026-05-23 20:44:45,观望,卖出,否,警戒,hk00700,腾讯,441.40,日线破位,二卖,向上,无信号,-,4条件未全部满足（客观缠论信号含「卖」；15分无背驰；区间价格对齐-），继续观望,494.60,486.20,460.00,-0.7679,-0.9448,否
2026-05-23 20:44:45,观望,卖出,否,警戒,hk09988,阿里巴巴,127.00,安全,二卖,向上,无信号,-,4条件未全部满足（客观缠论信号含「卖」；15分无背驰；区间价格对齐-），继续观望,117.80,126.70,127.20,-0.2278,-0.2047,否
2026-05-23 20:44:45,卖出,卖出,否,警戒,hk01024,快手,45.64,安全,二卖,向上,顶背驰,是,宏观遇阻，微观多头力竭，时空完美共振！,44.22,43.00,45.46,-0.0077,-0.0296,否
2026-05-23 20:44:45,观望,观望,否,警戒,hk06618,京东健康,40.58,安全,二卖+二买,向下,无信号,-,4条件未全部满足（客观缠论信号含「卖」；卖点但笔方向向下；15分无背驰；区间价格对齐-），继续观望,38.50,39.65,40.58,0.0730,0.0668,否
2026-05-23 20:44:45,观望,卖出,否,警戒,hk06862,海底捞,12.92,安全,二卖,向上,无信号,-,4条件未全部满足（客观缠论信号含「卖」；15分无背驰；区间价格对齐-），继续观望,12.86,12.86,14.35,-0.1055,-0.1591,否
2026-05-23 20:44:45,观望,卖出,否,警戒,hk01810,小米集团,30.00,日线破位,二卖,向上,无信号,-,4条件未全部满足（客观缠论信号含「卖」；15分无背驰；区间价格对齐-），继续观望,32.78,30.26,30.18,0.0147,0.0187,否
